{"enet": [{"auroc": [0.45749999999999996, 0.45749999999999996, 0.51, 0.45749999999999996, 0.45749999999999996, 0.4425, 0.45749999999999996, 0.42750000000000005, 0.42750000000000005, 0.3675], "acc": [0.425, 0.425, 0.5, 0.425, 0.425, 0.5, 0.425, 0.5, 0.5, 0.425], "aps": [0.4707953536314521, 0.4707953536314521, 0.5103464558562891, 0.4707953536314521, 0.4707953536314521, 0.4774712827300485, 0.4707953536314521, 0.4634911107411107, 0.4634911107411107, 0.4373599926964228], "f1": [0.14814814814814817, 0.14814814814814817, 0.09090909090909091, 0.14814814814814817, 0.14814814814814817, 0.09090909090909091, 0.14814814814814817, 0.09090909090909091, 0.09090909090909091, 0.34285714285714286], "auprc": [0.4410443132446357, 0.4410443132446357, 0.4795318798630216, 0.4410443132446357, 0.4410443132446357, 0.44678287282170265, 0.4410443132446357, 0.433419643674457, 0.433419643674457, 0.48759996106139114]}]}