{"enet": [{"auroc": [0.6325, 0.6325, 0.6325, 0.6325, 0.6325, 0.6325, 0.5625, 0.6325, 0.6325, 0.6325], "acc": [0.5, 0.5, 0.5, 0.5, 0.5, 0.5, 0.55, 0.5, 0.5, 0.5], "aps": [0.5780622166882964, 0.5780622166882964, 0.5780622166882964, 0.5780622166882964, 0.5780622166882964, 0.5780622166882964, 0.5406773464876268, 0.5780622166882964, 0.5780622166882964, 0.5780622166882964], "f1": [0.0, 0.0, 0.0, 0.0, 0.0, 0.0, 0.4, 0.0, 0.0, 0.0], "auprc": [0.5517179268301994, 0.5517179268301994, 0.5517179268301994, 0.5517179268301994, 0.5517179268301994, 0.5517179268301994, 0.5102238142588711, 0.5517179268301994, 0.5517179268301994, 0.5517179268301994]}]}