{"enet": [{"auroc": [0.46249999999999997, 0.515, 0.45499999999999996, 0.6325000000000001, 0.4475, 0.45249999999999996, 0.46249999999999997, 0.42499999999999993, 0.4475, 0.4375], "acc": [0.45, 0.525, 0.5, 0.525, 0.5, 0.5, 0.45, 0.5, 0.5, 0.5], "aps": [0.47323245687829635, 0.5832104636236946, 0.47885775450919044, 0.5981335702357123, 0.4760272823656462, 0.473938508587107, 0.47323245687829635, 0.49758192175471594, 0.4760272823656462, 0.5012225059429007], "f1": [0.08333333333333334, 0.24, 0.0, 0.3448275862068966, 0.09090909090909091, 0.09090909090909091, 0.08333333333333334, 0.0, 0.09090909090909091, 0.4117647058823529], "auprc": [0.4436798011799405, 0.5693230162587588, 0.44889835774638803, 0.6314315533614194, 0.44569759047933105, 0.44364482202546435, 0.4436798011799405, 0.4796101186942946, 0.44569759047933105, 0.48335218180119066]}]}