{"enet": [{"auroc": [0.5225330225330226, 0.6146076146076146, 0.6146076146076146, 0.6146076146076146, 0.6146076146076146, 0.6313131313131313, 0.6146076146076146, 0.602952602952603, 0.6146076146076146, 0.5874125874125874], "acc": [0.26618705035971224, 0.17266187050359713, 0.17266187050359713, 0.17266187050359713, 0.17266187050359713, 0.6187050359712231, 0.17266187050359713, 0.302158273381295, 0.17266187050359713, 0.15827338129496402], "aps": [0.8810370963475556, 0.9097619098796811, 0.9097619098796811, 0.9097619098796811, 0.9097619098796811, 0.9156244377010548, 0.9097619098796811, 0.9059191619000064, 0.9097619098796811, 0.8991371798001941], "f1": [0.22727272727272727, 0.033613445378151266, 0.033613445378151266, 0.033613445378151266, 0.033613445378151266, 0.736318407960199, 0.033613445378151266, 0.291970802919708, 0.033613445378151266, 0.0], "auprc": [0.8802061177642807, 0.9091832137961366, 0.9091832137961366, 0.9091832137961366, 0.9091832137961366, 0.9151032877428633, 0.9091832137961366, 0.9053146824750407, 0.9091832137961366, 0.8984358959761546]}]}