{"enet": [{"auroc": [0.6274713839750259, 0.6274713839750259, 0.6347554630593133, 0.6274713839750259, 0.6274713839750259, 0.6274713839750259, 0.6274713839750259, 0.6274713839750259, 0.6274713839750259, 0.6274713839750259], "acc": [0.5, 0.5, 0.5, 0.5, 0.5, 0.5, 0.5, 0.5, 0.5, 0.5], "aps": [0.6186278178963344, 0.6186278178963344, 0.7130004976335755, 0.6186278178963344, 0.6186278178963344, 0.6186278178963344, 0.6186278178963344, 0.6186278178963344, 0.6186278178963344, 0.6186278178963344], "f1": [0.0, 0.0, 0.0, 0.0, 0.0, 0.0, 0.0, 0.0, 0.0, 0.0], "auprc": [0.5982273028344296, 0.5982273028344296, 0.7077577234241647, 0.5982273028344296, 0.5982273028344296, 0.5982273028344296, 0.5982273028344296, 0.5982273028344296, 0.5982273028344296, 0.5982273028344296]}]}