{"enet": [{"auroc": [0.4859521331945889, 0.49635796045785635, 0.441207075962539, 0.4869927159209157, 0.4547346514047867, 0.4547346514047867, 0.5015608740894901, 0.404786680541103, 0.4869927159209157, 0.4547346514047867], "acc": [0.46774193548387094, 0.5161290322580645, 0.5, 0.4838709677419355, 0.5161290322580645, 0.5161290322580645, 0.532258064516129, 0.5, 0.4838709677419355, 0.5161290322580645], "aps": [0.5401172182480731, 0.5504366440549388, 0.5501873044901897, 0.547631090048223, 0.5336601964286256, 0.5336601964286256, 0.5495333629107768, 0.5296372558090984, 0.547631090048223, 0.5336601964286256], "f1": [0.32653061224489793, 0.16666666666666666, 0.0, 0.36, 0.25, 0.25, 0.43137254901960786, 0.0, 0.36, 0.25], "auprc": [0.5294033683355588, 0.539706899455907, 0.5409673267939392, 0.5369374145699294, 0.5229392742112332, 0.5229392742112332, 0.5361478393292071, 0.5198899622408755, 0.5369374145699294, 0.5229392742112332]}]}