{"auroc": [0.5925, 0.6399999999999999, 0.6675, 0.5825, 0.5275, 0.635, 0.565, 0.6975, 0.53, 0.5625], "acc": [0.5, 0.5, 0.5, 0.5, 0.5, 0.5, 0.55, 0.5, 0.5, 0.5], "aps": [0.6085047239609951, 0.7140237558335385, 0.6605359037905725, 0.6469006718676273, 0.5810344749921671, 0.6961311055504604, 0.5919224638254861, 0.7688532206123322, 0.6155805417619615, 0.5850379688441187], "f1": [0.28571428571428575, 0.0, 0.0, 0.0, 0.28571428571428575, 0.0, 0.5, 0.0, 0.0, 0.0], "auprc": [0.5944113955662553, 0.7070144776356826, 0.6439902689170898, 0.6371328189586879, 0.5667502570143581, 0.6872391202208565, 0.5739940000705113, 0.7634656335786454, 0.6048610841961066, 0.5670495607929629]}