{"enet": [{"auroc": [0.5209790209790209, 0.5112665112665112, 0.5497280497280498, 0.5345765345765345, 0.5275835275835276, 0.5345765345765345, 0.5497280497280498, 0.5345765345765345, 0.5275835275835276, 0.5275835275835276], "acc": [0.3237410071942446, 0.3669064748201439, 0.37410071942446044, 0.5539568345323741, 0.5323741007194245, 0.5539568345323741, 0.37410071942446044, 0.5539568345323741, 0.5323741007194245, 0.5323741007194245], "aps": [0.8852282396631729, 0.8765267919549937, 0.8929854373852785, 0.8764720841227907, 0.8782381303709538, 0.8764720841227907, 0.8929854373852785, 0.8764720841227907, 0.8782381303709538, 0.8782381303709538], "f1": [0.32857142857142857, 0.4358974358974359, 0.423841059602649, 0.686868686868687, 0.6596858638743456, 0.686868686868687, 0.423841059602649, 0.686868686868687, 0.6596858638743456, 0.6596858638743456], "auprc": [0.884464280162002, 0.8755936532663667, 0.8922764930459766, 0.8753206171758486, 0.8772479752542223, 0.8753206171758486, 0.8922764930459766, 0.8753206171758486, 0.8772479752542223, 0.8772479752542223]}]}