{"auroc": [0.509885535900104, 0.5005202913631634, 0.3964620187304891, 0.39021852237252863, 0.5244536940686785, 0.47762747138397504, 0.54630593132154, 0.7138397502601457, 0.45317377731529657, 0.3194588969823101], "acc": [0.5645161290322581, 0.5, 0.5, 0.5, 0.5645161290322581, 0.5, 0.5, 0.5, 0.5, 0.5], "aps": [0.6232961501565621, 0.5279739634363274, 0.44695292160137634, 0.4980317577444282, 0.6321914903600886, 0.5345780103301498, 0.5811291755220962, 0.6856220099238457, 0.5117614357541492, 0.40462679187447126], "f1": [0.4, 0.0, 0.0, 0.0, 0.27027027027027023, 0.0, 0.0, 0.06060606060606061, 0.0, 0.0], "auprc": [0.6169862223067664, 0.5063135391971297, 0.4286626348387234, 0.48745457543078674, 0.6251261142561491, 0.5135660983985161, 0.5703184915867535, 0.6735458731924109, 0.49040837183401376, 0.3877677061181422]}