{"auroc": [0.6, 0.22166666666666665, 0.6033333333333333, 0.2783333333333333, 0.605, 0.5816666666666667, 0.6116666666666666, 0.43333333333333335, 0.3458333333333333, 0.5866666666666667], "acc": [0.4897959183673469, 0.4897959183673469, 0.5102040816326531, 0.4897959183673469, 0.5102040816326531, 0.4897959183673469, 0.4897959183673469, 0.4897959183673469, 0.4897959183673469, 0.4897959183673469], "aps": [0.5574065010737406, 0.373866462793374, 0.5614190524432459, 0.3903484476711994, 0.5690811395234217, 0.5288658297567534, 0.5654149966881665, 0.4867697632546853, 0.42671452229053725, 0.5499747864207449], "f1": [0.0, 0.0, 0.6756756756756758, 0.0, 0.6756756756756758, 0.0, 0.0, 0.0, 0.0, 0.0], "auprc": [0.5419907700706679, 0.35852794139292876, 0.5460011991324926, 0.3739189127704331, 0.5528868629799398, 0.5040003230708985, 0.5501085879209925, 0.4710949468030409, 0.40210071125222424, 0.5350745393317223]}