{"auroc": [0.26666666666666666, 0.365, 0.26166666666666666, 0.68, 0.31, 0.2733333333333333, 0.275, 0.32166666666666666, 0.26666666666666666, 0.2666666666666667], "acc": [0.4897959183673469, 0.4897959183673469, 0.4897959183673469, 0.5102040816326531, 0.4897959183673469, 0.4897959183673469, 0.4897959183673469, 0.4897959183673469, 0.4897959183673469, 0.4897959183673469], "aps": [0.40842705925121925, 0.4575478970319184, 0.4064421277837268, 0.7341620090956656, 0.4348392167613554, 0.41674788759836334, 0.41729401606978894, 0.44162197060763003, 0.40838756171172164, 0.42001688446134106], "f1": [0.0, 0.0, 0.0, 0.6756756756756758, 0.0, 0.0, 0.0, 0.0, 0.0, 0.0], "auprc": [0.38242583435496974, 0.44165111537694157, 0.38108469334580625, 0.7266961254637659, 0.41980905836223165, 0.3905490199619015, 0.39120989449414667, 0.4258754174413715, 0.38239125928249146, 0.4056184907735071]}