{"auroc": [0.3233333333333333, 0.6333333333333334, 0.39333333333333326, 0.32416666666666666, 0.6383333333333334, 0.35083333333333333, 0.6808333333333333, 0.6299999999999999, 0.39666666666666667, 0.4475], "acc": [0.5102040816326531, 0.4897959183673469, 0.4897959183673469, 0.4897959183673469, 0.4897959183673469, 0.4897959183673469, 0.4897959183673469, 0.4897959183673469, 0.4897959183673469, 0.4897959183673469], "aps": [0.42054328594682266, 0.6665341233267501, 0.45581191940891186, 0.4295508658008659, 0.603755843800935, 0.44284647589135334, 0.6984445405585267, 0.6253061224489797, 0.5076380606689137, 0.4977058409570725], "f1": [0.6756756756756758, 0.0, 0.0, 0.0, 0.0, 0.0, 0.0, 0.0, 0.0, 0.0], "auprc": [0.3982649837240827, 0.6710089971472459, 0.4863684796406601, 0.3900882034632035, 0.6628009252481482, 0.39838157372754185, 0.7408673812861712, 0.7259863945578231, 0.5589732953072336, 0.5392962702322308]}