{"auroc": [0.5, 0.45, 0.5, 0.5, 0.5, 0.5, 0.5, 0.5, 0.5, 0.45083333333333336], "acc": [0.4897959183673469, 0.4897959183673469, 0.4897959183673469, 0.4897959183673469, 0.4897959183673469, 0.4897959183673469, 0.4897959183673469, 0.4897959183673469, 0.4897959183673469, 0.4897959183673469], "aps": [0.5102040816326531, 0.5407999740341144, 0.5102040816326531, 0.5102040816326531, 0.5102040816326531, 0.5102040816326531, 0.5102040816326531, 0.5102040816326531, 0.5102040816326531, 0.5322352622284771], "f1": [0.0, 0.0, 0.0, 0.0, 0.0, 0.0, 0.0, 0.0, 0.0, 0.0], "auprc": [0.7551020408163265, 0.5236997445021492, 0.7551020408163265, 0.7551020408163265, 0.7551020408163265, 0.7551020408163265, 0.7551020408163265, 0.7551020408163265, 0.7551020408163265, 0.5247106751772105]}