{"auroc": [0.5466666666666666, 0.3466666666666667, 0.315, 0.31666666666666665, 0.41666666666666663, 0.28833333333333333, 0.31833333333333336, 0.41833333333333333, 0.5783333333333334, 0.2866666666666667], "acc": [0.4897959183673469, 0.4897959183673469, 0.4897959183673469, 0.4897959183673469, 0.4897959183673469, 0.4897959183673469, 0.4897959183673469, 0.4897959183673469, 0.4897959183673469, 0.4897959183673469], "aps": [0.538774212878675, 0.4312399301930744, 0.4157148518645315, 0.41700855055506963, 0.4628239329938771, 0.398429599810571, 0.4119717798943926, 0.4713137095250122, 0.5940778111286947, 0.3977892057219011], "f1": [0.0, 0.0, 0.0, 0.0, 0.0, 0.0, 0.0, 0.0, 0.0, 0.0], "auprc": [0.520976998898435, 0.40503439665581475, 0.3906167216545941, 0.3920310110984717, 0.43541466403427814, 0.3797423749104597, 0.3902057666142153, 0.45661966114649183, 0.5613766734034675, 0.37910471754866437]}