{"auroc": [0.5, 0.5, 0.5, 0.5, 0.27666666666666667, 0.5, 0.5, 0.345, 0.5, 0.5], "acc": [0.4897959183673469, 0.4897959183673469, 0.4897959183673469, 0.4897959183673469, 0.4897959183673469, 0.4897959183673469, 0.4897959183673469, 0.4897959183673469, 0.4897959183673469, 0.4897959183673469], "aps": [0.5102040816326531, 0.5102040816326531, 0.5102040816326531, 0.5102040816326531, 0.39446006202106376, 0.5102040816326531, 0.5102040816326531, 0.42599764342799556, 0.5102040816326531, 0.5102040816326531], "f1": [0.0, 0.0, 0.0, 0.0, 0.0, 0.0, 0.0, 0.0, 0.0, 0.0], "auprc": [0.7551020408163265, 0.7551020408163265, 0.7551020408163265, 0.7551020408163265, 0.37410884986140197, 0.7551020408163265, 0.7551020408163265, 0.40088126005866404, 0.7551020408163265, 0.7551020408163265]}