{"auroc": [0.7050000000000001, 0.5916666666666668, 0.575, 0.28, 0.565, 0.5683333333333334, 0.5666666666666667, 0.5933333333333334, 0.2783333333333333, 0.2783333333333333], "acc": [0.5102040816326531, 0.4897959183673469, 0.4897959183673469, 0.4897959183673469, 0.4897959183673469, 0.4897959183673469, 0.4897959183673469, 0.4897959183673469, 0.4897959183673469, 0.4897959183673469], "aps": [0.6979106963266284, 0.5678598258617982, 0.5658043574988467, 0.39402782961932714, 0.5451517694115238, 0.6004895569496418, 0.5615570768731981, 0.5716867384038542, 0.3941457117699841, 0.39333207900978345], "f1": [0.6756756756756758, 0.0, 0.0, 0.0, 0.0, 0.0, 0.0, 0.0, 0.0, 0.0], "auprc": [0.6835362343877625, 0.5490748336739014, 0.5488943874624909, 0.3759367607663701, 0.5284458611129439, 0.584290021207579, 0.5445484724485788, 0.5541326629235455, 0.37561632340605877, 0.37524658663139615]}