{"auroc": [0.37666666666666665, 0.28833333333333333, 0.30666666666666664, 0.31, 0.31666666666666665, 0.30166666666666664, 0.35333333333333333, 0.29333333333333333, 0.30166666666666664, 0.33999999999999997], "acc": [0.4897959183673469, 0.4897959183673469, 0.46938775510204084, 0.4897959183673469, 0.4897959183673469, 0.4897959183673469, 0.4897959183673469, 0.4897959183673469, 0.4897959183673469, 0.4897959183673469], "aps": [0.4692592136843405, 0.4079323260274895, 0.4174818372446756, 0.4191664174860104, 0.41954970029680694, 0.41652116817467344, 0.45536160172047857, 0.4100517245747951, 0.41820248685599204, 0.42788625512530887], "f1": [0.0, 0.0, 0.13333333333333333, 0.0, 0.0, 0.0, 0.0, 0.0, 0.0, 0.0], "auprc": [0.4526703373102688, 0.38319800444401947, 0.39180939593337455, 0.39344026254741243, 0.3941625417525333, 0.3908861776780856, 0.43968179872905383, 0.3850401427061924, 0.3924497982680219, 0.40243167791825657]}