{"auroc": [0.30833333333333335, 0.5633333333333334, 0.2733333333333333, 0.28833333333333333, 0.42666666666666675, 0.28, 0.30499999999999994, 0.45666666666666667, 0.2733333333333334, 0.4366666666666667], "acc": [0.5102040816326531, 0.4897959183673469, 0.4897959183673469, 0.4897959183673469, 0.4897959183673469, 0.5102040816326531, 0.5102040816326531, 0.4897959183673469, 0.4897959183673469, 0.5102040816326531], "aps": [0.4110341801319083, 0.5883706922801251, 0.3930275803102867, 0.40202137536048393, 0.46613137376182645, 0.43075715387361485, 0.4224765773090571, 0.4735777596414642, 0.3966400715685984, 0.46314605948108456], "f1": [0.6756756756756758, 0.0, 0.0, 0.0, 0.0, 0.6756756756756758, 0.6756756756756758, 0.0, 0.0, 0.6756756756756758], "auprc": [0.38866479483993605, 0.5662798219391223, 0.3742513518956154, 0.38027040277011953, 0.4443066173181904, 0.415317024123842, 0.3958937001127082, 0.45063524231214774, 0.3748997359623734, 0.44083674855629]}