{"rf": [{"auroc": [0.9376012145748986, 0.9378542510121457, 0.9373313090418354, 0.9289304993252362, 0.919838056680162, 0.9364035087719298, 0.9291497975708503, 0.9391531713900134, 0.9342105263157895, 0.9341599190283402], "acc": [0.794344473007712, 0.794344473007712, 0.794344473007712, 0.7969151670951157, 0.7840616966580977, 0.794344473007712, 0.7969151670951157, 0.794344473007712, 0.7892030848329049, 0.7969151670951157], "aps": [0.9758611420811021, 0.9760756250596614, 0.9756205358208045, 0.9719378045205344, 0.9690370846687746, 0.9749484029515738, 0.9716630922593543, 0.9764993263049093, 0.9746450011892254, 0.9737252070312408], "f1": [0.8765432098765432, 0.8765432098765432, 0.8757763975155279, 0.8775193798449613, 0.8707692307692309, 0.8765432098765432, 0.8775193798449613, 0.8761609907120743, 0.8734567901234568, 0.8778979907264296], "auprc": [0.9760008006062759, 0.9760274888286089, 0.9760249124047028, 0.9721884627729864, 0.9689712705800451, 0.9749876258582872, 0.972270911364035, 0.9766705384657122, 0.9745939748056349, 0.9738128299386462]}], "enet": [{"auroc": [0.9277327935222672, 0.9294534412955465, 0.9332658569500676, 0.9310391363022941, 0.927800269905533, 0.9332658569500676, 0.9294534412955465, 0.9310391363022941, 0.9310391363022941, 0.9198043184885291], "acc": [0.87146529562982, 0.8020565552699229, 0.8303341902313625, 0.8251928020565553, 0.8251928020565553, 0.8303341902313625, 0.8020565552699229, 0.8251928020565553, 0.8251928020565553, 0.8020565552699229], "aps": [0.971235306268518, 0.9725983515047008, 0.9742964275147279, 0.9723401956703346, 0.970467999319693, 0.9742964275147279, 0.9725983515047008, 0.9723401956703346, 0.9723401956703346, 0.9661698022785209], "f1": [0.9161073825503356, 0.8791208791208791, 0.8932038834951456, 0.891373801916933, 0.892063492063492, 0.8932038834951456, 0.8791208791208791, 0.891373801916933, 0.891373801916933, 0.8794992175273865], "auprc": [0.9711753617840833, 0.9725425172914399, 0.9742437062677003, 0.9722794786841766, 0.970402864989095, 0.9742437062677003, 0.9725425172914399, 0.9722794786841766, 0.9722794786841766, 0.9660912958307317]}]}