{"enet": [{"auroc": [0.9225371120107962, 0.9199055330634278, 0.9254385964912282, 0.8800607287449392, 0.9233468286099864, 0.9199055330634278, 0.9205465587044535, 0.9199055330634278, 0.9233468286099864, 0.9228070175438597], "acc": [0.8637532133676092, 0.8663239074550129, 0.8611825192802056, 0.8406169665809768, 0.8586118251928021, 0.8663239074550129, 0.8586118251928021, 0.8663239074550129, 0.8586118251928021, 0.8560411311053985], "aps": [0.9668648562322546, 0.9655171415826137, 0.9679542652294204, 0.9299651285440858, 0.9622676434725557, 0.9655171415826137, 0.955934783919226, 0.9655171415826137, 0.9622676434725557, 0.9599763341546637], "f1": [0.9103214890016921, 0.9127516778523489, 0.9105960264900661, 0.8976897689768977, 0.908485856905158, 0.9127516778523489, 0.9081803005008346, 0.9127516778523489, 0.908485856905158, 0.9069767441860465], "auprc": [0.9667763574622681, 0.9654241725683408, 0.9678722205596701, 0.9280316726226082, 0.962107934280624, 0.9654241725683408, 0.9555578700770586, 0.9654241725683408, 0.962107934280624, 0.9597563068941466]}]}