{"auroc": [0.43852901484480433, 0.5492914979757085, 0.5505904183535762, 0.5708670715249662, 0.5356612685560054, 0.5267037786774629, 0.46740890688259107, 0.567442645074224, 0.565334008097166, 0.5453441295546559], "acc": [0.7326478149100257, 0.7326478149100257, 0.26735218508997427, 0.26735218508997427, 0.26735218508997427, 0.26735218508997427, 0.7326478149100257, 0.26735218508997427, 0.7326478149100257, 0.7326478149100257], "aps": [0.7034229521356221, 0.7616557467231502, 0.7926926117090005, 0.7784847298713065, 0.7301508899691839, 0.7385459532061722, 0.6878391249661047, 0.788969116346672, 0.7874695266141187, 0.7671696363822267], "f1": [0.8456973293768546, 0.8456973293768546, 0.0, 0.0, 0.0, 0.0, 0.8456973293768546, 0.0, 0.8456973293768546, 0.8456973293768546], "auprc": [0.7016029066983601, 0.7603162107842023, 0.7919890006143685, 0.7770224985966151, 0.7279737687857675, 0.7364399682992858, 0.6846148675490673, 0.7882465816365958, 0.7864020381158965, 0.7653741133115001]}