{"enet": [{"auroc": [0.9107962213225372, 0.9110998650472334, 0.9107962213225372, 0.9110998650472334, 0.913225371120108, 0.9235155195681513, 0.9235155195681513, 0.9110998650472334, 0.9107962213225372, 0.9213225371120108], "acc": [0.8380462724935732, 0.8457583547557841, 0.8380462724935732, 0.8457583547557841, 0.8688946015424165, 0.8766066838046273, 0.8766066838046273, 0.8457583547557841, 0.8380462724935732, 0.8457583547557841], "aps": [0.9623703555747652, 0.9624647559951707, 0.9623703555747652, 0.9624647559951707, 0.9614519275334902, 0.9669816122457876, 0.9669816122457876, 0.9624647559951707, 0.9623703555747652, 0.9643125855173066], "f1": [0.8930390492359933, 0.8972602739726027, 0.8930390492359933, 0.8972602739726027, 0.9145728643216081, 0.919732441471572, 0.919732441471572, 0.8972602739726027, 0.8930390492359933, 0.9038461538461537], "auprc": [0.9622620175473979, 0.962353611031049, 0.9622620175473979, 0.962353611031049, 0.9613378946076088, 0.966891443879125, 0.966891443879125, 0.962353611031049, 0.9622620175473979, 0.9641967622467855]}]}