{"enet": [{"auroc": [0.7675438596491229, 0.8610661268556005, 0.8417341430499325, 0.8442476383265858, 0.828778677462888, 0.8402834008097166, 0.8548414304993253, 0.8548414304993253, 0.8548414304993253, 0.8610661268556005], "acc": [0.8329048843187661, 0.8354755784061697, 0.8200514138817481, 0.8483290488431876, 0.8071979434447301, 0.8149100257069408, 0.8277634961439588, 0.8277634961439588, 0.8277634961439588, 0.8354755784061697], "aps": [0.8579731707565073, 0.9163189847539707, 0.9233556241792988, 0.9094487752890861, 0.9053981368805646, 0.9057980963390199, 0.9274955969244041, 0.9274955969244041, 0.9274955969244041, 0.9163189847539707], "f1": [0.8900169204737732, 0.8961038961038962, 0.8825503355704698, 0.9005059021922429, 0.8784440842787683, 0.8827361563517916, 0.8877721943048578, 0.8877721943048578, 0.8877721943048578, 0.8961038961038962], "auprc": [0.9217854083725089, 0.9157978928383076, 0.9230903986959131, 0.9352453281080433, 0.9046634770329638, 0.9051168554734628, 0.9289643629314069, 0.9289643629314069, 0.9289643629314069, 0.9157978928383076]}]}