{"auroc": [0.6394736842105263, 0.6711875843454791, 0.8497975708502024, 0.8273954116059379, 0.5388157894736842, 0.754217273954116, 0.7818488529014845, 0.9674426450742241, 0.638630229419703, 0.5748650472334683], "acc": [0.7326478149100257, 0.7326478149100257, 0.7326478149100257, 0.7326478149100257, 0.7326478149100257, 0.7326478149100257, 0.7326478149100257, 0.8534704370179949, 0.7326478149100257, 0.26735218508997427], "aps": [0.8435524358750355, 0.8339118365600537, 0.9320417828835658, 0.9211111152798359, 0.7564537155605543, 0.8831441662323243, 0.9009834183938613, 0.988038676741275, 0.8380104157516648, 0.8096981722819192], "f1": [0.8456973293768546, 0.8456973293768546, 0.8456973293768546, 0.8456973293768546, 0.8456973293768546, 0.8456973293768546, 0.8456973293768546, 0.9085072231139646, 0.8456973293768546, 0.0], "auprc": [0.8431484804747205, 0.8332265532345202, 0.9318516367033733, 0.9208972539904232, 0.7539005734388063, 0.8827899238749117, 0.9007244009039101, 0.9880170257477634, 0.8375889321846813, 0.8091293726924333]}