{"enet": [{"auroc": [0.5852564102564102, 0.5852564102564102, 0.5982118758434547, 0.5852564102564102, 0.5982118758434547, 0.5982118758434547, 0.5755398110661268, 0.5852564102564102, 0.5982118758434547, 0.5982118758434547], "acc": [0.7326478149100257, 0.7326478149100257, 0.7326478149100257, 0.7326478149100257, 0.7326478149100257, 0.7326478149100257, 0.7326478149100257, 0.7326478149100257, 0.7326478149100257, 0.7326478149100257], "aps": [0.776771591770441, 0.776771591770441, 0.7789941950139099, 0.776771591770441, 0.7789941950139099, 0.7789941950139099, 0.7759553457457313, 0.776771591770441, 0.7789941950139099, 0.7789941950139099], "f1": [0.8456973293768546, 0.8456973293768546, 0.8456973293768546, 0.8456973293768546, 0.8456973293768546, 0.8456973293768546, 0.8456973293768546, 0.8456973293768546, 0.8456973293768546, 0.8456973293768546], "auprc": [0.7743434469984993, 0.7743434469984993, 0.7762621772753244, 0.7743434469984993, 0.7762621772753244, 0.7762621772753244, 0.7735903440380034, 0.7743434469984993, 0.7762621772753244, 0.7762621772753244]}]}