{"enet": [{"auroc": [0.8353070175438597, 0.850506072874494, 0.8353070175438597, 0.8613697705802968, 0.850506072874494, 0.8724865047233469, 0.8892375168690958, 0.8613697705802968, 0.8892375168690958, 0.8892375168690958], "acc": [0.8740359897172236, 0.8303341902313625, 0.8740359897172236, 0.8329048843187661, 0.8303341902313625, 0.8508997429305912, 0.8329048843187661, 0.8329048843187661, 0.8329048843187661, 0.8329048843187661], "aps": [0.8966532573646705, 0.9131247826693193, 0.8966532573646705, 0.9266718615981259, 0.9131247826693193, 0.9266767853171441, 0.936795437421799, 0.9266718615981259, 0.936795437421799, 0.936795437421799], "f1": [0.9187396351575456, 0.8935483870967742, 0.9187396351575456, 0.895330112721417, 0.8935483870967742, 0.9052287581699346, 0.896, 0.895330112721417, 0.896, 0.896], "auprc": [0.9424245539546316, 0.9406891225293349, 0.9424245539546316, 0.9332152849398151, 0.9406891225293349, 0.9314329002881314, 0.936475967880176, 0.9332152849398151, 0.936475967880176, 0.936475967880176]}]}