{"enet": [{"auroc": [0.9008434547908233, 0.9008434547908233, 0.9008434547908233, 0.8875506072874494, 0.8189102564102564, 0.7995445344129555, 0.9008434547908233, 0.7995445344129555, 0.8536268556005397, 0.7737854251012145], "acc": [0.8688946015424165, 0.8688946015424165, 0.8688946015424165, 0.8586118251928021, 0.8380462724935732, 0.8766066838046273, 0.8688946015424165, 0.8766066838046273, 0.8560411311053985, 0.8380462724935732], "aps": [0.9527446774187772, 0.9527446774187772, 0.9527446774187772, 0.9516765716454468, 0.88780615067377, 0.8740045775882901, 0.9527446774187772, 0.8740045775882901, 0.9121153002371193, 0.8607848136431046], "f1": [0.9176090468497577, 0.9176090468497577, 0.9176090468497577, 0.9096880131362891, 0.8941176470588236, 0.92, 0.9176090468497577, 0.92, 0.9087947882736156, 0.8948247078464107], "auprc": [0.9526149015857429, 0.9526149015857429, 0.9526149015857429, 0.9515507232234892, 0.9315995322553514, 0.9341474316191247, 0.9526149015857429, 0.9341474316191247, 0.942829706993759, 0.9244476656804572]}]}