{"enet": [{"auroc": [0.9322537112010796, 0.8285762483130904, 0.849595141700405, 0.7831309041835358, 0.8427462887989204, 0.8285762483130904, 0.8427462887989204, 0.825944669365722, 0.9219973009446694, 0.9189102564102564], "acc": [0.87146529562982, 0.87146529562982, 0.8920308483290489, 0.87146529562982, 0.8946015424164524, 0.87146529562982, 0.8946015424164524, 0.8920308483290489, 0.8586118251928021, 0.8766066838046273], "aps": [0.957259205788473, 0.8918464990716695, 0.9036301651750969, 0.8646960872804929, 0.8991986727651455, 0.8918464990716695, 0.8991986727651455, 0.8889536089453278, 0.9533301620809773, 0.9544803610009855], "f1": [0.9172185430463576, 0.9163879598662208, 0.9297658862876255, 0.9177631578947368, 0.9310924369747899, 0.9163879598662208, 0.9310924369747899, 0.9295302013422818, 0.9090909090909092, 0.9191919191919192], "auprc": [0.9565964099663216, 0.9420463118441516, 0.9481105255681487, 0.9301674411445592, 0.9466101901120585, 0.9420463118441516, 0.9466101901120585, 0.9422801241340847, 0.9523718395272204, 0.9696804535721405]}]}