{"auroc": [0.5411437246963564, 0.5512314439946019, 0.5795546558704453, 0.48505398110661263, 0.552614709851552, 0.5342948717948718, 0.49856612685560053, 0.5823717948717949, 0.6162112010796221, 0.5478070175438596], "acc": [0.7326478149100257, 0.7326478149100257, 0.7326478149100257, 0.3341902313624679, 0.6735218508997429, 0.26735218508997427, 0.26735218508997427, 0.7326478149100257, 0.7326478149100257, 0.7326478149100257], "aps": [0.759915743706207, 0.7600763525538939, 0.7823260097062733, 0.7357274107466928, 0.770344347062142, 0.7536042223727739, 0.7384910236706255, 0.770517481228379, 0.7902583872874658, 0.7580255359840661], "f1": [0.8456973293768546, 0.8456973293768546, 0.8456973293768546, 0.20795107033639143, 0.7843803056027164, 0.0, 0.0, 0.8456973293768546, 0.8456973293768546, 0.8456973293768546], "auprc": [0.7580693040449873, 0.7575150592161212, 0.7796498899319055, 0.7337215088037017, 0.7693189788887833, 0.750775304372757, 0.7364943316836493, 0.7687559127206922, 0.7879627743886615, 0.7552658754527364]}