{"auroc": [0.660425101214575, 0.5767712550607287, 0.6118252361673414, 0.5919028340080972, 0.5792341430499325, 0.5566970310391363, 0.5993421052631579, 0.5696693657219973, 0.5903002699055331, 0.5993927125506073], "acc": [0.7326478149100257, 0.7326478149100257, 0.7326478149100257, 0.7326478149100257, 0.7326478149100257, 0.7326478149100257, 0.7326478149100257, 0.26735218508997427, 0.7326478149100257, 0.7352185089974294], "aps": [0.841845944171266, 0.7658303305782279, 0.8059324775245936, 0.7666448334366199, 0.7699067135757616, 0.7538538912215995, 0.8103694731136406, 0.7578561507353823, 0.7739943216847155, 0.8223236762377805], "f1": [0.8456973293768546, 0.8456973293768546, 0.8456973293768546, 0.8456973293768546, 0.8456973293768546, 0.8456973293768546, 0.8456973293768546, 0.0, 0.8456973293768546, 0.8417818740399386], "auprc": [0.8413429739827094, 0.7642384345961399, 0.8042533901147793, 0.763800038426593, 0.7680164312716491, 0.7520515839737449, 0.8097428983638185, 0.7549384007323099, 0.771220413259412, 0.8218334048389425]}