{"auroc": [0.8058367071524966, 0.7076248313090419, 0.886302294197031, 0.7761977058029689, 0.8334008097165991, 0.7067813765182186, 0.8224190283400811, 0.8121120107962213, 0.8557692307692308, 0.7791497975708501], "acc": [0.7326478149100257, 0.7326478149100257, 0.26735218508997427, 0.7326478149100257, 0.7326478149100257, 0.7326478149100257, 0.7326478149100257, 0.7326478149100257, 0.7326478149100257, 0.7326478149100257], "aps": [0.9206555190848276, 0.843108023135462, 0.9576745346724617, 0.9014311101634775, 0.9367600100794315, 0.8562131096004021, 0.9283897392217799, 0.9266094730941579, 0.9391096672981978, 0.9046044127334556], "f1": [0.8456973293768546, 0.8456973293768546, 0.0, 0.8456973293768546, 0.8456973293768546, 0.8456973293768546, 0.8456973293768546, 0.8456973293768546, 0.8456973293768546, 0.8456973293768546], "auprc": [0.9204557608623041, 0.8419892877678983, 0.9575891288821234, 0.9011878286739827, 0.9366311673756379, 0.8541121758298178, 0.9282403097224209, 0.9264496740114638, 0.9389600013257644, 0.9043731469449765]}