{"rf": [{"auroc": [0.940300269905533], "acc": [0.8020565552699229], "aps": [0.9732539128630533], "f1": [0.8806201550387597], "auprc": [0.9733098722682871]}], "enet": [{"auroc": [0.8698717948717949], "acc": [0.8637532133676092], "aps": [0.9218184775302201], "f1": [0.9132569558101473], "auprc": [0.9214534141074076]}]}