{"enet": [{"auroc": [0.9209495839451787, 0.922744330233317, 0.9233153858704519, 0.9225811714798497, 0.922744330233317, 0.9233153858704519, 0.9235601240006526, 0.9225811714798497, 0.922744330233317, 0.9245390765214553], "acc": [0.8327402135231317, 0.8612099644128114, 0.8683274021352313, 0.8825622775800712, 0.8612099644128114, 0.8683274021352313, 0.8932384341637011, 0.8825622775800712, 0.8612099644128114, 0.8790035587188612], "aps": [0.9781818190749909, 0.9785264699840515, 0.9786749351546891, 0.9782348339557579, 0.9785264699840515, 0.9786749351546891, 0.9789160432886022, 0.9782348339557579, 0.9785264699840515, 0.9790831921587299], "f1": [0.8894117647058823, 0.9111617312072893, 0.9160997732426305, 0.9261744966442953, 0.9111617312072893, 0.9160997732426305, 0.935344827586207, 0.9261744966442953, 0.9111617312072893, 0.9234234234234235], "auprc": [0.9781173407120562, 0.9784614932919941, 0.9786096165336751, 0.9781672950165123, 0.9784614932919941, 0.9786096165336751, 0.9788521032107111, 0.9781672950165123, 0.9784614932919941, 0.9790187069256702]}]}