{"enet": [{"auroc": [0.8913362701908958, 0.8889704682656225, 0.890928373307228, 0.8828520150106054, 0.8828520150106054, 0.8837493881546744, 0.8745309185837821, 0.8851362375591451, 0.8889704682656225, 0.8837493881546744], "acc": [0.8078291814946619, 0.8185053380782918, 0.8291814946619217, 0.9039145907473309, 0.9039145907473309, 0.8896797153024911, 0.896797153024911, 0.7722419928825622, 0.8185053380782918, 0.8896797153024911], "aps": [0.9412867008323247, 0.9398361301002126, 0.9434497474766282, 0.9340415352873581, 0.9340415352873581, 0.9366920740974269, 0.9311782909551607, 0.9342931821219613, 0.9398361301002126, 0.9366920740974269], "f1": [0.8689320388349514, 0.8771084337349397, 0.8846153846153845, 0.9395973154362416, 0.9395973154362416, 0.9303370786516854, 0.93598233995585, 0.84, 0.8771084337349397, 0.9303370786516854], "auprc": [0.9387010910615523, 0.9372444351074574, 0.9409990658289831, 0.931750560634744, 0.931750560634744, 0.9340575440947199, 0.9288765347669579, 0.9316046831087957, 0.9372444351074574, 0.9340575440947199]}]}