{"enet": [{"auroc": [0.8587045194974712, 0.838962310327949, 0.8704519497471039, 0.8892152063958231, 0.838962310327949, 0.8624571708272147, 0.8624571708272147, 0.869309838472834, 0.838962310327949, 0.8624571708272147], "acc": [0.8185053380782918, 0.8576512455516014, 0.8398576512455516, 0.8718861209964412, 0.8576512455516014, 0.8612099644128114, 0.8612099644128114, 0.8256227758007118, 0.8576512455516014, 0.8612099644128114], "aps": [0.9454186602123604, 0.9343165544394973, 0.9614054381034038, 0.9677609441607475, 0.9343165544394973, 0.9473831090056515, 0.9473831090056515, 0.9602779314460934, 0.9343165544394973, 0.9473831090056515], "f1": [0.8816705336426913, 0.9111111111111112, 0.8970251716247141, 0.9210526315789475, 0.9111111111111112, 0.9123595505617976, 0.9123595505617976, 0.8868360277136259, 0.9111111111111112, 0.9123595505617976], "auprc": [0.9642914165554799, 0.9591198619304633, 0.9612849811110203, 0.9676605239175503, 0.9591198619304633, 0.9641794483073884, 0.9641794483073884, 0.960147322051046, 0.9591198619304633, 0.9641794483073884]}]}