{"enet": [{"auroc": [0.634769130363844, 0.7256485560450319, 0.7396802088432044, 0.634769130363844, 0.7396802088432044, 0.5812530592266275, 0.6576113558492414, 0.6606297927883831, 0.6802496328928047, 0.7055392396802088], "acc": [0.8113879003558719, 0.8362989323843416, 0.7758007117437722, 0.8113879003558719, 0.7758007117437722, 0.797153024911032, 0.7437722419928826, 0.7366548042704626, 0.7437722419928826, 0.7722419928825622], "aps": [0.8591444549745213, 0.8939465948726645, 0.8935440811391498, 0.8591444549745213, 0.8935440811391498, 0.8327683775190623, 0.8601379316493913, 0.8639496318989187, 0.872430639514005, 0.8790445944416208], "f1": [0.8933601609657947, 0.9017094017094018, 0.8545034642032333, 0.8933601609657947, 0.8545034642032333, 0.8871287128712871, 0.8363636363636364, 0.8302752293577981, 0.8348623853211009, 0.8558558558558559], "auprc": [0.8581975185138744, 0.893272602154896, 0.9230440135368477, 0.8581975185138744, 0.9230440135368477, 0.8297962682049105, 0.9164810113871671, 0.9168136895458482, 0.9208490761230426, 0.9235999305393368]}]}