{"enet": [{"auroc": [0.8091858378201991, 0.8091858378201991, 0.8364333496492087, 0.8091858378201991, 0.8091858378201991, 0.8091858378201991, 0.8091858378201991, 0.8091858378201991, 0.8146516560613477, 0.8091858378201991], "acc": [0.8113879003558719, 0.8113879003558719, 0.8185053380782918, 0.8113879003558719, 0.8113879003558719, 0.8113879003558719, 0.8113879003558719, 0.8113879003558719, 0.8113879003558719, 0.8113879003558719], "aps": [0.9451508451919748, 0.9451508451919748, 0.9551086417220986, 0.9451508451919748, 0.9451508451919748, 0.9451508451919748, 0.9451508451919748, 0.9451508451919748, 0.9483421431079249, 0.9451508451919748], "f1": [0.8893528183716074, 0.8893528183716074, 0.8893709327548807, 0.8893528183716074, 0.8893528183716074, 0.8893528183716074, 0.8893528183716074, 0.8893528183716074, 0.8855291576673866, 0.8893528183716074], "auprc": [0.9449761144013118, 0.9449761144013118, 0.9549807075378869, 0.9449761144013118, 0.9449761144013118, 0.9449761144013118, 0.9449761144013118, 0.9449761144013118, 0.948188855725109, 0.9449761144013118]}]}