{"enet": [{"auroc": [0.8581334638603361, 0.8551150269211942, 0.8478544623919073, 0.8253385544134444, 0.8581334638603361, 0.8303964757709251, 0.8333333333333334, 0.8333333333333333, 0.8551150269211942, 0.8551150269211942], "acc": [0.8434163701067615, 0.8362989323843416, 0.7900355871886121, 0.8469750889679716, 0.8434163701067615, 0.8505338078291815, 0.797153024911032, 0.800711743772242, 0.8362989323843416, 0.8362989323843416], "aps": [0.9526724834838876, 0.9508381994000544, 0.953896725313001, 0.9376949493667226, 0.9526724834838876, 0.9408349635876025, 0.9454003651819878, 0.9471238810377884, 0.9508381994000544, 0.9508381994000544], "f1": [0.9030837004405287, 0.8986784140969163, 0.8578313253012049, 0.9102296450939458, 0.9030837004405287, 0.9121338912133892, 0.8701594533029613, 0.8715596330275229, 0.8986784140969163, 0.8986784140969163], "auprc": [0.9524428823568247, 0.9505843812876817, 0.9537400960054477, 0.9364884766524388, 0.9524428823568247, 0.9400015107174806, 0.94505275737656, 0.9468696788108528, 0.9505843812876817, 0.9505843812876817]}]}