{"auroc": [0.7118616413770599, 0.6808614782183064, 0.7741882852015011, 0.6311796377875672, 0.6800864741393375, 0.8645782346222874, 0.8772230380159897, 0.8427149616576929, 0.6851036058084516, 0.8532387012563225], "acc": [0.8078291814946619, 0.8078291814946619, 0.8078291814946619, 0.19217081850533807, 0.8078291814946619, 0.8078291814946619, 0.8078291814946619, 0.8078291814946619, 0.8078291814946619, 0.8078291814946619], "aps": [0.8859879462474143, 0.8644929901905191, 0.9317201234428522, 0.8400351256067558, 0.8955151623191187, 0.9547128189200258, 0.9504326302413941, 0.9452040448510088, 0.872008057367334, 0.9448124559230633], "f1": [0.8937007874015748, 0.8937007874015748, 0.8937007874015748, 0.0, 0.8937007874015748, 0.8937007874015748, 0.8937007874015748, 0.8937007874015748, 0.8937007874015748, 0.8937007874015748], "auprc": [0.8849844261479856, 0.8625670038502253, 0.9314907228888681, 0.8367736935952098, 0.8951121576714017, 0.954476560475557, 0.9492537443679008, 0.9449627382259986, 0.8701794272846657, 0.9441473367092035]}