{"auroc": [0.7316854299233154, 0.7135748082884646, 0.7971528797519987, 0.7406591613640072, 0.7624816446402349, 0.7622369065100343, 0.6876325664871921, 0.8131832272801436, 0.8268069831946484, 0.8054331864904553], "acc": [0.8078291814946619, 0.8078291814946619, 0.8078291814946619, 0.8078291814946619, 0.8078291814946619, 0.8078291814946619, 0.8078291814946619, 0.8078291814946619, 0.8078291814946619, 0.8078291814946619], "aps": [0.9002829713159668, 0.9055566273715093, 0.9231608411199939, 0.9117282687142452, 0.9063036168412363, 0.9100526127767731, 0.88412682300046, 0.9207821530959008, 0.9346479243845727, 0.9211981779026568], "f1": [0.8937007874015748, 0.8937007874015748, 0.8937007874015748, 0.8937007874015748, 0.8937007874015748, 0.8937007874015748, 0.8937007874015748, 0.8937007874015748, 0.8937007874015748, 0.8937007874015748], "auprc": [0.8995983408683861, 0.9050778051988541, 0.9222062676211633, 0.9104261259834661, 0.9053972012903602, 0.9091185800403101, 0.8826661950173715, 0.9193471070219968, 0.9323217423082615, 0.9198249213802483]}