{"enet": [{"auroc": [0.7733317017457986, 0.7568526676456191, 0.836025452765541, 0.7971936694403655, 0.836025452765541, 0.7811225322238537, 0.836025452765541, 0.7971936694403655, 0.8280306738456517, 0.836025452765541], "acc": [0.7793594306049823, 0.7829181494661922, 0.8185053380782918, 0.7686832740213523, 0.8185053380782918, 0.7544483985765125, 0.8185053380782918, 0.7686832740213523, 0.8113879003558719, 0.8185053380782918], "aps": [0.9070564742028284, 0.8990324694530129, 0.9445444331732373, 0.9215357044765844, 0.9445444331732373, 0.9111013926076019, 0.9445444331732373, 0.9215357044765844, 0.9340490859981228, 0.9445444331732373], "f1": [0.8551401869158879, 0.8584686774941995, 0.8843537414965986, 0.8470588235294116, 0.8843537414965986, 0.8368794326241134, 0.8843537414965986, 0.8470588235294116, 0.877030162412993, 0.8843537414965986], "auprc": [0.9416812720359771, 0.9392593190714549, 0.9443058918538354, 0.9461208856665348, 0.9443058918538354, 0.9331709401155194, 0.9443058918538354, 0.9461208856665348, 0.9547838435021625, 0.9443058918538354]}]}