{"rf": [{"auroc": [0.9235601240006527], "acc": [0.896797153024911], "aps": [0.9773118186150883], "f1": [0.939203354297694], "auprc": [0.9773146044927569]}], "enet": [{"auroc": [0.9283733072279328], "acc": [0.8790035587188612], "aps": [0.9778294544452582], "f1": [0.9279661016949152], "auprc": [0.9777465876987973]}]}