{"enet": [{"auroc": [0.8423070647740252, 0.8120411160058738, 0.8156713982705173, 0.8226464349812367, 0.7983357807146353, 0.8226464349812367, 0.8423070647740252, 0.8261543481807799, 0.8187306248980257, 0.8261543481807799], "acc": [0.7580071174377224, 0.7722419928825622, 0.7544483985765125, 0.7615658362989324, 0.8042704626334519, 0.7615658362989324, 0.7580071174377224, 0.7758007117437722, 0.7829181494661922, 0.7758007117437722], "aps": [0.956383285117125, 0.945200739159542, 0.9412486613253139, 0.9394754945353423, 0.9396147952828302, 0.9394754945353423, 0.956383285117125, 0.9483897997532957, 0.9315657046270351, 0.9483897997532957], "f1": [0.8333333333333334, 0.8483412322274881, 0.8321167883211679, 0.8353808353808354, 0.8752834467120181, 0.8353808353808354, 0.8333333333333334, 0.8489208633093525, 0.8523002421307506, 0.8489208633093525], "auprc": [0.95624424733756, 0.9450264458332479, 0.951793040164532, 0.954162936133147, 0.9394189556226368, 0.954162936133147, 0.95624424733756, 0.9482014961296996, 0.9541562561689213, 0.9482014961296996]}]}