{"enet": [{"auroc": [0.8322320117474302, 0.8034752814488497, 0.8034752814488497, 0.811225322238538, 0.8034752814488497, 0.811225322238538, 0.811225322238538, 0.811225322238538, 0.8057595039973894, 0.8034752814488497], "acc": [0.7473309608540926, 0.7508896797153025, 0.7508896797153025, 0.7046263345195729, 0.7508896797153025, 0.7046263345195729, 0.7046263345195729, 0.7046263345195729, 0.7437722419928826, 0.7508896797153025], "aps": [0.9379544188400639, 0.9203641496655441, 0.9203641496655441, 0.9268834876967162, 0.9203641496655441, 0.9268834876967162, 0.9268834876967162, 0.9268834876967162, 0.9204727750561356, 0.9203641496655441], "f1": [0.8238213399503722, 0.8341232227488152, 0.8341232227488152, 0.7888040712468194, 0.8341232227488152, 0.7888040712468194, 0.7888040712468194, 0.7888040712468194, 0.8208955223880597, 0.8341232227488152], "auprc": [0.952533026551931, 0.9194766869222647, 0.9194766869222647, 0.9264132649430233, 0.9194766869222647, 0.9264132649430233, 0.9264132649430233, 0.9264132649430233, 0.9222064596833769, 0.9194766869222647]}]}