{"auroc": [0.6205743188122043, 0.6191874694077337, 0.591205743188122, 0.8938652308696362, 0.8435307554250285, 0.8510360580845163, 0.6243269701419482, 0.595121553271333, 0.5443791809430576, 0.5988742046010768], "acc": [0.8078291814946619, 0.8078291814946619, 0.19217081850533807, 0.8540925266903915, 0.8078291814946619, 0.8078291814946619, 0.8078291814946619, 0.8078291814946619, 0.8078291814946619, 0.3736654804270463], "aps": [0.8739531058725583, 0.8747945519217782, 0.8672007746308914, 0.9701199075057163, 0.9450294881219748, 0.948809262673158, 0.8738001526074257, 0.871739260933176, 0.8560717224067456, 0.8646122371138997], "f1": [0.8937007874015748, 0.8937007874015748, 0.0, 0.9147609147609147, 0.8937007874015748, 0.8937007874015748, 0.8937007874015748, 0.8937007874015748, 0.8937007874015748, 0.401360544217687], "auprc": [0.8733707014540331, 0.8741689320260171, 0.8666428168256426, 0.9700262048139252, 0.944208068012953, 0.9485003492262472, 0.8730460214489916, 0.8710938433743474, 0.8554544533773898, 0.8639292766004838]}