{"rf": [{"auroc": [0.8937836514929025], "acc": [0.8647686832740213], "aps": [0.9731335439356728], "f1": [0.9211618257261411], "auprc": [0.9731767540636005]}], "enet": [{"auroc": [0.905449502365802], "acc": [0.8362989323843416], "aps": [0.9725810691235582], "f1": [0.8909952606635072], "auprc": [0.9724986596990365]}]}