{"enet": [{"auroc": [0.5, 0.5, 0.5, 0.5, 0.5, 0.5, 0.5, 0.5, 0.4707945831293849, 0.5], "acc": [0.8078291814946619, 0.8078291814946619, 0.8078291814946619, 0.8078291814946619, 0.8078291814946619, 0.8078291814946619, 0.8078291814946619, 0.8078291814946619, 0.6548042704626335, 0.8078291814946619], "aps": [0.8078291814946619, 0.8078291814946619, 0.8078291814946619, 0.8078291814946619, 0.8078291814946619, 0.8078291814946619, 0.8078291814946619, 0.8078291814946619, 0.7973386223270202, 0.8078291814946619], "f1": [0.8937007874015748, 0.8937007874015748, 0.8937007874015748, 0.8937007874015748, 0.8937007874015748, 0.8937007874015748, 0.8937007874015748, 0.8937007874015748, 0.7839643652561247, 0.8937007874015748], "auprc": [0.9039145907473309, 0.9039145907473309, 0.9039145907473309, 0.9039145907473309, 0.9039145907473309, 0.9039145907473309, 0.9039145907473309, 0.9039145907473309, 0.874322003242849, 0.9039145907473309]}]}