{"auroc": [0.3474465655082395, 0.36612824278022515, 0.6966878773046175, 0.6316283243596019, 0.8571545113395335, 0.44191548376570405, 0.4212351117637461, 0.5157040300212107, 0.8596834720182739, 0.6210637950726056], "acc": [0.8078291814946619, 0.8078291814946619, 0.19217081850533807, 0.8078291814946619, 0.8078291814946619, 0.8078291814946619, 0.8078291814946619, 0.8078291814946619, 0.8078291814946619, 0.8078291814946619], "aps": [0.7247417208094799, 0.7396743230972487, 0.895470115543026, 0.8582378314967429, 0.9594458427236024, 0.7822023210030233, 0.76032168009817, 0.816739094424738, 0.9603935846450633, 0.8658929662896041], "f1": [0.8937007874015748, 0.8937007874015748, 0.0, 0.8937007874015748, 0.8937007874015748, 0.8937007874015748, 0.8937007874015748, 0.8937007874015748, 0.8937007874015748, 0.8937007874015748], "auprc": [0.7213984524775412, 0.7363535316649648, 0.8949311103551476, 0.8568924811499359, 0.9593219165462459, 0.780460891414025, 0.757738364655687, 0.8152458758338598, 0.9602740161283345, 0.8646674690510638]}