{"enet": [{"auroc": [0.6629955947136563, 0.5304698972099853, 0.5879017784304129, 0.6450481318322728, 0.5425844346549192, 0.5318975363028227, 0.5879017784304129, 0.5336514929025943, 0.5304698972099853, 0.5425844346549192], "acc": [0.7473309608540926, 0.6583629893238434, 0.7188612099644128, 0.7615658362989324, 0.6868327402135231, 0.6619217081850534, 0.7188612099644128, 0.6405693950177936, 0.6583629893238434, 0.6868327402135231], "aps": [0.882137975636611, 0.8179937492373435, 0.8395625714380924, 0.8778617352801783, 0.82208282164825, 0.817771321683294, 0.8395625714380924, 0.82055774195725, 0.8179937492373435, 0.82208282164825], "f1": [0.8459869848156183, 0.7808219178082191, 0.8208616780045352, 0.8546637744034707, 0.8018018018018018, 0.7816091954022989, 0.8208616780045352, 0.7645687645687645, 0.7808219178082191, 0.8018018018018018], "auprc": [0.8810116631351519, 0.884678691537681, 0.8989106466259755, 0.8767624336442899, 0.8891323833110346, 0.8752160948571479, 0.8989106466259755, 0.8839294477575708, 0.884678691537681, 0.8891323833110346]}]}