{"enet": [{"auroc": [0.8383096753140806, 0.8460597161037691, 0.8374123021700113, 0.8383096753140806, 0.8383096753140806, 0.8460597161037691, 0.8460597161037691, 0.8383096753140806, 0.8319464839288628, 0.8383096753140806], "acc": [0.797153024911032, 0.8042704626334519, 0.8362989323843416, 0.797153024911032, 0.797153024911032, 0.8042704626334519, 0.8042704626334519, 0.797153024911032, 0.8612099644128114, 0.797153024911032], "aps": [0.9468913587334866, 0.9486813079915601, 0.9404336354556542, 0.9468913587334866, 0.9468913587334866, 0.9486813079915601, 0.9486813079915601, 0.9468913587334866, 0.9482909293955759, 0.9468913587334866], "f1": [0.8689655172413793, 0.8723897911832945, 0.8954545454545454, 0.8689655172413793, 0.8689655172413793, 0.8723897911832945, 0.8723897911832945, 0.8689655172413793, 0.9164882226980727, 0.8689655172413793], "auprc": [0.9466929566459849, 0.9484832277343698, 0.9401408561262337, 0.9466929566459849, 0.9466929566459849, 0.9484832277343698, 0.9484832277343698, 0.9466929566459849, 0.9481209485257555, 0.9466929566459849]}]}