{"enet": [{"auroc": [0.8063713493228911, 0.901696851036058, 0.7932370696687878, 0.902838962310328, 0.794501550008158, 0.8063713493228911, 0.9068363517702724, 0.902838962310328, 0.902838962310328, 0.902838962310328], "acc": [0.8327402135231317, 0.8576512455516014, 0.7330960854092526, 0.8505338078291815, 0.800711743772242, 0.8327402135231317, 0.8291814946619217, 0.8505338078291815, 0.8505338078291815, 0.8505338078291815], "aps": [0.9215736039199488, 0.9699043001932638, 0.9200176832930713, 0.9757586561690367, 0.9154329177029852, 0.9215736039199488, 0.9765450186297204, 0.9757586561690367, 0.9757586561690367, 0.9757586561690367], "f1": [0.8929384965831435, 0.9159663865546218, 0.8148148148148148, 0.908296943231441, 0.8715596330275229, 0.8929384965831435, 0.8894009216589862, 0.908296943231441, 0.908296943231441, 0.908296943231441], "auprc": [0.9523795076407513, 0.9697663927300677, 0.9454383692229864, 0.9757006333730129, 0.9487799120910152, 0.9523795076407513, 0.9764878277469591, 0.9757006333730129, 0.9757006333730129, 0.9757006333730129]}]}