{"auroc": [0.590267580355686, 0.8293359438733887, 0.801925273290912, 0.33667808777940933, 0.8423070647740252, 0.3261135584924131, 0.6421112742698645, 0.7980094632077012, 0.36706640561266113, 0.8206885299396313], "acc": [0.19217081850533807, 0.8078291814946619, 0.8078291814946619, 0.8078291814946619, 0.8078291814946619, 0.19217081850533807, 0.8078291814946619, 0.8078291814946619, 0.8078291814946619, 0.8078291814946619], "aps": [0.8449893780883588, 0.9506720118148986, 0.9454036726204484, 0.7079095759495193, 0.9458844467815899, 0.7013636417038205, 0.8430748580285883, 0.9436252390734226, 0.7340624946915231, 0.9413324413808978], "f1": [0.0, 0.8937007874015748, 0.8937007874015748, 0.8937007874015748, 0.8937007874015748, 0.0, 0.8937007874015748, 0.8937007874015748, 0.8937007874015748, 0.8937007874015748], "auprc": [0.843599752501903, 0.9505112849566346, 0.9452480806501631, 0.7048742425269389, 0.9455025388321713, 0.6982295453235836, 0.8398661872637991, 0.9434613035397654, 0.7302906276082095, 0.9410034012790973]}