{"enet": [{"auroc": [0.9103442649698157, 0.9115679556208189, 0.9049600261054005, 0.9115679556208189, 0.9049600261054005, 0.9115679556208189, 0.9115679556208189, 0.9103442649698157, 0.9115679556208189, 0.9103442649698157], "acc": [0.8825622775800712, 0.8683274021352313, 0.8540925266903915, 0.8683274021352313, 0.8540925266903915, 0.8683274021352313, 0.8683274021352313, 0.8825622775800712, 0.8683274021352313, 0.8825622775800712], "aps": [0.9663297328975997, 0.9616210912340442, 0.965851974846005, 0.9616210912340442, 0.965851974846005, 0.9616210912340442, 0.9616210912340442, 0.9663297328975997, 0.9616210912340442, 0.9663297328975997], "f1": [0.9261744966442953, 0.9149425287356322, 0.9057471264367817, 0.9149425287356322, 0.9057471264367817, 0.9149425287356322, 0.9149425287356322, 0.9261744966442953, 0.9149425287356322, 0.9261744966442953], "auprc": [0.9660382779962213, 0.9612143072401913, 0.9655844980714818, 0.9612143072401913, 0.9655844980714818, 0.9612143072401913, 0.9612143072401913, 0.9660382779962213, 0.9612143072401913, 0.9660382779962213]}]}