{"enet": [{"auroc": [0.9474628813835863, 0.9494207864251917, 0.9474628813835863, 0.9479523576439876, 0.9474628813835863, 0.9388970468265622, 0.9474628813835863, 0.9388970468265622, 0.9487681514113233, 0.9474628813835863], "acc": [0.8825622775800712, 0.9039145907473309, 0.8825622775800712, 0.8790035587188612, 0.8825622775800712, 0.697508896797153, 0.8825622775800712, 0.697508896797153, 0.8790035587188612, 0.8825622775800712], "aps": [0.9871705115302624, 0.9878316906260245, 0.9871705115302624, 0.9873204196635208, 0.9871705115302624, 0.9847936165104652, 0.9871705115302624, 0.9847936165104652, 0.9874808458584986, 0.9871705115302624], "f1": [0.9234338747099768, 0.9409190371991247, 0.9234338747099768, 0.9209302325581395, 0.9234338747099768, 0.772117962466488, 0.9234338747099768, 0.772117962466488, 0.9220183486238532, 0.9234338747099768], "auprc": [0.9871406224085956, 0.9878039260835201, 0.9871406224085956, 0.987290976103248, 0.9871406224085956, 0.9847569155301502, 0.9871406224085956, 0.9847569155301502, 0.9874515811557812, 0.9871406224085956]}]}