{"enet": [{"auroc": [0.8262359275575135, 0.8182411486376244, 0.8182411486376244, 0.8182411486376244, 0.8182411486376244, 0.8182411486376244, 0.8262359275575135, 0.8182411486376244, 0.8256648719203784, 0.8262359275575135], "acc": [0.8469750889679716, 0.8362989323843416, 0.8362989323843416, 0.8362989323843416, 0.8362989323843416, 0.8362989323843416, 0.8469750889679716, 0.8362989323843416, 0.8540925266903915, 0.8469750889679716], "aps": [0.939877296943769, 0.9368804672835593, 0.9368804672835593, 0.9368804672835593, 0.9368804672835593, 0.9368804672835593, 0.939877296943769, 0.9368804672835593, 0.9373930149544365, 0.939877296943769], "f1": [0.9098532494758911, 0.9, 0.9, 0.9, 0.9, 0.9, 0.9098532494758911, 0.9, 0.9098901098901099, 0.9098532494758911], "auprc": [0.9395734230624524, 0.9366013193120875, 0.9366013193120875, 0.9366013193120875, 0.9366013193120875, 0.9366013193120875, 0.9395734230624524, 0.9366013193120875, 0.9370190347025438, 0.9395734230624524]}]}