{"enet": [{"auroc": [0.5, 0.5941426007505303, 0.5, 0.5, 0.5515173764072443, 0.5, 0.5, 0.5, 0.5, 0.5515173764072443], "acc": [0.8078291814946619, 0.7615658362989324, 0.8078291814946619, 0.8078291814946619, 0.7117437722419929, 0.8078291814946619, 0.8078291814946619, 0.8078291814946619, 0.8078291814946619, 0.7117437722419929], "aps": [0.8078291814946619, 0.839422735517513, 0.8078291814946619, 0.8078291814946619, 0.8241956735962684, 0.8078291814946619, 0.8078291814946619, 0.8078291814946619, 0.8078291814946619, 0.8241956735962684], "f1": [0.8937007874015748, 0.8540305010893247, 0.8937007874015748, 0.8937007874015748, 0.8219780219780219, 0.8937007874015748, 0.8937007874015748, 0.8937007874015748, 0.8937007874015748, 0.8219780219780219], "auprc": [0.9039145907473309, 0.9060809426949092, 0.9039145907473309, 0.9039145907473309, 0.8950469674868456, 0.9039145907473309, 0.9039145907473309, 0.9039145907473309, 0.9039145907473309, 0.8950469674868456]}]}