{"enet": [{"auroc": [0.5, 0.5, 0.627141458639256, 0.6295072605645292, 0.5, 0.6033610703214228, 0.5, 0.5, 0.5, 0.5], "acc": [0.8078291814946619, 0.8078291814946619, 0.7473309608540926, 0.7295373665480427, 0.8078291814946619, 0.7615658362989324, 0.8078291814946619, 0.8078291814946619, 0.8078291814946619, 0.8078291814946619], "aps": [0.8078291814946619, 0.8078291814946619, 0.8527148436809028, 0.8508685605198925, 0.8078291814946619, 0.8422848945350506, 0.8078291814946619, 0.8078291814946619, 0.8078291814946619, 0.8078291814946619], "f1": [0.8937007874015748, 0.8937007874015748, 0.841870824053452, 0.8272727272727274, 0.8937007874015748, 0.8546637744034707, 0.8937007874015748, 0.8937007874015748, 0.8937007874015748, 0.8937007874015748], "auprc": [0.9039145907473309, 0.9039145907473309, 0.9112104786981636, 0.9091226695179624, 0.9039145907473309, 0.9092293680843351, 0.9039145907473309, 0.9039145907473309, 0.9039145907473309, 0.9039145907473309]}]}