{"enet": [{"auroc": [0.642600750530266, 0.5, 0.5, 0.5, 0.5, 0.5, 0.664382444118127, 0.614863762440855, 0.5, 0.614863762440855], "acc": [0.7295373665480427, 0.8078291814946619, 0.8078291814946619, 0.8078291814946619, 0.8078291814946619, 0.8078291814946619, 0.7473309608540926, 0.7402135231316725, 0.8078291814946619, 0.7402135231316725], "aps": [0.8518128134533632, 0.8078291814946619, 0.8078291814946619, 0.8078291814946619, 0.8078291814946619, 0.8078291814946619, 0.8664195294009442, 0.8476148794760322, 0.8078291814946619, 0.8476148794760322], "f1": [0.822429906542056, 0.8937007874015748, 0.8937007874015748, 0.8937007874015748, 0.8937007874015748, 0.8937007874015748, 0.8375286041189931, 0.8366890380313198, 0.8937007874015748, 0.8366890380313198], "auprc": [0.8507975874877827, 0.9039145907473309, 0.9039145907473309, 0.9039145907473309, 0.9039145907473309, 0.9039145907473309, 0.9164931803069212, 0.9076014254459774, 0.9039145907473309, 0.9076014254459774]}]}