{"enet": [{"auroc": [0.6529613313754283, 0.6529613313754283, 0.6535731767009301, 0.6535731767009301, 0.6535323870125632, 0.6529613313754283, 0.6529613313754283, 0.6535731767009301, 0.7120248001305269, 0.6860009789525208], "acc": [0.701067615658363, 0.701067615658363, 0.7224199288256228, 0.7224199288256228, 0.7437722419928826, 0.701067615658363, 0.701067615658363, 0.7224199288256228, 0.7330960854092526, 0.7188612099644128], "aps": [0.8628379020181516, 0.8628379020181516, 0.8607852167377548, 0.8607852167377548, 0.8635146355039828, 0.8628379020181516, 0.8628379020181516, 0.8607852167377548, 0.8917734232313033, 0.8795518470179045], "f1": [0.8028169014084506, 0.8028169014084506, 0.8186046511627908, 0.8186046511627908, 0.8363636363636364, 0.8028169014084506, 0.8028169014084506, 0.8186046511627908, 0.8259860788863109, 0.8158508158508159], "auprc": [0.9085907799042932, 0.9085907799042932, 0.9131648011244061, 0.9131648011244061, 0.9151686237834835, 0.9085907799042932, 0.9085907799042932, 0.9131648011244061, 0.9176236672458538, 0.9147597417925768]}]}