{"enet": [{"auroc": [0.747756567139827, 0.723935389133627, 0.6089900473160386, 0.7214472181432532, 0.6089900473160386, 0.7181432533855442, 0.6676456191874695, 0.7214472181432532, 0.7314406917931146, 0.723935389133627], "acc": [0.7829181494661922, 0.8042704626334519, 0.7686832740213523, 0.7758007117437722, 0.7686832740213523, 0.7793594306049823, 0.797153024911032, 0.7758007117437722, 0.7758007117437722, 0.8042704626334519], "aps": [0.9110605929825045, 0.890048827638692, 0.8435638619295895, 0.8915735628810961, 0.8435638619295895, 0.8914914383051389, 0.8656976381154884, 0.8915735628810961, 0.901689651581296, 0.890048827638692], "f1": [0.8659340659340659, 0.8764044943820225, 0.8590021691973969, 0.8584269662921349, 0.8590021691973969, 0.8640350877192983, 0.8758169934640523, 0.8584269662921349, 0.8633405639913233, 0.8764044943820225], "auprc": [0.910417438951576, 0.9337301546419505, 0.9106219394412308, 0.9292115552181845, 0.9106219394412308, 0.9272061238466343, 0.923318436576099, 0.9292115552181845, 0.923920763921726, 0.9337301546419505]}]}