{"auroc": [0.7694566813509544, 0.40092184695708927, 0.5208843204437918, 0.7513460597161037, 0.604829499102627, 0.42221406428454883, 0.7589329417523251, 0.7944199706314243, 0.7608092674171969, 0.7821014847446565], "acc": [0.8078291814946619, 0.8078291814946619, 0.8078291814946619, 0.8078291814946619, 0.19217081850533807, 0.8078291814946619, 0.8078291814946619, 0.8078291814946619, 0.8078291814946619, 0.8078291814946619], "aps": [0.9231496877453432, 0.752905283418908, 0.8260678207175229, 0.9152372324342001, 0.8357133279083359, 0.7644323915973308, 0.9126803045435782, 0.9305327672526138, 0.9215995465958362, 0.926095041275986], "f1": [0.8937007874015748, 0.8937007874015748, 0.8937007874015748, 0.8937007874015748, 0.0, 0.8937007874015748, 0.8937007874015748, 0.8937007874015748, 0.8937007874015748, 0.8902439024390244], "auprc": [0.9227187421764426, 0.7491874331303825, 0.825045823647518, 0.9147631103209207, 0.8324942664280401, 0.7620238230171184, 0.912077405753691, 0.9301539997808018, 0.9212785681915304, 0.9256884279435657]}