{"auroc": [0.4626774351443955, 0.5073013542176538, 0.503915810083211, 0.5254527655408713, 0.5951215532713329, 0.6182493065752978, 0.49135258606624244, 0.6649534997552617, 0.5622450644477076, 0.6727035405449503], "acc": [0.19217081850533807, 0.8078291814946619, 0.8078291814946619, 0.8042704626334519, 0.8078291814946619, 0.19217081850533807, 0.19217081850533807, 0.8078291814946619, 0.8078291814946619, 0.8078291814946619], "aps": [0.7904268014805389, 0.8012866411243912, 0.8064298479323615, 0.8394783755157665, 0.8379672038766428, 0.8574355843377435, 0.8093580432767202, 0.8866717486807782, 0.8350772420948207, 0.8851225871913361], "f1": [0.0, 0.8937007874015748, 0.8937007874015748, 0.8915187376725838, 0.8937007874015748, 0.0, 0.0, 0.8937007874015748, 0.8937007874015748, 0.8937007874015748], "auprc": [0.7891109303932716, 0.7978874973781422, 0.8035966253865551, 0.8386320897132381, 0.8352441790559175, 0.8546386436825585, 0.8080757097395419, 0.8859047552474133, 0.8333038701188893, 0.8837089720303328]}