{"enet": [{"auroc": [0.8050252896067872, 0.780714635340186, 0.8042910752161854, 0.8025779083047806, 0.780714635340186, 0.8042910752161854, 0.7533855441344428, 0.8044542339696523, 0.7590553108174253, 0.8059226627508566], "acc": [0.8113879003558719, 0.7864768683274022, 0.8220640569395018, 0.797153024911032, 0.7864768683274022, 0.8220640569395018, 0.7758007117437722, 0.8149466192170819, 0.8042704626334519, 0.8042704626334519], "aps": [0.9388198648224515, 0.9174940798461979, 0.9370507914768432, 0.9297847384424183, 0.9174940798461979, 0.9370507914768432, 0.9018076988849036, 0.9362735811254054, 0.9042792682251988, 0.9348563636924874], "f1": [0.8819599109131403, 0.8611111111111112, 0.8898678414096917, 0.8701594533029613, 0.8611111111111112, 0.8898678414096917, 0.8538283062645012, 0.8844444444444445, 0.8758465011286681, 0.8780487804878049], "auprc": [0.9385587179391314, 0.9419945857222467, 0.9367540721536531, 0.94639820749857, 0.9419945857222467, 0.9367540721536531, 0.9378456612901549, 0.9359563842173928, 0.9383474164330822, 0.9345548449369661]}]}