{"enet": [{"auroc": [0.768967205090553, 0.7657856093979442, 0.7609724261706641, 0.7657856093979442, 0.6639745472344591, 0.7272801435797029, 0.7489802577908304, 0.6639745472344591, 0.7489802577908304, 0.7073747756567141], "acc": [0.8220640569395018, 0.8291814946619217, 0.8078291814946619, 0.8291814946619217, 0.7722419928825622, 0.8291814946619217, 0.8185053380782918, 0.7722419928825622, 0.8185053380782918, 0.7793594306049823], "aps": [0.8996471084004048, 0.8969447937914277, 0.9022189867163896, 0.8969447937914277, 0.8642157644245665, 0.8889195791185915, 0.8957746333823466, 0.8642157644245665, 0.8957746333823466, 0.8850559204728177], "f1": [0.8927038626609443, 0.8961038961038961, 0.8836206896551725, 0.8961038961038961, 0.8571428571428573, 0.8942731277533039, 0.8903225806451613, 0.8571428571428573, 0.8903225806451613, 0.8646288209606987], "auprc": [0.8968197193846301, 0.8940991074662304, 0.9006319313944193, 0.8940991074662304, 0.9202605293622956, 0.9362753209127168, 0.8930197384552006, 0.9202605293622956, 0.8930197384552006, 0.9243181226933275]}]}