{"enet": [{"auroc": [0.8739598629466472, 0.8926415402186327, 0.8937836514929027, 0.8937836514929027, 0.8932125958557676, 0.8739598629466472, 0.8937836514929027, 0.8932125958557676, 0.8937836514929027, 0.8814651656061347], "acc": [0.8434163701067615, 0.8683274021352313, 0.8540925266903915, 0.8540925266903915, 0.8612099644128114, 0.8434163701067615, 0.8540925266903915, 0.8612099644128114, 0.8540925266903915, 0.8505338078291815], "aps": [0.9648712143027731, 0.9697689271783438, 0.9713400844103971, 0.9713400844103971, 0.9714744139021343, 0.9648712143027731, 0.9713400844103971, 0.9714744139021343, 0.9713400844103971, 0.9670987850004903], "f1": [0.9102040816326531, 0.9175946547884186, 0.9061784897025171, 0.9061784897025171, 0.9119638826185101, 0.9102040816326531, 0.9061784897025171, 0.9119638826185101, 0.9061784897025171, 0.9139344262295082], "auprc": [0.9647694152274029, 0.9696804895254858, 0.9712618096552345, 0.9712618096552345, 0.9713976249290411, 0.9647694152274029, 0.9712618096552345, 0.9713976249290411, 0.9712618096552345, 0.9670047100672722]}]}