{"enet": [{"auroc": [0.6390928373307228, 0.6272638277043563, 0.6272638277043563, 0.6346875509871105, 0.6390928373307228, 0.6390928373307228, 0.6346875509871105, 0.6272638277043563, 0.6346875509871105, 0.6330559634524393], "acc": [0.7330960854092526, 0.7259786476868327, 0.7259786476868327, 0.7402135231316725, 0.7330960854092526, 0.7330960854092526, 0.7402135231316725, 0.7259786476868327, 0.7402135231316725, 0.7295373665480427], "aps": [0.8563649043579037, 0.8522904123866426, 0.8522904123866426, 0.8529902682733659, 0.8563649043579037, 0.8563649043579037, 0.8529902682733659, 0.8522904123866426, 0.8529902682733659, 0.8544430990513414], "f1": [0.8306997742663658, 0.8253968253968255, 0.8253968253968255, 0.835214446952596, 0.8306997742663658, 0.8306997742663658, 0.835214446952596, 0.8253968253968255, 0.835214446952596, 0.8288288288288288], "auprc": [0.9114147346441972, 0.8992659680821072, 0.8992659680821072, 0.9115025714033265, 0.9114147346441972, 0.9114147346441972, 0.9115025714033265, 0.8992659680821072, 0.9115025714033265, 0.8939794394346913]}]}