{"enet": [{"auroc": [0.8917441670745636, 0.8929678577255669, 0.873592755751346, 0.7812041116005873, 0.8848914994289444, 0.8769782998857889, 0.8917441670745636, 0.8465084026758035, 0.8897862620329581, 0.8848914994289444], "acc": [0.8469750889679716, 0.8576512455516014, 0.8398576512455516, 0.8256227758007118, 0.8505338078291815, 0.8327402135231317, 0.8469750889679716, 0.8398576512455516, 0.8540925266903915, 0.8505338078291815], "aps": [0.9714352206158962, 0.9705240418027308, 0.9539739968827394, 0.9098356420080336, 0.9683200185470949, 0.9591265343514283, 0.9714352206158962, 0.9383539850532787, 0.9699312316455994, 0.9683200185470949], "f1": [0.9046563192904656, 0.9126637554585153, 0.8955916473317865, 0.8893905191873589, 0.9041095890410958, 0.8924485125858124, 0.9046563192904656, 0.896551724137931, 0.9070294784580498, 0.9041095890410958], "auprc": [0.9713596029012511, 0.9704362740627577, 0.9666896164045797, 0.9461784516759421, 0.968232758628955, 0.9676553589270612, 0.9713596029012511, 0.962380513498714, 0.9698493531567449, 0.968232758628955]}]}