{"auroc": [0.589533365965084, 0.5444607603197911, 0.6017294827867515, 0.5813346386033611, 0.5921846957089247, 0.585087289933105, 0.595855767661935, 0.528104095284712, 0.609275575134606, 0.5770109316364823], "acc": [0.19217081850533807, 0.19217081850533807, 0.8078291814946619, 0.8078291814946619, 0.8078291814946619, 0.8078291814946619, 0.19217081850533807, 0.8078291814946619, 0.8078291814946619, 0.8078291814946619], "aps": [0.8783392442004517, 0.8672694122458342, 0.8848707417999302, 0.8692857493792051, 0.8716964951085462, 0.8714986541050782, 0.8732895333197208, 0.8229680969129389, 0.8785853271426303, 0.8677377337987653], "f1": [0.0, 0.0, 0.8937007874015748, 0.8937007874015748, 0.8937007874015748, 0.8937007874015748, 0.0, 0.8937007874015748, 0.8937007874015748, 0.8937007874015748], "auprc": [0.8779114874678432, 0.8668402831605884, 0.8844218180666383, 0.868785785363414, 0.8711381941399317, 0.8709637457720886, 0.8727684152896032, 0.8209527552850673, 0.8781394566890801, 0.8671575785097958]}