{"enet": [{"auroc": [0.8024147495513134, 0.82501223690651, 0.82501223690651, 0.8189753630282265, 0.7947462881383586, 0.8255017131669113, 0.7947462881383586, 0.8189753630282265, 0.8304780551476586, 0.7947462881383586], "acc": [0.7864768683274022, 0.7829181494661922, 0.7829181494661922, 0.7900355871886121, 0.8042704626334519, 0.8256227758007118, 0.8042704626334519, 0.7900355871886121, 0.7935943060498221, 0.8042704626334519], "aps": [0.9195196594924435, 0.9388146124313979, 0.9388146124313979, 0.932729710276697, 0.9187654049876481, 0.9397471363446035, 0.9187654049876481, 0.932729710276697, 0.9372841893497472, 0.9187654049876481], "f1": [0.8591549295774649, 0.8578088578088578, 0.8578088578088578, 0.8637413394919168, 0.8735632183908046, 0.888888888888889, 0.8735632183908046, 0.8637413394919168, 0.8663594470046083, 0.8735632183908046], "auprc": [0.9496550982498382, 0.947111743889947, 0.947111743889947, 0.9366373955466796, 0.9411380686184381, 0.9394671021547384, 0.9411380686184381, 0.9366373955466796, 0.9560559512084565, 0.9411380686184381]}]}