{"enet": [{"auroc": [0.7234867025615925, 0.7500407896883667, 0.6717653777125143, 0.7301354217653777, 0.6717653777125143, 0.7626040137053353, 0.6717653777125143, 0.7626040137053353, 0.7572197748409202, 0.7818567466144558], "acc": [0.7259786476868327, 0.6797153024911032, 0.6441281138790036, 0.701067615658363, 0.6441281138790036, 0.7224199288256228, 0.6441281138790036, 0.7224199288256228, 0.7295373665480427, 0.697508896797153], "aps": [0.8892116947861481, 0.9010948831697339, 0.8697714393000643, 0.8931755852126079, 0.8697714393000643, 0.9065666320205948, 0.8697714393000643, 0.9065666320205948, 0.9018076906595764, 0.9270609802610721], "f1": [0.8144578313253013, 0.7727272727272726, 0.7461928934010152, 0.7961165048543688, 0.7461928934010152, 0.8088235294117647, 0.7461928934010152, 0.8088235294117647, 0.8155339805825244, 0.7858942065491185], "auprc": [0.9254806813742242, 0.9323810549317983, 0.9091108306651192, 0.9248350488818686, 0.9091108306651192, 0.9285995064207464, 0.9091108306651192, 0.9285995064207464, 0.9296819017392233, 0.9267362677040133]}]}