{"enet": [{"auroc": [0.8653940283896231, 0.8653940283896231, 0.9241311796377876, 0.8653940283896231, 0.8653940283896231, 0.8653940283896231, 0.8547887094142601, 0.8467123511176375, 0.9241311796377876, 0.8516886930983847], "acc": [0.8469750889679716, 0.8469750889679716, 0.8612099644128114, 0.8469750889679716, 0.8469750889679716, 0.8469750889679716, 0.8434163701067615, 0.8612099644128114, 0.8612099644128114, 0.8505338078291815], "aps": [0.9435437853779735, 0.9435437853779735, 0.9795838787530772, 0.9435437853779735, 0.9435437853779735, 0.9435437853779735, 0.9390969379197811, 0.9365297394203284, 0.9795838787530772, 0.9372527321390882], "f1": [0.9002320185614849, 0.9002320185614849, 0.9111617312072893, 0.9002320185614849, 0.9002320185614849, 0.9002320185614849, 0.8990825688073395, 0.9111617312072893, 0.9111617312072893, 0.9041095890410958], "auprc": [0.9666764951738552, 0.9666764951738552, 0.9795284369140687, 0.9666764951738552, 0.9666764951738552, 0.9666764951738552, 0.9638396631781152, 0.9630053396487803, 0.9795284369140687, 0.9633387626664747]}]}