{"auroc": [0.7192037852830804, 0.7742698645782345, 0.5717898515255343, 0.7597487355196606, 0.4609234785446239, 0.7340512318485886, 0.4268640887583619, 0.6175558818730624, 0.632729645945505, 0.6837983357807146], "acc": [0.8078291814946619, 0.8078291814946619, 0.19217081850533807, 0.8078291814946619, 0.19217081850533807, 0.8078291814946619, 0.19217081850533807, 0.8078291814946619, 0.8078291814946619, 0.8078291814946619], "aps": [0.8958023913941409, 0.9115912960564344, 0.8322138387897046, 0.907724121783246, 0.8033008475875876, 0.9087359782619587, 0.7851340237789082, 0.8604517062914088, 0.8680991753522336, 0.8623127936890895], "f1": [0.8937007874015748, 0.8937007874015748, 0.0, 0.8937007874015748, 0.0, 0.8937007874015748, 0.0, 0.8937007874015748, 0.8937007874015748, 0.8937007874015748], "auprc": [0.8952647605382749, 0.9100543836764377, 0.8301091296493517, 0.9062878231768035, 0.8021334716714875, 0.9083480374655998, 0.7834358585442257, 0.8596333881004876, 0.8671348430684939, 0.8593212527008454]}