{"enet": [{"auroc": [0.7654592918910099, 0.7738211780062, 0.7738211780062, 0.7866699298417359, 0.7914015336922826, 0.7914015336922826, 0.804535813346386, 0.7654592918910099, 0.7654592918910099, 0.7790830478055147], "acc": [0.708185053380783, 0.7188612099644128, 0.7188612099644128, 0.7330960854092526, 0.708185053380783, 0.708185053380783, 0.7153024911032029, 0.708185053380783, 0.708185053380783, 0.6903914590747331], "aps": [0.9093823351745116, 0.9177301867544823, 0.9177301867544823, 0.9220740070838374, 0.9275325495710938, 0.9275325495710938, 0.9436409541086728, 0.9093823351745116, 0.9093823351745116, 0.9133278492401569], "f1": [0.792929292929293, 0.8029925187032418, 0.8029925187032418, 0.8138957816377171, 0.792929292929293, 0.792929292929293, 0.801980198019802, 0.792929292929293, 0.792929292929293, 0.7751937984496124], "auprc": [0.9381021573057454, 0.9362150721718447, 0.9362150721718447, 0.9405865448529406, 0.9399768182714241, 0.9399768182714241, 0.9435506148228086, 0.9381021573057454, 0.9381021573057454, 0.9418305314937729]}]}