{"auroc": [0.6002610540055474, 0.7132484907815304, 0.4710801109479524, 0.6543481807798989, 0.5759911894273128, 0.45798662098221565, 0.6290585739924947, 0.4831130690161527, 0.5350383423070648, 0.681881220427476], "acc": [0.8078291814946619, 0.19217081850533807, 0.19217081850533807, 0.8078291814946619, 0.8078291814946619, 0.8078291814946619, 0.8078291814946619, 0.8078291814946619, 0.8078291814946619, 0.8078291814946619], "aps": [0.828934445981817, 0.8879670217292335, 0.7978042898920994, 0.8950376453000313, 0.817544325833411, 0.790567474454388, 0.8709855485243055, 0.8023923358525842, 0.8268030017239902, 0.871786629499215], "f1": [0.8937007874015748, 0.0, 0.0, 0.8937007874015748, 0.8937007874015748, 0.8937007874015748, 0.8937007874015748, 0.8937007874015748, 0.8937007874015748, 0.8937007874015748], "auprc": [0.8252409153932492, 0.88544756997659, 0.7946138391315396, 0.8948545196425532, 0.8140334478105875, 0.7873323724396162, 0.8704894715770437, 0.7993770970873384, 0.8238779905442507, 0.8703668810035676]}