{"enet": [{"auroc": [0.8816283243596018, 0.8594387338880731, 0.8587860988742047, 0.8221569587208353, 0.8816283243596018, 0.8655979768314571, 0.8587860988742047, 0.8713493228911731, 0.8899494207864251, 0.8715940610213737], "acc": [0.8362989323843416, 0.8220640569395018, 0.7829181494661922, 0.8078291814946619, 0.8362989323843416, 0.8078291814946619, 0.7829181494661922, 0.8291814946619217, 0.8505338078291815, 0.7829181494661922], "aps": [0.9646790137389265, 0.9596566368470292, 0.9565258500017078, 0.9322668038935293, 0.9646790137389265, 0.9497437535757749, 0.9565258500017078, 0.9634972989945093, 0.9684673618273069, 0.9659095056101623], "f1": [0.8949771689497718, 0.8842592592592593, 0.8564705882352942, 0.8744186046511628, 0.8949771689497718, 0.8732394366197184, 0.8564705882352942, 0.8883720930232558, 0.90625, 0.8564705882352942], "auprc": [0.9645527452371566, 0.9595349230433541, 0.9629300035648332, 0.9529759272231044, 0.9645527452371566, 0.9645023938382883, 0.9629300035648332, 0.9633864196220866, 0.9683697437639384, 0.9658082055419863]}]}