{"auroc": [0.7342143906020558, 0.6465573503018437, 0.7494697340512319, 0.46655245553923963, 0.4572524065916136, 0.5860662424539076, 0.5770925110132157, 0.5401778430412791, 0.7860172948278675, 0.6816364822972752], "acc": [0.8078291814946619, 0.8078291814946619, 0.8078291814946619, 0.19217081850533807, 0.19217081850533807, 0.8078291814946619, 0.8078291814946619, 0.8078291814946619, 0.8078291814946619, 0.8078291814946619], "aps": [0.9004529723827396, 0.8726619049914395, 0.9211511419311933, 0.7780939838947472, 0.7825172408541645, 0.8352331232485153, 0.8349088919379589, 0.8075376575377973, 0.9346367060157443, 0.8966726061689461], "f1": [0.8937007874015748, 0.8937007874015748, 0.8937007874015748, 0.0, 0.0, 0.8937007874015748, 0.8937007874015748, 0.8937007874015748, 0.8937007874015748, 0.8937007874015748], "auprc": [0.8990084682256017, 0.871941995422088, 0.9208604532442639, 0.7744005279397386, 0.7802039900008371, 0.8342177301118385, 0.8340716861264122, 0.8039267417515088, 0.9344045213852286, 0.8962569103325408]}