{"auroc": [0.6348914994289444, 0.6461086637298091, 0.6242453907652145, 0.5931636482297276, 0.5574726709087943, 0.6696035242290748, 0.6013215859030837, 0.737722303801599, 0.617474302496329, 0.4937999673682494], "acc": [0.8078291814946619, 0.8078291814946619, 0.8078291814946619, 0.8078291814946619, 0.19217081850533807, 0.8078291814946619, 0.19217081850533807, 0.8078291814946619, 0.8078291814946619, 0.19217081850533807], "aps": [0.8649610382814995, 0.8630659719054239, 0.8657443483561722, 0.8536103792844184, 0.82887016284889, 0.8886750270143422, 0.8699085804549812, 0.9149402003756906, 0.8447496260135345, 0.8326822805336027], "f1": [0.8937007874015748, 0.8937007874015748, 0.8937007874015748, 0.8937007874015748, 0.0, 0.8937007874015748, 0.0, 0.8937007874015748, 0.8937007874015748, 0.0], "auprc": [0.8633924752446867, 0.8619762117849517, 0.8649697720078594, 0.8528007353132928, 0.8275023501828177, 0.8881245002827842, 0.8693438404134419, 0.914540885436077, 0.8431473042837745, 0.831954114960727]}