{"enet": [{"auroc": [0.7612579539892315, 0.8046989720998532, 0.8291727851199217, 0.8457333985968347, 0.7554658182411487, 0.8046989720998532, 0.8356991352586067, 0.8507913199543156, 0.7943383912546909, 0.7992331538587045], "acc": [0.7793594306049823, 0.7758007117437722, 0.797153024911032, 0.8042704626334519, 0.7295373665480427, 0.7758007117437722, 0.7722419928825622, 0.7722419928825622, 0.7722419928825622, 0.7722419928825622], "aps": [0.9046411379257444, 0.925406417547741, 0.9337805244575823, 0.9543872697982427, 0.9062383554156539, 0.925406417547741, 0.945961517652047, 0.9566729435179367, 0.9213281639629409, 0.9262445998811313], "f1": [0.8551401869158879, 0.851764705882353, 0.8652482269503546, 0.8735632183908046, 0.8164251207729469, 0.851764705882353, 0.8476190476190476, 0.8490566037735847, 0.8497652582159625, 0.8511627906976744], "auprc": [0.9392705624324873, 0.9439075745588481, 0.9544926753113004, 0.9542309172365304, 0.936939575330831, 0.9439075745588481, 0.9455848723457353, 0.956535667373003, 0.9438428181239445, 0.9448521275104436]}]}