{"auroc": [0.5045684450970794, 0.6107032142274433, 0.6717245880241476, 0.6119269048784468, 0.6866536139663892, 0.8910099526839614, 0.5723609071626693, 0.7797356828193833, 0.6620166421928537, 0.6622613803230544], "acc": [0.8078291814946619, 0.8078291814946619, 0.8078291814946619, 0.8078291814946619, 0.8078291814946619, 0.8078291814946619, 0.8078291814946619, 0.8078291814946619, 0.8078291814946619, 0.8078291814946619], "aps": [0.8176566733481485, 0.880298010482691, 0.8566044497888201, 0.8585480513934258, 0.863144671031711, 0.9706365534287803, 0.8565883806327783, 0.9291993173338469, 0.8564153168101575, 0.8707042904504275], "f1": [0.8937007874015748, 0.8937007874015748, 0.8937007874015748, 0.8937007874015748, 0.8937007874015748, 0.8937007874015748, 0.8937007874015748, 0.8937007874015748, 0.8937007874015748, 0.8937007874015748], "auprc": [0.8162837139131269, 0.8798774528109528, 0.8539357671294814, 0.8574551586445549, 0.860100810307431, 0.9705575866874232, 0.8559428206885753, 0.9289296631814197, 0.8537750064243989, 0.8697714000184722]}