{"enet": [{"auroc": [0.9025942241801272, 0.8574808288464676, 0.8818730624898026, 0.9025942241801272, 0.9025942241801272, 0.9025942241801272, 0.9025942241801272, 0.9025942241801272, 0.9025942241801272, 0.9025942241801272], "acc": [0.8790035587188612, 0.8291814946619217, 0.8220640569395018, 0.8790035587188612, 0.8790035587188612, 0.8790035587188612, 0.8790035587188612, 0.8790035587188612, 0.8790035587188612, 0.8790035587188612], "aps": [0.9693642205318628, 0.9449098945618175, 0.958452007429772, 0.9693642205318628, 0.9693642205318628, 0.9693642205318628, 0.9693642205318628, 0.9693642205318628, 0.9693642205318628, 0.9693642205318628], "f1": [0.923076923076923, 0.8873239436619719, 0.8820754716981132, 0.923076923076923, 0.923076923076923, 0.923076923076923, 0.923076923076923, 0.923076923076923, 0.923076923076923, 0.923076923076923], "auprc": [0.9692552816391409, 0.9616576334255017, 0.9690939868991902, 0.9692552816391409, 0.9692552816391409, 0.9692552816391409, 0.9692552816391409, 0.9692552816391409, 0.9692552816391409, 0.9692552816391409]}]}