{"enet": [{"auroc": [0.4931881220427476, 0.5, 0.5430739109153205, 0.5, 0.5, 0.5, 0.5, 0.5430739109153205, 0.5, 0.5], "acc": [0.6405693950177936, 0.8078291814946619, 0.8078291814946619, 0.8078291814946619, 0.8078291814946619, 0.8078291814946619, 0.8078291814946619, 0.8078291814946619, 0.8078291814946619, 0.8078291814946619], "aps": [0.8049456412748812, 0.8078291814946619, 0.814069342050648, 0.8078291814946619, 0.8078291814946619, 0.8078291814946619, 0.8078291814946619, 0.814069342050648, 0.8078291814946619, 0.8078291814946619], "f1": [0.7688787185354691, 0.8937007874015748, 0.8937007874015748, 0.8937007874015748, 0.8937007874015748, 0.8937007874015748, 0.8937007874015748, 0.8937007874015748, 0.8937007874015748, 0.8937007874015748], "auprc": [0.8756704765154623, 0.9039145907473309, 0.81186426902657, 0.9039145907473309, 0.9039145907473309, 0.9039145907473309, 0.9039145907473309, 0.81186426902657, 0.9039145907473309, 0.9039145907473309]}]}