{"enet": [{"auroc": [0.8278675150921847, 0.9143416544297601, 0.9143416544297601, 0.9143416544297601, 0.8830967531408059, 0.8830967531408059, 0.9143416544297601, 0.9143416544297601, 0.9143416544297601, 0.9143416544297601], "acc": [0.8042704626334519, 0.8683274021352313, 0.8683274021352313, 0.8683274021352313, 0.8220640569395018, 0.8220640569395018, 0.8683274021352313, 0.8683274021352313, 0.8683274021352313, 0.8683274021352313], "aps": [0.9342180085257873, 0.977643287266097, 0.977643287266097, 0.977643287266097, 0.9683425064106386, 0.9683425064106386, 0.977643287266097, 0.977643287266097, 0.977643287266097, 0.977643287266097], "f1": [0.8717948717948718, 0.9164785553047403, 0.9164785553047403, 0.9164785553047403, 0.8847926267281105, 0.8847926267281105, 0.9164785553047403, 0.9164785553047403, 0.9164785553047403, 0.9164785553047403], "auprc": [0.9549738669148672, 0.9775868080522048, 0.9775868080522048, 0.9775868080522048, 0.9682541116202783, 0.9682541116202783, 0.9775868080522048, 0.9775868080522048, 0.9775868080522048, 0.9775868080522048]}]}