{"enet": [{"auroc": [0.784630445423397, 0.6418665361396639, 0.784630445423397, 0.7778593571545113, 0.784630445423397, 0.7778593571545113, 0.784630445423397, 0.7778593571545113, 0.7616250611845325, 0.7778593571545113], "acc": [0.7580071174377224, 0.7508896797153025, 0.7580071174377224, 0.7864768683274022, 0.7580071174377224, 0.7864768683274022, 0.7580071174377224, 0.7864768683274022, 0.7473309608540926, 0.7864768683274022], "aps": [0.9424248320152886, 0.8565006350560692, 0.9424248320152886, 0.9405484363399806, 0.9424248320152886, 0.9405484363399806, 0.9424248320152886, 0.9405484363399806, 0.9369388652584704, 0.9405484363399806], "f1": [0.8454545454545456, 0.8430493273542601, 0.8454545454545456, 0.8695652173913043, 0.8454545454545456, 0.8695652173913043, 0.8454545454545456, 0.8695652173913043, 0.8404494382022472, 0.8695652173913043], "auprc": [0.942339632021349, 0.9131667336619123, 0.942339632021349, 0.9403854890873203, 0.942339632021349, 0.9403854890873203, 0.942339632021349, 0.9403854890873203, 0.9367712895588814, 0.9403854890873203]}]}