{"auroc": [0.6488823625387502, 0.575583292543645, 0.5362212432697014, 0.5881057268722467, 0.6223690651003426, 0.6569587208353728, 0.5730951215532715, 0.5109316364822973, 0.7171643008647414, 0.6478218306412139], "acc": [0.8078291814946619, 0.8078291814946619, 0.8078291814946619, 0.2206405693950178, 0.19217081850533807, 0.8078291814946619, 0.19217081850533807, 0.8078291814946619, 0.8078291814946619, 0.19217081850533807], "aps": [0.8773109366331944, 0.8505350292032582, 0.8305810889276, 0.8677895616649708, 0.8557616875124061, 0.8912836880763746, 0.859337898688161, 0.8285532591903695, 0.8979378984450632, 0.8677061025348509], "f1": [0.8937007874015748, 0.8937007874015748, 0.8937007874015748, 0.06808510638297872, 0.0, 0.8937007874015748, 0.0, 0.8937007874015748, 0.8937007874015748, 0.0], "auprc": [0.8766448104133311, 0.8497339312405796, 0.8295897629499536, 0.8672820495217557, 0.8549252421146216, 0.8908346090605644, 0.8586472460173729, 0.8275730133167167, 0.8964918567315987, 0.8668410555489078]}