{"enet": [{"auroc": [0.7992739435470713, 0.8409202153695544, 0.8409202153695544, 0.8014357970305107, 0.8734703866862458, 0.8603361070321422, 0.7945831293848916, 0.8014357970305107, 0.8734703866862458, 0.8409202153695544], "acc": [0.8078291814946619, 0.797153024911032, 0.797153024911032, 0.8434163701067615, 0.8576512455516014, 0.8113879003558719, 0.8185053380782918, 0.8434163701067615, 0.8576512455516014, 0.797153024911032], "aps": [0.9188930230852415, 0.9577181060796945, 0.9577181060796945, 0.9182306339486667, 0.9651993775096739, 0.9636443556877176, 0.9164746553732455, 0.9182306339486667, 0.9651993775096739, 0.9577181060796945], "f1": [0.8778280542986425, 0.871331828442438, 0.871331828442438, 0.9004524886877828, 0.9099099099099099, 0.8803611738148984, 0.8843537414965986, 0.9004524886877828, 0.9099099099099099, 0.871331828442438], "auprc": [0.94941195332519, 0.9575959665123139, 0.9575959665123139, 0.9518705492640249, 0.9650943770431815, 0.9635481301003588, 0.9489271127948149, 0.9518705492640249, 0.9650943770431815, 0.9575959665123139]}]}