{"auroc": [0.6641377059879262, 0.5693832599118942, 0.6277940936531243, 0.6383586229401207, 0.6760075053026595, 0.7096589982052538, 0.6688693098384727, 0.6377059879262521, 0.6020150106053189, 0.6436204927394356], "acc": [0.8078291814946619, 0.19217081850533807, 0.8078291814946619, 0.3416370106761566, 0.8078291814946619, 0.8078291814946619, 0.8078291814946619, 0.8078291814946619, 0.8078291814946619, 0.8078291814946619], "aps": [0.8936454427724726, 0.8538477638000102, 0.8725085181850951, 0.8741368842041819, 0.8901478271380958, 0.902352106075673, 0.8869123656282295, 0.8810391575103812, 0.8667176902423597, 0.8840864069532386], "f1": [0.8937007874015748, 0.0, 0.8937007874015748, 0.33691756272401435, 0.8937007874015748, 0.8937007874015748, 0.8937007874015748, 0.8937007874015748, 0.8937007874015748, 0.8937007874015748], "auprc": [0.8932739481930569, 0.8530566165226493, 0.871388258277305, 0.8734924387275056, 0.8896211042891715, 0.9018012305263665, 0.8863492265775611, 0.8804182150690053, 0.8661162500663486, 0.8835444327450633]}