{"auroc": [0.6430086474139337, 0.5773372491434166, 0.6749061837167564, 0.6434981236743352, 0.6504323706966879, 0.6349322891173111, 0.6469652471855115, 0.6226953826072769, 0.8670256159242944, 0.68575624082232], "acc": [0.8078291814946619, 0.19217081850533807, 0.8078291814946619, 0.8078291814946619, 0.8078291814946619, 0.8078291814946619, 0.19217081850533807, 0.8078291814946619, 0.8149466192170819, 0.8078291814946619], "aps": [0.8770935723531834, 0.8455783913813439, 0.8910493747300883, 0.8800836944854327, 0.8647399687579207, 0.8760907224508309, 0.8826105022292896, 0.876016815505738, 0.9488565588817017, 0.8944702292156673], "f1": [0.8937007874015748, 0.0, 0.8937007874015748, 0.8937007874015748, 0.8937007874015748, 0.8937007874015748, 0.0, 0.8937007874015748, 0.8964143426294822, 0.8937007874015748], "auprc": [0.8763310581370919, 0.8444500444284189, 0.8905094274927297, 0.8793266835842888, 0.8635942491482307, 0.8753679729733951, 0.8820591678144569, 0.8753818137583962, 0.947668989131921, 0.8938417948808475]}