{"auroc": [0.5336107032142274, 0.8304780551476587, 0.8034752814488497, 0.8699624734867025, 0.39508892152063957, 0.47862620329580685, 0.5521700114211128, 0.6321585903083701, 0.5319791156795561, 0.540952847120248], "acc": [0.8078291814946619, 0.7864768683274022, 0.8078291814946619, 0.8185053380782918, 0.8078291814946619, 0.8078291814946619, 0.8078291814946619, 0.8078291814946619, 0.8078291814946619, 0.19217081850533807], "aps": [0.8145156720723685, 0.9563034826886607, 0.9473490081285991, 0.9654975078084485, 0.7607900984501235, 0.7905285582562963, 0.8084692963801988, 0.8550563179683647, 0.8469551050168919, 0.8268223863953349], "f1": [0.8937007874015748, 0.8744769874476989, 0.8937007874015748, 0.899009900990099, 0.8937007874015748, 0.8937007874015748, 0.8937007874015748, 0.8937007874015748, 0.8937007874015748, 0.0], "auprc": [0.8112372335976381, 0.956188490996562, 0.947203397897771, 0.9654024408469564, 0.7582393977425712, 0.786970238816753, 0.8050747196837483, 0.8539662487032138, 0.8463046606400767, 0.825292749279822]}