{"enet": [{"auroc": [0.7671724588024147, 0.7807554250285528, 0.7370696687877305, 0.7801027900146842, 0.7694566813509545, 0.8062489802577908, 0.7679882525697505, 0.7801027900146842, 0.7801027900146842, 0.7807554250285528], "acc": [0.7117437722419929, 0.7224199288256228, 0.7153024911032029, 0.7295373665480427, 0.7259786476868327, 0.7935943060498221, 0.7259786476868327, 0.7295373665480427, 0.7295373665480427, 0.7224199288256228], "aps": [0.9041076363076024, 0.9192069849174851, 0.8959144555089129, 0.9197180995075372, 0.9125652511705246, 0.9301793242190706, 0.9062143632918163, 0.9197180995075372, 0.9197180995075372, 0.9192069849174851], "f1": [0.7980049875311721, 0.8078817733990148, 0.8048780487804879, 0.8164251207729469, 0.8126520681265208, 0.863849765258216, 0.8098765432098766, 0.8164251207729469, 0.8164251207729469, 0.8078817733990148], "auprc": [0.9377163460661795, 0.9376302256155884, 0.9278590291608253, 0.9298674391326511, 0.9156597931846612, 0.9297925361804781, 0.9383678720087274, 0.9298674391326511, 0.9298674391326511, 0.9376302256155884]}]}