{"rf": [{"auroc": [0.9218061674008811], "acc": [0.8718861209964412], "aps": [0.9810958134468123], "f1": [0.9240506329113923], "auprc": [0.9812413195445702]}], "enet": [{"auroc": [0.86188611519008], "acc": [0.7615658362989324], "aps": [0.9612030078155773], "f1": [0.8377723970944311], "auprc": [0.961088110324222]}]}