{"enet": [{"auroc": [0.7160629792788383, 0.7158998205253713, 0.7158998205253713, 0.7289525208027411, 0.7289525208027411, 0.7289525208027411, 0.7236090716266927, 0.6122940120737478, 0.7434328601729482, 0.6122940120737478], "acc": [0.6903914590747331, 0.7117437722419929, 0.7117437722419929, 0.7117437722419929, 0.7117437722419929, 0.7117437722419929, 0.7224199288256228, 0.6583629893238434, 0.7153024911032029, 0.6583629893238434], "aps": [0.8947132814955855, 0.8910116601702123, 0.8910116601702123, 0.8979955314853929, 0.8979955314853929, 0.8979955314853929, 0.8921830211981729, 0.8496625595991042, 0.9123029923488519, 0.8496625595991042], "f1": [0.7830423940149626, 0.8019559902200489, 0.8019559902200489, 0.7999999999999999, 0.7999999999999999, 0.7999999999999999, 0.8088235294117647, 0.7681159420289855, 0.8076923076923076, 0.7681159420289855], "auprc": [0.9246629216737243, 0.9263706526283054, 0.9263706526283054, 0.9283762252707745, 0.9283762252707745, 0.9283762252707745, 0.9288289375714135, 0.8992507185305103, 0.9307993726647756, 0.8992507185305103]}]}