{"auroc": [0.3331428571428572, 0.3342857142857143, 0.3354285714285714, 0.3354285714285714, 0.3354285714285714, 0.3365714285714286, 0.3331428571428571, 0.3342857142857143, 0.33314285714285713, 0.3354285714285714], "acc": [0.4166666666666667, 0.4166666666666667, 0.4166666666666667, 0.4166666666666667, 0.4166666666666667, 0.4166666666666667, 0.4166666666666667, 0.4166666666666667, 0.4166666666666667, 0.4166666666666667], "aps": [0.4821457101272742, 0.4830085716753164, 0.48239703679023005, 0.48239703679023005, 0.48239703679023005, 0.48314400224307785, 0.48287483954998767, 0.4830085716753164, 0.48136489666145127, 0.48395048690294595], "f1": [0.0, 0.0, 0.0, 0.0, 0.0, 0.0, 0.0, 0.0, 0.0, 0.0], "auprc": [0.4689304832862759, 0.4697836539213312, 0.4691870479211427, 0.4691870479211427, 0.4691870479211427, 0.4699281777063901, 0.4696684132772734, 0.4697836539213312, 0.4681647248505003, 0.47071248699302143]}