{"auroc": [0.5777142857142857, 0.5634285714285714, 0.4582857142857143, 0.6565714285714286, 0.6531428571428572, 0.524, 0.5348571428571428, 0.6337142857142858, 0.6108571428571429, 0.6657142857142857], "acc": [0.4166666666666667, 0.4166666666666667, 0.5833333333333334, 0.4166666666666667, 0.4166666666666667, 0.4166666666666667, 0.4166666666666667, 0.4166666666666667, 0.4166666666666667, 0.4166666666666667], "aps": [0.6636341631029027, 0.7101871749381902, 0.6316607481033935, 0.7067724910438947, 0.7043374579139748, 0.6582373327431165, 0.6919052822942019, 0.6903517914551418, 0.6850678014250485, 0.7228105332327288], "f1": [0.0, 0.0, 0.7368421052631579, 0.0, 0.0, 0.0, 0.0, 0.0, 0.0, 0.0], "auprc": [0.6524690881586709, 0.7057265902636084, 0.6229997123702256, 0.6962754365920606, 0.693584866963165, 0.6517713895489344, 0.688150701506864, 0.6795983498513506, 0.6677294341663408, 0.7146595667194211]}