{"auroc": [0.38457142857142856, 0.3857142857142857, 0.5582857142857142, 0.3891428571428571, 0.3468571428571428, 0.388, 0.45771428571428563, 0.3342857142857143, 0.356, 0.5125714285714285], "acc": [0.5833333333333334, 0.4166666666666667, 0.4166666666666667, 0.4166666666666667, 0.4166666666666667, 0.4166666666666667, 0.4166666666666667, 0.4166666666666667, 0.4166666666666667, 0.5833333333333334], "aps": [0.5080365994193488, 0.49998398395015986, 0.6268141650993104, 0.5028227130430102, 0.48907971019209046, 0.5005083917147308, 0.5519526213603635, 0.48160533672840067, 0.4896989832857791, 0.6348306308962652], "f1": [0.7368421052631579, 0.0, 0.0, 0.0, 0.0, 0.0, 0.0, 0.0, 0.0, 0.7368421052631579], "auprc": [0.4935257017298907, 0.4866768433674433, 0.6082165141658178, 0.48923424891447936, 0.47582757116272484, 0.48768150563107004, 0.5351810669082122, 0.4685441790232183, 0.47671565472734356, 0.631331945658321]}