{"auroc": [0.5034285714285714, 0.47600000000000003, 0.5, 0.44628571428571434, 0.42000000000000004, 0.5114285714285713, 0.4177142857142857, 0.42799999999999994, 0.4382857142857142, 0.5365714285714285], "acc": [0.4166666666666667, 0.5833333333333334, 0.4166666666666667, 0.4166666666666667, 0.4166666666666667, 0.4166666666666667, 0.4166666666666667, 0.4166666666666667, 0.4166666666666667, 0.4166666666666667], "aps": [0.5778692447062087, 0.5755695045133096, 0.5862282001634628, 0.5530913846684549, 0.5241748851651867, 0.6254818652203102, 0.5215413519493518, 0.5348933407825879, 0.5299122030706627, 0.6120396463580969], "f1": [0.0, 0.7368421052631579, 0.0, 0.0, 0.0, 0.0, 0.0, 0.0, 0.0, 0.0], "auprc": [0.5659627209548979, 0.554823640373167, 0.5739661439328552, 0.5412672116968881, 0.5078819400266628, 0.6162679258731573, 0.5071060954849314, 0.5157581408504366, 0.5137042344093382, 0.6001132240079844]}