{"auroc": [0.6883333333333334, 0.6566666666666666, 0.53, 0.6116666666666666, 0.6916666666666667, 0.42000000000000004, 0.605, 0.6616666666666667, 0.73, 0.575], "acc": [0.4897959183673469, 0.4897959183673469, 0.4897959183673469, 0.4897959183673469, 0.4897959183673469, 0.4897959183673469, 0.4897959183673469, 0.4897959183673469, 0.4897959183673469, 0.4897959183673469], "aps": [0.6686817798151121, 0.6550619598770643, 0.5630780973713618, 0.612641453997049, 0.6669280349403413, 0.5128317368901942, 0.6120957883378286, 0.656818108020754, 0.7135283885065598, 0.5930127379230676], "f1": [0.0, 0.0, 0.0, 0.0, 0.0, 0.0, 0.0, 0.0, 0.0, 0.0], "auprc": [0.6528464791348618, 0.6391744001254306, 0.5452707548270046, 0.5990192696914938, 0.6503863143759879, 0.4943107030823973, 0.5979137468151241, 0.6407053885884987, 0.6988092878371723, 0.5754838512019883]}