{"auroc": [0.610586011342155, 0.6654064272211719, 0.6502835538752363, 0.6370510396975425, 0.6502835538752363], "acc": [0.5217391304347826, 0.6304347826086957, 0.5652173913043478, 0.6304347826086957, 0.5652173913043478], "aps": [0.6623937799568652, 0.6794435684452846, 0.6909962856089713, 0.6565980807851323, 0.6844560152234559], "f1": [0.6562499999999999, 0.6792452830188679, 0.6551724137931034, 0.6909090909090908, 0.6551724137931034], "auprc": [0.6536599829948287, 0.665114288363362, 0.6834942862390869, 0.6450363092233606, 0.6765026933138847]}