{"auroc": [0.661625708884688, 0.6843100189035918, 0.6502835538752363, 0.6313799621928167, 0.6710775047258978], "acc": [0.4782608695652174, 0.4782608695652174, 0.4782608695652174, 0.4782608695652174, 0.5], "aps": [0.694590651739852, 0.6968902889295486, 0.638392800569174, 0.6695586784476095, 0.6580835666527691], "f1": [0.6470588235294117, 0.6470588235294117, 0.6470588235294117, 0.6470588235294117, 0.6567164179104478], "auprc": [0.6854211819305442, 0.6883466500486813, 0.6227456230348978, 0.6606799828472965, 0.6455351646735517]}