{"enet": [{"auroc": [0.487960687960688, 0.48796068796068803, 0.5523341523341523, 0.5, 0.5, 0.5022113022113022, 0.5, 0.5523341523341523, 0.5, 0.5], "acc": [0.40217391304347827, 0.5978260869565217, 0.40217391304347827, 0.40217391304347827, 0.40217391304347827, 0.5978260869565217, 0.40217391304347827, 0.40217391304347827, 0.40217391304347827, 0.40217391304347827], "aps": [0.42980067039040126, 0.452129415852748, 0.488026944135506, 0.40217391304347827, 0.40217391304347827, 0.4786627039333066, 0.40217391304347827, 0.488026944135506, 0.40217391304347827, 0.40217391304347827], "f1": [0.5736434108527132, 0.0, 0.5736434108527132, 0.5736434108527132, 0.5736434108527132, 0.0, 0.5736434108527132, 0.5736434108527132, 0.5736434108527132, 0.5736434108527132], "auprc": [0.41821302092684703, 0.44405413106720126, 0.47887230351141613, 0.7010869565217391, 0.7010869565217391, 0.4710335986356085, 0.7010869565217391, 0.47887230351141613, 0.7010869565217391, 0.7010869565217391]}]}