{"enet": [{"auroc": [0.41670761670761675, 0.41670761670761675, 0.41670761670761675, 0.4226044226044227, 0.41670761670761675, 0.41670761670761675, 0.41670761670761675, 0.41670761670761675, 0.4884520884520885, 0.41670761670761675], "acc": [0.40217391304347827, 0.40217391304347827, 0.40217391304347827, 0.40217391304347827, 0.40217391304347827, 0.40217391304347827, 0.40217391304347827, 0.40217391304347827, 0.40217391304347827, 0.40217391304347827], "aps": [0.36795503749240543, 0.36795503749240543, 0.36795503749240543, 0.37081564093237906, 0.36795503749240543, 0.36795503749240543, 0.36795503749240543, 0.36795503749240543, 0.4032291848813439, 0.36795503749240543], "f1": [0.5736434108527132, 0.5736434108527132, 0.5736434108527132, 0.5736434108527132, 0.5736434108527132, 0.5736434108527132, 0.5736434108527132, 0.5736434108527132, 0.5736434108527132, 0.5736434108527132], "auprc": [0.3507223862872641, 0.3507223862872641, 0.3507223862872641, 0.35367563380782435, 0.3507223862872641, 0.3507223862872641, 0.3507223862872641, 0.3507223862872641, 0.3900116335636431, 0.3507223862872641]}]}