{"auroc": [0.4882063882063883, 0.6162162162162163, 0.5697788697788697, 0.5734643734643735, 0.5282555282555284, 0.55995085995086, 0.4837837837837837, 0.6088452088452088, 0.5272727272727273, 0.5476658476658477], "acc": [0.40217391304347827, 0.40217391304347827, 0.40217391304347827, 0.40217391304347827, 0.40217391304347827, 0.40217391304347827, 0.5978260869565217, 0.40217391304347827, 0.5978260869565217, 0.40217391304347827], "aps": [0.4019073531631696, 0.5121269166527509, 0.43164837892860886, 0.43713764941598304, 0.4733078819857237, 0.4882026027217473, 0.4365952917645754, 0.4980190706335142, 0.41535237542183784, 0.4292902794731872], "f1": [0.5736434108527132, 0.5736434108527132, 0.5736434108527132, 0.5736434108527132, 0.5736434108527132, 0.5736434108527132, 0.0, 0.5736434108527132, 0.0, 0.5736434108527132], "auprc": [0.38569811702686385, 0.4994816440316334, 0.4170044915538695, 0.4211615956730534, 0.4639292347393282, 0.47798022597497997, 0.4256185182129954, 0.4796987493744172, 0.4022929211777151, 0.4136841632899794]}