{"rf": [{"auroc": [0.5216216216216216], "acc": [0.40217391304347827], "aps": [0.4304438981868564], "f1": [0.5736434108527132]}], "enet": [{"auroc": [0.6393120393120393], "acc": [0.5978260869565217], "aps": [0.5399295012523391], "f1": [0.0]}]}