{"auroc": [0.5518427518427518, 0.5036855036855037, 0.5184275184275184, 0.4572481572481573, 0.5125307125307126, 0.5122850122850123, 0.5081081081081081, 0.5061425061425062, 0.5228501228501229, 0.45724815724815726], "acc": [0.40217391304347827, 0.40217391304347827, 0.40217391304347827, 0.40217391304347827, 0.40217391304347827, 0.5978260869565217, 0.40217391304347827, 0.40217391304347827, 0.5978260869565217, 0.5978260869565217], "aps": [0.4273020275272926, 0.39509055389072656, 0.41118622474038286, 0.3655982162748581, 0.3955986780704241, 0.40145804287828546, 0.38880542667750684, 0.39999771236011405, 0.4214505501139164, 0.36325260890451844], "f1": [0.5736434108527132, 0.5736434108527132, 0.5736434108527132, 0.5736434108527132, 0.5736434108527132, 0.0, 0.5736434108527132, 0.5736434108527132, 0.0, 0.0], "auprc": [0.4097401910182195, 0.38229037278485833, 0.3972846062241855, 0.3529138436120548, 0.3828715405306595, 0.3846739679786938, 0.3758955665534515, 0.3874073203411598, 0.40314507178874687, 0.35053197403015895]}