{"auroc": [0.5400491400491401, 0.5046683046683047, 0.5100737100737102, 0.544963144963145, 0.576904176904177, 0.5663390663390663, 0.5683046683046684, 0.5508599508599509, 0.5675675675675675, 0.5144963144963145], "acc": [0.40217391304347827, 0.40217391304347827, 0.40217391304347827, 0.40217391304347827, 0.40217391304347827, 0.40217391304347827, 0.40217391304347827, 0.40217391304347827, 0.40217391304347827, 0.40217391304347827], "aps": [0.48768708760690455, 0.43897817704528985, 0.44505624050640513, 0.48284056438787154, 0.4926466039242519, 0.47584700763218296, 0.5041921768192459, 0.45266401327425515, 0.46695581849630025, 0.41057732442484723], "f1": [0.5736434108527132, 0.5736434108527132, 0.5736434108527132, 0.5736434108527132, 0.5736434108527132, 0.5736434108527132, 0.5736434108527132, 0.5736434108527132, 0.5736434108527132, 0.5736434108527132], "auprc": [0.4782822858154049, 0.42254787948064043, 0.42879222677408557, 0.470918573798926, 0.48070359026002385, 0.46432449218592625, 0.49240499559037176, 0.4406839944748472, 0.4558996368984798, 0.39579786065815026]}