{"enet": [{"auroc": [0.4339066339066339, 0.4339066339066339, 0.5027027027027027, 0.4339066339066339, 0.5027027027027027, 0.43783783783783786, 0.43783783783783786, 0.4339066339066339, 0.43783783783783786, 0.4339066339066339], "acc": [0.40217391304347827, 0.40217391304347827, 0.5978260869565217, 0.40217391304347827, 0.5978260869565217, 0.5978260869565217, 0.5978260869565217, 0.40217391304347827, 0.5978260869565217, 0.40217391304347827], "aps": [0.36839210697718233, 0.36839210697718233, 0.41776637057333166, 0.36839210697718233, 0.41776637057333166, 0.38390179169171823, 0.38390179169171823, 0.36839210697718233, 0.38390179169171823, 0.36839210697718233], "f1": [0.5736434108527132, 0.5736434108527132, 0.0, 0.5736434108527132, 0.0, 0.0, 0.0, 0.5736434108527132, 0.0, 0.5736434108527132], "auprc": [0.3551996541010039, 0.3551996541010039, 0.4015463320942373, 0.3551996541010039, 0.4015463320942373, 0.37329433232499803, 0.37329433232499803, 0.3551996541010039, 0.37329433232499803, 0.3551996541010039]}]}