{"enet": [{"auroc": [0.5425061425061425, 0.6181818181818182, 0.6181818181818182, 0.5886977886977887, 0.5626535626535626, 0.6181818181818182, 0.5081081081081081, 0.5886977886977887, 0.5828009828009829, 0.6181818181818182], "acc": [0.5978260869565217, 0.5978260869565217, 0.5978260869565217, 0.5978260869565217, 0.5978260869565217, 0.5978260869565217, 0.40217391304347827, 0.5978260869565217, 0.5978260869565217, 0.5978260869565217], "aps": [0.4361342282953684, 0.49158187546883536, 0.49158187546883536, 0.4941935740108164, 0.4456440859659496, 0.49158187546883536, 0.4153068627540428, 0.4941935740108164, 0.49369717082725595, 0.49158187546883536], "f1": [0.0, 0.0, 0.0, 0.0, 0.0, 0.0, 0.5736434108527132, 0.0, 0.0, 0.0], "auprc": [0.4177844507963882, 0.47296262570699266, 0.47296262570699266, 0.475720002537432, 0.427300118148901, 0.47296262570699266, 0.3969679602703165, 0.475720002537432, 0.47533305410055265, 0.47296262570699266]}]}