{"auroc": [0.5368550368550369, 0.6336609336609337, 0.6144963144963146, 0.6078624078624077, 0.6395577395577395, 0.6385749385749386, 0.6216216216216217, 0.6339066339066339, 0.5909090909090909, 0.5371007371007371], "acc": [0.40217391304347827, 0.40217391304347827, 0.40217391304347827, 0.40217391304347827, 0.40217391304347827, 0.40217391304347827, 0.40217391304347827, 0.40217391304347827, 0.40217391304347827, 0.40217391304347827], "aps": [0.46166209725789753, 0.5559035369272304, 0.5821955632479205, 0.5294376309968013, 0.5728095063349865, 0.5303506935549839, 0.5209161523039467, 0.5570027652570927, 0.5161909865856952, 0.46355346997825964], "f1": [0.5736434108527132, 0.5736434108527132, 0.5736434108527132, 0.5736434108527132, 0.5736434108527132, 0.5736434108527132, 0.5736434108527132, 0.5736434108527132, 0.5736434108527132, 0.5736434108527132], "auprc": [0.44292307597025765, 0.5372479116737456, 0.5761814444756784, 0.5115812085666243, 0.5575459642678529, 0.5129638091992126, 0.5053430975366584, 0.5392134868622722, 0.49769119748097734, 0.4470280492926951]}