{"auroc": [0.5245700245700247, 0.5250614250614251, 0.4515970515970516, 0.4658476658476659, 0.5587223587223588, 0.5054054054054055, 0.4417690417690418, 0.5341523341523342, 0.5538083538083538, 0.4968058968058968], "acc": [0.40217391304347827, 0.40217391304347827, 0.40217391304347827, 0.40217391304347827, 0.40217391304347827, 0.5978260869565217, 0.40217391304347827, 0.40217391304347827, 0.40217391304347827, 0.40217391304347827], "aps": [0.4250890426389974, 0.44675933891654374, 0.3934452869947264, 0.38211795292762746, 0.45694681486240896, 0.4252292389830004, 0.3910431685269779, 0.43038302081209656, 0.4611457443324183, 0.44374085991871204], "f1": [0.5736434108527132, 0.5736434108527132, 0.5736434108527132, 0.5736434108527132, 0.5736434108527132, 0.0, 0.5736434108527132, 0.5736434108527132, 0.5736434108527132, 0.5736434108527132], "auprc": [0.4089790074526819, 0.42821081254538046, 0.3830360135099858, 0.3673574453382836, 0.4405274975274998, 0.41400276322449525, 0.3817351721334976, 0.41463737395936917, 0.4447524769683751, 0.43209897491114285]}