{"rf": [{"auroc": [0.5656019656019656], "acc": [0.4673913043478261], "aps": [0.45599876034658643], "f1": [0.5811965811965812]}], "enet": [{"auroc": [0.5660933660933661], "acc": [0.5978260869565217], "aps": [0.5196096009056441], "f1": [0.0]}]}