{"auroc": [0.5076167076167076, 0.5926289926289926, 0.5987714987714988, 0.5169533169533169, 0.4968058968058968, 0.6179361179361179, 0.5162162162162163, 0.45577395577395574, 0.5712530712530712, 0.5368550368550369], "acc": [0.40217391304347827, 0.40217391304347827, 0.40217391304347827, 0.40217391304347827, 0.40217391304347827, 0.40217391304347827, 0.40217391304347827, 0.5978260869565217, 0.40217391304347827, 0.40217391304347827], "aps": [0.44946742690391006, 0.47877207528066745, 0.49623715670575275, 0.4666724727442354, 0.4517760904771033, 0.5082787512919368, 0.4702149654964981, 0.37768124895717425, 0.4921264867479617, 0.49262782380601344], "f1": [0.5736434108527132, 0.5736434108527132, 0.5736434108527132, 0.5736434108527132, 0.5736434108527132, 0.5736434108527132, 0.5736434108527132, 0.0, 0.5736434108527132, 0.5736434108527132], "auprc": [0.442267134785074, 0.4612593040121589, 0.4846810859974748, 0.4547615412474417, 0.4399770196574863, 0.48619620928294677, 0.4616121318017192, 0.36066543805708784, 0.4767424393763534, 0.48287276287660763]}