{"auroc": [0.5459459459459459, 0.5810810810810811, 0.576904176904177, 0.6201474201474202, 0.6024570024570025, 0.4105651105651106, 0.6108108108108109, 0.615970515970516, 0.6034398034398034, 0.5864864864864865], "acc": [0.40217391304347827, 0.40217391304347827, 0.5978260869565217, 0.40217391304347827, 0.40217391304347827, 0.5978260869565217, 0.40217391304347827, 0.40217391304347827, 0.40217391304347827, 0.5978260869565217], "aps": [0.42516800797561394, 0.45219173160563614, 0.47356129095741295, 0.512334566567994, 0.49360313892714225, 0.353757940903795, 0.5100688591789984, 0.5170688828844119, 0.5010774640024789, 0.47084323739037276], "f1": [0.5736434108527132, 0.5736434108527132, 0.0, 0.5736434108527132, 0.5736434108527132, 0.0, 0.5736434108527132, 0.5736434108527132, 0.5736434108527132, 0.0], "auprc": [0.4081885081242464, 0.4339675082411635, 0.4526502256284802, 0.4939367121992283, 0.4734014469797303, 0.3350194424176613, 0.4913916228552947, 0.49793549980132906, 0.48235195902556016, 0.4502243736061907]}