{"auroc": [0.5154791154791155, 0.500982800982801, 0.5751842751842752, 0.4855036855036855, 0.6157248157248156, 0.4914004914004914, 0.5734643734643734, 0.5297297297297298, 0.6027027027027027, 0.528009828009828], "acc": [0.40217391304347827, 0.40217391304347827, 0.40217391304347827, 0.40217391304347827, 0.5978260869565217, 0.40217391304347827, 0.40217391304347827, 0.40217391304347827, 0.5978260869565217, 0.40217391304347827], "aps": [0.46127684821855197, 0.48399740292956983, 0.5022869402240273, 0.4445739055372267, 0.5265560179720228, 0.38829590592931307, 0.5236673824172685, 0.5083253579107889, 0.496105764932449, 0.4680941982242969], "f1": [0.5736434108527132, 0.5736434108527132, 0.5736434108527132, 0.5736434108527132, 0.0, 0.5736434108527132, 0.5736434108527132, 0.5736434108527132, 0.0, 0.5736434108527132], "auprc": [0.45060968729729617, 0.47843823933667823, 0.4910460814089981, 0.43164282095504125, 0.5178834165696887, 0.3704839833423282, 0.516239084203103, 0.500692313434303, 0.4856813373251841, 0.4577528484453206]}