{"auroc": [0.5616707616707617, 0.4982800982800983, 0.5356265356265356, 0.5410319410319411, 0.5683046683046683, 0.5488943488943488, 0.6181818181818182, 0.5700245700245701, 0.5056511056511057, 0.4297297297297297], "acc": [0.5978260869565217, 0.40217391304347827, 0.40217391304347827, 0.40217391304347827, 0.40217391304347827, 0.4782608695652174, 0.5978260869565217, 0.5869565217391305, 0.40217391304347827, 0.40217391304347827], "aps": [0.49284709259174975, 0.4131390219770502, 0.41421893418309486, 0.4219972288391225, 0.46051236534376827, 0.42179083410337054, 0.47755188930267933, 0.45514506172302965, 0.44635691564043684, 0.36529942283198324], "f1": [0.0, 0.5736434108527132, 0.5736434108527132, 0.5736434108527132, 0.5736434108527132, 0.5636363636363636, 0.0, 0.13636363636363638, 0.5736434108527132, 0.5736434108527132], "auprc": [0.47465192014796587, 0.394950521835715, 0.39717042296925725, 0.40871821276081527, 0.4417558304784794, 0.40610268191880683, 0.46473260058561117, 0.43921712571345034, 0.43452184752104683, 0.35110819692991907]}