{"enet": [{"auroc": [0.5095823095823095, 0.5095823095823095, 0.5056511056511057, 0.5115479115479116, 0.5095823095823095, 0.5095823095823095, 0.5095823095823095, 0.5095823095823095, 0.5056511056511057, 0.5095823095823095], "acc": [0.40217391304347827, 0.40217391304347827, 0.40217391304347827, 0.40217391304347827, 0.40217391304347827, 0.40217391304347827, 0.40217391304347827, 0.40217391304347827, 0.40217391304347827, 0.40217391304347827], "aps": [0.393170334110806, 0.393170334110806, 0.3909386999231852, 0.39490096962770255, 0.393170334110806, 0.393170334110806, 0.393170334110806, 0.393170334110806, 0.3909386999231852, 0.393170334110806], "f1": [0.5736434108527132, 0.5736434108527132, 0.5736434108527132, 0.5736434108527132, 0.5736434108527132, 0.5736434108527132, 0.5736434108527132, 0.5736434108527132, 0.5736434108527132, 0.5736434108527132], "auprc": [0.38087448610960467, 0.38087448610960467, 0.3786733006416738, 0.38273582907737325, 0.38087448610960467, 0.38087448610960467, 0.38087448610960467, 0.38087448610960467, 0.3786733006416738, 0.38087448610960467]}]}