{"enet": [{"auroc": [0.5184275184275184, 0.5140049140049141, 0.5105651105651107, 0.5184275184275184, 0.509090909090909, 0.5184275184275184, 0.5199017199017198, 0.5184275184275184, 0.5208845208845209, 0.5199017199017198], "acc": [0.5978260869565217, 0.6086956521739131, 0.5978260869565217, 0.5978260869565217, 0.5978260869565217, 0.5978260869565217, 0.5978260869565217, 0.5978260869565217, 0.5978260869565217, 0.5978260869565217], "aps": [0.43433180785628744, 0.4266351647932235, 0.4253060266420954, 0.43433180785628744, 0.4251036182291994, 0.43433180785628744, 0.4348620586431239, 0.43433180785628744, 0.434954307084302, 0.4348620586431239], "f1": [0.0, 0.052631578947368425, 0.0, 0.0, 0.0, 0.0, 0.0, 0.0, 0.0, 0.0], "auprc": [0.42304470371638403, 0.41550927784474834, 0.41417928175867025, 0.42304470371638403, 0.41397745550715387, 0.42304470371638403, 0.42350416300689625, 0.42304470371638403, 0.42359868349672536, 0.42350416300689625]}]}