{"enet": [{"auroc": [0.4732186732186733, 0.5538083538083538, 0.5538083538083538, 0.5533169533169533, 0.5538083538083538, 0.5481572481572482, 0.5533169533169533, 0.5481572481572482, 0.5481572481572482, 0.5481572481572482], "acc": [0.5978260869565217, 0.5978260869565217, 0.5978260869565217, 0.5978260869565217, 0.5978260869565217, 0.5978260869565217, 0.5978260869565217, 0.5978260869565217, 0.5978260869565217, 0.5978260869565217], "aps": [0.41348303316410495, 0.5044339821298627, 0.5044339821298627, 0.47733685710886126, 0.5044339821298627, 0.4570258258412071, 0.47733685710886126, 0.4570258258412071, 0.4570258258412071, 0.4570258258412071], "f1": [0.0, 0.0, 0.0, 0.0, 0.0, 0.0, 0.0, 0.0, 0.0, 0.0], "auprc": [0.40471581075712726, 0.4931832768563805, 0.4931832768563805, 0.46544239799002024, 0.4931832768563805, 0.4400330018211145, 0.46544239799002024, 0.4400330018211145, 0.4400330018211145, 0.4400330018211145]}]}