{"auroc": [0.4778869778869779, 0.4857493857493858, 0.5828009828009827, 0.4896805896805897, 0.47371007371007373, 0.5466830466830467, 0.4953316953316954, 0.5115479115479116, 0.48624078624078626, 0.5054054054054055], "acc": [0.40217391304347827, 0.40217391304347827, 0.5978260869565217, 0.40217391304347827, 0.40217391304347827, 0.40217391304347827, 0.40217391304347827, 0.40217391304347827, 0.5978260869565217, 0.40217391304347827], "aps": [0.46070074649944404, 0.4440112514623519, 0.45552725644747183, 0.4477618510694647, 0.4326618531736204, 0.4820298389653441, 0.46246420986595255, 0.4363599586754693, 0.42510514661844645, 0.46355729395846695], "f1": [0.5736434108527132, 0.5736434108527132, 0.0, 0.5736434108527132, 0.5736434108527132, 0.5736434108527132, 0.5736434108527132, 0.5736434108527132, 0.0, 0.5736434108527132], "auprc": [0.45454383119298414, 0.43428422519569926, 0.44033773907538887, 0.44010918905586666, 0.42545951380659086, 0.4763301359605262, 0.4548103057191205, 0.431779598016974, 0.41757828187288715, 0.4603618041771985]}