{"rf": [{"auroc": [0.6594594594594595], "acc": [0.4782608695652174], "aps": [0.5611027660658284], "f1": [0.6]}], "enet": [{"auroc": [0.5764127764127764], "acc": [0.40217391304347827], "aps": [0.5162703903329342], "f1": [0.5736434108527132]}]}