{"auroc": [0.4982800982800983, 0.5216216216216216, 0.5270270270270271, 0.5326781326781327, 0.45626535626535625, 0.5371007371007371, 0.5398034398034398, 0.4218673218673219, 0.49557739557739566, 0.520884520884521], "acc": [0.5978260869565217, 0.40217391304347827, 0.40217391304347827, 0.40217391304347827, 0.40217391304347827, 0.40217391304347827, 0.5978260869565217, 0.5978260869565217, 0.40217391304347827, 0.40217391304347827], "aps": [0.4256552558500867, 0.4003895213138906, 0.42771842570263524, 0.4518680518148477, 0.3944161953993764, 0.4439837660066288, 0.45829078622856834, 0.35032422159008875, 0.40539964214868646, 0.4239401508191832], "f1": [0.0, 0.5736434108527132, 0.5736434108527132, 0.5736434108527132, 0.5736434108527132, 0.5736434108527132, 0.0, 0.0, 0.5736434108527132, 0.5736434108527132], "auprc": [0.4135575003088537, 0.38380158029905725, 0.4130565107598248, 0.43568535617845655, 0.38221910426504563, 0.42893294963134126, 0.43939549093922436, 0.33949690397336396, 0.3944141478010516, 0.4090208395669732]}