{"auroc": [0.5375921375921376, 0.5474201474201474, 0.5312039312039312, 0.5255528255528256, 0.5380835380835381, 0.49901719901719904, 0.5181818181818182, 0.4872235872235872, 0.5375921375921376, 0.5712530712530712], "acc": [0.40217391304347827, 0.40217391304347827, 0.5978260869565217, 0.5978260869565217, 0.40217391304347827, 0.40217391304347827, 0.5978260869565217, 0.5978260869565217, 0.40217391304347827, 0.40217391304347827], "aps": [0.4124706604420524, 0.4249402347310034, 0.43275258147824813, 0.4247119892497637, 0.42633231114100323, 0.40518126091267825, 0.4165195307099505, 0.380473700476304, 0.44184542476550553, 0.4332376878684271], "f1": [0.5736434108527132, 0.5736434108527132, 0.0, 0.0, 0.5736434108527132, 0.5736434108527132, 0.0, 0.0, 0.5736434108527132, 0.5736434108527132], "auprc": [0.39919705562377894, 0.4105983847784082, 0.4147033490444568, 0.4092596197692595, 0.41084240957423057, 0.3931990312783935, 0.3996814411982483, 0.3657736136504475, 0.43145570701306063, 0.4193212827518027]}