{"enet": [{"auroc": [0.5464373464373464, 0.5, 0.5, 0.4751842751842753, 0.5, 0.4928746928746929, 0.5081081081081081, 0.4928746928746929, 0.5081081081081081, 0.5081081081081081], "acc": [0.40217391304347827, 0.5978260869565217, 0.5978260869565217, 0.40217391304347827, 0.5978260869565217, 0.5978260869565217, 0.5869565217391305, 0.5978260869565217, 0.5869565217391305, 0.5869565217391305], "aps": [0.44022100458001223, 0.40217391304347827, 0.40217391304347827, 0.3894054890369152, 0.40217391304347827, 0.39715569052669075, 0.4156617169485543, 0.39715569052669075, 0.4156617169485543, 0.4156617169485543], "f1": [0.5736434108527132, 0.0, 0.0, 0.5669291338582677, 0.0, 0.0, 0.0, 0.0, 0.0, 0.0], "auprc": [0.42509664112298834, 0.7010869565217391, 0.7010869565217391, 0.5709885084693513, 0.7010869565217391, 0.38401321893506923, 0.40116746425398153, 0.38401321893506923, 0.40116746425398153, 0.40116746425398153]}]}