{"auroc": [0.4788697788697789, 0.6083538083538084, 0.543980343980344, 0.5265356265356266, 0.5302211302211303, 0.5700245700245701, 0.47002457002457004, 0.5481572481572481, 0.5508599508599509, 0.5326781326781328], "acc": [0.5978260869565217, 0.5978260869565217, 0.40217391304347827, 0.40217391304347827, 0.40217391304347827, 0.5978260869565217, 0.5978260869565217, 0.5978260869565217, 0.40217391304347827, 0.40217391304347827], "aps": [0.4126010128449126, 0.4835635524212179, 0.4090042392341179, 0.4011759514611117, 0.40036755991841555, 0.45569319816207643, 0.39094556013582343, 0.4106539393636703, 0.4135311665643539, 0.40234394844430554], "f1": [0.0, 0.0, 0.5736434108527132, 0.5736434108527132, 0.5736434108527132, 0.0, 0.0, 0.0, 0.5736434108527132, 0.5736434108527132], "auprc": [0.3960670277442278, 0.4662540655151697, 0.3965775719860474, 0.3887958265570936, 0.3880377348483686, 0.4395483740064162, 0.3774295573651823, 0.3977768747628286, 0.3997539064495065, 0.3899826924137344]}