{"rf": [{"auroc": [0.6302211302211302], "acc": [0.5978260869565217], "aps": [0.5782585905578463], "f1": [0.0], "auprc": [0.5843830795283091]}], "enet": [{"auroc": [0.48402948402948404], "acc": [0.40217391304347827], "aps": [0.43718149737719897], "f1": [0.5736434108527132], "auprc": [0.4281249052734277]}]}