{"enet": [{"auroc": [0.625061425061425, 0.630958230958231, 0.6294840294840295, 0.6221130221130222, 0.6157248157248157, 0.6157248157248157, 0.6157248157248157, 0.6157248157248157, 0.6157248157248157, 0.6157248157248157], "acc": [0.40217391304347827, 0.40217391304347827, 0.40217391304347827, 0.40217391304347827, 0.5978260869565217, 0.5978260869565217, 0.5978260869565217, 0.5978260869565217, 0.5978260869565217, 0.5978260869565217], "aps": [0.49345516484982566, 0.5023060719298831, 0.49871676848792124, 0.4894947168558763, 0.4936376428656182, 0.48979206140786424, 0.4936376428656182, 0.4936376428656182, 0.4936376428656182, 0.4936376428656182], "f1": [0.5736434108527132, 0.5736434108527132, 0.5736434108527132, 0.5736434108527132, 0.0, 0.0, 0.0, 0.0, 0.0, 0.0], "auprc": [0.4748253256137504, 0.4835501796406352, 0.47995476863584946, 0.470818591369398, 0.47505979823263833, 0.47136409195228257, 0.47505979823263833, 0.47505979823263833, 0.47505979823263833, 0.47505979823263833]}]}