{"rf": [{"auroc": [0.5366093366093366], "acc": [0.41304347826086957], "aps": [0.4615707118913923], "f1": [0.578125], "auprc": [0.4520991535666268]}], "enet": [{"auroc": [0.4624078624078624], "acc": [0.41304347826086957], "aps": [0.3595276911176618], "f1": [0.5714285714285715], "auprc": [0.3487008879374189]}]}