{"enet": [{"auroc": [0.49533169533169535, 0.49533169533169535, 0.49533169533169535, 0.49533169533169535, 0.49533169533169535, 0.49533169533169535, 0.49533169533169535, 0.49533169533169535, 0.49533169533169535, 0.49533169533169535], "acc": [0.40217391304347827, 0.5978260869565217, 0.5978260869565217, 0.40217391304347827, 0.40217391304347827, 0.5978260869565217, 0.5978260869565217, 0.5978260869565217, 0.40217391304347827, 0.40217391304347827], "aps": [0.40717502653860904, 0.40717502653860904, 0.40717502653860904, 0.40717502653860904, 0.40717502653860904, 0.40717502653860904, 0.40717502653860904, 0.40717502653860904, 0.40717502653860904, 0.40717502653860904], "f1": [0.5736434108527132, 0.0, 0.0, 0.5736434108527132, 0.5736434108527132, 0.0, 0.0, 0.0, 0.5736434108527132, 0.5736434108527132], "auprc": [0.5793951779261965, 0.5793951779261965, 0.5793951779261965, 0.5793951779261965, 0.5793951779261965, 0.5793951779261965, 0.5793951779261965, 0.5793951779261965, 0.5793951779261965, 0.5793951779261965]}]}