{"rf": [{"auroc": [0.6316953316953318], "acc": [0.40217391304347827], "aps": [0.504665566153732], "f1": [0.5736434108527132]}], "enet": [{"auroc": [0.5793611793611794], "acc": [0.40217391304347827], "aps": [0.47509711412415856], "f1": [0.5736434108527132]}]}