{"enet": [{"auroc": [0.4471744471744472, 0.5530712530712532, 0.5, 0.5, 0.4786240786240787, 0.5, 0.5572481572481573, 0.5, 0.5, 0.5], "acc": [0.40217391304347827, 0.41304347826086957, 0.40217391304347827, 0.40217391304347827, 0.40217391304347827, 0.40217391304347827, 0.5978260869565217, 0.40217391304347827, 0.40217391304347827, 0.40217391304347827], "aps": [0.41731429546436655, 0.4658883986432776, 0.40217391304347827, 0.40217391304347827, 0.4480520366420084, 0.40217391304347827, 0.48267719842656126, 0.40217391304347827, 0.40217391304347827, 0.40217391304347827], "f1": [0.5736434108527132, 0.578125, 0.5736434108527132, 0.5736434108527132, 0.5736434108527132, 0.5736434108527132, 0.0, 0.5736434108527132, 0.5736434108527132, 0.5736434108527132], "auprc": [0.40810620343449616, 0.47468197661287603, 0.7010869565217391, 0.7010869565217391, 0.4400061478890048, 0.7010869565217391, 0.4708996130650285, 0.7010869565217391, 0.7010869565217391, 0.7010869565217391]}]}