{"enet": [{"auroc": [0.5282555282555282, 0.5248157248157248, 0.5174447174447174, 0.5886977886977888, 0.5174447174447174, 0.5326781326781328, 0.547911547911548, 0.5896805896805897, 0.5, 0.514987714987715], "acc": [0.40217391304347827, 0.40217391304347827, 0.40217391304347827, 0.40217391304347827, 0.40217391304347827, 0.40217391304347827, 0.40217391304347827, 0.40217391304347827, 0.40217391304347827, 0.40217391304347827], "aps": [0.3981421810830526, 0.3987061531703172, 0.3967656369247528, 0.5225591004903465, 0.3967656369247528, 0.40007266126405994, 0.4588842357635575, 0.5900278943944837, 0.40217391304347827, 0.3962255390902313], "f1": [0.5736434108527132, 0.5736434108527132, 0.5736434108527132, 0.5736434108527132, 0.5736434108527132, 0.5736434108527132, 0.5736434108527132, 0.5736434108527132, 0.5736434108527132, 0.5736434108527132], "auprc": [0.385668631605245, 0.38643683954410357, 0.38447127245440194, 0.5043312397697064, 0.38447127245440194, 0.38789351529020133, 0.4401545534133997, 0.5838021046803896, 0.7010869565217391, 0.38392025501992677]}]}