{"auroc": [0.5906633906633908, 0.45945945945945943, 0.4636363636363637, 0.5353808353808355, 0.4894348894348895, 0.5088452088452089, 0.5729729729729731, 0.48599508599508606, 0.5737100737100738, 0.5140049140049141], "acc": [0.5978260869565217, 0.40217391304347827, 0.40217391304347827, 0.40217391304347827, 0.40217391304347827, 0.40217391304347827, 0.40217391304347827, 0.40217391304347827, 0.40217391304347827, 0.40217391304347827], "aps": [0.4830193351906855, 0.37460446437546313, 0.39326255577795804, 0.40142558579524534, 0.4091571859328294, 0.43527321442677136, 0.44313379142270676, 0.3908717562889264, 0.48354112722445, 0.3975407806491353], "f1": [0.0, 0.5736434108527132, 0.5736434108527132, 0.5736434108527132, 0.5736434108527132, 0.5736434108527132, 0.5736434108527132, 0.5736434108527132, 0.5736434108527132, 0.5736434108527132], "auprc": [0.47480038124413204, 0.359201491410092, 0.3759981537760897, 0.3887833793087223, 0.397652078060145, 0.42433952896402966, 0.4274869209421551, 0.37575218620724343, 0.46630053886629175, 0.3831846575930268]}