{"rf": [{"auroc": [0.5793611793611794], "acc": [0.5978260869565217], "aps": [0.49693272140906647], "f1": [0.0], "auprc": [0.47504204969148284]}], "enet": [{"auroc": [0.5498771498771499], "acc": [0.40217391304347827], "aps": [0.5050353699663055], "f1": [0.5736434108527132], "auprc": [0.496835922298101]}]}