{"rf": [{"auroc": [0.6088452088452089], "acc": [0.40217391304347827], "aps": [0.4943977091205385], "f1": [0.5736434108527132]}], "enet": [{"auroc": [0.5336609336609337], "acc": [0.40217391304347827], "aps": [0.49145290971908195], "f1": [0.5736434108527132]}]}