{"auroc": [0.5668304668304668, 0.4776412776412777, 0.4950859950859951, 0.5041769041769043, 0.5066339066339067, 0.5351351351351352, 0.5140049140049141, 0.42309582309582316, 0.552088452088452, 0.5083538083538084], "acc": [0.5978260869565217, 0.40217391304347827, 0.40217391304347827, 0.40217391304347827, 0.40217391304347827, 0.40217391304347827, 0.40217391304347827, 0.5978260869565217, 0.40217391304347827, 0.40217391304347827], "aps": [0.4551239730701455, 0.3933093031162519, 0.4162029784960949, 0.41939997388431227, 0.4304611528096827, 0.4216115237413391, 0.4205654213225349, 0.3650219724397965, 0.4576175613916479, 0.4121658789693422], "f1": [0.0, 0.5736434108527132, 0.5736434108527132, 0.5736434108527132, 0.5736434108527132, 0.5736434108527132, 0.5736434108527132, 0.0, 0.5736434108527132, 0.5736434108527132], "auprc": [0.4395251818155251, 0.37898322693195474, 0.40005303440445616, 0.4047605867041492, 0.4190347232698659, 0.40819410746070073, 0.40560161264185113, 0.3476919609058995, 0.43781450753767726, 0.3971902810552523]}