{"rf": [{"auroc": [0.5412776412776412], "acc": [0.5978260869565217], "aps": [0.47798404901407454], "f1": [0.0]}], "enet": [{"auroc": [0.5277641277641278], "acc": [0.40217391304347827], "aps": [0.43502570654117656], "f1": [0.5736434108527132]}]}