{"enet": [{"auroc": [0.4540540540540541, 0.4540540540540541, 0.4540540540540541, 0.5174447174447174, 0.5051597051597052, 0.4540540540540541, 0.4540540540540541, 0.4540540540540541, 0.4540540540540541, 0.4540540540540541], "acc": [0.40217391304347827, 0.40217391304347827, 0.40217391304347827, 0.40217391304347827, 0.40217391304347827, 0.40217391304347827, 0.40217391304347827, 0.40217391304347827, 0.40217391304347827, 0.40217391304347827], "aps": [0.3770161829812847, 0.3770161829812847, 0.3770161829812847, 0.4148913770717557, 0.40014453547668183, 0.3770161829812847, 0.3770161829812847, 0.3770161829812847, 0.3770161829812847, 0.3770161829812847], "f1": [0.5736434108527132, 0.5736434108527132, 0.5736434108527132, 0.5736434108527132, 0.5736434108527132, 0.5736434108527132, 0.5736434108527132, 0.5736434108527132, 0.5736434108527132, 0.5736434108527132], "auprc": [0.3619373217637459, 0.3619373217637459, 0.3619373217637459, 0.3973810700667953, 0.38795331513079234, 0.3619373217637459, 0.3619373217637459, 0.3619373217637459, 0.3619373217637459, 0.3619373217637459]}]}