{"rf": [{"auroc": [0.5778869778869778], "acc": [0.5869565217391305], "aps": [0.4737962263689872], "f1": [0.09523809523809523]}], "enet": [{"auroc": [0.5282555282555284], "acc": [0.5978260869565217], "aps": [0.4358738467203237], "f1": [0.0]}]}