{"rf": [{"auroc": [0.5004914004914005], "acc": [0.40217391304347827], "aps": [0.44026042431624457], "f1": [0.5736434108527132], "auprc": [0.4300761857614555]}], "enet": [{"auroc": [0.3867321867321867], "acc": [0.40217391304347827], "aps": [0.3326539896849949], "f1": [0.5736434108527132], "auprc": [0.3220399863330158]}]}