{"rf": [{"auroc": [0.5520884520884521], "acc": [0.40217391304347827], "aps": [0.5224367042307638], "f1": [0.5736434108527132]}], "enet": [{"auroc": [0.4604422604422605], "acc": [0.5978260869565217], "aps": [0.358533346980739], "f1": [0.0]}]}