{"enet": [{"auroc": [0.5277641277641277, 0.5, 0.5, 0.5017199017199018, 0.5, 0.5449631449631449, 0.5, 0.5, 0.5, 0.5], "acc": [0.40217391304347827, 0.40217391304347827, 0.40217391304347827, 0.45652173913043476, 0.40217391304347827, 0.40217391304347827, 0.40217391304347827, 0.40217391304347827, 0.40217391304347827, 0.40217391304347827], "aps": [0.43727968880559875, 0.40217391304347827, 0.40217391304347827, 0.404492141775089, 0.40217391304347827, 0.42803532324860233, 0.40217391304347827, 0.40217391304347827, 0.40217391304347827, 0.40217391304347827], "f1": [0.5736434108527132, 0.5736434108527132, 0.5736434108527132, 0.576271186440678, 0.5736434108527132, 0.5736434108527132, 0.5736434108527132, 0.5736434108527132, 0.5736434108527132, 0.5736434108527132], "auprc": [0.4190305599402521, 0.7010869565217391, 0.7010869565217391, 0.5883451072123052, 0.7010869565217391, 0.6894789625166367, 0.7010869565217391, 0.7010869565217391, 0.7010869565217391, 0.7010869565217391]}]}