{"rf": [{"auroc": [0.5395577395577396], "acc": [0.40217391304347827], "aps": [0.5019254805307338], "f1": [0.5736434108527132], "auprc": [0.5172269974642396]}], "enet": [{"auroc": [0.4683046683046684], "acc": [0.40217391304347827], "aps": [0.3801692785860172], "f1": [0.5736434108527132], "auprc": [0.36662835113934344]}]}