{"rf": [{"auroc": [0.6341523341523342], "acc": [0.5978260869565217], "aps": [0.5428381997413038], "f1": [0.0], "auprc": [0.5318530315797126]}], "enet": [{"auroc": [0.5125307125307126], "acc": [0.5869565217391305], "aps": [0.41776152574089037], "f1": [0.05], "auprc": [0.4073140617998933]}]}