{"auroc": [0.3933660933660934, 0.5319410319410319, 0.545945945945946, 0.5611793611793612, 0.5422604422604423, 0.5179361179361179, 0.5542997542997543, 0.5712530712530713, 0.5157248157248158, 0.44545454545454544], "acc": [0.40217391304347827, 0.40217391304347827, 0.40217391304347827, 0.5978260869565217, 0.5978260869565217, 0.40217391304347827, 0.5978260869565217, 0.5978260869565217, 0.40217391304347827, 0.5978260869565217], "aps": [0.33783485798484764, 0.44449551134274334, 0.4679157122279969, 0.4530948177853054, 0.4634006032517003, 0.4281364893114999, 0.44675183490357806, 0.4782925906820946, 0.42043684742975235, 0.38085808406745675], "f1": [0.5736434108527132, 0.5736434108527132, 0.5736434108527132, 0.0, 0.0, 0.5736434108527132, 0.0, 0.0, 0.5736434108527132, 0.0], "auprc": [0.32527454918885856, 0.4261223031864674, 0.4558238666898991, 0.4369775274896171, 0.45165077903530276, 0.4168033126168606, 0.42829195332832665, 0.4667965299166064, 0.4093942970054364, 0.365626491426701]}