{"enet": [{"auroc": [0.5990171990171991, 0.5, 0.6073710073710075, 0.5626535626535627, 0.5518427518427519, 0.5621621621621622, 0.5990171990171991, 0.5, 0.5, 0.5], "acc": [0.40217391304347827, 0.40217391304347827, 0.40217391304347827, 0.5978260869565217, 0.6086956521739131, 0.5978260869565217, 0.40217391304347827, 0.40217391304347827, 0.40217391304347827, 0.40217391304347827], "aps": [0.545876218511079, 0.40217391304347827, 0.5337428358624103, 0.4852991662610451, 0.468133570261741, 0.49840538696864267, 0.545876218511079, 0.40217391304347827, 0.40217391304347827, 0.40217391304347827], "f1": [0.5736434108527132, 0.5736434108527132, 0.5736434108527132, 0.0, 0.052631578947368425, 0.0, 0.5736434108527132, 0.5736434108527132, 0.5736434108527132, 0.5736434108527132], "auprc": [0.5370319704278965, 0.7010869565217391, 0.5245816245982544, 0.47336558347788854, 0.4561976402973805, 0.4869772364154321, 0.5370319704278965, 0.7010869565217391, 0.7010869565217391, 0.7010869565217391]}]}