{"enet": [{"auroc": [0.37248157248157254, 0.3823095823095823, 0.35823095823095824, 0.346928746928747, 0.35823095823095824, 0.3562653562653563, 0.3823095823095823, 0.35823095823095824, 0.34348894348894354, 0.3562653562653563], "acc": [0.5978260869565217, 0.40217391304347827, 0.40217391304347827, 0.40217391304347827, 0.40217391304347827, 0.40217391304347827, 0.40217391304347827, 0.40217391304347827, 0.40217391304347827, 0.40217391304347827], "aps": [0.3327822034646484, 0.3374673969547104, 0.35655144947969925, 0.3362977195654697, 0.35655144947969925, 0.32861650340106374, 0.3374673969547104, 0.35655144947969925, 0.3311863763959514, 0.32861650340106374], "f1": [0.0, 0.5736434108527132, 0.5736434108527132, 0.5736434108527132, 0.5736434108527132, 0.5736434108527132, 0.5736434108527132, 0.5736434108527132, 0.5736434108527132, 0.5736434108527132], "auprc": [0.3214656402473636, 0.32607112936454397, 0.3465921797478339, 0.3198571008562527, 0.3465921797478339, 0.31687888433341765, 0.32607112936454397, 0.3465921797478339, 0.31522666411822814, 0.31687888433341765]}]}