{"auroc": [0.5690417690417691, 0.5842751842751843, 0.5100737100737102, 0.5577395577395577, 0.5552825552825553, 0.6105651105651106, 0.5567567567567567, 0.5616707616707617, 0.5503685503685504, 0.5616707616707617], "acc": [0.5978260869565217, 0.40217391304347827, 0.5978260869565217, 0.40217391304347827, 0.40217391304347827, 0.5978260869565217, 0.43478260869565216, 0.40217391304347827, 0.4782608695652174, 0.40217391304347827], "aps": [0.5141455374435469, 0.5263835275784896, 0.43021019318466586, 0.5151083772735452, 0.5170485304964971, 0.5474050163133111, 0.5048389746091098, 0.5115728801446568, 0.42682959014850935, 0.5211890753160211], "f1": [0.0, 0.5736434108527132, 0.0, 0.5736434108527132, 0.5736434108527132, 0.0, 0.5873015873015873, 0.5736434108527132, 0.5102040816326531, 0.5736434108527132], "auprc": [0.5047576239191299, 0.5173691256355311, 0.4187720182067585, 0.5070973788134403, 0.5092174407572199, 0.5396167518093338, 0.4956289324880037, 0.502738968972237, 0.41102988498542026, 0.5134655861550155]}