{"auroc": [0.5154791154791155, 0.4921375921375921, 0.47690417690417686, 0.4582309582309582, 0.48304668304668313, 0.43488943488943493, 0.475921375921376, 0.4732186732186733, 0.4658476658476659, 0.4914004914004914], "acc": [0.40217391304347827, 0.40217391304347827, 0.40217391304347827, 0.40217391304347827, 0.40217391304347827, 0.40217391304347827, 0.5978260869565217, 0.40217391304347827, 0.40217391304347827, 0.40217391304347827], "aps": [0.44565748408971934, 0.4175374517021781, 0.411472127608643, 0.3915969688313595, 0.3916904345600908, 0.3689888956827627, 0.4034819661740825, 0.40596801552554046, 0.403238548548278, 0.43436995445729837], "f1": [0.5736434108527132, 0.5736434108527132, 0.5736434108527132, 0.5736434108527132, 0.5736434108527132, 0.5736434108527132, 0.0, 0.5736434108527132, 0.5736434108527132, 0.5736434108527132], "auprc": [0.43426861211098816, 0.4065465276755836, 0.39816050721379226, 0.3759716627721992, 0.3779932946769297, 0.35456493112253246, 0.3888021808078192, 0.3941519071673663, 0.3850496683678819, 0.4258029000384302]}