{"enet": [{"auroc": [0.4845208845208846, 0.5, 0.5, 0.5, 0.5, 0.5, 0.5, 0.522850122850123, 0.5071253071253072, 0.5], "acc": [0.42391304347826086, 0.40217391304347827, 0.40217391304347827, 0.40217391304347827, 0.40217391304347827, 0.40217391304347827, 0.40217391304347827, 0.40217391304347827, 0.40217391304347827, 0.40217391304347827], "aps": [0.45759141035540263, 0.40217391304347827, 0.40217391304347827, 0.40217391304347827, 0.40217391304347827, 0.40217391304347827, 0.40217391304347827, 0.4843240770938962, 0.42369707583620153, 0.40217391304347827], "f1": [0.5619834710743802, 0.5736434108527132, 0.5736434108527132, 0.5736434108527132, 0.5736434108527132, 0.5736434108527132, 0.5736434108527132, 0.5736434108527132, 0.5736434108527132, 0.5736434108527132], "auprc": [0.4481357649505786, 0.7010869565217391, 0.7010869565217391, 0.7010869565217391, 0.7010869565217391, 0.7010869565217391, 0.7010869565217391, 0.4761121578242941, 0.40754500606270755, 0.7010869565217391]}]}