{"enet": [{"auroc": [0.47125307125307137, 0.48452088452088454, 0.47125307125307137, 0.48452088452088454, 0.48452088452088454, 0.47125307125307137, 0.48452088452088454, 0.48452088452088454, 0.47665847665847666, 0.47125307125307137], "acc": [0.40217391304347827, 0.40217391304347827, 0.40217391304347827, 0.40217391304347827, 0.40217391304347827, 0.40217391304347827, 0.40217391304347827, 0.40217391304347827, 0.40217391304347827, 0.40217391304347827], "aps": [0.40800424893685006, 0.40969037819675036, 0.40800424893685006, 0.40969037819675036, 0.40969037819675036, 0.40800424893685006, 0.40969037819675036, 0.40969037819675036, 0.40917682224001906, 0.40800424893685006], "f1": [0.5736434108527132, 0.5736434108527132, 0.5736434108527132, 0.5736434108527132, 0.5736434108527132, 0.5736434108527132, 0.5736434108527132, 0.5736434108527132, 0.5736434108527132, 0.5736434108527132], "auprc": [0.38956525990612656, 0.39347695952487666, 0.38956525990612656, 0.39347695952487666, 0.39347695952487666, 0.38956525990612656, 0.39347695952487666, 0.39347695952487666, 0.3929353472569574, 0.38956525990612656]}]}