{"enet": [{"auroc": [0.5213759213759214, 0.48157248157248156, 0.4643734643734644, 0.4683046683046683, 0.4756756756756757, 0.4643734643734644, 0.5, 0.4643734643734644, 0.5, 0.4643734643734644], "acc": [0.40217391304347827, 0.40217391304347827, 0.40217391304347827, 0.40217391304347827, 0.45652173913043476, 0.40217391304347827, 0.5978260869565217, 0.40217391304347827, 0.5978260869565217, 0.40217391304347827], "aps": [0.4516759326262856, 0.41942999245565826, 0.39406356628643013, 0.387009825027884, 0.39773844021337423, 0.39406356628643013, 0.40217391304347827, 0.39406356628643013, 0.40217391304347827, 0.39406356628643013], "f1": [0.5736434108527132, 0.5736434108527132, 0.5736434108527132, 0.5736434108527132, 0.5098039215686274, 0.5736434108527132, 0.0, 0.5736434108527132, 0.0, 0.5736434108527132], "auprc": [0.4422978912622417, 0.4009342311507036, 0.3780957665137292, 0.37262648227039985, 0.4022351550003591, 0.3780957665137292, 0.7010869565217391, 0.3780957665137292, 0.7010869565217391, 0.3780957665137292]}]}