{"auroc": [0.4867321867321867, 0.5201474201474201, 0.5233415233415233, 0.5375921375921376, 0.42309582309582305, 0.5206388206388206, 0.502948402948403, 0.5199017199017198, 0.39189189189189194, 0.48255528255528257], "acc": [0.40217391304347827, 0.40217391304347827, 0.40217391304347827, 0.40217391304347827, 0.40217391304347827, 0.5978260869565217, 0.40217391304347827, 0.5978260869565217, 0.40217391304347827, 0.40217391304347827], "aps": [0.38735065926243983, 0.40272699238637466, 0.4056594196869877, 0.41032986043025865, 0.38965910775078183, 0.3921483114534497, 0.4372489226339182, 0.4198296018292349, 0.3912626416209287, 0.4083293112096646], "f1": [0.5736434108527132, 0.5736434108527132, 0.5736434108527132, 0.5736434108527132, 0.5736434108527132, 0.0, 0.5736434108527132, 0.0, 0.5736434108527132, 0.5736434108527132], "auprc": [0.37328709692288803, 0.3879781794553637, 0.3936654030361121, 0.39535401170564327, 0.3799395078845644, 0.3811293177842434, 0.4261996715829826, 0.40448383228163826, 0.37880126355152316, 0.3999704327380104]}