{"auroc": [0.4712530712530713, 0.4491400491400491, 0.47395577395577404, 0.48329238329238333, 0.47051597051597055, 0.4793611793611793, 0.4845208845208846, 0.4796068796068796, 0.47174447174447176, 0.4137592137592138], "acc": [0.40217391304347827, 0.5978260869565217, 0.5978260869565217, 0.5978260869565217, 0.5978260869565217, 0.40217391304347827, 0.5978260869565217, 0.5978260869565217, 0.40217391304347827, 0.40217391304347827], "aps": [0.4047368710155865, 0.4025809067094291, 0.4165222599743732, 0.4275818962981976, 0.42793213452334106, 0.4057663553880849, 0.3878195249869935, 0.43303980864457686, 0.3896072030712037, 0.3733121261826698], "f1": [0.5736434108527132, 0.0, 0.0, 0.0, 0.05128205128205129, 0.5736434108527132, 0.0, 0.0, 0.5736434108527132, 0.5736434108527132], "auprc": [0.3887315427973474, 0.3911304146200488, 0.40800370686523824, 0.4160016267431637, 0.41643576474469185, 0.39528402150720476, 0.3750331238023334, 0.4145096661983141, 0.37412997745926757, 0.35889247243098155]}