{"auroc": [0.5943488943488944, 0.5125307125307126, 0.43734643734643736, 0.45921375921375923, 0.4850122850122851, 0.5122850122850123, 0.4884520884520885, 0.5083538083538084, 0.4628992628992629, 0.5727272727272726], "acc": [0.5978260869565217, 0.40217391304347827, 0.40217391304347827, 0.40217391304347827, 0.40217391304347827, 0.40217391304347827, 0.40217391304347827, 0.40217391304347827, 0.5978260869565217, 0.40217391304347827], "aps": [0.502670408147851, 0.4698394070027046, 0.3868747553456501, 0.43243311785146427, 0.43856641460586754, 0.46248720145275085, 0.3874016225986473, 0.42625566881065885, 0.4365519221524659, 0.46357643881421906], "f1": [0.0, 0.5736434108527132, 0.5736434108527132, 0.5736434108527132, 0.5736434108527132, 0.5736434108527132, 0.5736434108527132, 0.5736434108527132, 0.0, 0.5736434108527132], "auprc": [0.49451183099714996, 0.4624876506796468, 0.37726766132341927, 0.42367966238440846, 0.42772079959632503, 0.45631281933913054, 0.37392458011104107, 0.41311942770595206, 0.42915328514032486, 0.4454297673284625]}