{"rf": [{"auroc": [0.6093366093366093], "acc": [0.5978260869565217], "aps": [0.5093108414242657], "f1": [0.0], "auprc": [0.4974943897408129]}], "enet": [{"auroc": [0.5941031941031941], "acc": [0.6086956521739131], "aps": [0.5192933449894674], "f1": [0.052631578947368425], "auprc": [0.5109744593982095]}]}