{"auroc": [0.4493857493857494, 0.485012285012285, 0.47199017199017207, 0.48108108108108105, 0.473955773955774, 0.4943488943488944, 0.48992628992629, 0.4864864864864865, 0.47592137592137596, 0.5904176904176905], "acc": [0.5978260869565217, 0.40217391304347827, 0.5978260869565217, 0.40217391304347827, 0.40217391304347827, 0.40217391304347827, 0.40217391304347827, 0.40217391304347827, 0.40217391304347827, 0.5978260869565217], "aps": [0.3769411022732889, 0.40122241379071916, 0.3893466126488233, 0.3966060298036002, 0.3843023375588866, 0.40254857991499093, 0.4029566038086373, 0.3973605850664546, 0.39196355982718045, 0.44455842110062216], "f1": [0.0, 0.5736434108527132, 0.0, 0.5736434108527132, 0.5736434108527132, 0.5736434108527132, 0.5736434108527132, 0.5736434108527132, 0.5736434108527132, 0.0], "auprc": [0.3619679635711996, 0.38551785424138685, 0.3738972678561547, 0.3809831841594262, 0.3700984590327166, 0.3871094772794972, 0.3870289138424843, 0.3817339696010749, 0.3747087179654678, 0.4311581634938247]}