{"enet": [{"auroc": [0.5901719901719902, 0.5985257985257986, 0.5995085995085996, 0.5818181818181818, 0.5931203931203932, 0.5842751842751843, 0.5818181818181818, 0.5985257985257986, 0.5842751842751843, 0.5842751842751843], "acc": [0.40217391304347827, 0.40217391304347827, 0.40217391304347827, 0.40217391304347827, 0.40217391304347827, 0.40217391304347827, 0.40217391304347827, 0.40217391304347827, 0.40217391304347827, 0.40217391304347827], "aps": [0.5010492249435393, 0.5099822214326168, 0.5087177256063914, 0.4870716602409439, 0.5020446545658781, 0.49852078126410787, 0.4870716602409439, 0.5099822214326168, 0.49852078126410787, 0.49852078126410787], "f1": [0.5736434108527132, 0.5736434108527132, 0.5736434108527132, 0.5736434108527132, 0.5736434108527132, 0.5736434108527132, 0.5736434108527132, 0.5736434108527132, 0.5736434108527132, 0.5736434108527132], "auprc": [0.4890427262461333, 0.5002932065318869, 0.49900244525996906, 0.4751382204056765, 0.4922584546105597, 0.48886343728012543, 0.4751382204056765, 0.5002932065318869, 0.48886343728012543, 0.48886343728012543]}]}