{"enet": [{"auroc": [0.597051597051597, 0.5, 0.5, 0.5, 0.5, 0.5, 0.5, 0.427027027027027, 0.5, 0.6147420147420147], "acc": [0.40217391304347827, 0.40217391304347827, 0.40217391304347827, 0.40217391304347827, 0.40217391304347827, 0.40217391304347827, 0.40217391304347827, 0.5869565217391305, 0.40217391304347827, 0.5978260869565217], "aps": [0.5231919099699329, 0.40217391304347827, 0.40217391304347827, 0.40217391304347827, 0.40217391304347827, 0.40217391304347827, 0.40217391304347827, 0.3752305214887439, 0.40217391304347827, 0.5638516975433807], "f1": [0.5736434108527132, 0.5736434108527132, 0.5736434108527132, 0.5736434108527132, 0.5736434108527132, 0.5736434108527132, 0.5736434108527132, 0.0, 0.5736434108527132, 0.0], "auprc": [0.5135937083001569, 0.7010869565217391, 0.7010869565217391, 0.7010869565217391, 0.7010869565217391, 0.7010869565217391, 0.7010869565217391, 0.3607533259781074, 0.7010869565217391, 0.5560490844744745]}]}