{"enet": [{"auroc": [0.6339066339066339, 0.5, 0.5, 0.5144963144963146, 0.5, 0.5, 0.6373464373464374, 0.5, 0.5, 0.5], "acc": [0.40217391304347827, 0.40217391304347827, 0.40217391304347827, 0.40217391304347827, 0.40217391304347827, 0.40217391304347827, 0.40217391304347827, 0.40217391304347827, 0.40217391304347827, 0.40217391304347827], "aps": [0.6051766794976292, 0.40217391304347827, 0.40217391304347827, 0.4455842187962631, 0.40217391304347827, 0.40217391304347827, 0.5857767325954164, 0.40217391304347827, 0.40217391304347827, 0.40217391304347827], "f1": [0.5736434108527132, 0.5736434108527132, 0.5736434108527132, 0.5736434108527132, 0.5736434108527132, 0.5736434108527132, 0.5736434108527132, 0.5736434108527132, 0.5736434108527132, 0.5736434108527132], "auprc": [0.5994774708081247, 0.7010869565217391, 0.7010869565217391, 0.4269833810294172, 0.7010869565217391, 0.7010869565217391, 0.5789929062399359, 0.7010869565217391, 0.7010869565217391, 0.7010869565217391]}]}