{"auroc": [0.4845208845208846, 0.5636363636363636, 0.45110565110565115, 0.5739557739557739, 0.4343980343980344, 0.5611793611793612, 0.45061425061425064, 0.5314496314496315, 0.5786240786240786, 0.6014742014742015], "acc": [0.5978260869565217, 0.40217391304347827, 0.40217391304347827, 0.40217391304347827, 0.40217391304347827, 0.40217391304347827, 0.40217391304347827, 0.40217391304347827, 0.40217391304347827, 0.40217391304347827], "aps": [0.39150263064305657, 0.45819271314641186, 0.3716295999523166, 0.4313852818975916, 0.3611462196638964, 0.45627801518594546, 0.38901257599581374, 0.42535190970551584, 0.4410375428107687, 0.47301705712423436], "f1": [0.0, 0.5736434108527132, 0.5736434108527132, 0.5736434108527132, 0.5736434108527132, 0.5736434108527132, 0.5736434108527132, 0.5736434108527132, 0.5736434108527132, 0.5736434108527132], "auprc": [0.37462203281878015, 0.4421893907615701, 0.3579568482064943, 0.41281966432982187, 0.346622584419536, 0.44152163384058846, 0.37321818562534614, 0.40747238082806847, 0.4278223640560701, 0.4548322251695371]}