{"enet": [{"auroc": [0.509090909090909, 0.5, 0.5, 0.5, 0.509090909090909, 0.509090909090909, 0.5164619164619165, 0.5, 0.5, 0.5], "acc": [0.40217391304347827, 0.40217391304347827, 0.40217391304347827, 0.40217391304347827, 0.40217391304347827, 0.40217391304347827, 0.40217391304347827, 0.40217391304347827, 0.40217391304347827, 0.40217391304347827], "aps": [0.4597451539592143, 0.40217391304347827, 0.40217391304347827, 0.40217391304347827, 0.4597451539592143, 0.4597451539592143, 0.43900449691172366, 0.40217391304347827, 0.40217391304347827, 0.40217391304347827], "f1": [0.5736434108527132, 0.5736434108527132, 0.5736434108527132, 0.5736434108527132, 0.5736434108527132, 0.5736434108527132, 0.5736434108527132, 0.5736434108527132, 0.5736434108527132, 0.5736434108527132], "auprc": [0.4501473029672681, 0.7010869565217391, 0.7010869565217391, 0.7010869565217391, 0.4501473029672681, 0.4501473029672681, 0.42732953119669576, 0.7010869565217391, 0.7010869565217391, 0.7010869565217391]}]}