{"auroc": [0.5798525798525799, 0.5832923832923833, 0.5963144963144964, 0.5651105651105651, 0.5818181818181818, 0.6137592137592138, 0.5877149877149879, 0.5786240786240787, 0.5921375921375922, 0.6024570024570025], "acc": [0.40217391304347827, 0.40217391304347827, 0.5978260869565217, 0.5978260869565217, 0.40217391304347827, 0.5978260869565217, 0.40217391304347827, 0.40217391304347827, 0.40217391304347827, 0.40217391304347827], "aps": [0.4967749948301755, 0.5023371889708198, 0.5453965358739763, 0.48708371626440405, 0.4970444337771911, 0.501457216521275, 0.5057454089736978, 0.505862576964133, 0.4943394920647599, 0.5013216072612046], "f1": [0.5736434108527132, 0.5736434108527132, 0.0, 0.0, 0.5736434108527132, 0.0, 0.5736434108527132, 0.5736434108527132, 0.5736434108527132, 0.5736434108527132], "auprc": [0.48530197410730735, 0.49086144394088027, 0.5348227119748553, 0.4756262877145063, 0.48555885867337034, 0.48312203366576656, 0.4942611795450626, 0.4945275028797131, 0.47583520334162, 0.48200921333355295]}