{"auroc": [0.5874692874692875, 0.6113022113022113, 0.5538083538083538, 0.601965601965602, 0.600982800982801, 0.6108108108108108, 0.5749385749385749, 0.6000000000000001, 0.5955773955773956, 0.6211302211302212], "acc": [0.5978260869565217, 0.40217391304347827, 0.40217391304347827, 0.40217391304347827, 0.40217391304347827, 0.40217391304347827, 0.5978260869565217, 0.40217391304347827, 0.5978260869565217, 0.40217391304347827], "aps": [0.4789769705858147, 0.5022443616647392, 0.4915758388148944, 0.5109688789850655, 0.5201860641233484, 0.5019447249643952, 0.4591212732747829, 0.5184195057418817, 0.5075919020891024, 0.5132953549313505], "f1": [0.0, 0.5736434108527132, 0.5736434108527132, 0.5736434108527132, 0.5736434108527132, 0.5736434108527132, 0.0, 0.5736434108527132, 0.0, 0.5736434108527132], "auprc": [0.46277829923685715, 0.4834785668230875, 0.47989474875161847, 0.5018253617426985, 0.5106919813125533, 0.48316260199934347, 0.4404618580383544, 0.5087202546412103, 0.497803583129986, 0.4945800577924644]}