{"enet": [{"auroc": [0.5184275184275184, 0.5228501228501229, 0.5302211302211303, 0.4963144963144963, 0.4963144963144963, 0.4943488943488944, 0.4963144963144963, 0.5282555282555282, 0.4963144963144963, 0.5282555282555282], "acc": [0.40217391304347827, 0.5978260869565217, 0.5978260869565217, 0.5978260869565217, 0.5978260869565217, 0.5978260869565217, 0.5978260869565217, 0.40217391304347827, 0.5978260869565217, 0.40217391304347827], "aps": [0.4089802447429608, 0.4028796547445159, 0.40322498955137515, 0.3968911147018276, 0.3968911147018276, 0.38668771506790567, 0.3968911147018276, 0.41176673251465407, 0.3968911147018276, 0.41176673251465407], "f1": [0.5736434108527132, 0.0, 0.0, 0.0, 0.0, 0.0, 0.0, 0.5736434108527132, 0.0, 0.5736434108527132], "auprc": [0.39316947748661885, 0.3898817047436459, 0.39029208672291416, 0.38110812214304635, 0.38110812214304635, 0.3740867346300043, 0.38110812214304635, 0.39607031748854543, 0.38110812214304635, 0.39607031748854543]}]}