{"auroc": [0.5705159705159706, 0.5955773955773956, 0.5850122850122851, 0.6039312039312039, 0.5862407862407863, 0.5737100737100738, 0.5587223587223588, 0.601965601965602, 0.5567567567567568, 0.5587223587223588], "acc": [0.5978260869565217, 0.40217391304347827, 0.40217391304347827, 0.40217391304347827, 0.40217391304347827, 0.40217391304347827, 0.40217391304347827, 0.40217391304347827, 0.5978260869565217, 0.40217391304347827], "aps": [0.4604323263667268, 0.4739164590344338, 0.507460937755019, 0.4909112914957582, 0.4800043984248334, 0.5063914085864107, 0.42982287656115303, 0.4818229512611484, 0.4308392803965817, 0.48551723520797047], "f1": [0.0, 0.5736434108527132, 0.5736434108527132, 0.5736434108527132, 0.5736434108527132, 0.5736434108527132, 0.5736434108527132, 0.5736434108527132, 0.0, 0.5736434108527132], "auprc": [0.4410240786703315, 0.45881306368266295, 0.4912163597738128, 0.47589703528820065, 0.46498712517738555, 0.49469300013706596, 0.41191999032197935, 0.46667625069995455, 0.4148589508347347, 0.47359777712263035]}