{"auroc": [0.5906633906633907, 0.5995085995085996, 0.5651105651105651, 0.5855036855036856, 0.5916461916461917, 0.5253071253071253, 0.5518427518427519, 0.64004914004914, 0.5997542997542997, 0.5002457002457003], "acc": [0.40217391304347827, 0.40217391304347827, 0.40217391304347827, 0.40217391304347827, 0.40217391304347827, 0.5978260869565217, 0.5978260869565217, 0.40217391304347827, 0.40217391304347827, 0.40217391304347827], "aps": [0.533125961268992, 0.5419768147476789, 0.5030891117314238, 0.4393372137231081, 0.5375816218097035, 0.45728820368015866, 0.46965471392552216, 0.5734412691922028, 0.5273284351055529, 0.4261042567621357], "f1": [0.5736434108527132, 0.5736434108527132, 0.5736434108527132, 0.5736434108527132, 0.5736434108527132, 0.0, 0.0, 0.5736434108527132, 0.5736434108527132, 0.5736434108527132], "auprc": [0.5252157242682849, 0.5343413999353028, 0.49484439783746514, 0.4261804977767083, 0.5302778345219472, 0.43844491411596875, 0.45770791600832816, 0.5658479028773258, 0.5177503035991395, 0.41008074793899235]}