{"enet": [{"auroc": [0.5498771498771499, 0.5, 0.5375921375921376, 0.5, 0.5, 0.47862407862407863, 0.5375921375921376, 0.5, 0.5375921375921376, 0.5375921375921376], "acc": [0.40217391304347827, 0.5978260869565217, 0.41304347826086957, 0.5978260869565217, 0.5978260869565217, 0.5978260869565217, 0.41304347826086957, 0.40217391304347827, 0.41304347826086957, 0.41304347826086957], "aps": [0.41088265735183893, 0.40217391304347827, 0.4091757029561358, 0.40217391304347827, 0.40217391304347827, 0.3719173607829624, 0.4091757029561358, 0.40217391304347827, 0.4091757029561358, 0.4091757029561358], "f1": [0.5736434108527132, 0.0, 0.5573770491803278, 0.0, 0.0, 0.0, 0.5573770491803278, 0.5736434108527132, 0.5573770491803278, 0.5573770491803278], "auprc": [0.398012910614392, 0.7010869565217391, 0.46683540940441337, 0.7010869565217391, 0.7010869565217391, 0.3590296979114697, 0.46683540940441337, 0.7010869565217391, 0.46683540940441337, 0.46683540940441337]}]}