{"auroc": [0.4943488943488944, 0.4162162162162162, 0.5321867321867322, 0.5233415233415235, 0.4363636363636364, 0.5366093366093366, 0.4995085995085995, 0.46093366093366095, 0.42162162162162165, 0.5036855036855037], "acc": [0.40217391304347827, 0.40217391304347827, 0.40217391304347827, 0.5978260869565217, 0.5978260869565217, 0.5978260869565217, 0.40217391304347827, 0.40217391304347827, 0.5978260869565217, 0.5978260869565217], "aps": [0.4457358427716529, 0.36361447378488954, 0.4140273852718993, 0.4166995663551005, 0.3555037222656092, 0.43396253297623005, 0.38407188875076803, 0.37810315317117626, 0.3534883775349934, 0.412514592440694], "f1": [0.5736434108527132, 0.5736434108527132, 0.5736434108527132, 0.0, 0.0, 0.0, 0.5736434108527132, 0.5736434108527132, 0.0, 0.0], "auprc": [0.4343130421546449, 0.34853169323553795, 0.40018724669400296, 0.4000462048050002, 0.34235246370069494, 0.41904907714165773, 0.37147782205310353, 0.3642516468421529, 0.3402749665937505, 0.3956390277371558]}