{"auroc": [0.5469287469287469, 0.4776412776412776, 0.4471744471744472, 0.5110565110565111, 0.5004914004914005, 0.5312039312039312, 0.571990171990172, 0.5717444717444717, 0.5712530712530712, 0.4587223587223588], "acc": [0.40217391304347827, 0.40217391304347827, 0.40217391304347827, 0.40217391304347827, 0.40217391304347827, 0.40217391304347827, 0.40217391304347827, 0.40217391304347827, 0.40217391304347827, 0.40217391304347827], "aps": [0.42282512793498483, 0.443650890892827, 0.38792841607757667, 0.41819115218614417, 0.3940300478413534, 0.42929261044587574, 0.4518775065894153, 0.4420193107322018, 0.44998405544115694, 0.3968307103856091], "f1": [0.5736434108527132, 0.5736434108527132, 0.5736434108527132, 0.5736434108527132, 0.5736434108527132, 0.5736434108527132, 0.5736434108527132, 0.5736434108527132, 0.5736434108527132, 0.5736434108527132], "auprc": [0.40770381528851124, 0.4358701016668574, 0.3721232997574306, 0.4074893021075167, 0.3815970732266788, 0.4186340796749977, 0.43366467843517376, 0.42457397877685515, 0.4326792615376548, 0.3838032955207057]}