{"enet": [{"auroc": [0.5243243243243244, 0.5882063882063883, 0.5882063882063883, 0.5882063882063883, 0.5882063882063883, 0.5186732186732187, 0.5533169533169533, 0.5, 0.5, 0.5], "acc": [0.40217391304347827, 0.5652173913043478, 0.5652173913043478, 0.5652173913043478, 0.5652173913043478, 0.41304347826086957, 0.40217391304347827, 0.40217391304347827, 0.40217391304347827, 0.40217391304347827], "aps": [0.458596979545553, 0.47029717428204143, 0.47029717428204143, 0.47029717428204143, 0.47029717428204143, 0.41167976259254146, 0.4681903894512558, 0.40217391304347827, 0.40217391304347827, 0.40217391304347827], "f1": [0.5736434108527132, 0.47368421052631576, 0.47368421052631576, 0.47368421052631576, 0.47368421052631576, 0.578125, 0.5736434108527132, 0.5736434108527132, 0.5736434108527132, 0.5736434108527132], "auprc": [0.4468250942996118, 0.4541067804574162, 0.4541067804574162, 0.4541067804574162, 0.4541067804574162, 0.6897826475919782, 0.4494831106300134, 0.7010869565217391, 0.7010869565217391, 0.7010869565217391]}]}