{"rf": [{"auroc": [0.49361179361179364], "acc": [0.41304347826086957], "aps": [0.4077977335088311], "f1": [0.5714285714285715]}], "enet": [{"auroc": [0.45012285012285014], "acc": [0.5978260869565217], "aps": [0.3744790076766972], "f1": [0.0]}]}