{"auroc": [0.5122850122850123, 0.5501228501228501, 0.4992628992628993, 0.5272727272727273, 0.5154791154791155, 0.5272727272727273, 0.48943488943488944, 0.5356265356265356, 0.4675675675675676, 0.43292383292383296], "acc": [0.40217391304347827, 0.40217391304347827, 0.40217391304347827, 0.40217391304347827, 0.40217391304347827, 0.40217391304347827, 0.40217391304347827, 0.40217391304347827, 0.40217391304347827, 0.40217391304347827], "aps": [0.39092537853153664, 0.40982913174268176, 0.3847641792773725, 0.39413322009445534, 0.3967520280198298, 0.39759601397490435, 0.39705168975873645, 0.4174266648774191, 0.4196571028816851, 0.36244193014259346], "f1": [0.5736434108527132, 0.5736434108527132, 0.5736434108527132, 0.5736434108527132, 0.5736434108527132, 0.5736434108527132, 0.5736434108527132, 0.5736434108527132, 0.5736434108527132, 0.5736434108527132], "auprc": [0.3798942020234013, 0.3982372802469397, 0.3730538568654331, 0.3823767201566871, 0.3842758456490385, 0.38166449443258643, 0.3828542711501085, 0.4045824439862882, 0.4016743658248809, 0.3475378777623116]}