{"enet": [{"auroc": [0.5, 0.5, 0.5, 0.4152334152334152, 0.5, 0.5, 0.5, 0.4167076167076167, 0.5, 0.4167076167076167], "acc": [0.40217391304347827, 0.40217391304347827, 0.40217391304347827, 0.40217391304347827, 0.40217391304347827, 0.40217391304347827, 0.40217391304347827, 0.40217391304347827, 0.40217391304347827, 0.40217391304347827], "aps": [0.40217391304347827, 0.40217391304347827, 0.40217391304347827, 0.3640024278057438, 0.40217391304347827, 0.40217391304347827, 0.40217391304347827, 0.36613434387665356, 0.40217391304347827, 0.36613434387665356], "f1": [0.5736434108527132, 0.5736434108527132, 0.5736434108527132, 0.5736434108527132, 0.5736434108527132, 0.5736434108527132, 0.5736434108527132, 0.5736434108527132, 0.5736434108527132, 0.5736434108527132], "auprc": [0.7010869565217391, 0.7010869565217391, 0.7010869565217391, 0.3500911308048417, 0.7010869565217391, 0.7010869565217391, 0.7010869565217391, 0.3511089006371766, 0.7010869565217391, 0.3511089006371766]}]}