{"enet": [{"auroc": [0.4855036855036855, 0.49090909090909085, 0.49090909090909085, 0.485995085995086, 0.4845208845208845, 0.485995085995086, 0.4855036855036855, 0.485995085995086, 0.48599508599508606, 0.48009828009828015], "acc": [0.45652173913043476, 0.44565217391304346, 0.44565217391304346, 0.45652173913043476, 0.4891304347826087, 0.45652173913043476, 0.45652173913043476, 0.45652173913043476, 0.5652173913043478, 0.4782608695652174], "aps": [0.3979446349013397, 0.39588909949126505, 0.39588909949126505, 0.40282874698595017, 0.39672177632717376, 0.40282874698595017, 0.3979446349013397, 0.40282874698595017, 0.3959556118349875, 0.38982733490852917], "f1": [0.4444444444444445, 0.578512396694215, 0.578512396694215, 0.5098039215686274, 0.5765765765765767, 0.5098039215686274, 0.4444444444444445, 0.5098039215686274, 0.2, 0.5789473684210525], "auprc": [0.37988022694318907, 0.38003537448949737, 0.38003537448949737, 0.38473768041183964, 0.37882612114313835, 0.38473768041183964, 0.37988022694318907, 0.38473768041183964, 0.3782497284355032, 0.3742490564309055]}]}