{"auroc": [0.4673218673218673, 0.44668304668304665, 0.5312039312039313, 0.5061425061425062, 0.4363636363636364, 0.4803439803439804, 0.46977886977886985, 0.48378378378378384, 0.4653562653562654, 0.5297297297297298], "acc": [0.40217391304347827, 0.40217391304347827, 0.5978260869565217, 0.5978260869565217, 0.40217391304347827, 0.40217391304347827, 0.40217391304347827, 0.40217391304347827, 0.40217391304347827, 0.5978260869565217], "aps": [0.376598880941767, 0.3791561176882315, 0.46249036523018516, 0.39673417947428474, 0.3673185113084899, 0.39888338676573887, 0.3752268690602676, 0.39315158384267473, 0.3794331381144499, 0.4087937163824949], "f1": [0.5736434108527132, 0.5736434108527132, 0.0, 0.0, 0.5736434108527132, 0.5736434108527132, 0.5736434108527132, 0.5736434108527132, 0.5736434108527132, 0.0], "auprc": [0.36184923294412064, 0.3654434230210406, 0.4514114594218907, 0.382310001624816, 0.3521526058414929, 0.38061605458560493, 0.36223693119189393, 0.3794976453781612, 0.3642916147579429, 0.39457756029914515]}