{"rf": [{"auroc": [0.6176904176904177], "acc": [0.42391304347826086], "aps": [0.5040864002972871], "f1": [0.5826771653543308]}], "enet": [{"auroc": [0.4255528255528256], "acc": [0.5978260869565217], "aps": [0.3689490829846723], "f1": [0.0]}]}