{"auroc": [0.5171990171990172, 0.5113022113022113, 0.6245700245700245, 0.4491400491400492, 0.5346437346437346, 0.5093366093366093, 0.5277641277641278, 0.5444717444717445, 0.5184275184275184, 0.5727272727272726], "acc": [0.5978260869565217, 0.40217391304347827, 0.40217391304347827, 0.40217391304347827, 0.5978260869565217, 0.40217391304347827, 0.40217391304347827, 0.40217391304347827, 0.5978260869565217, 0.40217391304347827], "aps": [0.4150285769123635, 0.4365537936115417, 0.5602479242851998, 0.3656035512014184, 0.47527646373449006, 0.41481059504086726, 0.47478426633063114, 0.45016212157316904, 0.4508108917651702, 0.4888069017843021], "f1": [0.0, 0.5736434108527132, 0.5736434108527132, 0.5736434108527132, 0.0, 0.5736434108527132, 0.5736434108527132, 0.5736434108527132, 0.0, 0.5736434108527132], "auprc": [0.40119329196389314, 0.4181781207881578, 0.5426117167903102, 0.3524788563629849, 0.4634487148118732, 0.3963468891988774, 0.4633344600697358, 0.43390257557493633, 0.43287089472300866, 0.4702577091986015]}