{"enet": [{"auroc": [0.45700245700245706, 0.45651105651105656, 0.5, 0.5, 0.5, 0.456019656019656, 0.5, 0.45503685503685504, 0.5, 0.45651105651105656], "acc": [0.40217391304347827, 0.5978260869565217, 0.40217391304347827, 0.40217391304347827, 0.40217391304347827, 0.40217391304347827, 0.40217391304347827, 0.40217391304347827, 0.40217391304347827, 0.40217391304347827], "aps": [0.38804920835426043, 0.38744860775365986, 0.40217391304347827, 0.40217391304347827, 0.40217391304347827, 0.38730081813218603, 0.40217391304347827, 0.3742574919345507, 0.40217391304347827, 0.38744860775365986], "f1": [0.5736434108527132, 0.0, 0.5736434108527132, 0.5736434108527132, 0.5736434108527132, 0.5736434108527132, 0.5736434108527132, 0.5736434108527132, 0.5736434108527132, 0.5736434108527132], "auprc": [0.378207097752512, 0.377719109764524, 0.7010869565217391, 0.7010869565217391, 0.7010869565217391, 0.3775717204066083, 0.7010869565217391, 0.35765675298005345, 0.7010869565217391, 0.377719109764524]}]}