{"enet": [{"auroc": [0.5326781326781327, 0.5066339066339067, 0.5203931203931205, 0.5, 0.5, 0.5125307125307126, 0.5125307125307126, 0.5203931203931205, 0.5, 0.5], "acc": [0.40217391304347827, 0.5978260869565217, 0.5978260869565217, 0.40217391304347827, 0.40217391304347827, 0.5978260869565217, 0.5978260869565217, 0.5978260869565217, 0.40217391304347827, 0.40217391304347827], "aps": [0.42631869734944905, 0.43535088199362343, 0.4188197761162483, 0.40217391304347827, 0.40217391304347827, 0.4165494512536916, 0.4165494512536916, 0.4188197761162483, 0.40217391304347827, 0.40217391304347827], "f1": [0.5736434108527132, 0.0, 0.0, 0.5736434108527132, 0.5736434108527132, 0.0, 0.0, 0.0, 0.5736434108527132, 0.5736434108527132], "auprc": [0.4107480480412519, 0.4237554955508563, 0.4006133630587827, 0.7010869565217391, 0.7010869565217391, 0.39820715522652916, 0.39820715522652916, 0.4006133630587827, 0.7010869565217391, 0.7010869565217391]}]}