{"enet": [{"auroc": [0.5542997542997543, 0.5336609336609337, 0.5331695331695332, 0.5336609336609337, 0.5336609336609337, 0.5, 0.5287469287469287, 0.5336609336609337, 0.5336609336609337, 0.515970515970516], "acc": [0.40217391304347827, 0.40217391304347827, 0.40217391304347827, 0.40217391304347827, 0.40217391304347827, 0.40217391304347827, 0.40217391304347827, 0.40217391304347827, 0.40217391304347827, 0.5978260869565217], "aps": [0.4644779837083872, 0.45232536189602546, 0.4398769977166934, 0.45232536189602546, 0.45232536189602546, 0.40217391304347827, 0.45370749425384016, 0.45232536189602546, 0.45232536189602546, 0.4327210748741742], "f1": [0.5736434108527132, 0.5736434108527132, 0.5736434108527132, 0.5736434108527132, 0.5736434108527132, 0.5736434108527132, 0.5736434108527132, 0.5736434108527132, 0.5736434108527132, 0.0], "auprc": [0.45259047562051286, 0.43374501138215543, 0.42146069395612873, 0.43374501138215543, 0.43374501138215543, 0.7010869565217391, 0.43509357203287563, 0.43374501138215543, 0.43374501138215543, 0.416315897755787]}]}