{"enet": [{"auroc": [0.47469287469287474, 0.4781326781326781, 0.4781326781326781, 0.5066339066339067, 0.4781326781326781, 0.47469287469287474, 0.4781326781326781, 0.4781326781326781, 0.4781326781326781, 0.4781326781326781], "acc": [0.40217391304347827, 0.40217391304347827, 0.40217391304347827, 0.40217391304347827, 0.40217391304347827, 0.40217391304347827, 0.40217391304347827, 0.40217391304347827, 0.40217391304347827, 0.40217391304347827], "aps": [0.40261481884644557, 0.3989907307717251, 0.3989907307717251, 0.43668549530614564, 0.3989907307717251, 0.40261481884644557, 0.3989907307717251, 0.3989907307717251, 0.3989907307717251, 0.3989907307717251], "f1": [0.5736434108527132, 0.5736434108527132, 0.5736434108527132, 0.5736434108527132, 0.5736434108527132, 0.5736434108527132, 0.5736434108527132, 0.5736434108527132, 0.5736434108527132, 0.5736434108527132], "auprc": [0.3844633686979624, 0.38083956766880506, 0.38083956766880506, 0.4254150267435334, 0.38083956766880506, 0.3844633686979624, 0.38083956766880506, 0.38083956766880506, 0.38083956766880506, 0.38083956766880506]}]}