{"auroc": [0.5683046683046683, 0.5457002457002458, 0.5714987714987715, 0.5105651105651106, 0.4513513513513514, 0.5754299754299755, 0.6029484029484029, 0.5434889434889435, 0.597051597051597, 0.5641277641277641], "acc": [0.40217391304347827, 0.5978260869565217, 0.40217391304347827, 0.40217391304347827, 0.40217391304347827, 0.40217391304347827, 0.40217391304347827, 0.40217391304347827, 0.40217391304347827, 0.40217391304347827], "aps": [0.5004906356381664, 0.4599743960088636, 0.501087821734751, 0.457036512985196, 0.3557576187957333, 0.5150154957750631, 0.539354762018341, 0.4566536635093491, 0.538055760842677, 0.5286405996275905], "f1": [0.5736434108527132, 0.0, 0.5736434108527132, 0.5736434108527132, 0.5736434108527132, 0.5736434108527132, 0.5736434108527132, 0.5736434108527132, 0.5736434108527132, 0.5736434108527132], "auprc": [0.49107384657569464, 0.4415716316657351, 0.4893776467727633, 0.4461695814412908, 0.344687446630399, 0.5067450018326014, 0.5312635856856736, 0.43819859211533396, 0.5307192287716445, 0.520763629007899]}