{"auroc": [0.49533169533169535, 0.5498771498771499, 0.47125307125307137, 0.4828009828009828, 0.534889434889435, 0.5061425061425062, 0.47592137592137596, 0.4928746928746929, 0.471990171990172, 0.49582309582309586], "acc": [0.40217391304347827, 0.5978260869565217, 0.40217391304347827, 0.40217391304347827, 0.40217391304347827, 0.40217391304347827, 0.40217391304347827, 0.40217391304347827, 0.40217391304347827, 0.40217391304347827], "aps": [0.40769647593859737, 0.450056229543001, 0.3925891062901539, 0.3966630334118796, 0.46125588551316093, 0.40679915169234404, 0.38852829606238787, 0.40569068464961444, 0.37863634662227197, 0.40885672642843796], "f1": [0.5736434108527132, 0.0, 0.5736434108527132, 0.5736434108527132, 0.5736434108527132, 0.5736434108527132, 0.5736434108527132, 0.5736434108527132, 0.5736434108527132, 0.5736434108527132], "auprc": [0.3902374937980166, 0.4348736167749155, 0.37658371123689505, 0.38104288201453934, 0.4493486565441684, 0.3922791943984259, 0.3742313022519338, 0.3879576752283846, 0.36536236278643985, 0.3912340648133337]}