{"best_index": [143, 1999, 70, 156, 212], "auroc": [0.43375, 0.44999999999999996, 0.64, 0.5800000000000001, 0.6174999999999999], "acc": [0.55, 0.5, 0.55, 0.55, 0.6], "aps": [0.5751078430161132, 0.5014322263993317, 0.6015689218360745, 0.5468176754467077, 0.5702385342851873], "f1": [0.18181818181818182, 0.09090909090909091, 0.6666666666666667, 0.6538461538461537, 0.68], "auprc": [0.5547142964854688, 0.48138251572558843, 0.7227433494610851, 0.7377416750249411, 0.7402931832999657]}