{"best_index": [164, 128, 125, 129, 69], "auroc": [0.32, 0.44749999999999995, 0.305, 0.47750000000000004, 0.315], "acc": [0.425, 0.5, 0.5, 0.45, 0.425], "aps": [0.45690814069327934, 0.5143730470760504, 0.41374319835948925, 0.5233978157910046, 0.4121064245142976], "f1": [0.5490196078431372, 0.5238095238095238, 0.6428571428571429, 0.56, 0.5490196078431372], "auprc": [0.4399279723654115, 0.4960845437504204, 0.3849643687425869, 0.4928463077946437, 0.3841476183201973]}