{"best_index": [179, 180, 109, 183, 132], "auroc": [0.595, 0.5, 0.6050000000000001, 0.6625, 0.45999999999999996], "acc": [0.6, 0.475, 0.475, 0.575, 0.375], "aps": [0.6242892892087439, 0.5936551238937808, 0.6834795899000792, 0.6588460886658996, 0.5471841005579883], "f1": [0.6190476190476191, 0.46153846153846156, 0.4324324324324324, 0.5142857142857143, 0.28571428571428575], "auprc": [0.6103297234144509, 0.5803832094331378, 0.6756649531726309, 0.6455573793461556, 0.53014376113416]}