{"best_index": [199, 543, 139, 102, 172], "auroc": [0.3275, 0.375, 0.4525, 0.5175, 0.47750000000000004], "acc": [0.425, 0.425, 0.525, 0.5, 0.525], "aps": [0.44551370445970784, 0.45025898829350763, 0.5077934331570583, 0.5957628244710788, 0.5275153678822158], "f1": [0.37837837837837834, 0.5306122448979592, 0.5581395348837209, 0.4444444444444445, 0.4571428571428572], "auprc": [0.4150459754993318, 0.42047868418754564, 0.4773055134051274, 0.5824639828151399, 0.5091220437366705]}