{"best_index": [807, 123, 83, 73, 130], "auroc": [0.5900000000000001, 0.4425, 0.45999999999999996, 0.5449999999999999, 0.38499999999999995], "acc": [0.5, 0.475, 0.475, 0.45, 0.45], "aps": [0.6411881396225672, 0.5350385254193791, 0.5176858843237371, 0.6321130302266553, 0.5060320424913329], "f1": [0.6296296296296295, 0.6037735849056605, 0.6037735849056605, 0.5925925925925927, 0.5769230769230769], "auprc": [0.6280279931052475, 0.5214194377941245, 0.4994148317089551, 0.6209476166708513, 0.4920779456775944]}