{"best_index": [145, 185, 666, 1209, 540], "auroc": [0.5487499999999998, 0.5249999999999999, 0.45625000000000004, 0.45, 0.675], "acc": [0.525, 0.525, 0.475, 0.45, 0.7], "aps": [0.5458333333333333, 0.5333333333333333, 0.47643197819668404, 0.47567476383265855, 0.6823529411764706], "f1": [0.1739130434782609, 0.09523809523809523, 0.6181818181818183, 0.6206896551724138, 0.625], "auprc": [0.6458333333333334, 0.6041666666666666, 0.6871235521235521, 0.7118589743589743, 0.7492937306501548]}