{"best_index": [1715, 185, 163, 206, 123], "auroc": [0.315, 0.4225, 0.6375, 0.3725, 0.45000000000000007], "acc": [0.425, 0.475, 0.625, 0.475, 0.4], "aps": [0.401416549220217, 0.5177493751459269, 0.6386633261962209, 0.5095862002874654, 0.5919118269288814], "f1": [0.5964912280701754, 0.631578947368421, 0.7169811320754716, 0.2222222222222222, 0.5714285714285714], "auprc": [0.38062316756286474, 0.4999119299065346, 0.6213053707302892, 0.49621498906118444, 0.5809026396993072]}