{"auroc": [0.52, 0.4800000000000001, 0.48, 0.48, 0.4, 0.48, 0.48, 0.52, 0.52, 0.32], "acc": [0.5, 0.5, 0.5, 0.5, 0.5, 0.5, 0.5, 0.5, 0.5, 0.5], "aps": [0.5644444444444444, 0.6142857142857143, 0.5533333333333333, 0.6301587301587301, 0.5857142857142856, 0.5533333333333333, 0.5533333333333333, 0.6444444444444444, 0.6444444444444444, 0.5638888888888889], "f1": [0.0, 0.0, 0.0, 0.0, 0.0, 0.0, 0.0, 0.0, 0.0, 0.0], "auprc": [0.47507936507936505, 0.5749206349206348, 0.4639682539682539, 0.5912698412698413, 0.5468253968253968, 0.4639682539682539, 0.4639682539682539, 0.6050793650793651, 0.6050793650793651, 0.5257936507936507]}