{"auroc": [0.56, 0.44000000000000006, 0.6, 0.5599999999999999, 0.48, 0.4800000000000001, 0.48, 0.5599999999999999, 0.5599999999999999, 0.56], "acc": [0.5, 0.5, 0.5, 0.5, 0.5, 0.5, 0.5, 0.5, 0.5, 0.5], "aps": [0.6533333333333333, 0.5333333333333333, 0.6592857142857143, 0.6644444444444444, 0.5533333333333333, 0.5476190476190476, 0.5444444444444445, 0.6644444444444444, 0.6644444444444444, 0.5866666666666666], "f1": [0.0, 0.0, 0.0, 0.0, 0.0, 0.0, 0.6666666666666666, 0.0, 0.0, 0.0], "auprc": [0.6144444444444443, 0.44396825396825396, 0.6201190476190476, 0.6250793650793651, 0.4639682539682539, 0.4582539682539682, 0.4550793650793651, 0.6250793650793651, 0.6250793650793651, 0.4977777777777777]}