{"best_index": [153, 116, 313, 227, 140], "auroc": [0.5422857142857143, 0.6062857142857142, 0.4302857142857142, 0.6005714285714285, 0.5902857142857143], "acc": [0.5833333333333334, 0.5833333333333334, 0.5833333333333334, 0.5833333333333334, 0.5833333333333334], "aps": [0.7007280392098939, 0.6842536152989751, 0.5836296168853549, 0.6967104108398983, 0.7177251915647085], "f1": [0.7368421052631579, 0.7368421052631579, 0.7368421052631579, 0.7368421052631579, 0.7368421052631579], "auprc": [0.6936311141723399, 0.6671373194480656, 0.5669448225827753, 0.680316642412308, 0.7128208193956793]}