{"enet": [{"auroc": [0.6616257088846881, 0.5, 0.5, 0.5, 0.5], "acc": [0.6521739130434783, 0.5, 0.5, 0.5, 0.5], "aps": [0.6165366614476155, 0.5, 0.5, 0.5, 0.5], "f1": [0.7037037037037037, 0.6666666666666666, 0.6666666666666666, 0.6666666666666666, 0.6666666666666666], "auprc": [0.6000039991188968, 0.75, 0.75, 0.75, 0.75]}]}