{"best_index": [31, 111, 58, 121, 100], "auroc": [0.34545454545454546, 0.5272727272727273, 0.4636363636363636, 0.5454545454545455, 0.5818181818181818], "acc": [0.47619047619047616, 0.5714285714285714, 0.47619047619047616, 0.5238095238095238, 0.6190476190476191], "aps": [0.4747925328885081, 0.5176647913490019, 0.5429667116509221, 0.5406138306138306, 0.5753221288515407], "f1": [0.15384615384615383, 0.47058823529411764, 0.4210526315789474, 0.5454545454545454, 0.5555555555555556], "auprc": [0.4490829865868564, 0.464366583708689, 0.5149168448510554, 0.48728244235984175, 0.5226824319471378]}