{"best_index": [113, 29, 108, 129, 74], "auroc": [0.3545454545454545, 0.5454545454545454, 0.6090909090909091, 0.5454545454545455, 0.6090909090909091], "acc": [0.42857142857142855, 0.6190476190476191, 0.6190476190476191, 0.5238095238095238, 0.6190476190476191], "aps": [0.4708088235294118, 0.5601406926406927, 0.6939129875971981, 0.5526215013057119, 0.588187134502924], "f1": [0.14285714285714288, 0.5555555555555556, 0.6666666666666666, 0.5454545454545454, 0.6], "auprc": [0.4468415189042124, 0.5077664247517188, 0.6800132761974866, 0.5002008663850769, 0.5360068174000062]}