{"best_index": [178, 120, 61, 133, 137], "auroc": [0.43100189035916825, 0.4366729678638941, 0.46880907372400754, 0.4574669187145558, 0.5368620037807184], "acc": [0.41304347826086957, 0.5217391304347826, 0.5434782608695652, 0.45652173913043476, 0.43478260869565216], "aps": [0.5258797385201578, 0.5564711161808495, 0.48615511946215906, 0.5236023831552525, 0.5438502822236296], "f1": [0.22857142857142854, 0.3125, 0.4, 0.24242424242424243, 0.31578947368421056], "auprc": [0.5154240048456814, 0.5462657910771671, 0.4623689036792073, 0.5072103059539121, 0.5271823052794108]}