{"best_index": [85, 68, 95, 118, 189], "auroc": [0.5141776937618148, 0.4517958412098299, 0.4971644612476371, 0.4706994328922495, 0.5236294896030246], "acc": [0.5652173913043478, 0.4782608695652174, 0.43478260869565216, 0.5217391304347826, 0.4782608695652174], "aps": [0.5233427887481673, 0.4984495599198279, 0.4837280029924425, 0.496969989163418, 0.5395881437477037], "f1": [0.3333333333333333, 0.25, 0.18750000000000003, 0.26666666666666666, 0.33333333333333337], "auprc": [0.49603763503951487, 0.47125644250069376, 0.46210762968213515, 0.46955234635742177, 0.5229368844560536]}