{"auroc": [0.5571428571428572, 0.4577142857142857, 0.604, 0.5068571428571428, 0.5982857142857142, 0.4622857142857143, 0.5525714285714285, 0.5617142857142857, 0.4211428571428571, 0.5182857142857142], "acc": [0.4166666666666667, 0.5833333333333334, 0.5833333333333334, 0.4166666666666667, 0.5833333333333334, 0.5, 0.5833333333333334, 0.5833333333333334, 0.5833333333333334, 0.5833333333333334], "aps": [0.657998706587776, 0.5741090165492737, 0.7040985133873737, 0.6285845634822071, 0.6452377639298178, 0.6493096740108139, 0.6484317797681287, 0.6730183336654785, 0.5693441721908227, 0.6530204702743782], "f1": [0.0, 0.7368421052631579, 0.7368421052631579, 0.0, 0.7368421052631579, 0.3181818181818182, 0.7368421052631579, 0.7368421052631579, 0.7368421052631579, 0.7368421052631579], "auprc": [0.650160830482814, 0.5618674131721432, 0.6980686628004173, 0.6196328099529245, 0.6268000877741357, 0.6440023822062936, 0.6402169440116747, 0.6646486809305033, 0.55704911402177, 0.6458565186077764]}