{"enet": [{"auroc": [0.4245714285714286, 0.5, 0.5, 0.5, 0.4828571428571428, 0.5, 0.5, 0.5, 0.5, 0.4668571428571428], "acc": [0.4166666666666667, 0.4166666666666667, 0.4166666666666667, 0.4166666666666667, 0.4166666666666667, 0.4166666666666667, 0.4166666666666667, 0.4166666666666667, 0.4166666666666667, 0.4166666666666667], "aps": [0.5436975955980435, 0.5833333333333334, 0.5833333333333334, 0.5833333333333334, 0.5806252766387157, 0.5833333333333334, 0.5833333333333334, 0.5833333333333334, 0.5833333333333334, 0.5714735474432828], "f1": [0.0, 0.0, 0.0, 0.0, 0.0, 0.0, 0.0, 0.0, 0.0, 0.0], "auprc": [0.5268194966835705, 0.7916666666666667, 0.7916666666666667, 0.7916666666666667, 0.5652542598958323, 0.7916666666666667, 0.7916666666666667, 0.7916666666666667, 0.7916666666666667, 0.5544975956139486]}]}