{"auroc": [0.516, 0.5274285714285714, 0.4074285714285715, 0.5365714285714286, 0.48857142857142855, 0.5137142857142857, 0.5605714285714285, 0.5137142857142857, 0.5057142857142857, 0.44399999999999995], "acc": [0.4166666666666667, 0.4166666666666667, 0.4166666666666667, 0.4166666666666667, 0.4166666666666667, 0.4166666666666667, 0.4166666666666667, 0.4166666666666667, 0.4166666666666667, 0.4166666666666667], "aps": [0.5963084925521819, 0.6324694985962249, 0.5307744187090875, 0.603697050435669, 0.5847640261822616, 0.5730913006609484, 0.6382594019465947, 0.6175891533401803, 0.5763748728920102, 0.5298407854525304], "f1": [0.0, 0.0, 0.0, 0.0, 0.0, 0.0, 0.0, 0.0, 0.0, 0.0], "auprc": [0.5771296435312407, 0.6210888299886631, 0.5149205332002126, 0.5844716618803013, 0.5656134916965634, 0.556449659328232, 0.6200756689365867, 0.6083332692214055, 0.5594654935544141, 0.5143851109826101]}