{"auroc": [0.34114285714285714, 0.2325714285714286, 0.39028571428571424, 0.32057142857142856, 0.30685714285714283, 0.35257142857142854, 0.41028571428571425, 0.5468571428571429, 0.4908571428571429, 0.4565714285714285], "acc": [0.5833333333333334, 0.5833333333333334, 0.5833333333333334, 0.5833333333333334, 0.5833333333333334, 0.5833333333333334, 0.5833333333333334, 0.5833333333333334, 0.5833333333333334, 0.4166666666666667], "aps": [0.5409367383776401, 0.43982428969055115, 0.5302848557896997, 0.5080023330889738, 0.5258986142084723, 0.5189142779707719, 0.559472414781362, 0.6350262842050606, 0.6260604978804745, 0.577061914833922], "f1": [0.7368421052631579, 0.7368421052631579, 0.7368421052631579, 0.7368421052631579, 0.7368421052631579, 0.7368421052631579, 0.7368421052631579, 0.7368421052631579, 0.7368421052631579, 0.0], "auprc": [0.5327338004556399, 0.4269789507350977, 0.5183254082142865, 0.4898312210097668, 0.5162144765376606, 0.5072237002539645, 0.5499264419379892, 0.6172136220848468, 0.6223763288473444, 0.558141185134535]}