{"auroc": [0.5537142857142856, 0.5102857142857142, 0.5479999999999999, 0.5262857142857142, 0.452, 0.5834285714285714, 0.6314285714285713, 0.5811428571428572, 0.4634285714285714, 0.6234285714285714], "acc": [0.4166666666666667, 0.4166666666666667, 0.4166666666666667, 0.4166666666666667, 0.4166666666666667, 0.4166666666666667, 0.4166666666666667, 0.4166666666666667, 0.4166666666666667, 0.4166666666666667], "aps": [0.7027198554893695, 0.6237164838594335, 0.6532641925885138, 0.6093759388722167, 0.5655500653901504, 0.6482643606852689, 0.6718621897649294, 0.6692512123480926, 0.5593591847308371, 0.6802805907395497], "f1": [0.0, 0.0, 0.0, 0.0, 0.0, 0.0, 0.0, 0.0, 0.0, 0.0], "auprc": [0.6996192755407499, 0.6121349919421483, 0.6448367930063206, 0.5929704417057351, 0.5491678921167797, 0.6392214863292703, 0.664745913373317, 0.6622750649659145, 0.540715893127838, 0.673273048327713]}