{"enet": [{"auroc": [0.6245714285714286, 0.6245714285714286, 0.6245714285714286, 0.6245714285714286, 0.6245714285714286, 0.6245714285714286, 0.6245714285714286, 0.6245714285714286, 0.6245714285714286, 0.5331428571428571], "acc": [0.6, 0.6, 0.6, 0.6, 0.6, 0.6, 0.6, 0.6, 0.6, 0.5833333333333334], "aps": [0.7085607918360309, 0.7085607918360309, 0.7085607918360309, 0.7085607918360309, 0.7085607918360309, 0.7085607918360309, 0.7085607918360309, 0.7085607918360309, 0.7085607918360309, 0.6163820395439058], "f1": [0.7272727272727272, 0.7272727272727272, 0.7272727272727272, 0.7272727272727272, 0.7272727272727272, 0.7272727272727272, 0.7272727272727272, 0.7272727272727272, 0.7272727272727272, 0.7368421052631579], "auprc": [0.7014707603577698, 0.7014707603577698, 0.7014707603577698, 0.7014707603577698, 0.7014707603577698, 0.7014707603577698, 0.7014707603577698, 0.7014707603577698, 0.7014707603577698, 0.5974427110070715]}]}