{"auroc": [0.5422857142857143, 0.4074285714285714, 0.5411428571428571, 0.44857142857142857, 0.388, 0.46114285714285713, 0.3354285714285714, 0.32971428571428574, 0.3434285714285714, 0.4005714285714286], "acc": [0.43333333333333335, 0.5833333333333334, 0.4166666666666667, 0.4166666666666667, 0.4166666666666667, 0.4166666666666667, 0.4166666666666667, 0.4166666666666667, 0.5833333333333334, 0.4166666666666667], "aps": [0.6195848254326645, 0.523493825402086, 0.6222500259188728, 0.5831480359737425, 0.5641008579759834, 0.6336468587342358, 0.4791972072281555, 0.47781259192307546, 0.5105955972995457, 0.5786360725533978], "f1": [0.05555555555555556, 0.7368421052631579, 0.0, 0.0, 0.0, 0.0, 0.0, 0.0, 0.7368421052631579, 0.0], "auprc": [0.6075260368288898, 0.5068615238031385, 0.6102430419669512, 0.5645683478181762, 0.5544311760918971, 0.6265400102091802, 0.4666882158075599, 0.46482013225023416, 0.4986930045707188, 0.5701017084754958]}