{"enet": [{"auroc": [0.594857142857143, 0.594857142857143, 0.594857142857143, 0.594857142857143, 0.594857142857143, 0.594857142857143, 0.594857142857143, 0.594857142857143, 0.594857142857143, 0.594857142857143], "acc": [0.4166666666666667, 0.4166666666666667, 0.4166666666666667, 0.4166666666666667, 0.4166666666666667, 0.4166666666666667, 0.4166666666666667, 0.4166666666666667, 0.4166666666666667, 0.4166666666666667], "aps": [0.688450953182485, 0.688450953182485, 0.688450953182485, 0.688450953182485, 0.688450953182485, 0.688450953182485, 0.688450953182485, 0.688450953182485, 0.688450953182485, 0.688450953182485], "f1": [0.0, 0.0, 0.0, 0.0, 0.0, 0.0, 0.0, 0.0, 0.0, 0.0], "auprc": [0.680946188924615, 0.680946188924615, 0.680946188924615, 0.680946188924615, 0.680946188924615, 0.680946188924615, 0.680946188924615, 0.680946188924615, 0.680946188924615, 0.680946188924615]}]}