{"rf": [{"auroc": [0.7125714285714285], "acc": [0.5833333333333334], "aps": [0.7313894492328382], "f1": [0.7368421052631579]}], "enet": [{"auroc": [0.5605714285714286], "acc": [0.4166666666666667], "aps": [0.6470426556552201], "f1": [0.0]}]}