{"rf": [{"auroc": [0.5514285714285714], "acc": [0.4166666666666667], "aps": [0.6114946727476083], "f1": [0.0], "auprc": [0.5928008954846089]}], "enet": [{"auroc": [0.5788571428571428], "acc": [0.4166666666666667], "aps": [0.6788363198538692], "f1": [0.0], "auprc": [0.67038918140366]}]}