{"rf": [{"auroc": [0.3817142857142856], "acc": [0.4], "aps": [0.5107340180955974], "f1": [0.0]}], "enet": [{"auroc": [0.6108571428571428], "acc": [0.4166666666666667], "aps": [0.7018767530722074], "f1": [0.0]}]}