{"best_index": [192, 90, 106, 59, 43], "auroc": [0.5595463137996219, 0.5311909262759925, 0.5217391304347826, 0.40075614366729684, 0.45746691871455575], "acc": [0.4782608695652174, 0.4782608695652174, 0.5, 0.4782608695652174, 0.4782608695652174], "aps": [0.560655189207296, 0.5280615149002478, 0.5359669424994574, 0.4654390806322456, 0.49042910106255067], "f1": [0.6470588235294117, 0.6470588235294117, 0.6666666666666666, 0.6470588235294117, 0.6470588235294117], "auprc": [0.5332526545036343, 0.5005181571057435, 0.5195167210604621, 0.4502316941818193, 0.4752091320915429]}