{"enet": [{"auroc": [0.7356443994601888, 0.771406882591093, 0.771406882591093, 0.706612685560054, 0.8065283400809716, 0.8149122807017543, 0.8149122807017543, 0.8363022941970311, 0.7797402159244264, 0.7985661268556006], "acc": [0.8149100257069408, 0.8354755784061697, 0.8354755784061697, 0.8123393316195373, 0.8149100257069408, 0.7892030848329049, 0.7892030848329049, 0.8200514138817481, 0.8226221079691517, 0.8174807197943444], "aps": [0.8427031083891974, 0.8613500607049469, 0.8613500607049469, 0.8261818910812132, 0.8877276772267084, 0.9131392052441201, 0.9131392052441201, 0.9106294690580412, 0.8653397154228796, 0.8799534621268735], "f1": [0.88, 0.8929765886287626, 0.8929765886287626, 0.8797364085667216, 0.8815789473684211, 0.8651315789473684, 0.8651315789473684, 0.8856209150326797, 0.8812392426850257, 0.8802698145025294], "auprc": [0.9129595544640219, 0.9235579228506916, 0.9235579228506916, 0.9062001496898506, 0.928681885805333, 0.9162598187812627, 0.9162598187812627, 0.9334047142384612, 0.9232933284313053, 0.929742682260884]}]}