{"enet": [{"auroc": [0.595344129554656, 0.5662112010796222, 0.5581309041835357, 0.6154014844804319, 0.5662112010796222, 0.595344129554656, 0.5563090418353577, 0.5603238866396761, 0.5548751686909581, 0.5504217273954116], "acc": [0.7480719794344473, 0.712082262210797, 0.7095115681233933, 0.7095115681233933, 0.712082262210797, 0.7480719794344473, 0.7095115681233933, 0.7172236503856041, 0.7017994858611826, 0.699228791773779], "aps": [0.7489904725252909, 0.7619483307143506, 0.7578961682121634, 0.799819452084147, 0.7619483307143506, 0.7489904725252909, 0.7561994033906201, 0.7578077459084782, 0.7555347642568481, 0.7538425612199111], "f1": [0.8528528528528528, 0.8193548387096774, 0.8192, 0.8168557536466775, 0.8193548387096774, 0.8528528528528528, 0.8186195826645266, 0.8225806451612904, 0.8122977346278317, 0.8115942028985507], "auprc": [0.7462350272480895, 0.8423404434516811, 0.8564700300853069, 0.8330814694464628, 0.8423404434516811, 0.7462350272480895, 0.8517114428823209, 0.8645923492590821, 0.8602923658192331, 0.858380570820017]}]}