{"enet": [{"auroc": [0.6704959514170039, 0.6793184885290149, 0.6894230769230769, 0.7052125506072875, 0.6704959514170039, 0.7746288798920378, 0.7746288798920378, 0.7052125506072875, 0.703997975708502, 0.7137820512820513], "acc": [0.7712082262210797, 0.7712082262210797, 0.7712082262210797, 0.7840616966580977, 0.7712082262210797, 0.7866323907455013, 0.7866323907455013, 0.7840616966580977, 0.7737789203084833, 0.7737789203084833], "aps": [0.8086858597569032, 0.8125211207742454, 0.8192265669312069, 0.8270959324458194, 0.8086858597569032, 0.8953306571174282, 0.8953306571174282, 0.8270959324458194, 0.8272379913820624, 0.8342679412472318], "f1": [0.8514190317195325, 0.8524046434494197, 0.8514190317195325, 0.8600000000000001, 0.8514190317195325, 0.8667736757624398, 0.8667736757624398, 0.8600000000000001, 0.8533333333333334, 0.8528428093645485], "auprc": [0.8928412615440725, 0.8957898457155936, 0.8942778132374891, 0.9014239440654781, 0.8928412615440725, 0.8950166335540064, 0.8950166335540064, 0.9014239440654781, 0.8987324355464039, 0.8946951998206951]}]}