{"enet": [{"auroc": [0.7898448043184885, 0.7878542510121458, 0.7906545209176788, 0.7906545209176788, 0.785762483130904, 0.7878879892037787, 0.7833670715249662, 0.7878542510121458, 0.7846491228070176, 0.7898448043184885], "acc": [0.8174807197943444, 0.8226221079691517, 0.8097686375321337, 0.8097686375321337, 0.8251928020565553, 0.7994858611825193, 0.8123393316195373, 0.8226221079691517, 0.8251928020565553, 0.8174807197943444], "aps": [0.880861827860526, 0.8747170507668056, 0.8822977919789492, 0.8822977919789492, 0.8709715013130542, 0.8754535386224971, 0.8751306811413204, 0.8747170507668056, 0.8763842574777414, 0.880861827860526], "f1": [0.8878357030015798, 0.8896, 0.8832807570977917, 0.8832807570977917, 0.891373801916933, 0.877742946708464, 0.884310618066561, 0.8896, 0.891373801916933, 0.8878357030015798], "auprc": [0.8800974629444773, 0.8732841383275056, 0.8814894830901696, 0.8814894830901696, 0.8695053318609571, 0.8743195783329845, 0.8737418225131826, 0.8732841383275056, 0.8750446364002799, 0.8800974629444773]}]}