{"enet": [{"auroc": [0.7826585695006748, 0.7769568151147097, 0.7769568151147097, 0.757962213225371, 0.757962213225371, 0.7657219973009447, 0.7826585695006748, 0.757962213225371, 0.757962213225371, 0.7241059379217274], "acc": [0.7994858611825193, 0.7994858611825193, 0.7994858611825193, 0.8071979434447301, 0.8071979434447301, 0.8149100257069408, 0.7994858611825193, 0.8071979434447301, 0.8071979434447301, 0.8046272493573264], "aps": [0.894182190041239, 0.8905367649744436, 0.8905367649744436, 0.876847497401151, 0.876847497401151, 0.8600230537630762, 0.894182190041239, 0.876847497401151, 0.876847497401151, 0.8363762886724645], "f1": [0.8753993610223642, 0.8745980707395499, 0.8745980707395499, 0.8784440842787683, 0.8784440842787683, 0.8767123287671234, 0.8753993610223642, 0.8784440842787683, 0.8784440842787683, 0.8741721854304635], "auprc": [0.8938407446890275, 0.8901787233363314, 0.8901787233363314, 0.876406448631024, 0.876406448631024, 0.9195530234326384, 0.8938407446890275, 0.876406448631024, 0.876406448631024, 0.9056125880532254]}]}