{"enet": [{"auroc": [0.5814271255060729, 0.587280701754386, 0.5471153846153847, 0.5776315789473684, 0.5, 0.5, 0.5403677462887989, 0.5471153846153847, 0.5471153846153847, 0.587280701754386], "acc": [0.6426735218508998, 0.6452442159383034, 0.6606683804627249, 0.6529562982005142, 0.7326478149100257, 0.7326478149100257, 0.6298200514138818, 0.6606683804627249, 0.6606683804627249, 0.6452442159383034], "aps": [0.7691620632505854, 0.7706600430579775, 0.751977209665072, 0.7659879095839959, 0.7326478149100257, 0.7326478149100257, 0.7492281321873203, 0.751977209665072, 0.751977209665072, 0.7706600430579775], "f1": [0.7504488330341114, 0.7509025270758124, 0.773972602739726, 0.7602131438721137, 0.8456973293768546, 0.8456973293768546, 0.7437722419928825, 0.773972602739726, 0.773972602739726, 0.7509025270758124], "auprc": [0.8395296044241397, 0.8533944070786192, 0.8494209926745668, 0.8425876073972681, 0.8663239074550129, 0.8663239074550129, 0.8305545551292629, 0.8494209926745668, 0.8494209926745668, 0.8533944070786192]}]}