{"enet": [{"auroc": [0.5647773279352226, 0.5647773279352226, 0.5, 0.5, 0.5, 0.5, 0.5738191632928475, 0.5675438596491228, 0.5, 0.5], "acc": [0.7326478149100257, 0.7326478149100257, 0.7326478149100257, 0.7326478149100257, 0.7326478149100257, 0.7326478149100257, 0.7326478149100257, 0.7326478149100257, 0.7326478149100257, 0.7326478149100257], "aps": [0.7645889460737482, 0.7645889460737482, 0.7326478149100257, 0.7326478149100257, 0.7326478149100257, 0.7326478149100257, 0.7670532789048522, 0.759852640380182, 0.7326478149100257, 0.7326478149100257], "f1": [0.8456973293768546, 0.8456973293768546, 0.8456973293768546, 0.8456973293768546, 0.8456973293768546, 0.8456973293768546, 0.8456973293768546, 0.8456973293768546, 0.8456973293768546, 0.8456973293768546], "auprc": [0.7618108429179978, 0.7618108429179978, 0.8663239074550129, 0.8663239074550129, 0.8663239074550129, 0.8663239074550129, 0.7654793519869165, 0.7578099233830586, 0.8663239074550129, 0.8663239074550129]}]}