{"enet": [{"auroc": [0.7849021592442644, 0.7849021592442644, 0.7714912280701753, 0.778373819163293, 0.7746626180836707, 0.7914979757085021, 0.7714912280701753, 0.8054318488529015, 0.7914979757085021, 0.7952935222672065], "acc": [0.8226221079691517, 0.8226221079691517, 0.8329048843187661, 0.8380462724935732, 0.8277634961439588, 0.8329048843187661, 0.8329048843187661, 0.8380462724935732, 0.8329048843187661, 0.8303341902313625], "aps": [0.8698733739147769, 0.8698733739147769, 0.8614577343739158, 0.8644553671998195, 0.8609804254696103, 0.8729269943567552, 0.8614577343739158, 0.8798690027701026, 0.8729269943567552, 0.8748486508372023], "f1": [0.8832487309644671, 0.8832487309644671, 0.8892674616695059, 0.8930390492359933, 0.8858603066439522, 0.8900169204737732, 0.8892674616695059, 0.8904347826086956, 0.8900169204737732, 0.88659793814433], "auprc": [0.9266468775825194, 0.9266468775825194, 0.9233213643937855, 0.9243644734513933, 0.9235879164481877, 0.9283266772415787, 0.9233213643937855, 0.9319376435190989, 0.9283266772415787, 0.9288150174676557]}]}