{"auroc": [0.6421558704453441, 0.5674257759784076, 0.5509278002699055, 0.5133940620782727, 0.429470310391363, 0.6099865047233469, 0.6668353576248313, 0.6994939271255061, 0.6906545209176788, 0.4982456140350877], "acc": [0.7326478149100257, 0.7326478149100257, 0.7326478149100257, 0.7326478149100257, 0.7326478149100257, 0.7326478149100257, 0.7326478149100257, 0.7326478149100257, 0.7326478149100257, 0.7326478149100257], "aps": [0.818844574942571, 0.7359312467734095, 0.7403572690044908, 0.738150202891413, 0.6749744901179429, 0.7949527312146007, 0.8019154445547476, 0.8043173932190735, 0.8108123112678312, 0.7280172137161751], "f1": [0.8456973293768546, 0.8456973293768546, 0.8456973293768546, 0.8456973293768546, 0.8456973293768546, 0.8456973293768546, 0.8456973293768546, 0.8456973293768546, 0.8456973293768546, 0.8456973293768546], "auprc": [0.8180148309069775, 0.7340565398324628, 0.7384848198487137, 0.7366107790868082, 0.6726867796292398, 0.7937717579344997, 0.7994423540301376, 0.8019248323649666, 0.8088707689548676, 0.7264316579919514]}