{"enet": [{"auroc": [0.5907219973009447, 0.5907219973009447, 0.5, 0.5, 0.5910931174089069, 0.5, 0.5, 0.5926113360323886, 0.5944331983805667, 0.5921727395411607], "acc": [0.7326478149100257, 0.7326478149100257, 0.7326478149100257, 0.7326478149100257, 0.7326478149100257, 0.7326478149100257, 0.7326478149100257, 0.7326478149100257, 0.7326478149100257, 0.7326478149100257], "aps": [0.775208537631763, 0.775208537631763, 0.7326478149100257, 0.7326478149100257, 0.7753138097142181, 0.7326478149100257, 0.7326478149100257, 0.7746945795950595, 0.7764231528705444, 0.7756298840061586], "f1": [0.8456973293768546, 0.8456973293768546, 0.8456973293768546, 0.8456973293768546, 0.8456973293768546, 0.8456973293768546, 0.8456973293768546, 0.8456973293768546, 0.8456973293768546, 0.8456973293768546], "auprc": [0.7735035515904135, 0.7735035515904135, 0.8663239074550129, 0.8663239074550129, 0.7736104659718488, 0.8663239074550129, 0.8663239074550129, 0.7729825293446164, 0.7747150017541021, 0.7739203773990504]}]}