{"auroc": [0.6295209176788125, 0.5414136302294197, 0.49807692307692303, 0.6477732793522267, 0.6532388663967612, 0.5056005398110661, 0.6307692307692307, 0.609261133603239, 0.4989203778677463, 0.4718286099865048], "acc": [0.7326478149100257, 0.7326478149100257, 0.7326478149100257, 0.7326478149100257, 0.7326478149100257, 0.26735218508997427, 0.7326478149100257, 0.7326478149100257, 0.7326478149100257, 0.7326478149100257], "aps": [0.7715204480184105, 0.743766372107831, 0.7250869362413919, 0.7821137136727669, 0.7832278703362464, 0.7201863611070367, 0.7661657246872529, 0.758435411641007, 0.7404022865262383, 0.7173993754837804], "f1": [0.8456973293768546, 0.8456973293768546, 0.8456973293768546, 0.8456973293768546, 0.8456973293768546, 0.0, 0.8456973293768546, 0.8456973293768546, 0.8456973293768546, 0.8456973293768546], "auprc": [0.7688669049581411, 0.7412420645469087, 0.723263905520082, 0.7791966455922033, 0.7807903889805841, 0.7178877335331448, 0.7636667750529067, 0.7557602684233287, 0.7391679135293383, 0.716029661495787]}