{"enet": [{"auroc": [0.8123819163292848, 0.8128542510121457, 0.8058367071524966, 0.8007759784075574, 0.811740890688259, 0.8058367071524966, 0.808502024291498, 0.8055330634278003, 0.8055330634278003, 0.8055330634278003], "acc": [0.8071979434447301, 0.7506426735218509, 0.8149100257069408, 0.7429305912596401, 0.7403598971722365, 0.8149100257069408, 0.7403598971722365, 0.7609254498714653, 0.7609254498714653, 0.7609254498714653], "aps": [0.9061147000900891, 0.9044948334279144, 0.8975183594095912, 0.8855258999651667, 0.9010505246297145, 0.8975183594095912, 0.8938692117697167, 0.8893031361458679, 0.8893031361458679, 0.8893031361458679], "f1": [0.881516587677725, 0.8536953242835597, 0.8815789473684211, 0.8502994011976047, 0.8485757121439281, 0.8815789473684211, 0.8490284005979073, 0.8588770864946889, 0.8588770864946889, 0.8588770864946889], "auprc": [0.9058179642111045, 0.9041236409975397, 0.897028513995885, 0.8848598921550668, 0.9006178489378536, 0.897028513995885, 0.8932727064044444, 0.8887695755253757, 0.8887695755253757, 0.8887695755253757]}]}