{"enet": [{"auroc": [0.7421727395411606, 0.7197874493927126, 0.7586707152496626, 0.7421727395411606, 0.7421727395411606, 0.7600877192982457, 0.7060222672064778, 0.6945681511470986, 0.7421727395411606, 0.6945681511470986], "acc": [0.7840616966580977, 0.7737789203084833, 0.7789203084832905, 0.7840616966580977, 0.7840616966580977, 0.7686375321336761, 0.7737789203084833, 0.7634961439588689, 0.7840616966580977, 0.7634961439588689], "aps": [0.8549481363788256, 0.8396839347654135, 0.8710580954956304, 0.8549481363788256, 0.8549481363788256, 0.8557887981003454, 0.8303462219033813, 0.8236293197067107, 0.8549481363788256, 0.8236293197067107], "f1": [0.8600000000000001, 0.8543046357615893, 0.859016393442623, 0.8600000000000001, 0.8600000000000001, 0.8584905660377358, 0.8533333333333334, 0.8440677966101695, 0.8600000000000001, 0.8440677966101695], "auprc": [0.8960041969281238, 0.8976719449474592, 0.8703392253443212, 0.8960041969281238, 0.8960041969281238, 0.8541764976119143, 0.8963639530389348, 0.8948662218216419, 0.8960041969281238, 0.8948662218216419]}]}