{"enet": [{"auroc": [0.4815452091767881, 0.4746288798920377, 0.49719973009446694, 0.4815452091767881, 0.4882253711201079, 0.47257085020242906, 0.488191632928475, 0.4882253711201079, 0.49719973009446694, 0.47621457489878544], "acc": [0.7326478149100257, 0.7326478149100257, 0.7326478149100257, 0.7326478149100257, 0.7326478149100257, 0.7326478149100257, 0.7326478149100257, 0.7326478149100257, 0.7326478149100257, 0.7326478149100257], "aps": [0.7462117070924044, 0.7373905279854454, 0.7473189821372469, 0.7462117070924044, 0.7477395439123931, 0.7361390524922135, 0.7441873334590793, 0.7477395439123931, 0.7473189821372469, 0.7379896441964107], "f1": [0.8456973293768546, 0.8456973293768546, 0.8456973293768546, 0.8456973293768546, 0.8456973293768546, 0.8456973293768546, 0.8456973293768546, 0.8456973293768546, 0.8456973293768546, 0.8456973293768546], "auprc": [0.7447779595124522, 0.7361493273101789, 0.7454031240845554, 0.7447779595124522, 0.746546164265345, 0.7348931944413004, 0.7429753007835659, 0.746546164265345, 0.7454031240845554, 0.7367475958625511]}]}