{"enet": [{"auroc": [0.6583164642375169, 0.6463562753036438, 0.6583164642375169, 0.6463562753036438, 0.6583164642375169, 0.6882253711201081, 0.6583164642375169, 0.6796896086369771, 0.637280701754386, 0.6463562753036438], "acc": [0.7634961439588689, 0.7480719794344473, 0.7634961439588689, 0.7480719794344473, 0.7634961439588689, 0.7532133676092545, 0.7634961439588689, 0.7480719794344473, 0.7609254498714653, 0.7480719794344473], "aps": [0.8054760173195172, 0.7995871318185295, 0.8054760173195172, 0.7995871318185295, 0.8054760173195172, 0.8370983573183923, 0.8054760173195172, 0.8351710130588605, 0.7929539974535329, 0.7995871318185295], "f1": [0.8471760797342194, 0.8393442622950821, 0.8471760797342194, 0.8393442622950821, 0.8471760797342194, 0.8436482084690554, 0.8471760797342194, 0.8398692810457518, 0.8472906403940885, 0.8393442622950821], "auprc": [0.8836100097344097, 0.8743133374476937, 0.8836100097344097, 0.8743133374476937, 0.8836100097344097, 0.8362759459152891, 0.8836100097344097, 0.8343550587418633, 0.8853717919964571, 0.8743133374476937]}]}