{"enet": [{"auroc": [0.6912955465587045, 0.6876349527665317, 0.6698549257759785, 0.6669871794871796, 0.6669871794871796, 0.6874493927125507, 0.6874493927125507, 0.6759109311740891, 0.6759109311740891, 0.6912955465587045], "acc": [0.7866323907455013, 0.7737789203084833, 0.7660668380462725, 0.7712082262210797, 0.7712082262210797, 0.781491002570694, 0.781491002570694, 0.7866323907455013, 0.7866323907455013, 0.7866323907455013], "aps": [0.8214541920166336, 0.819881418877601, 0.810762369965908, 0.8074231905001868, 0.8074231905001868, 0.8206860578168648, 0.8206860578168648, 0.8134711718866862, 0.8134711718866862, 0.8214541920166336], "f1": [0.8605042016806722, 0.8528428093645485, 0.8495867768595042, 0.8524046434494197, 0.8524046434494197, 0.8571428571428571, 0.8571428571428571, 0.8628099173553719, 0.8628099173553719, 0.8605042016806722], "auprc": [0.8995926624608183, 0.896570803353138, 0.8894051179097169, 0.8928439289014681, 0.8928439289014681, 0.8960598387868074, 0.8960598387868074, 0.8952275977044896, 0.8952275977044896, 0.8995926624608183]}]}