{"enet": [{"auroc": [0.5281713900134952, 0.5757085020242915, 0.5768556005398111, 0.5757085020242915, 0.5757085020242915, 0.5901147098515519, 0.5757085020242915, 0.5901147098515519, 0.5768556005398111, 0.5768556005398111], "acc": [0.7326478149100257, 0.6555269922879178, 0.6375321336760925, 0.6555269922879178, 0.6555269922879178, 0.6786632390745502, 0.6555269922879178, 0.6786632390745502, 0.6375321336760925, 0.6375321336760925], "aps": [0.7277102421247703, 0.764586495081655, 0.7650013102303522, 0.764586495081655, 0.764586495081655, 0.7696645071181258, 0.764586495081655, 0.7696645071181258, 0.7650013102303522, 0.7650013102303522], "f1": [0.844311377245509, 0.7624113475177305, 0.7495559502664298, 0.7624113475177305, 0.7624113475177305, 0.7779751332149201, 0.7624113475177305, 0.7779751332149201, 0.7495559502664298, 0.7495559502664298], "auprc": [0.7252847047461886, 0.8521567759136566, 0.8497741039444139, 0.8521567759136566, 0.8521567759136566, 0.8368160493216968, 0.8521567759136566, 0.8368160493216968, 0.8497741039444139, 0.8497741039444139]}]}