{"auroc": [0.6504048582995952, 0.7793184885290148, 0.7400809716599192, 0.36214574898785423, 0.5060728744939271, 0.676163967611336, 0.4035087719298246, 0.5272098515519568, 0.7659750337381916, 0.5837719298245614], "acc": [0.7326478149100257, 0.7326478149100257, 0.7326478149100257, 0.7326478149100257, 0.7326478149100257, 0.26735218508997427, 0.7326478149100257, 0.7326478149100257, 0.7326478149100257, 0.7326478149100257], "aps": [0.8122121153045194, 0.8577012848785859, 0.8620792850403406, 0.6536184473925382, 0.7249117240766456, 0.7990545167139083, 0.6996539490804745, 0.7504361088874365, 0.8475232183923798, 0.7759238775146284], "f1": [0.8456973293768546, 0.8456973293768546, 0.8456973293768546, 0.8456973293768546, 0.8456973293768546, 0.0, 0.8456973293768546, 0.8456973293768546, 0.8456973293768546, 0.8456973293768546], "auprc": [0.8109745813037372, 0.8551979102559125, 0.8613380115601093, 0.6504035866368559, 0.7218564656247515, 0.7962268751794002, 0.6982094356042152, 0.748526097828633, 0.8450152189863289, 0.774012560204633]}