{"auroc": [0.5037280701754385, 0.5278508771929825, 0.5797908232118758, 0.4878711201079622, 0.5067982456140351, 0.5052462887989204, 0.5575236167341431, 0.5263157894736842, 0.5414304993252361, 0.5265350877192982], "acc": [0.7326478149100257, 0.7326478149100257, 0.26735218508997427, 0.26735218508997427, 0.7326478149100257, 0.7326478149100257, 0.7326478149100257, 0.7326478149100257, 0.7326478149100257, 0.26735218508997427], "aps": [0.7405483893386339, 0.7417991602672475, 0.7827038867129286, 0.7367583975662364, 0.724377317700688, 0.7229073440181669, 0.7613766764017021, 0.7446095879655144, 0.745252229218339, 0.7420193396892609], "f1": [0.8456973293768546, 0.8456973293768546, 0.0, 0.0, 0.8456973293768546, 0.8456973293768546, 0.8456973293768546, 0.8456973293768546, 0.8456973293768546, 0.0], "auprc": [0.7382890607311632, 0.7403289801253611, 0.7817418285058078, 0.7352407464708548, 0.721361616269223, 0.7212552250991681, 0.7584783975829503, 0.7436882057996153, 0.7426156915897075, 0.7390703322148842]}