{"auroc": [0.5342611336032389, 0.5134615384615384, 0.6128542510121457, 0.5053643724696356, 0.5437246963562752, 0.4961707152496626, 0.5352901484480432, 0.5728744939271255, 0.5689946018893388, 0.5242240215924426], "acc": [0.26735218508997427, 0.7326478149100257, 0.7326478149100257, 0.7326478149100257, 0.7326478149100257, 0.7326478149100257, 0.7326478149100257, 0.7326478149100257, 0.7326478149100257, 0.7326478149100257], "aps": [0.7083608484845472, 0.7031234347557729, 0.7450898163975354, 0.7023619775343904, 0.717935335017768, 0.6960189153222347, 0.7133976234847919, 0.7320224975641885, 0.7774370247444906, 0.7114813162897027], "f1": [0.0, 0.8456973293768546, 0.8456973293768546, 0.8456973293768546, 0.8456973293768546, 0.8456973293768546, 0.8456973293768546, 0.8456973293768546, 0.8456973293768546, 0.8456973293768546], "auprc": [0.7058433210152522, 0.7007372299075917, 0.7427670055859424, 0.6996715507763498, 0.715362044536455, 0.6933934278733942, 0.7110713739054003, 0.7295734530553429, 0.7764044546157354, 0.7088178861259801]}