{"enet": [{"auroc": [0.8699392712550607, 0.8699392712550607, 0.8739878542510121, 0.8699392712550607, 0.8739878542510121, 0.8644736842105263, 0.8708502024291498, 0.8708502024291498, 0.8699392712550607, 0.8626180836707154], "acc": [0.8097686375321337, 0.8097686375321337, 0.8200514138817481, 0.8097686375321337, 0.8200514138817481, 0.8046272493573264, 0.8226221079691517, 0.8226221079691517, 0.8097686375321337, 0.794344473007712], "aps": [0.9452566683490521, 0.9452566683490521, 0.94763605857654, 0.9452566683490521, 0.94763605857654, 0.9448946249934493, 0.9466534505749584, 0.9466534505749584, 0.9452566683490521, 0.9413960493345336], "f1": [0.8825396825396826, 0.8825396825396826, 0.8867313915857604, 0.8825396825396826, 0.8867313915857604, 0.88125, 0.8899521531100479, 0.8899521531100479, 0.8825396825396826, 0.8761609907120743], "auprc": [0.9451304896653958, 0.9451304896653958, 0.947518128521762, 0.9451304896653958, 0.947518128521762, 0.9447744795501003, 0.9465344659660198, 0.9465344659660198, 0.9451304896653958, 0.9412535959415005]}]}