{"rf": [{"auroc": [0.8628542510121457], "acc": [0.7660668380462725], "aps": [0.9282544589204345], "f1": [0.8619119878603947], "auprc": [0.9280509496098288]}], "enet": [{"auroc": [0.8470310391363023], "acc": [0.8071979434447301], "aps": [0.9184046542301754], "f1": [0.88], "auprc": [0.9179393974884944]}]}