{"enet": [{"auroc": [0.6453778677462888, 0.6453778677462888, 0.6536774628879891, 0.6453778677462888, 0.6816801619433198, 0.661808367071525, 0.6453778677462888, 0.6449055330634279, 0.6453778677462888, 0.7764507422402159], "acc": [0.7583547557840618, 0.7583547557840618, 0.7686375321336761, 0.7583547557840618, 0.7634961439588689, 0.7634961439588689, 0.7583547557840618, 0.7634961439588689, 0.7583547557840618, 0.7737789203084833], "aps": [0.7961978755032839, 0.7961978755032839, 0.8008774695551157, 0.7961978755032839, 0.8170419839298628, 0.8054707306798474, 0.7961978755032839, 0.7964302151743604, 0.7961978755032839, 0.9006075271385411], "f1": [0.8448844884488448, 0.8448844884488448, 0.8519736842105263, 0.8448844884488448, 0.8481848184818481, 0.8491803278688526, 0.8448844884488448, 0.8486842105263158, 0.8448844884488448, 0.858974358974359], "auprc": [0.8863127707812856, 0.8863127707812856, 0.889859859445067, 0.8863127707812856, 0.8920380405895649, 0.8919936019924174, 0.8863127707812856, 0.8875733578999193, 0.8863127707812856, 0.9003322345040592]}]}