{"enet": [{"auroc": [0.6466767881241564, 0.649055330634278, 0.6854757085020243, 0.6487516869095816, 0.6374156545209178, 0.6487516869095816, 0.6365721997300946, 0.649055330634278, 0.6356950067476383, 0.6365721997300946], "acc": [0.7352185089974294, 0.7197943444730077, 0.7403598971722365, 0.7146529562982005, 0.7429305912596401, 0.7146529562982005, 0.7017994858611826, 0.7197943444730077, 0.7377892030848329, 0.7017994858611826], "aps": [0.8026916876555118, 0.8163144552064607, 0.832009475086636, 0.8049327230916665, 0.795422164136889, 0.8049327230916665, 0.8118135201655439, 0.8163144552064607, 0.7925296931553123, 0.8118135201655439], "f1": [0.8286189683860233, 0.8233387358184766, 0.831946755407654, 0.8121827411167514, 0.8333333333333334, 0.8121827411167514, 0.8104575163398693, 0.8233387358184766, 0.8282828282828283, 0.8104575163398693], "auprc": [0.8780038443481178, 0.8152263903882835, 0.8724483331241945, 0.8777385363769188, 0.8809878670464676, 0.8777385363769188, 0.8325347023809863, 0.8152263903882835, 0.880872044309098, 0.8325347023809863]}]}