{"enet": [{"auroc": [0.6262483130904184, 0.6970141700404859, 0.657051282051282, 0.6995782726045884, 0.6489035087719297, 0.6566632928475032, 0.6381747638326586, 0.6625506072874494, 0.673549257759784, 0.6625506072874494], "acc": [0.7377892030848329, 0.7634961439588689, 0.7660668380462725, 0.7532133676092545, 0.7532133676092545, 0.7609254498714653, 0.7403598971722365, 0.7660668380462725, 0.7455012853470437, 0.7660668380462725], "aps": [0.7899070387750611, 0.83520200385096, 0.8041239803526595, 0.8333109168449896, 0.7989558743337211, 0.8041251526201474, 0.7931026003261187, 0.8067731729371708, 0.8163735721333147, 0.8067731729371708], "f1": [0.8316831683168316, 0.8491803278688526, 0.8490878938640134, 0.8426229508196721, 0.8400000000000001, 0.845771144278607, 0.8296795952782462, 0.8470588235294118, 0.8379705400981997, 0.8470588235294118], "auprc": [0.8762262484918127, 0.8740202937230953, 0.8899984201554135, 0.8897028583129726, 0.8860389507072444, 0.8877959227399935, 0.8814639813163381, 0.8901078488360281, 0.887234833211949, 0.8901078488360281]}]}