{"auroc": [0.5221828609986505, 0.5534412955465586, 0.4378542510121457, 0.5065620782726046, 0.5338056680161943, 0.5038630229419703, 0.5074898785425102, 0.5940283400809716, 0.5499493927125505, 0.5499156545209177], "acc": [0.7326478149100257, 0.7326478149100257, 0.7326478149100257, 0.7326478149100257, 0.7326478149100257, 0.7326478149100257, 0.7326478149100257, 0.7326478149100257, 0.7326478149100257, 0.26735218508997427], "aps": [0.7366165856055003, 0.7578316180404152, 0.6812992463679625, 0.7342841439040829, 0.7453542265990865, 0.7295885612790172, 0.7185913613288889, 0.7908557910613156, 0.7545111872328139, 0.7686199863510236], "f1": [0.8456973293768546, 0.8456973293768546, 0.8456973293768546, 0.8456973293768546, 0.8456973293768546, 0.8456973293768546, 0.8456973293768546, 0.8456973293768546, 0.8456973293768546, 0.0], "auprc": [0.7341112776292337, 0.7550699450927065, 0.6786115864618938, 0.7321985039982989, 0.7432615678174519, 0.727711616388375, 0.7158222911921361, 0.7884033356745219, 0.7525223185980465, 0.7673314508834805]}