{"rf": [{"auroc": [0.8996457489878543], "acc": [0.8406169665809768], "aps": [0.9589259490505629], "f1": [0.9018987341772152], "auprc": [0.9595034963469096]}], "enet": [{"auroc": [0.8590755735492578], "acc": [0.8149100257069408], "aps": [0.930153383596205], "f1": [0.8867924528301887], "auprc": [0.9299287214468297]}]}