{"enet": [{"auroc": [0.7876349527665317, 0.7845816464237517, 0.6960188933873145, 0.7504892037786774, 0.7504892037786774, 0.7876349527665317, 0.7084008097165992, 0.7084008097165992, 0.7544534412955466, 0.7845816464237517], "acc": [0.781491002570694, 0.7737789203084833, 0.7737789203084833, 0.8097686375321337, 0.8097686375321337, 0.781491002570694, 0.8020565552699229, 0.8020565552699229, 0.7660668380462725, 0.7737789203084833], "aps": [0.9007102065758146, 0.8980192217868899, 0.8222908890768885, 0.8520489687095478, 0.8520489687095478, 0.9007102065758146, 0.8292100395316611, 0.8292100395316611, 0.8813040801424407, 0.8980192217868899], "f1": [0.8580968280467446, 0.8571428571428572, 0.8503401360544217, 0.877076411960133, 0.877076411960133, 0.8580968280467446, 0.8710217755443886, 0.8710217755443886, 0.8515497553017946, 0.8571428571428572], "auprc": [0.904082826355928, 0.8976572384494096, 0.8979843021979258, 0.9121960310264771, 0.9121960310264771, 0.904082826355928, 0.9046735217163818, 0.9046735217163818, 0.8808351899172411, 0.8976572384494096]}]}