{"enet": [{"auroc": [0.7941970310391362, 0.7747300944669366, 0.7747300944669366, 0.7460526315789473, 0.7690452091767881, 0.7747300944669366, 0.7383603238866396, 0.7383603238866396, 0.7690452091767881, 0.7460526315789473], "acc": [0.8483290488431876, 0.8431876606683805, 0.8431876606683805, 0.8020565552699229, 0.8508997429305912, 0.8431876606683805, 0.8277634961439588, 0.8277634961439588, 0.8508997429305912, 0.8020565552699229], "aps": [0.8726852049224019, 0.8614008973173426, 0.8614008973173426, 0.8472194324948272, 0.8586727236905894, 0.8614008973173426, 0.8413306279970376, 0.8413306279970376, 0.8586727236905894, 0.8472194324948272], "f1": [0.9034369885433715, 0.8978224455611391, 0.8978224455611391, 0.868824531516184, 0.9046052631578947, 0.8978224455611391, 0.8896210873146623, 0.8896210873146623, 0.9046052631578947, 0.868824531516184], "auprc": [0.9325702268445404, 0.9252508827436436, 0.9252508827436436, 0.9133238700998918, 0.9251628995494778, 0.9252508827436436, 0.9155141285758492, 0.9155141285758492, 0.9251628995494778, 0.9133238700998918]}]}