{"enet": [{"auroc": [0.5629554655870446, 0.5648110661268555, 0.541565452091768, 0.5699055330634278, 0.5711875843454791, 0.5991228070175438, 0.5606612685560054, 0.5460526315789475, 0.5845479082321188, 0.5699055330634278], "acc": [0.7275064267352185, 0.6786632390745502, 0.6709511568123393, 0.6658097686375322, 0.6786632390745502, 0.7017994858611826, 0.6838046272493573, 0.6272493573264781, 0.6915167095115681, 0.6658097686375322], "aps": [0.7596682838629251, 0.7626643003777107, 0.7499325632457692, 0.764179045341092, 0.7650174421717975, 0.7796787552719816, 0.7599522757037804, 0.7521480814372046, 0.7714279801115405, 0.764179045341092], "f1": [0.8413173652694611, 0.7877758913412564, 0.782312925170068, 0.7727272727272728, 0.7913188647746244, 0.8047138047138047, 0.7925801011804384, 0.740608228980322, 0.7945205479452055, 0.7727272727272728], "auprc": [0.758048175350161, 0.8571962371431721, 0.8340131709939496, 0.8393578502622996, 0.8607677011746852, 0.8568226587078336, 0.8564606911949358, 0.8402610442382877, 0.8488722718266892, 0.8393578502622996]}]}