{"enet": [{"auroc": [0.5486504723346829, 0.5397267206477733, 0.5625843454790823, 0.5, 0.5625843454790823, 0.5, 0.5524628879892037, 0.5, 0.5553812415654521, 0.5], "acc": [0.6323907455012854, 0.6118251928020566, 0.6503856041131105, 0.7326478149100257, 0.6503856041131105, 0.7326478149100257, 0.6272493573264781, 0.7326478149100257, 0.6323907455012854, 0.7326478149100257], "aps": [0.7532070690154298, 0.7514719793117405, 0.7610980832386438, 0.7326478149100257, 0.7610980832386438, 0.7326478149100257, 0.7546823858299793, 0.7326478149100257, 0.7578172225403451, 0.7326478149100257], "f1": [0.7441860465116279, 0.7269439421338155, 0.7605633802816901, 0.8456973293768546, 0.7605633802816901, 0.8456973293768546, 0.7415329768270945, 0.8456973293768546, 0.7423423423423422, 0.8456973293768546], "auprc": [0.8414053053390194, 0.8365896137451967, 0.8504165859407247, 0.8663239074550129, 0.8504165859407247, 0.8663239074550129, 0.8436795000555771, 0.8663239074550129, 0.843071921021415, 0.8663239074550129]}]}