{"auroc": [0.4758771929824562, 0.44132928475033734, 0.5095647773279353, 0.4779014844804319, 0.5264676113360325, 0.511555330634278, 0.550253036437247, 0.5680161943319838, 0.4786943319838057, 0.49802631578947365], "acc": [0.7326478149100257, 0.7326478149100257, 0.7326478149100257, 0.7326478149100257, 0.7326478149100257, 0.7326478149100257, 0.7326478149100257, 0.26735218508997427, 0.7326478149100257, 0.7326478149100257], "aps": [0.6940340778839298, 0.6771165143447497, 0.7101205231641741, 0.6957258998516982, 0.7208997172235889, 0.7144682775750412, 0.7453003400209361, 0.7519914685292959, 0.6965027714280917, 0.7059129523855561], "f1": [0.8456973293768546, 0.8456973293768546, 0.8456973293768546, 0.8456973293768546, 0.8456973293768546, 0.8456973293768546, 0.8456973293768546, 0.0, 0.8456973293768546, 0.8456973293768546], "auprc": [0.6918261058233117, 0.6737600008245259, 0.7079549251311628, 0.6935409610260074, 0.7187247958104815, 0.7122456741795392, 0.7438571293297154, 0.7506405715056634, 0.6943131806437057, 0.7037542912832866]}