{"enet": [{"auroc": [0.6462887989203779, 0.5, 0.5, 0.5, 0.5, 0.5, 0.5, 0.47022604588394057, 0.5, 0.5], "acc": [0.7326478149100257, 0.7326478149100257, 0.7326478149100257, 0.7326478149100257, 0.7326478149100257, 0.7326478149100257, 0.7326478149100257, 0.6426735218508998, 0.7326478149100257, 0.7326478149100257], "aps": [0.8206509899213348, 0.7326478149100257, 0.7326478149100257, 0.7326478149100257, 0.7326478149100257, 0.7326478149100257, 0.7326478149100257, 0.7195183186626756, 0.7326478149100257, 0.7326478149100257], "f1": [0.8456973293768546, 0.8456973293768546, 0.8456973293768546, 0.8456973293768546, 0.8456973293768546, 0.8456973293768546, 0.8456973293768546, 0.7732463295269167, 0.8456973293768546, 0.8456973293768546], "auprc": [0.819893941566369, 0.8663239074550129, 0.8663239074550129, 0.8663239074550129, 0.8663239074550129, 0.8663239074550129, 0.8663239074550129, 0.8339804540287583, 0.8663239074550129, 0.8663239074550129]}]}