{"auroc": [0.6389844804318489, 0.6454622132253712, 0.5761808367071525, 0.7211875843454791, 0.7142712550607289, 0.40079284750337374, 0.5161774628879892, 0.6257928475033738, 0.686842105263158, 0.6305836707152497], "acc": [0.7326478149100257, 0.7326478149100257, 0.7326478149100257, 0.7326478149100257, 0.7326478149100257, 0.26735218508997427, 0.7326478149100257, 0.7326478149100257, 0.7326478149100257, 0.7326478149100257], "aps": [0.807592549465596, 0.8109078242982433, 0.7510381906589727, 0.8137073692072978, 0.8400356384949247, 0.6743188530412394, 0.7476658964318027, 0.7770266066807594, 0.809863505306981, 0.7959691829083924], "f1": [0.8456973293768546, 0.8456973293768546, 0.8456973293768546, 0.8456973293768546, 0.8456973293768546, 0.0, 0.8456973293768546, 0.8456973293768546, 0.8456973293768546, 0.8456973293768546], "auprc": [0.8052766007229557, 0.8096513831733012, 0.7489319169992941, 0.8111585303656892, 0.8389827333210327, 0.6723165126642501, 0.7447316188825756, 0.7741609904383228, 0.8082630129106424, 0.7945273200504439]}