{"rf": [{"auroc": [0.8124156545209176], "acc": [0.7686375321336761], "aps": [0.9069301004499312], "f1": [0.8611111111111112], "auprc": [0.9129972976157963]}], "enet": [{"auroc": [0.7895411605937921], "acc": [0.7866323907455013], "aps": [0.8996954107371502], "f1": [0.8713178294573644], "auprc": [0.8993418311234705]}]}