{"rf": [{"auroc": [0.8232624831309042], "acc": [0.7609254498714653], "aps": [0.9102476420669641], "f1": [0.8593040847201211], "auprc": [0.9111879018644573]}], "enet": [{"auroc": [0.8310053981106613], "acc": [0.7737789203084833], "aps": [0.9254353354917857], "f1": [0.8633540372670807], "auprc": [0.925173375238125]}]}