{"enet": [{"auroc": [0.6385121457489878, 0.6385121457489878, 0.6364541160593793, 0.6385121457489878, 0.6511470985155197, 0.6385121457489878, 0.6385121457489878, 0.6511470985155197, 0.6364541160593793, 0.6385121457489878], "acc": [0.7377892030848329, 0.7377892030848329, 0.7095115681233933, 0.7377892030848329, 0.7326478149100257, 0.7377892030848329, 0.7377892030848329, 0.7326478149100257, 0.7095115681233933, 0.7377892030848329], "aps": [0.7955626983922947, 0.7955626983922947, 0.7928789421706482, 0.7955626983922947, 0.800476657651964, 0.7955626983922947, 0.7955626983922947, 0.800476657651964, 0.7928789421706482, 0.7955626983922947], "f1": [0.8288590604026845, 0.8288590604026845, 0.804159445407279, 0.8288590604026845, 0.8213058419243986, 0.8288590604026845, 0.8288590604026845, 0.8213058419243986, 0.804159445407279, 0.8288590604026845], "auprc": [0.8816121942131224, 0.8816121942131224, 0.8759103356797333, 0.8816121942131224, 0.8828625374409356, 0.8816121942131224, 0.8816121942131224, 0.8828625374409356, 0.8759103356797333, 0.8816121942131224]}]}