{"auroc": [0.7473009446693658, 0.48719635627530367, 0.46524966261808365, 0.6104588394062078, 0.7413630229419703, 0.6355937921727395, 0.4149460188933872, 0.5376855600539812, 0.7420377867746288, 0.622199730094467], "acc": [0.7326478149100257, 0.7326478149100257, 0.7326478149100257, 0.26735218508997427, 0.7326478149100257, 0.7326478149100257, 0.7326478149100257, 0.7326478149100257, 0.7326478149100257, 0.7326478149100257], "aps": [0.8624597333060188, 0.7059446826447477, 0.7023486550285547, 0.7629328628365464, 0.8651629856796813, 0.804171994424068, 0.6776831339052685, 0.7369295318737367, 0.8642752724140557, 0.7919078391670412], "f1": [0.8456973293768546, 0.8456973293768546, 0.8456973293768546, 0.0, 0.8456973293768546, 0.8456973293768546, 0.8456973293768546, 0.8456973293768546, 0.8456973293768546, 0.8456973293768546], "auprc": [0.8616603538623333, 0.7037481147476834, 0.7001352718823582, 0.7606973747928811, 0.8638315234681792, 0.8028812141633971, 0.6756774309361574, 0.7343839841608426, 0.863611385085542, 0.7903995720494645]}