{"enet": [{"auroc": [0.6326923076923077, 0.6061909581646423, 0.6437415654520917, 0.6061909581646423, 0.6010796221322537, 0.5906207827260459, 0.6562246963562752, 0.6061909581646423, 0.6326923076923077, 0.6656376518218624], "acc": [0.6760925449871465, 0.7069408740359897, 0.7300771208226221, 0.7069408740359897, 0.6915167095115681, 0.6940874035989717, 0.699228791773779, 0.7069408740359897, 0.6760925449871465, 0.7069408740359897], "aps": [0.8004548304504712, 0.7794282097473113, 0.7978668886880057, 0.7794282097473113, 0.7776797155222782, 0.773822488544045, 0.8170121306691196, 0.7794282097473113, 0.8004548304504712, 0.8257261117845429], "f1": [0.7849829351535835, 0.8067796610169492, 0.8198970840480275, 0.8067796610169492, 0.7972972972972973, 0.7958833619210978, 0.8040201005025126, 0.8067796610169492, 0.7849829351535835, 0.8093645484949833], "auprc": [0.8674884550243388, 0.8693094079080343, 0.8810851368232919, 0.8693094079080343, 0.8625420823436301, 0.8636123793644157, 0.8537543516875172, 0.8693094079080343, 0.8674884550243388, 0.8448388938688556]}]}