{"auroc": [0.7370445344129555, 0.7130904183535762, 0.44986504723346826, 0.4207827260458839, 0.7357962213225371, 0.6909919028340081, 0.5737516869095817, 0.7014507422402159, 0.6784750337381916, 0.48495276653171393], "acc": [0.7326478149100257, 0.7326478149100257, 0.7326478149100257, 0.7326478149100257, 0.7326478149100257, 0.7326478149100257, 0.26735218508997427, 0.7326478149100257, 0.7326478149100257, 0.26735218508997427], "aps": [0.8535687829238741, 0.8291221243679345, 0.6960471243743811, 0.6715861870996253, 0.8494109419766059, 0.8380705324564229, 0.7380331791893572, 0.85415040270799, 0.8256933013951822, 0.7085081473381549], "f1": [0.8456973293768546, 0.8456973293768546, 0.8456973293768546, 0.8456973293768546, 0.8456973293768546, 0.8456973293768546, 0.0, 0.8456973293768546, 0.8456973293768546, 0.0], "auprc": [0.8526596041532306, 0.82765740169869, 0.693860401898852, 0.6692487683004764, 0.8482054577530664, 0.8372900209334457, 0.735838572036948, 0.853631799992604, 0.8246717962324536, 0.705688772805914]}