{"enet": [{"auroc": [0.6919197031039136, 0.8181511470985156, 0.8749831309041834, 0.8805668016194332, 0.8749831309041834, 0.8749831309041834, 0.892375168690958, 0.8769230769230768, 0.8749831309041834, 0.8798245614035087], "acc": [0.8020565552699229, 0.8149100257069408, 0.8226221079691517, 0.8251928020565553, 0.8226221079691517, 0.8226221079691517, 0.8020565552699229, 0.8251928020565553, 0.8226221079691517, 0.8200514138817481], "aps": [0.8175639770762521, 0.8906883305646425, 0.9375694506144149, 0.944892719404925, 0.9375694506144149, 0.9375694506144149, 0.9423810562343324, 0.9413195267825178, 0.9375694506144149, 0.9436471842385368], "f1": [0.8764044943820224, 0.8827361563517916, 0.8878048780487805, 0.8885245901639344, 0.8878048780487805, 0.8878048780487805, 0.8771929824561403, 0.8885245901639344, 0.8878048780487805, 0.8859934853420195], "auprc": [0.9037979560908841, 0.9347399247151466, 0.9509652672249707, 0.9448614341994999, 0.9509652672249707, 0.9509652672249707, 0.9419047622972374, 0.9497404989792213, 0.9509652672249707, 0.9451881929773855]}]}