{"enet": [{"auroc": [0.5071187584345479, 0.5, 0.5, 0.5, 0.5, 0.5, 0.5, 0.4621288798920377, 0.5, 0.5], "acc": [0.7326478149100257, 0.7326478149100257, 0.7326478149100257, 0.7326478149100257, 0.7326478149100257, 0.7326478149100257, 0.7326478149100257, 0.6169665809768637, 0.7326478149100257, 0.7326478149100257], "aps": [0.7368613658519618, 0.7326478149100257, 0.7326478149100257, 0.7326478149100257, 0.7326478149100257, 0.7326478149100257, 0.7326478149100257, 0.7157891475779261, 0.7326478149100257, 0.7326478149100257], "f1": [0.8456973293768546, 0.8456973293768546, 0.8456973293768546, 0.8456973293768546, 0.8456973293768546, 0.8456973293768546, 0.8456973293768546, 0.7520798668885191, 0.8456973293768546, 0.8456973293768546], "auprc": [0.7348235491131323, 0.8663239074550129, 0.8663239074550129, 0.8663239074550129, 0.8663239074550129, 0.8663239074550129, 0.8663239074550129, 0.8270798384048563, 0.8663239074550129, 0.8663239074550129]}]}