{"enet": [{"auroc": [0.5, 0.5, 0.5, 0.527834008097166, 0.528373819163293, 0.528373819163293, 0.5, 0.5263832658569501, 0.527834008097166, 0.5], "acc": [0.7326478149100257, 0.7326478149100257, 0.7326478149100257, 0.7326478149100257, 0.7326478149100257, 0.7326478149100257, 0.7326478149100257, 0.7326478149100257, 0.7326478149100257, 0.7326478149100257], "aps": [0.7326478149100257, 0.7326478149100257, 0.7326478149100257, 0.7326543606336802, 0.7338776135051092, 0.7338776135051092, 0.7326478149100257, 0.7324442655972254, 0.7326543606336802, 0.7326478149100257], "f1": [0.8456973293768546, 0.8456973293768546, 0.8456973293768546, 0.8456973293768546, 0.8456973293768546, 0.8456973293768546, 0.8456973293768546, 0.8456973293768546, 0.8456973293768546, 0.8456973293768546], "auprc": [0.8663239074550129, 0.8663239074550129, 0.8663239074550129, 0.7296395977100434, 0.7317426515336755, 0.7317426515336755, 0.8663239074550129, 0.7303092602837103, 0.7296395977100434, 0.8663239074550129]}]}