{"enet": [{"auroc": [0.6583502024291499, 0.6587044534412956, 0.6989878542510122, 0.6641025641025641, 0.6330296896086369, 0.6687246963562753, 0.7128205128205127, 0.6587044534412956, 0.6583502024291499, 0.6583502024291499], "acc": [0.7557840616966581, 0.7532133676092545, 0.7455012853470437, 0.7352185089974294, 0.7275064267352185, 0.7352185089974294, 0.7506426735218509, 0.7532133676092545, 0.7557840616966581, 0.7557840616966581], "aps": [0.806531387275268, 0.8061055658180014, 0.829968826057525, 0.8062988935212589, 0.791327859149989, 0.8114686009066241, 0.8532855417751528, 0.8061055658180014, 0.806531387275268, 0.806531387275268], "f1": [0.8397976391231028, 0.8378378378378379, 0.8278260869565218, 0.8208695652173912, 0.8209459459459459, 0.823931623931624, 0.8432956381260097, 0.8378378378378379, 0.8397976391231028, 0.8397976391231028], "auprc": [0.8877759879599763, 0.8857894663321237, 0.8918138639301986, 0.8856620516025454, 0.8794440179733615, 0.8859921811487784, 0.8526857401254271, 0.8857894663321237, 0.8877759879599763, 0.8877759879599763]}]}