{"rf": [{"auroc": [0.7649291497975709], "acc": [0.7429305912596401], "aps": [0.8864551477736431], "f1": [0.8507462686567165], "auprc": [0.8867927129852273]}], "enet": [{"auroc": [0.7071524966261808], "acc": [0.7429305912596401], "aps": [0.8605004216405149], "f1": [0.8402555910543131], "auprc": [0.859995722090058]}]}