{"enet": [{"auroc": [0.6017206477732793, 0.6050944669365722, 0.6057017543859649, 0.6077597840755736, 0.6017206477732793, 0.6050944669365722, 0.5951754385964911, 0.6050944669365722, 0.6017206477732793, 0.6017206477732793], "acc": [0.6812339331619537, 0.6838046272493573, 0.7017994858611826, 0.6812339331619537, 0.6812339331619537, 0.6838046272493573, 0.6735218508997429, 0.6838046272493573, 0.6812339331619537, 0.6812339331619537], "aps": [0.7745769638098976, 0.7779776402149486, 0.7784051086393676, 0.78223726666583, 0.7745769638098976, 0.7779776402149486, 0.7735808006010382, 0.7779776402149486, 0.7745769638098976, 0.7745769638098976], "f1": [0.7832167832167832, 0.7868284228769499, 0.8, 0.7824561403508773, 0.7832167832167832, 0.7868284228769499, 0.779896013864818, 0.7868284228769499, 0.7832167832167832, 0.7832167832167832], "auprc": [0.8589869616670552, 0.8599303194967038, 0.865688340049733, 0.858134059481661, 0.8589869616670552, 0.8599303194967038, 0.8612125820846824, 0.8599303194967038, 0.8589869616670552, 0.8589869616670552]}]}