{"enet": [{"auroc": [0.8294197031039136, 0.7827766531713901, 0.8023448043184885, 0.7827766531713901, 0.7508097165991903, 0.7827766531713901, 0.7602901484480431, 0.7602901484480431, 0.7447031039136303, 0.7612348178137652], "acc": [0.7969151670951157, 0.8046272493573264, 0.794344473007712, 0.8046272493573264, 0.8149100257069408, 0.8046272493573264, 0.8097686375321337, 0.8097686375321337, 0.8303341902313625, 0.8149100257069408], "aps": [0.930155296523417, 0.8710741505815849, 0.8863683129496046, 0.8710741505815849, 0.8504174517004647, 0.8710741505815849, 0.8565630356765768, 0.8565630356765768, 0.8462201609399619, 0.8559596908119897], "f1": [0.8698517298187809, 0.8707482993197279, 0.8625429553264605, 0.8707482993197279, 0.8775510204081632, 0.8707482993197279, 0.8745762711864408, 0.8745762711864408, 0.8900000000000001, 0.8779661016949153], "auprc": [0.9299954656877151, 0.9219022129225758, 0.9241371179284089, 0.9219022129225758, 0.9153215370093793, 0.9219022129225758, 0.9169912998453187, 0.9169912998453187, 0.9169977160716225, 0.9177932455087499]}]}