{"enet": [{"auroc": [0.6705465587044536, 0.7300269905533063, 0.7300269905533063, 0.7300269905533063, 0.766970310391363, 0.7300269905533063, 0.666970310391363, 0.6705465587044536, 0.766970310391363, 0.766970310391363], "acc": [0.7712082262210797, 0.7532133676092545, 0.7532133676092545, 0.7532133676092545, 0.794344473007712, 0.7532133676092545, 0.7866323907455013, 0.7712082262210797, 0.794344473007712, 0.794344473007712], "aps": [0.8082031289118743, 0.859268680815513, 0.859268680815513, 0.859268680815513, 0.8809811993891079, 0.859268680815513, 0.8057881134720215, 0.8082031289118743, 0.8809811993891079, 0.8809811993891079], "f1": [0.8533772652388798, 0.8536585365853658, 0.8536585365853658, 0.8536585365853658, 0.8738170347003156, 0.8536585365853658, 0.8663446054750403, 0.8533772652388798, 0.8738170347003156, 0.8738170347003156], "auprc": [0.8934485878484553, 0.8585336954139408, 0.8585336954139408, 0.8585336954139408, 0.8803240464081472, 0.8585336954139408, 0.8965215272058988, 0.8934485878484553, 0.8803240464081472, 0.8803240464081472]}]}