{"auroc": [0.6137989203778678, 0.45516194331983806, 0.7818825910931174, 0.5675269905533064, 0.7654858299595142, 0.832742914979757, 0.5341767881241566, 0.5915654520917678, 0.7885290148448043, 0.8487854251012145], "acc": [0.7326478149100257, 0.7326478149100257, 0.7326478149100257, 0.26735218508997427, 0.7326478149100257, 0.7994858611825193, 0.7326478149100257, 0.7326478149100257, 0.7326478149100257, 0.7969151670951157], "aps": [0.7611228614956715, 0.6924022844253128, 0.8977540753230939, 0.7379789144428871, 0.8864322595374036, 0.9114769520004793, 0.7584168209993922, 0.7504234320797103, 0.9002784013890354, 0.9191692481348274], "f1": [0.8456973293768546, 0.8456973293768546, 0.8456973293768546, 0.0, 0.8456973293768546, 0.8668941979522183, 0.8456973293768546, 0.8456973293768546, 0.8456973293768546, 0.8736], "auprc": [0.7581214974687134, 0.6897863816413734, 0.8973111292556962, 0.7354208642660571, 0.8855451284952862, 0.9104508570697214, 0.7571071090121101, 0.7480009418570333, 0.8996314929495146, 0.9172544267725768]}