{"enet": [{"auroc": [0.542476383265857, 0.5, 0.5, 0.5, 0.5272604588394062, 0.5, 0.542476383265857, 0.5, 0.5, 0.5628711201079623], "acc": [0.6606683804627249, 0.7326478149100257, 0.7326478149100257, 0.7326478149100257, 0.6529562982005142, 0.7326478149100257, 0.6606683804627249, 0.7326478149100257, 0.7326478149100257, 0.6606683804627249], "aps": [0.7508556564734609, 0.7326478149100257, 0.7326478149100257, 0.7326478149100257, 0.7428321212544816, 0.7326478149100257, 0.7508556564734609, 0.7326478149100257, 0.7326478149100257, 0.7591055639810705], "f1": [0.7747440273037542, 0.8456973293768546, 0.8456973293768546, 0.8456973293768546, 0.7707979626485568, 0.8456973293768546, 0.7747440273037542, 0.8456973293768546, 0.8456973293768546, 0.773972602739726], "auprc": [0.8474415160910247, 0.8663239074550129, 0.8663239074550129, 0.8663239074550129, 0.8324767885078335, 0.8663239074550129, 0.8474415160910247, 0.8663239074550129, 0.8663239074550129, 0.8530715499589632]}]}