{"auroc": [0.59694669365722, 0.5465587044534412, 0.559193657219973, 0.7560391363022941, 0.5200910931174089, 0.5630398110661269, 0.6342948717948717, 0.5811572199730094, 0.5622300944669365, 0.5937078272604589], "acc": [0.26735218508997427, 0.7326478149100257, 0.7326478149100257, 0.7326478149100257, 0.26735218508997427, 0.7326478149100257, 0.26735218508997427, 0.26735218508997427, 0.7326478149100257, 0.26735218508997427], "aps": [0.7604581695829677, 0.760206452946113, 0.7591038066465345, 0.8749758243070596, 0.7540291708085325, 0.7486588446292093, 0.7787731912782452, 0.7512310154982834, 0.7809265937041469, 0.7759445275453689], "f1": [0.0, 0.8456973293768546, 0.8456973293768546, 0.8456973293768546, 0.0, 0.8456973293768546, 0.0, 0.0, 0.8456973293768546, 0.0], "auprc": [0.7583548702380487, 0.7586168078156525, 0.7574374783262112, 0.8744376282879975, 0.7529568693602859, 0.7457078846378362, 0.7767315933048677, 0.7490961046765021, 0.7800068658614756, 0.7744539811150308]}