{"auroc": [0.6694669365721997, 0.7307692307692307, 0.3870445344129554, 0.7175775978407557, 0.4778002699055331, 0.6684547908232119, 0.7361336032388663, 0.4866228070175439, 0.46710526315789475, 0.7637820512820512], "acc": [0.7326478149100257, 0.7326478149100257, 0.7326478149100257, 0.7326478149100257, 0.26735218508997427, 0.7326478149100257, 0.7326478149100257, 0.7326478149100257, 0.7326478149100257, 0.7326478149100257], "aps": [0.8018749023628573, 0.849702191361495, 0.6614118757802887, 0.8467413272344058, 0.6969588633792585, 0.8016327117655235, 0.8545794764753416, 0.7073951967656209, 0.7005173137346281, 0.8696917636311496], "f1": [0.8456973293768546, 0.8456973293768546, 0.8456973293768546, 0.8456973293768546, 0.0, 0.8456973293768546, 0.8456973293768546, 0.8456973293768546, 0.8456973293768546, 0.8456973293768546], "auprc": [0.7995500652639014, 0.8473980341197631, 0.6590774711660994, 0.8451987749838067, 0.6939961178838958, 0.799321965695722, 0.8521983713147228, 0.7050971560734863, 0.6985438839865299, 0.8675026423322743]}