{"enet": [{"auroc": [0.5737179487179487, 0.5737179487179487, 0.5853913630229419, 0.5920715249662618, 0.6153171390013495, 0.5897435897435898, 0.5737179487179487, 0.5920715249662618, 0.6038461538461538, 0.5737179487179487], "acc": [0.699228791773779, 0.699228791773779, 0.6915167095115681, 0.7095115681233933, 0.7146529562982005, 0.7017994858611826, 0.699228791773779, 0.7095115681233933, 0.7300771208226221, 0.699228791773779], "aps": [0.7656517907880439, 0.7656517907880439, 0.7707235739950101, 0.7731163542949466, 0.788819362288404, 0.7720509431217388, 0.7656517907880439, 0.7731163542949466, 0.7741407871878256, 0.7656517907880439], "f1": [0.8040201005025126, 0.8040201005025126, 0.7938144329896907, 0.8107202680067003, 0.8171334431630972, 0.8047138047138047, 0.8040201005025126, 0.8107202680067003, 0.8303715670436188, 0.8040201005025126], "auprc": [0.8613845499269154, 0.8613845499269154, 0.8612822506771298, 0.8600923122017458, 0.8475462231648172, 0.8562079715360705, 0.8613845499269154, 0.8600923122017458, 0.7716194941224988, 0.8613845499269154]}]}