{"enet": [{"auroc": [0.7866734143049934, 0.8888326585695007, 0.891531713900135, 0.8904520917678812, 0.8888326585695007, 0.8888326585695007, 0.8904520917678812, 0.8904520917678812, 0.891531713900135, 0.8888326585695007], "acc": [0.8380462724935732, 0.8303341902313625, 0.8457583547557841, 0.8329048843187661, 0.8303341902313625, 0.8303341902313625, 0.8329048843187661, 0.8329048843187661, 0.8457583547557841, 0.8303341902313625], "aps": [0.8686029497286332, 0.9490327368987861, 0.9502752611069881, 0.954572434721475, 0.9490327368987861, 0.9490327368987861, 0.954572434721475, 0.954572434721475, 0.9502752611069881, 0.9490327368987861], "f1": [0.8937605396290051, 0.8910891089108911, 0.9, 0.8922056384742953, 0.8910891089108911, 0.8910891089108911, 0.8922056384742953, 0.8922056384742953, 0.9, 0.8910891089108911], "auprc": [0.9266877768706072, 0.9488111023321073, 0.9571932269809795, 0.95622107379945, 0.9488111023321073, 0.9488111023321073, 0.95622107379945, 0.95622107379945, 0.9571932269809795, 0.9488111023321073]}]}