{"auroc": [0.40919365721997303, 0.7175438596491228, 0.7398110661268555, 0.7632928475033739, 0.5757591093117409, 0.3956477732793522, 0.3782557354925776, 0.7223684210526315, 0.512027665317139, 0.39613697705802964], "acc": [0.7326478149100257, 0.7326478149100257, 0.7455012853470437, 0.7403598971722365, 0.26735218508997427, 0.7326478149100257, 0.7326478149100257, 0.7326478149100257, 0.26735218508997427, 0.7326478149100257], "aps": [0.6723140157846024, 0.8456483887688921, 0.8391121458144427, 0.8549888630943989, 0.775733925425386, 0.657717742789119, 0.6481932907748067, 0.8397680655176003, 0.7298871289681916, 0.6552479159844127], "f1": [0.8456973293768546, 0.8456973293768546, 0.852017937219731, 0.849478390461997, 0.0, 0.8456973293768546, 0.8456973293768546, 0.8456973293768546, 0.0, 0.8456973293768546], "auprc": [0.6699728500992123, 0.8442716373533034, 0.8368187903289537, 0.8528158319875019, 0.7733058687294151, 0.6550358735419028, 0.6452968531182794, 0.8375391374311727, 0.7277249858740386, 0.6528395772612918]}