{"auroc": [0.7287112010796223, 0.419112685560054, 0.7175775978407558, 0.44925775978407556, 0.44546221322537116, 0.5198549257759784, 0.42805330634278005, 0.447638326585695, 0.7220647773279352, 0.7649797570850203], "acc": [0.7326478149100257, 0.7326478149100257, 0.7326478149100257, 0.7326478149100257, 0.7326478149100257, 0.26735218508997427, 0.26735218508997427, 0.26735218508997427, 0.7326478149100257, 0.7326478149100257], "aps": [0.8570451051162953, 0.6587769967576045, 0.8636999955491687, 0.671875327905152, 0.6660472722245965, 0.769192601021308, 0.6763823309041918, 0.7099639304858459, 0.8651329987684007, 0.8744235035330933], "f1": [0.8456973293768546, 0.8456973293768546, 0.8456973293768546, 0.8456973293768546, 0.8456973293768546, 0.0, 0.0, 0.0, 0.8456973293768546, 0.8456973293768546], "auprc": [0.8556689319127312, 0.6556300047587353, 0.8631845877029634, 0.6693240065909257, 0.6636592038218676, 0.7684926481782504, 0.674099005464706, 0.7071798479677326, 0.8644428754376261, 0.8734092794681578]}