{"enet": [{"auroc": [0.8399797570850203, 0.7952091767881242, 0.8399797570850203, 0.842442645074224, 0.8406882591093118, 0.7952091767881242, 0.7952091767881242, 0.8412618083670714, 0.8399797570850203, 0.8454116059379216], "acc": [0.8123393316195373, 0.7892030848329049, 0.8123393316195373, 0.8149100257069408, 0.8097686375321337, 0.7892030848329049, 0.7892030848329049, 0.8251928020565553, 0.8123393316195373, 0.8123393316195373], "aps": [0.9137469073042556, 0.8774527034935246, 0.9137469073042556, 0.9154552762716276, 0.9142617010694096, 0.8774527034935246, 0.8774527034935246, 0.9159198614969524, 0.9137469073042556, 0.9177140981423685], "f1": [0.8854003139717426, 0.8734567901234568, 0.8854003139717426, 0.8864353312302838, 0.8836477987421384, 0.8734567901234568, 0.8734567901234568, 0.891025641025641, 0.8854003139717426, 0.8839427662957076], "auprc": [0.9133525312864107, 0.876506381363322, 0.9133525312864107, 0.915057244459296, 0.9138677709526308, 0.876506381363322, 0.876506381363322, 0.9155244233520421, 0.9133525312864107, 0.9173427111343371]}]}