{"enet": [{"auroc": [0.7639338731443994, 0.8659919028340082, 0.8659919028340082, 0.8659919028340082, 0.8659919028340082, 0.8659919028340082, 0.870748987854251, 0.8659919028340082, 0.8659919028340082, 0.8659919028340082], "acc": [0.8226221079691517, 0.8200514138817481, 0.8200514138817481, 0.8200514138817481, 0.8200514138817481, 0.8200514138817481, 0.8226221079691517, 0.8200514138817481, 0.8200514138817481, 0.8200514138817481], "aps": [0.8577014037100433, 0.9418737901039316, 0.9418737901039316, 0.9418737901039316, 0.9418737901039316, 0.9418737901039316, 0.9384627888293691, 0.9418737901039316, 0.9418737901039316, 0.9418737901039316], "f1": [0.8848080133555927, 0.8856209150326797, 0.8856209150326797, 0.8856209150326797, 0.8856209150326797, 0.8856209150326797, 0.8874388254486134, 0.8856209150326797, 0.8856209150326797, 0.8856209150326797], "auprc": [0.9181647987493622, 0.9417238095154123, 0.9417238095154123, 0.9417238095154123, 0.9417238095154123, 0.9417238095154123, 0.9468503525296209, 0.9417238095154123, 0.9417238095154123, 0.9417238095154123]}]}