{"enet": [{"auroc": [0.5275134952766533, 0.5404352226720647, 0.5477058029689609, 0.5360323886639677, 0.5181511470985155, 0.52972334682861, 0.5275134952766533, 0.5254048582995952, 0.5727058029689609, 0.5404352226720647], "acc": [0.6401028277634961, 0.6478149100257069, 0.6401028277634961, 0.6452442159383034, 0.6478149100257069, 0.6529562982005142, 0.6401028277634961, 0.6349614395886889, 0.6658097686375322, 0.6478149100257069], "aps": [0.7442600991218004, 0.750290419857645, 0.7530798067778542, 0.7480494959531605, 0.7395392176288554, 0.7440748051504771, 0.7442600991218004, 0.7422530387346596, 0.7684174266759753, 0.750290419857645], "f1": [0.7619047619047619, 0.7666098807495743, 0.7569444444444444, 0.7653061224489796, 0.7705192629815746, 0.7715736040609137, 0.7619047619047619, 0.7543252595155708, 0.7773972602739727, 0.7666098807495743], "auprc": [0.8408672996220271, 0.8411945377542625, 0.8456434568579447, 0.8372968929405704, 0.8448189885736115, 0.844961435265797, 0.8408672996220271, 0.839446546509894, 0.8309259139258502, 0.8411945377542625]}]}