{"auroc": [0.7658232118758433, 0.7360323886639676, 0.3257253711201079, 0.32233468286099864, 0.7476045883940622, 0.34832995951417, 0.4161943319838056, 0.7486504723346828, 0.3161774628879892, 0.7623819163292846], "acc": [0.7326478149100257, 0.7326478149100257, 0.7326478149100257, 0.7326478149100257, 0.7326478149100257, 0.7326478149100257, 0.26735218508997427, 0.7326478149100257, 0.7326478149100257, 0.7326478149100257], "aps": [0.8391873173551496, 0.8221917146880342, 0.6247277030122447, 0.6198897301923553, 0.8291190648684591, 0.6397937724829021, 0.6959781757869682, 0.8387949204363526, 0.6194466194736241, 0.8433049532955341], "f1": [0.8456973293768546, 0.8456973293768546, 0.8456973293768546, 0.8456973293768546, 0.8456973293768546, 0.8456973293768546, 0.0, 0.8456973293768546, 0.8456973293768546, 0.8456973293768546], "auprc": [0.836934367702242, 0.8197960418082586, 0.6217693432566032, 0.6170154025825957, 0.8266798007352236, 0.6374020904524664, 0.6941213218166558, 0.8364495820877835, 0.6171133453159705, 0.8409426013380719]}