{"enet": [{"auroc": [0.6526653171390013, 0.6404352226720649, 0.6324055330634277, 0.6663630229419704, 0.6697368421052632, 0.6324055330634277, 0.676990553306343, 0.6697368421052632, 0.7026821862348176, 0.6827260458839406], "acc": [0.7403598971722365, 0.7172236503856041, 0.7172236503856041, 0.7557840616966581, 0.7403598971722365, 0.7172236503856041, 0.7506426735218509, 0.7403598971722365, 0.7480719794344473, 0.7326478149100257], "aps": [0.7999704589822132, 0.7931796883348576, 0.7896863621201616, 0.8076003501854976, 0.8086008474833521, 0.7896863621201616, 0.8147929853782352, 0.8086008474833521, 0.8320221331358639, 0.8188812533159555], "f1": [0.8273504273504273, 0.8103448275862069, 0.8109965635738832, 0.8403361344537815, 0.8261617900172116, 0.8109965635738832, 0.8353140916808149, 0.8261617900172116, 0.8355704697986578, 0.8194444444444444], "auprc": [0.8828270789373946, 0.8773973754316284, 0.8761876536055517, 0.8892408342365373, 0.8877436371707588, 0.8761876536055517, 0.8852595291505736, 0.8877436371707588, 0.8837189629064244, 0.888381877923391]}]}