{"enet": [{"auroc": [0.8246963562753037, 0.7329622132253711, 0.8228407557354926, 0.7774460188933873, 0.7419365721997301, 0.7902159244264507, 0.8078947368421052, 0.8246963562753037, 0.7959176788124157, 0.7959176788124157], "acc": [0.8020565552699229, 0.8071979434447301, 0.8020565552699229, 0.8071979434447301, 0.7763496143958869, 0.7917737789203085, 0.8046272493573264, 0.8020565552699229, 0.794344473007712, 0.794344473007712], "aps": [0.9125518616399213, 0.8388394510155252, 0.9119592484149455, 0.8681769938598, 0.8484449364587521, 0.8862578502872611, 0.9063645098020989, 0.9125518616399213, 0.8946428448402105, 0.8946428448402105], "f1": [0.8747967479674796, 0.8743718592964824, 0.8752025931928687, 0.8739495798319329, 0.8465608465608466, 0.8643216080402011, 0.8733333333333334, 0.8747967479674796, 0.8648648648648649, 0.8648648648648649], "auprc": [0.9121796527565802, 0.9115977241612161, 0.9115716880579519, 0.9157569873744991, 0.9093379675178127, 0.9117428764714801, 0.9078921882249484, 0.9121796527565802, 0.9041341537253903, 0.9041341537253903]}]}