{"enet": [{"auroc": [0.5925438596491228, 0.6155195681511472, 0.6469973009446693, 0.6147773279352227, 0.6147773279352227, 0.5925438596491228, 0.5925438596491228, 0.6058367071524966, 0.6147773279352227, 0.6082658569500674], "acc": [0.699228791773779, 0.712082262210797, 0.712082262210797, 0.7017994858611826, 0.7017994858611826, 0.699228791773779, 0.699228791773779, 0.699228791773779, 0.7017994858611826, 0.7172236503856041], "aps": [0.7733760196946735, 0.7861804371536842, 0.802690333052994, 0.7854461461670696, 0.7854461461670696, 0.7733760196946735, 0.7733760196946735, 0.7789968252738415, 0.7854461461670696, 0.7814402762921531], "f1": [0.8006814310051107, 0.8095238095238096, 0.8062283737024221, 0.8013698630136986, 0.8013698630136986, 0.8006814310051107, 0.8006814310051107, 0.7986230636833046, 0.8013698630136986, 0.8141891891891893], "auprc": [0.8653960232044874, 0.8290065264414493, 0.8723002964849791, 0.8658125990110829, 0.8658125990110829, 0.8653960232044874, 0.8653960232044874, 0.8665520892411125, 0.8658125990110829, 0.8719619229905677]}]}