{"enet": [{"auroc": [0.8359986504723348, 0.8341093117408908, 0.8326585695006747, 0.8385964912280702, 0.8433535762483131, 0.8352226720647773, 0.8359986504723348, 0.8359986504723348, 0.8351214574898785, 0.8359986504723348], "acc": [0.8226221079691517, 0.794344473007712, 0.8046272493573264, 0.8226221079691517, 0.8406169665809768, 0.7866323907455013, 0.8226221079691517, 0.8226221079691517, 0.794344473007712, 0.8226221079691517], "aps": [0.9213605378869263, 0.9219388903941477, 0.915601711149336, 0.9225256360172385, 0.9119003140013062, 0.9150860388461304, 0.9213605378869263, 0.9213605378869263, 0.9161682011588403, 0.9213605378869263], "f1": [0.8820512820512821, 0.8742138364779874, 0.881619937694704, 0.8863261943986821, 0.8973509933774835, 0.8721109399075502, 0.8820512820512821, 0.8820512820512821, 0.8761609907120743, 0.8820512820512821], "auprc": [0.9210942588335275, 0.9216747633769079, 0.9152917752025209, 0.9222614817374925, 0.9113732836736321, 0.9146750280981469, 0.9210942588335275, 0.9210942588335275, 0.9158270716363192, 0.9210942588335275]}]}