{"auroc": [0.5633603238866397, 0.45774291497975705, 0.5116734143049932, 0.5701585695006748, 0.48370445344129553, 0.525910931174089, 0.5038292847503374, 0.47392037786774627, 0.7716599190283402, 0.5768218623481781], "acc": [0.7326478149100257, 0.26735218508997427, 0.26735218508997427, 0.7326478149100257, 0.7326478149100257, 0.7326478149100257, 0.7326478149100257, 0.7326478149100257, 0.7326478149100257, 0.7326478149100257], "aps": [0.7720704637123175, 0.7305591681152374, 0.7139285562635221, 0.7699053359051848, 0.7218936626076675, 0.7403238238247749, 0.7133701167874288, 0.708459409336504, 0.8884489108394176, 0.7700964483848485], "f1": [0.8456973293768546, 0.0, 0.0, 0.8456973293768546, 0.8456973293768546, 0.8456973293768546, 0.8456973293768546, 0.8456973293768546, 0.8456973293768546, 0.8456973293768546], "auprc": [0.770323651190376, 0.7288953346176315, 0.7111685715491856, 0.7684895743491532, 0.7202689772158224, 0.7373377732831923, 0.71062117497555, 0.705345988576755, 0.8880823448152562, 0.7673056956826809]}