{"rf": [{"auroc": [0.7804655870445344], "acc": [0.7557840616966581], "aps": [0.8950886989222857], "f1": [0.8571428571428571], "auprc": [0.8947134387411262]}], "enet": [{"auroc": [0.8125506072874493], "acc": [0.7994858611825193], "aps": [0.9050450312749624], "f1": [0.8785046728971962], "auprc": [0.9046711517383962]}]}