{"enet": [{"auroc": [0.755668016194332, 0.7864878542510122, 0.7748650472334683, 0.7748650472334683, 0.7748650472334683, 0.7748650472334683, 0.7748650472334683, 0.7694331983805668, 0.7972672064777329, 0.7864878542510122], "acc": [0.7634961439588689, 0.7892030848329049, 0.8020565552699229, 0.8020565552699229, 0.8020565552699229, 0.8020565552699229, 0.8020565552699229, 0.7840616966580977, 0.7686375321336761, 0.7892030848329049], "aps": [0.8574429425381181, 0.8833854182989984, 0.870141326430855, 0.870141326430855, 0.870141326430855, 0.870141326430855, 0.870141326430855, 0.8634102211063931, 0.9059917462191003, 0.8833854182989984], "f1": [0.8333333333333334, 0.8546099290780141, 0.8627450980392157, 0.8627450980392157, 0.8627450980392157, 0.8627450980392157, 0.8627450980392157, 0.852112676056338, 0.8421052631578947, 0.8546099290780141], "auprc": [0.9113922960367988, 0.9165167156879731, 0.9195304879472543, 0.9195304879472543, 0.9195304879472543, 0.9195304879472543, 0.9195304879472543, 0.9152954990966614, 0.905718567288641, 0.9165167156879731]}]}