{"enet": [{"auroc": [0.5096491228070176, 0.5096491228070176, 0.5542678812415655, 0.5432860998650473, 0.5096491228070176, 0.5309716599190283, 0.5364035087719298, 0.5, 0.5, 0.5], "acc": [0.6041131105398457, 0.6041131105398457, 0.6709511568123393, 0.6606683804627249, 0.6041131105398457, 0.6401028277634961, 0.6323907455012854, 0.7326478149100257, 0.7326478149100257, 0.7326478149100257], "aps": [0.7366822086981764, 0.7366822086981764, 0.7548294236306515, 0.7499302757237353, 0.7366822086981764, 0.7450352927994299, 0.749898539794866, 0.7326478149100257, 0.7326478149100257, 0.7326478149100257], "f1": [0.7269503546099292, 0.7269503546099292, 0.7852348993288591, 0.7724137931034483, 0.7269503546099292, 0.7602739726027397, 0.7486818980667838, 0.8456973293768546, 0.8456973293768546, 0.8456973293768546], "auprc": [0.8308891887654035, 0.8308891887654035, 0.8537769103409962, 0.8352173574978285, 0.8308891887654035, 0.8435119076814479, 0.8343190853515305, 0.8663239074550129, 0.8663239074550129, 0.8663239074550129]}]}