{"enet": [{"auroc": [0.7188259109311741, 0.7171727395411606, 0.7188259109311741, 0.7184885290148448, 0.7171727395411606, 0.7188259109311741, 0.7188259109311741, 0.7188259109311741, 0.7203103913630229, 0.7171727395411606], "acc": [0.7506426735218509, 0.7609254498714653, 0.7506426735218509, 0.7583547557840618, 0.7609254498714653, 0.7506426735218509, 0.7506426735218509, 0.7506426735218509, 0.7557840616966581, 0.7609254498714653], "aps": [0.8535269751857406, 0.8636865982742757, 0.8535269751857406, 0.8640257173752126, 0.8636865982742757, 0.8535269751857406, 0.8535269751857406, 0.8535269751857406, 0.8766471475753423, 0.8636865982742757], "f1": [0.8545727136431783, 0.8558139534883721, 0.8545727136431783, 0.8544891640866872, 0.8558139534883721, 0.8545727136431783, 0.8545727136431783, 0.8545727136431783, 0.8513302034428796, 0.8558139534883721], "auprc": [0.8526911237124066, 0.863235116207433, 0.8526911237124066, 0.8635769041288942, 0.863235116207433, 0.8526911237124066, 0.8526911237124066, 0.8526911237124066, 0.8763215471148504, 0.863235116207433]}]}