{"enet": [{"auroc": [0.48124156545209174, 0.4752699055330634, 0.4747975708502024, 0.4754385964912281, 0.479251012145749, 0.4776653171390014, 0.48124156545209174, 0.4754385964912281, 0.4739203778677463, 0.4752699055330634], "acc": [0.7326478149100257, 0.7326478149100257, 0.7326478149100257, 0.7326478149100257, 0.7326478149100257, 0.7326478149100257, 0.7326478149100257, 0.7326478149100257, 0.7326478149100257, 0.7326478149100257], "aps": [0.734108874901074, 0.7307741890874339, 0.7306235822655958, 0.7319320974552552, 0.7340598480134035, 0.7332542282560539, 0.734108874901074, 0.7319320974552552, 0.7303098337696391, 0.7307741890874339], "f1": [0.8456973293768546, 0.8456973293768546, 0.8456973293768546, 0.8456973293768546, 0.8456973293768546, 0.8456973293768546, 0.8456973293768546, 0.8456973293768546, 0.8456973293768546, 0.8456973293768546], "auprc": [0.7313526706432376, 0.7279708997625645, 0.7278229272524489, 0.7291483023013074, 0.7312959167769737, 0.7304804213691121, 0.7313526706432376, 0.7291483023013074, 0.7275108186840837, 0.7279708997625645]}]}