{"auroc": [0.39404520917678815, 0.6821524966261808, 0.6121457489878542, 0.6373819163292848, 0.40553306342780027, 0.5713562753036437, 0.6801282051282052, 0.4315452091767881, 0.6925101214574899, 0.5659244264507423], "acc": [0.7326478149100257, 0.7326478149100257, 0.7326478149100257, 0.7326478149100257, 0.26735218508997427, 0.7326478149100257, 0.7326478149100257, 0.7326478149100257, 0.7326478149100257, 0.7326478149100257], "aps": [0.65610917665939, 0.8053983438158259, 0.8048632236817621, 0.8268929755331076, 0.6567818294961201, 0.758884383457421, 0.8037724502204924, 0.6799884108001598, 0.8094484134330677, 0.7660495664817926], "f1": [0.8456973293768546, 0.8456973293768546, 0.8456973293768546, 0.8456973293768546, 0.0, 0.8456973293768546, 0.8456973293768546, 0.8456973293768546, 0.8456973293768546, 0.8456973293768546], "auprc": [0.6529155213608487, 0.8034640405187733, 0.8036862750763039, 0.8262679706704109, 0.6542900905475615, 0.7567808227011545, 0.8018287711891594, 0.6779431137295244, 0.8070259622142791, 0.7642911350865293]}