{"enet": [{"auroc": [0.6558029689608637, 0.6807017543859649, 0.6879048582995951, 0.6693994601889339, 0.6188090418353576, 0.6879048582995951, 0.6693994601889339, 0.6188090418353576, 0.730448717948718, 0.6946356275303643], "acc": [0.7506426735218509, 0.7377892030848329, 0.7480719794344473, 0.7429305912596401, 0.7300771208226221, 0.7480719794344473, 0.7429305912596401, 0.7300771208226221, 0.7480719794344473, 0.7609254498714653], "aps": [0.8181260665254488, 0.8156876180081774, 0.8203934843093796, 0.8101519612063302, 0.7841871629273701, 0.8203934843093796, 0.8101519612063302, 0.7841871629273701, 0.8560172870050684, 0.8244028618077983], "f1": [0.8519083969465648, 0.8210526315789475, 0.8298611111111112, 0.8269896193771626, 0.8247078464106845, 0.8298611111111112, 0.8269896193771626, 0.8247078464106845, 0.8338983050847457, 0.8431703204047217], "auprc": [0.8168762038213665, 0.8895298731319299, 0.89250329028611, 0.8878247362556242, 0.8769445340042356, 0.89250329028611, 0.8878247362556242, 0.8769445340042356, 0.8852021299511825, 0.8943266280550652]}]}