{"enet": [{"auroc": [0.868387314439946, 0.8876180836707153, 0.8876180836707153, 0.868387314439946, 0.868387314439946, 0.8904858299595141, 0.8820512820512821, 0.8876180836707153, 0.8820512820512821, 0.868387314439946], "acc": [0.7892030848329049, 0.7326478149100257, 0.7326478149100257, 0.7892030848329049, 0.7892030848329049, 0.7892030848329049, 0.8097686375321337, 0.7326478149100257, 0.8097686375321337, 0.7892030848329049], "aps": [0.9417471139198917, 0.944411949648423, 0.944411949648423, 0.9417471139198917, 0.9417471139198917, 0.9440320931604257, 0.9421461781665281, 0.944411949648423, 0.9421461781665281, 0.9417471139198917], "f1": [0.8702531645569621, 0.8456973293768546, 0.8456973293768546, 0.8702531645569621, 0.8702531645569621, 0.8730650154798761, 0.8836477987421384, 0.8456973293768546, 0.8836477987421384, 0.8702531645569621], "auprc": [0.9415622189928268, 0.944089086343428, 0.944089086343428, 0.9415622189928268, 0.9415622189928268, 0.9437070113071001, 0.9418155957896738, 0.944089086343428, 0.9418155957896738, 0.9415622189928268]}]}