{"enet": [{"auroc": [0.822604588394062, 0.822604588394062, 0.8215924426450743, 0.8211201079622134, 0.822604588394062, 0.8211201079622134, 0.822604588394062, 0.8215924426450743, 0.8211201079622134, 0.8211201079622132], "acc": [0.7429305912596401, 0.7429305912596401, 0.7506426735218509, 0.7660668380462725, 0.7429305912596401, 0.7660668380462725, 0.7429305912596401, 0.7506426735218509, 0.7660668380462725, 0.7634961439588689], "aps": [0.9148475652104988, 0.9148475652104988, 0.9141129369487518, 0.9114935484189682, 0.9148475652104988, 0.9114935484189682, 0.9148475652104988, 0.9141129369487518, 0.9114935484189682, 0.9108352760619012], "f1": [0.8507462686567165, 0.8507462686567165, 0.8545727136431783, 0.8614916286149162, 0.8507462686567165, 0.8614916286149162, 0.8507462686567165, 0.8545727136431783, 0.8614916286149162, 0.8601823708206687], "auprc": [0.9145112766656351, 0.9145112766656351, 0.913769504825144, 0.9111002477019464, 0.9145112766656351, 0.9111002477019464, 0.9145112766656351, 0.913769504825144, 0.9111002477019464, 0.9104205977869545]}]}