{"enet": [{"auroc": [0.6071187584345479, 0.6020917678812416, 0.6172739541160592, 0.6071187584345479, 0.6120445344129555, 0.6018893387314439, 0.6161268556005399, 0.6120445344129555, 0.6018893387314439, 0.6018893387314439], "acc": [0.699228791773779, 0.6915167095115681, 0.6915167095115681, 0.699228791773779, 0.7043701799485861, 0.7197943444730077, 0.7069408740359897, 0.7043701799485861, 0.7197943444730077, 0.7197943444730077], "aps": [0.779853676945367, 0.77790318651334, 0.7870996997626807, 0.779853676945367, 0.7810009298884175, 0.776753953522624, 0.7834483199662673, 0.7810009298884175, 0.776753953522624, 0.776753953522624], "f1": [0.8, 0.7945205479452055, 0.795221843003413, 0.8, 0.8027444253859348, 0.8168067226890756, 0.8041237113402062, 0.8027444253859348, 0.8168067226890756, 0.8168067226890756], "auprc": [0.8683551350703875, 0.8627657685355343, 0.8551616701108681, 0.8683551350703875, 0.8695855702706548, 0.868415982028363, 0.8696447805521771, 0.8695855702706548, 0.868415982028363, 0.868415982028363]}]}