{"enet": [{"auroc": [0.7503036437246964, 0.6825236167341431, 0.7350539811066126, 0.7503036437246964, 0.7503036437246964, 0.6907726045883941, 0.7584345479082321, 0.7056511470985156, 0.7350539811066126, 0.7350539811066126], "acc": [0.7403598971722365, 0.7326478149100257, 0.7480719794344473, 0.7403598971722365, 0.7403598971722365, 0.7660668380462725, 0.7583547557840618, 0.7712082262210797, 0.7480719794344473, 0.7480719794344473], "aps": [0.8765663173048284, 0.8536722635478893, 0.866810492856943, 0.8765663173048284, 0.8765663173048284, 0.8216080356646711, 0.8879846674732813, 0.8301458328844913, 0.866810492856943, 0.866810492856943], "f1": [0.849478390461997, 0.8456973293768546, 0.8409090909090908, 0.849478390461997, 0.849478390461997, 0.8525121555915721, 0.8483870967741935, 0.8548123980424144, 0.8409090909090908, 0.8409090909090908], "auprc": [0.8745146089174233, 0.8531249723136964, 0.8809517490487389, 0.8745146089174233, 0.8745146089174233, 0.8897484239120509, 0.8876140337247682, 0.893232476579054, 0.8809517490487389, 0.8809517490487389]}]}