{"auroc": [0.5100539811066127, 0.49930836707152493, 0.471221322537112, 0.5345310391363023, 0.4983130904183535, 0.5623987854251012, 0.49412955465587044, 0.4950910931174089, 0.482557354925776, 0.489861673414305], "acc": [0.7326478149100257, 0.7326478149100257, 0.7326478149100257, 0.26735218508997427, 0.7326478149100257, 0.7326478149100257, 0.7326478149100257, 0.26735218508997427, 0.26735218508997427, 0.7326478149100257], "aps": [0.7086283958304551, 0.7035731851170482, 0.6914809982201715, 0.734056939973712, 0.7113955502664785, 0.7632998820702186, 0.6994245357463451, 0.7209522321355206, 0.7007418342529214, 0.701944035768405], "f1": [0.8456973293768546, 0.8456973293768546, 0.8456973293768546, 0.0, 0.8456973293768546, 0.8456973293768546, 0.8456973293768546, 0.0, 0.0, 0.8456973293768546], "auprc": [0.7055149463856009, 0.7013471409116782, 0.6883277370589307, 0.7309583205558666, 0.7091420773753372, 0.7620318183880026, 0.6963344959722826, 0.7187719651453983, 0.69849984372024, 0.6988567729556263]}