{"enet": [{"auroc": [0.8952429149797569, 0.8239372469635627, 0.8462887989203779, 0.8894736842105263, 0.8952429149797569, 0.8497300944669366, 0.8941632928475034, 0.8952429149797569, 0.8857118758434548, 0.8926450742240216], "acc": [0.8380462724935732, 0.8226221079691517, 0.8303341902313625, 0.8226221079691517, 0.8380462724935732, 0.8329048843187661, 0.8303341902313625, 0.8380462724935732, 0.8329048843187661, 0.8303341902313625], "aps": [0.9515729867513567, 0.8940021293560636, 0.908592493925609, 0.9462605079086187, 0.9515729867513567, 0.9133735146047114, 0.9509911785028873, 0.9515729867513567, 0.9459892511611134, 0.951593597477725], "f1": [0.8955223880597015, 0.8756756756756757, 0.8862068965517242, 0.8906497622820918, 0.8955223880597015, 0.8903878583473862, 0.890728476821192, 0.8955223880597015, 0.8914858096828048, 0.8885135135135135], "auprc": [0.9513723300240404, 0.936177242328029, 0.9439630467355157, 0.9460389139847796, 0.9513723300240404, 0.944163132519576, 0.9507736792105504, 0.9513723300240404, 0.9561608046567878, 0.9583724809214842]}]}