{"auroc": [0.5694331983805667, 0.7819331983805669, 0.7153171390013495, 0.5615721997300944, 0.867948717948718, 0.8006747638326586, 0.6115384615384615, 0.5579790823211875, 0.5811909581646424, 0.5803981106612686], "acc": [0.7326478149100257, 0.7326478149100257, 0.7326478149100257, 0.7326478149100257, 0.8380462724935732, 0.7866323907455013, 0.7326478149100257, 0.26735218508997427, 0.26735218508997427, 0.7326478149100257], "aps": [0.7715457022861415, 0.8895999615734427, 0.8655084790802771, 0.7719514535958847, 0.9457039429576596, 0.9082407617429193, 0.7972183061918089, 0.786517738080945, 0.7750700643255732, 0.7795782468914991], "f1": [0.8456973293768546, 0.8456973293768546, 0.8456973293768546, 0.8456973293768546, 0.8968903436988543, 0.8659127625201938, 0.8456973293768546, 0.0, 0.0, 0.8456973293768546], "auprc": [0.7698913054254803, 0.8891835594073751, 0.8650858555473379, 0.7705109805268281, 0.945621964935936, 0.907941534236528, 0.7960978675775308, 0.7855120054089855, 0.7735901639874216, 0.7781848161755434]}