{"enet": [{"auroc": [0.7083333333333333, 0.7713056680161944, 0.771912955465587, 0.7713056680161944, 0.771912955465587, 0.7098009446693657, 0.8099527665317139, 0.8099527665317139, 0.7637314439946019, 0.8099527665317139], "acc": [0.8071979434447301, 0.8226221079691517, 0.8123393316195373, 0.8226221079691517, 0.8123393316195373, 0.7994858611825193, 0.8174807197943444, 0.8174807197943444, 0.8071979434447301, 0.8174807197943444], "aps": [0.8259714693304039, 0.860272541866627, 0.8629598407447211, 0.860272541866627, 0.8629598407447211, 0.8277707319043667, 0.8888223610579924, 0.8888223610579924, 0.8576697396645359, 0.8888223610579924], "f1": [0.8764415156507415, 0.8836424957841483, 0.8797364085667216, 0.8836424957841483, 0.8797364085667216, 0.8729641693811074, 0.8841761827079935, 0.8841761827079935, 0.8776508972267537, 0.8841761827079935], "auprc": [0.9059650872258964, 0.9223484063523709, 0.916244578711708, 0.9223484063523709, 0.916244578711708, 0.9049317913310045, 0.9203927275700805, 0.9203927275700805, 0.9196423469129517, 0.9203927275700805]}]}