{"rf": [{"auroc": [0.8269230769230769], "acc": [0.7634961439588689], "aps": [0.9187722853022011], "f1": [0.8593272171253823], "auprc": [0.9246965870661137]}], "enet": [{"auroc": [0.8449392712550607], "acc": [0.8431876606683805], "aps": [0.9206122852702586], "f1": [0.897133220910624], "auprc": [0.9202877899221077]}]}