{"auroc": [0.516497975708502, 0.5212381916329285, 0.522857624831309, 0.5095310391363024, 0.48068488529014847, 0.5388326585695007, 0.47577597840755737, 0.5243252361673414, 0.4901653171390013, 0.5303812415654521], "acc": [0.7326478149100257, 0.7326478149100257, 0.7326478149100257, 0.26735218508997427, 0.26735218508997427, 0.26735218508997427, 0.7326478149100257, 0.7326478149100257, 0.7326478149100257, 0.7326478149100257], "aps": [0.7308146103993046, 0.7371789296744996, 0.7451492736792804, 0.730872416697905, 0.7218560791790432, 0.7623107481253315, 0.7088100080509062, 0.7384386426326062, 0.7432244101467348, 0.741783137996147], "f1": [0.8456973293768546, 0.8456973293768546, 0.8456973293768546, 0.0, 0.0, 0.0, 0.8456973293768546, 0.8456973293768546, 0.8456973293768546, 0.8456973293768546], "auprc": [0.7280045868063116, 0.7348252016713646, 0.7422834837016826, 0.7279217897857693, 0.71908831244388, 0.7569342753628712, 0.7050106159099818, 0.7353520887783289, 0.7436846650598078, 0.7392740991650779]}