{"enet": [{"auroc": [0.709345479082321, 0.7392881241565452, 0.7125674763832659, 0.7582827260458839, 0.7827935222672064, 0.7827935222672064, 0.7660593792172741, 0.7713562753036437, 0.7827935222672064, 0.7827935222672064], "acc": [0.8123393316195373, 0.7994858611825193, 0.8149100257069408, 0.8071979434447301, 0.7994858611825193, 0.7994858611825193, 0.794344473007712, 0.794344473007712, 0.7994858611825193, 0.7994858611825193], "aps": [0.826782276784415, 0.8465190438427899, 0.8281519405582575, 0.8613832375911317, 0.8883187026908934, 0.8883187026908934, 0.8758275027997695, 0.8820793453819862, 0.8883187026908934, 0.8883187026908934], "f1": [0.8801313628899836, 0.8761904761904761, 0.8823529411764707, 0.8807631160572337, 0.8769716088328074, 0.8769716088328074, 0.875, 0.875, 0.8769716088328074, 0.8769716088328074], "auprc": [0.9068589202033697, 0.9063268261646709, 0.9082692724908479, 0.8935911983770275, 0.8879012370905071, 0.8879012370905071, 0.8752963245522242, 0.8816222055703252, 0.8879012370905071, 0.8879012370905071]}]}