{"best_index": [284, 107, 133, 73, 218], "auroc": [0.6521739130434783, 0.6994328922495274, 0.6616257088846881, 0.6843100189035917, 0.6975425330812854], "acc": [0.4782608695652174, 0.5, 0.5, 0.5, 0.4782608695652174], "aps": [0.6118486498050889, 0.6493230256208035, 0.6204954562612502, 0.6394958131782775, 0.7196244020771386], "f1": [0.6470588235294117, 0.6666666666666666, 0.6666666666666666, 0.6666666666666666, 0.6470588235294117], "auprc": [0.5849601325200926, 0.6267750908533737, 0.5942786838894669, 0.6128413738178269, 0.7064341759081864]}