{"best_index": [49, 68, 172, 201, 21], "auroc": [0.6502835538752363, 0.614366729678639, 0.6408317580340264, 0.6143667296786389, 0.614366729678639], "acc": [0.5, 0.5, 0.5, 0.4782608695652174, 0.5], "aps": [0.6461221194653873, 0.6028598253837778, 0.644618244571296, 0.6312668171482883, 0.6207066184611952], "f1": [0.6666666666666666, 0.6666666666666666, 0.6666666666666666, 0.6363636363636364, 0.6666666666666666], "auprc": [0.6201790356793607, 0.5758502495288009, 0.6186997434765337, 0.6057128384004716, 0.5945207629621554]}