{"rf": [{"auroc": [0.49680589680589676], "acc": [0.5978260869565217], "aps": [0.47247796737326725], "f1": [0.0]}], "enet": [{"auroc": [0.5262899262899263], "acc": [0.40217391304347827], "aps": [0.4236834512379811], "f1": [0.5736434108527132]}]}