{"enet": [{"auroc": [0.5017199017199017, 0.5, 0.5, 0.5, 0.5, 0.4732186732186732, 0.5, 0.5, 0.4732186732186732, 0.5223587223587224], "acc": [0.40217391304347827, 0.40217391304347827, 0.40217391304347827, 0.40217391304347827, 0.5978260869565217, 0.4782608695652174, 0.40217391304347827, 0.5978260869565217, 0.4782608695652174, 0.40217391304347827], "aps": [0.4092194952152429, 0.40217391304347827, 0.40217391304347827, 0.40217391304347827, 0.40217391304347827, 0.38505508449268944, 0.40217391304347827, 0.40217391304347827, 0.38505508449268944, 0.4012855606518434], "f1": [0.5736434108527132, 0.5736434108527132, 0.5736434108527132, 0.5736434108527132, 0.0, 0.4545454545454546, 0.5736434108527132, 0.0, 0.4545454545454546, 0.5736434108527132], "auprc": [0.3913522173116602, 0.7010869565217391, 0.7010869565217391, 0.7010869565217391, 0.7010869565217391, 0.42049817624781316, 0.7010869565217391, 0.7010869565217391, 0.42049817624781316, 0.38695617365005386]}]}