{"auroc": [0.41621621621621624, 0.4968058968058968, 0.44717444717444715, 0.5955773955773956, 0.4756756756756757, 0.34398034398034405, 0.42113022113022114, 0.3980343980343981, 0.4191646191646192, 0.5144963144963145], "acc": [0.40217391304347827, 0.40217391304347827, 0.40217391304347827, 0.40217391304347827, 0.40217391304347827, 0.5869565217391305, 0.40217391304347827, 0.42391304347826086, 0.5217391304347826, 0.5108695652173914], "aps": [0.3487699996171838, 0.41438113826741774, 0.3659501637287441, 0.4606515477040032, 0.3993969400538073, 0.3246696968241213, 0.37603307485830206, 0.34090733695467557, 0.35482826026380676, 0.39554715385219646], "f1": [0.5736434108527132, 0.5736434108527132, 0.5736434108527132, 0.5736434108527132, 0.5736434108527132, 0.0, 0.5736434108527132, 0.1846153846153846, 0.043478260869565216, 0.0], "auprc": [0.3363983792107683, 0.3961381940679239, 0.3498978219277794, 0.44664797623990893, 0.3834794161148254, 0.31082917342570987, 0.3602478012199007, 0.3280793373077674, 0.3388706112855375, 0.38400519071075634]}