{"enet": [{"auroc": [0.5773955773955775, 0.5, 0.5773955773955775, 0.5773955773955775, 0.5, 0.5773955773955775, 0.5, 0.5, 0.5, 0.5773955773955775], "acc": [0.40217391304347827, 0.40217391304347827, 0.40217391304347827, 0.40217391304347827, 0.40217391304347827, 0.40217391304347827, 0.40217391304347827, 0.40217391304347827, 0.40217391304347827, 0.40217391304347827], "aps": [0.47811575315123434, 0.40217391304347827, 0.47811575315123434, 0.47811575315123434, 0.40217391304347827, 0.47811575315123434, 0.40217391304347827, 0.40217391304347827, 0.40217391304347827, 0.47811575315123434], "f1": [0.5736434108527132, 0.5736434108527132, 0.5736434108527132, 0.5736434108527132, 0.5736434108527132, 0.5736434108527132, 0.5736434108527132, 0.5736434108527132, 0.5736434108527132, 0.5736434108527132], "auprc": [0.4602285389796327, 0.7010869565217391, 0.4602285389796327, 0.4602285389796327, 0.7010869565217391, 0.4602285389796327, 0.7010869565217391, 0.7010869565217391, 0.7010869565217391, 0.4602285389796327]}]}