{"enet": [{"auroc": [0.5523341523341524, 0.5, 0.5, 0.5, 0.48255528255528257, 0.4751842751842752, 0.5749385749385749, 0.513022113022113, 0.5, 0.5], "acc": [0.40217391304347827, 0.40217391304347827, 0.40217391304347827, 0.40217391304347827, 0.40217391304347827, 0.40217391304347827, 0.40217391304347827, 0.40217391304347827, 0.40217391304347827, 0.40217391304347827], "aps": [0.47792353967653906, 0.40217391304347827, 0.40217391304347827, 0.40217391304347827, 0.38766888970298047, 0.391303462589183, 0.4783671449657247, 0.42286373175989633, 0.40217391304347827, 0.40217391304347827], "f1": [0.5736434108527132, 0.5736434108527132, 0.5736434108527132, 0.5736434108527132, 0.5736434108527132, 0.5736434108527132, 0.5736434108527132, 0.5736434108527132, 0.5736434108527132, 0.5736434108527132], "auprc": [0.46609661331912083, 0.7010869565217391, 0.7010869565217391, 0.7010869565217391, 0.3733552846925968, 0.3754626123672151, 0.459790585958326, 0.4067418782100147, 0.7010869565217391, 0.7010869565217391]}]}