{"auroc": [0.5248157248157248, 0.5120393120393121, 0.49041769041769046, 0.4815724815724816, 0.4982800982800983, 0.4412776412776413, 0.48992628992628995, 0.5135135135135135, 0.48157248157248167, 0.4968058968058969], "acc": [0.40217391304347827, 0.5760869565217391, 0.40217391304347827, 0.40217391304347827, 0.40217391304347827, 0.40217391304347827, 0.40217391304347827, 0.40217391304347827, 0.40217391304347827, 0.40217391304347827], "aps": [0.41610205218926416, 0.3975371521031926, 0.41053811372127785, 0.3905556050753634, 0.41031202864849015, 0.35739388789234405, 0.3785332009898403, 0.39541217796849704, 0.38231226164329396, 0.4103649865639645], "f1": [0.5736434108527132, 0.0, 0.5736434108527132, 0.5736434108527132, 0.5736434108527132, 0.5736434108527132, 0.5736434108527132, 0.5736434108527132, 0.5736434108527132, 0.5736434108527132], "auprc": [0.4001632215957544, 0.38441578925063474, 0.39985775711422195, 0.3751018451490335, 0.39423017797668847, 0.34518903309199644, 0.36627548586530745, 0.38318795790160654, 0.3687244453242321, 0.3941960972420564]}