{"auroc": [0.5277641277641278, 0.6127764127764128, 0.4658476658476659, 0.5660933660933661, 0.539066339066339, 0.5292383292383293, 0.4830466830466831, 0.5297297297297298, 0.5911547911547912, 0.514004914004914], "acc": [0.40217391304347827, 0.40217391304347827, 0.40217391304347827, 0.40217391304347827, 0.40217391304347827, 0.40217391304347827, 0.40217391304347827, 0.40217391304347827, 0.40217391304347827, 0.40217391304347827], "aps": [0.39765542273358706, 0.46213871185670763, 0.38206992056233324, 0.4473349996792268, 0.41684889259133445, 0.4095956853434873, 0.40523352730204487, 0.4181816689898305, 0.4876391000606879, 0.40775512452269114], "f1": [0.5736434108527132, 0.5736434108527132, 0.5736434108527132, 0.5736434108527132, 0.5736434108527132, 0.5736434108527132, 0.5736434108527132, 0.5736434108527132, 0.5736434108527132, 0.5736434108527132], "auprc": [0.38512430127052844, 0.44377560486645506, 0.36512710656328473, 0.4289515346641738, 0.40300103096856654, 0.3975068667678523, 0.3872644112434707, 0.40252278107772416, 0.4688550658916857, 0.39392697932439963]}