{"enet": [{"auroc": [0.4658476658476659, 0.5341523341523342, 0.539066339066339, 0.4658476658476659, 0.539066339066339, 0.5562653562653563, 0.47223587223587227, 0.4658476658476659, 0.4658476658476659, 0.5562653562653563], "acc": [0.40217391304347827, 0.532608695652174, 0.5978260869565217, 0.40217391304347827, 0.5978260869565217, 0.5978260869565217, 0.40217391304347827, 0.40217391304347827, 0.40217391304347827, 0.5978260869565217], "aps": [0.39647279717308526, 0.4535989004513157, 0.4259928957513508, 0.39647279717308526, 0.4259928957513508, 0.4240927836805134, 0.3837730623968599, 0.39647279717308526, 0.39647279717308526, 0.4240927836805134], "f1": [0.5736434108527132, 0.5168539325842696, 0.0, 0.5736434108527132, 0.0, 0.0, 0.5736434108527132, 0.5736434108527132, 0.5736434108527132, 0.0], "auprc": [0.38060025822443133, 0.43714092032714064, 0.4106970824344082, 0.38060025822443133, 0.4106970824344082, 0.41196069386749345, 0.36965022143740467, 0.38060025822443133, 0.38060025822443133, 0.41196069386749345]}]}