{"enet": [{"auroc": [0.5336609336609337, 0.5336609336609337, 0.5336609336609337, 0.5336609336609337, 0.5336609336609337, 0.5336609336609337, 0.5336609336609337, 0.5336609336609337, 0.5336609336609337, 0.5336609336609337], "acc": [0.5978260869565217, 0.5978260869565217, 0.5978260869565217, 0.5978260869565217, 0.5978260869565217, 0.5978260869565217, 0.5978260869565217, 0.5978260869565217, 0.5978260869565217, 0.5978260869565217], "aps": [0.48093066231491016, 0.48093066231491016, 0.48093066231491016, 0.48093066231491016, 0.48093066231491016, 0.48093066231491016, 0.48093066231491016, 0.48093066231491016, 0.48093066231491016, 0.48093066231491016], "f1": [0.0, 0.0, 0.0, 0.0, 0.0, 0.0, 0.0, 0.0, 0.0, 0.0], "auprc": [0.47265947052139845, 0.47265947052139845, 0.47265947052139845, 0.47265947052139845, 0.47265947052139845, 0.47265947052139845, 0.47265947052139845, 0.47265947052139845, 0.47265947052139845, 0.47265947052139845]}]}