{"enet": [{"auroc": [0.5484029484029485, 0.5842751842751843, 0.5, 0.5484029484029485, 0.5975429975429976, 0.5842751842751843, 0.5842751842751843, 0.5906633906633907, 0.5975429975429976, 0.5975429975429976], "acc": [0.40217391304347827, 0.40217391304347827, 0.40217391304347827, 0.40217391304347827, 0.40217391304347827, 0.40217391304347827, 0.40217391304347827, 0.40217391304347827, 0.40217391304347827, 0.40217391304347827], "aps": [0.4935745074109368, 0.514164055360669, 0.40217391304347827, 0.4935745074109368, 0.543077800665654, 0.514164055360669, 0.514164055360669, 0.552077336860836, 0.543077800665654, 0.543077800665654], "f1": [0.5736434108527132, 0.5736434108527132, 0.5736434108527132, 0.5736434108527132, 0.5736434108527132, 0.5736434108527132, 0.5736434108527132, 0.5736434108527132, 0.5736434108527132, 0.5736434108527132], "auprc": [0.4852086655474654, 0.5022920261148216, 0.7010869565217391, 0.4852086655474654, 0.5320123861228239, 0.5022920261148216, 0.5022920261148216, 0.5453049584824345, 0.5320123861228239, 0.5320123861228239]}]}