{"rf": [{"auroc": [0.9310053981106613, 0.9169365721997301, 0.9197874493927125, 0.9225033738191631, 0.92638326585695, 0.9293184885290149, 0.9245276653171389, 0.9288630229419704, 0.925472334682861, 0.9323717948717948], "acc": [0.7892030848329049, 0.7892030848329049, 0.7892030848329049, 0.7840616966580977, 0.7892030848329049, 0.7866323907455013, 0.7866323907455013, 0.7840616966580977, 0.7840616966580977, 0.7917737789203085], "aps": [0.9694227625282408, 0.9612671499912735, 0.963508811341622, 0.9654915920118982, 0.9677833406642291, 0.9689729765060731, 0.966343915558141, 0.9679278873888744, 0.967150246750528, 0.9700052534637258], "f1": [0.8738461538461539, 0.8738461538461539, 0.8738461538461539, 0.8707692307692309, 0.8738461538461539, 0.8721109399075502, 0.8725038402457758, 0.8707692307692309, 0.8711656441717792, 0.8751926040061634], "auprc": [0.9694542137253683, 0.9611608267151663, 0.9637999605423537, 0.9661157922592826, 0.967791121903432, 0.9690487503854932, 0.9666479656221998, 0.9680957348514003, 0.9672217052881275, 0.9703436824835561]}], "enet": [{"auroc": [0.7900303643724697, 0.8629217273954114, 0.8629217273954114, 0.8481781376518217, 0.7900303643724697, 0.7521592442645074, 0.7900303643724697, 0.8481781376518217, 0.8481781376518217, 0.7941801619433198], "acc": [0.8277634961439588, 0.8406169665809768, 0.8406169665809768, 0.8329048843187661, 0.8277634961439588, 0.8149100257069408, 0.8277634961439588, 0.8329048843187661, 0.8329048843187661, 0.8200514138817481], "aps": [0.8723764216159555, 0.9210561713852734, 0.9210561713852734, 0.9175575725767284, 0.8723764216159555, 0.8524934891363884, 0.8723764216159555, 0.9175575725767284, 0.9175575725767284, 0.8816798961527628], "f1": [0.888888888888889, 0.8949152542372881, 0.8949152542372881, 0.8896434634974534, 0.888888888888889, 0.8779661016949153, 0.888888888888889, 0.8896434634974534, 0.8896434634974534, 0.882154882154882], "auprc": [0.9246716399545517, 0.9200869430026135, 0.9200869430026135, 0.9168798841544077, 0.9246716399545517, 0.9156555157676649, 0.9246716399545517, 0.9168798841544077, 0.9168798841544077, 0.9177250505405687]}]}