{"enet": [{"auroc": [0.8493252361673415, 0.8142712550607287, 0.8743252361673414, 0.8142712550607287, 0.8743252361673414, 0.8829622132253712, 0.8877867746288799, 0.8331983805668016, 0.8142712550607287, 0.8877867746288799], "acc": [0.8251928020565553, 0.8457583547557841, 0.8457583547557841, 0.8457583547557841, 0.8457583547557841, 0.8611825192802056, 0.8457583547557841, 0.8560411311053985, 0.8457583547557841, 0.8457583547557841], "aps": [0.925495571526034, 0.8882567905380508, 0.932835151265253, 0.8882567905380508, 0.932835151265253, 0.9440976380194868, 0.9448992874182405, 0.8973566560364268, 0.8882567905380508, 0.9448992874182405], "f1": [0.8859060402684563, 0.8979591836734693, 0.8979591836734693, 0.8979591836734693, 0.8979591836734693, 0.9084745762711864, 0.898989898989899, 0.9037800687285223, 0.8979591836734693, 0.898989898989899], "auprc": [0.9251631119786281, 0.9337617694361278, 0.9495242704488761, 0.9337617694361278, 0.9495242704488761, 0.9439011821699949, 0.9480860091703367, 0.9416656429766899, 0.9337617694361278, 0.9480860091703367]}]}