{"enet": [{"auroc": [0.8443657219973009, 0.8443657219973009, 0.8443657219973009, 0.8469635627530364, 0.8443657219973009, 0.8469635627530364, 0.8376518218623481, 0.8443657219973009, 0.8469635627530364, 0.8469635627530364], "acc": [0.794344473007712, 0.794344473007712, 0.794344473007712, 0.8020565552699229, 0.794344473007712, 0.8020565552699229, 0.8123393316195373, 0.794344473007712, 0.8020565552699229, 0.8020565552699229], "aps": [0.9115706082930668, 0.9115706082930668, 0.9115706082930668, 0.9152533713346466, 0.9115706082930668, 0.9152533713346466, 0.8925379852025506, 0.9115706082930668, 0.9152533713346466, 0.9152533713346466], "f1": [0.8761609907120743, 0.8761609907120743, 0.8761609907120743, 0.880248833592535, 0.8761609907120743, 0.880248833592535, 0.8854003139717426, 0.8761609907120743, 0.880248833592535, 0.880248833592535], "auprc": [0.9227637577002641, 0.9227637577002641, 0.9227637577002641, 0.9167327449528893, 0.9227637577002641, 0.9167327449528893, 0.8913469391740684, 0.9227637577002641, 0.9167327449528893, 0.9167327449528893]}]}