{"enet": [{"auroc": [0.7828778677462889, 0.573110661268556, 0.573110661268556, 0.5733805668016194, 0.6047908232118757, 0.5733805668016194, 0.5733805668016194, 0.5448886639676114, 0.6047908232118757, 0.5733805668016194], "acc": [0.7583547557840618, 0.7455012853470437, 0.7455012853470437, 0.7557840616966581, 0.7609254498714653, 0.7557840616966581, 0.7557840616966581, 0.7377892030848329, 0.7609254498714653, 0.7557840616966581], "aps": [0.883279799683858, 0.7626363859752225, 0.7626363859752225, 0.7626924816865548, 0.7765158999283014, 0.7626924816865548, 0.7626924816865548, 0.7510301418471846, 0.7765158999283014, 0.7626924816865548], "f1": [0.8575757575757577, 0.8511278195488722, 0.8511278195488722, 0.856711915535445, 0.8584474885844748, 0.856711915535445, 0.856711915535445, 0.8454545454545453, 0.8584474885844748, 0.856711915535445], "auprc": [0.8843326723737877, 0.880400115101632, 0.880400115101632, 0.8804562609328538, 0.8869081885809293, 0.8804562609328538, 0.8804562609328538, 0.8709730756770052, 0.8869081885809293, 0.8804562609328538]}]}