{"auroc": [0.5937584345479082, 0.6156882591093117, 0.5972334682860998, 0.6452091767881242, 0.6206477732793523, 0.6475033738191633, 0.5963900134952766, 0.9108974358974359, 0.9325236167341431, 0.9192476383265857], "acc": [0.7326478149100257, 0.7326478149100257, 0.7326478149100257, 0.7326478149100257, 0.7326478149100257, 0.7326478149100257, 0.7352185089974294, 0.8046272493573264, 0.8226221079691517, 0.8483290488431876], "aps": [0.7840776838279745, 0.7834516648592621, 0.7713321059130038, 0.7558450739777578, 0.7730987677783295, 0.7705997768029551, 0.7919614975856402, 0.9401721209139944, 0.9597512149487936, 0.9516753577616843], "f1": [0.8456973293768546, 0.8456973293768546, 0.8456973293768546, 0.8456973293768546, 0.8456973293768546, 0.8456973293768546, 0.8464977645305514, 0.8819875776397517, 0.8913385826771653, 0.9056], "auprc": [0.7823088364863948, 0.7817317413280593, 0.7684290537732756, 0.7534516273125209, 0.7701550226507446, 0.7679453631217643, 0.7906914250634047, 0.939804502933868, 0.9600205457945299, 0.951495245133992]}