{"enet": [{"auroc": [0.6421558704453441, 0.6823211875843455, 0.6823211875843455, 0.6912618083670715, 0.5980937921727395, 0.6900134952766532, 0.5959176788124155, 0.5750168690958164, 0.6900134952766532, 0.6912618083670715], "acc": [0.7609254498714653, 0.7686375321336761, 0.7686375321336761, 0.7609254498714653, 0.7634961439588689, 0.7634961439588689, 0.7660668380462725, 0.7634961439588689, 0.7634961439588689, 0.7609254498714653], "aps": [0.7938990371077439, 0.8107675271620557, 0.8107675271620557, 0.8121690308207562, 0.7734882015274266, 0.8272181400121119, 0.7727044349061184, 0.7634200289106746, 0.8272181400121119, 0.8121690308207562], "f1": [0.8584474885844748, 0.8619631901840491, 0.8619631901840491, 0.8588770864946889, 0.8597560975609756, 0.8593272171253823, 0.8602150537634408, 0.8593272171253823, 0.8593272171253823, 0.8588770864946889], "auprc": [0.8928890374774512, 0.841174081907018, 0.841174081907018, 0.8106142295870998, 0.8834321674803537, 0.8377288092792906, 0.8825570723682327, 0.8799762591156061, 0.8377288092792906, 0.8106142295870998]}]}