{"enet": [{"auroc": [0.7597503373819164, 0.8706477732793523, 0.8700742240215924, 0.8706477732793523, 0.8833333333333335, 0.8706477732793523, 0.8706477732793523, 0.8833333333333335, 0.8706477732793523, 0.8833333333333335], "acc": [0.8329048843187661, 0.8354755784061697, 0.8406169665809768, 0.8354755784061697, 0.8508997429305912, 0.8354755784061697, 0.8354755784061697, 0.8508997429305912, 0.8354755784061697, 0.8508997429305912], "aps": [0.8536572254289135, 0.9365293999275165, 0.9412840384151493, 0.9365293999275165, 0.9442965117859037, 0.9365293999275165, 0.9365293999275165, 0.9442965117859037, 0.9365293999275165, 0.9442965117859037], "f1": [0.8925619834710744, 0.8940397350993377, 0.8970099667774086, 0.8940397350993377, 0.9039735099337749, 0.8940397350993377, 0.8940397350993377, 0.9039735099337749, 0.8940397350993377, 0.9039735099337749], "auprc": [0.921289828047877, 0.9432184804518504, 0.9428489415582919, 0.9432184804518504, 0.9440764713585185, 0.9432184804518504, 0.9432184804518504, 0.9440764713585185, 0.9432184804518504, 0.9440764713585185]}]}