{"enet": [{"auroc": [0.5030364372469636, 0.5078272604588394, 0.5126180836707153, 0.5030364372469636, 0.5030364372469636, 0.5078272604588394, 0.5078272604588394, 0.5078272604588394, 0.5030364372469636, 0.5174089068825911], "acc": [0.7326478149100257, 0.7300771208226221, 0.7352185089974294, 0.7326478149100257, 0.7326478149100257, 0.7352185089974294, 0.7326478149100257, 0.7326478149100257, 0.7326478149100257, 0.7300771208226221], "aps": [0.7338459105523386, 0.7357404059317814, 0.737644742845663, 0.7338459105523386, 0.7338459105523386, 0.7357404059317814, 0.7357404059317814, 0.7357404059317814, 0.7338459105523386, 0.7395589981809709], "f1": [0.8452380952380952, 0.8439821693907874, 0.8464977645305514, 0.8452380952380952, 0.8452380952380952, 0.8464977645305514, 0.8452380952380952, 0.8452380952380952, 0.8452380952380952, 0.8439821693907874], "auprc": [0.8664527074917598, 0.8673999551814812, 0.868352123638422, 0.8664527074917598, 0.8664527074917598, 0.8673999551814812, 0.8673999551814812, 0.8673999551814812, 0.8664527074917598, 0.8693092513060761]}]}