{"enet": [{"auroc": [0.87027665317139, 0.7904858299595141, 0.8918016194331984, 0.8746963562753037, 0.8918016194331984, 0.8573549257759785, 0.87027665317139, 0.8746963562753037, 0.7904858299595141, 0.8746963562753037], "acc": [0.8174807197943444, 0.8457583547557841, 0.8226221079691517, 0.8251928020565553, 0.8226221079691517, 0.8200514138817481, 0.8174807197943444, 0.8251928020565553, 0.8457583547557841, 0.8251928020565553], "aps": [0.939562516339996, 0.8717084929596888, 0.9527010019369255, 0.9394035154899169, 0.9527010019369255, 0.9269679479485247, 0.939562516339996, 0.9394035154899169, 0.8717084929596888, 0.9394035154899169], "f1": [0.8822553897180764, 0.9, 0.8888888888888888, 0.8877887788778878, 0.8888888888888888, 0.8837209302325583, 0.8822553897180764, 0.8877887788778878, 0.9, 0.8877887788778878], "auprc": [0.9428108792741816, 0.9285120275747671, 0.952552904553381, 0.9390928351358827, 0.952552904553381, 0.9419197127636358, 0.9428108792741816, 0.9390928351358827, 0.9285120275747671, 0.9390928351358827]}]}