{"auroc": [0.6424763832658569, 0.8600539811066126, 0.5661268556005398, 0.4932186234817814, 0.5868421052631578, 0.9099358974358974, 0.6151147098515519, 0.8959176788124157, 0.5677800269905533, 0.4602564102564103], "acc": [0.7326478149100257, 0.8354755784061697, 0.7326478149100257, 0.7017994858611826, 0.7326478149100257, 0.8560411311053985, 0.7326478149100257, 0.7583547557840618, 0.7326478149100257, 0.45758354755784064], "aps": [0.7590978410727482, 0.8994976825253829, 0.7684421267032536, 0.7418733863050534, 0.7571149732253983, 0.9345117456003553, 0.7703145822748833, 0.921223138301379, 0.7807731257065433, 0.7159439362771254], "f1": [0.8456973293768546, 0.8984126984126983, 0.8456973293768546, 0.8176100628930818, 0.8456973293768546, 0.9093851132686084, 0.8456973293768546, 0.8580060422960725, 0.8456973293768546, 0.5403050108932462], "auprc": [0.7563560979317905, 0.8979750979108203, 0.7670544588017678, 0.7399549773479617, 0.7550790937872573, 0.932770935727513, 0.7686747559837859, 0.9193076700211382, 0.7795396551497338, 0.7132272847097129]}