{"auroc": [0.6280364372469636, 0.6723684210526315, 0.939642375168691, 0.6270917678812415, 0.6971322537112011, 0.6497975708502025, 0.6854588394062078, 0.6580296896086371, 0.6130904183535761, 0.624527665317139], "acc": [0.7326478149100257, 0.7326478149100257, 0.8920308483290489, 0.7326478149100257, 0.7326478149100257, 0.26735218508997427, 0.2699228791773779, 0.7326478149100257, 0.7326478149100257, 0.7326478149100257], "aps": [0.8061723635306419, 0.8187028985850534, 0.9613740032520326, 0.8170004685941876, 0.8201822139195252, 0.8098325391598598, 0.8403555573956827, 0.8036407832513729, 0.7939064714790283, 0.775509563636347], "f1": [0.8456973293768546, 0.8456973293768546, 0.93, 0.8456973293768546, 0.8456973293768546, 0.0, 0.006993006993006993, 0.8456973293768546, 0.8456973293768546, 0.8456973293768546], "auprc": [0.8044313802892564, 0.8174715788173104, 0.9618077233606616, 0.816309949643127, 0.8175498873967925, 0.8089927263210334, 0.8397011051408385, 0.8023753298584555, 0.792612976771029, 0.7737890664631226]}