{"enet": [{"auroc": [0.8387145748987854, 0.8467442645074225, 0.8467442645074225, 0.8843792172739542, 0.8387145748987854, 0.8934547908232118, 0.8467442645074225, 0.8467442645074225, 0.8467442645074225, 0.8467442645074225], "acc": [0.8663239074550129, 0.8380462724935732, 0.8380462724935732, 0.8431876606683805, 0.8663239074550129, 0.8483290488431876, 0.8380462724935732, 0.8380462724935732, 0.8380462724935732, 0.8380462724935732], "aps": [0.8996762794752461, 0.913636074989992, 0.913636074989992, 0.9420167080957168, 0.8996762794752461, 0.9470029826637812, 0.913636074989992, 0.913636074989992, 0.913636074989992, 0.913636074989992], "f1": [0.9147540983606557, 0.896551724137931, 0.896551724137931, 0.8998357963875205, 0.9147540983606557, 0.9028006589785832, 0.896551724137931, 0.896551724137931, 0.896551724137931, 0.896551724137931], "auprc": [0.9424758474933199, 0.938027432823166, 0.938027432823166, 0.9451734034231898, 0.9424758474933199, 0.9467386925439685, 0.938027432823166, 0.938027432823166, 0.938027432823166, 0.938027432823166]}]}