{"enet": [{"auroc": [0.5174089068825911, 0.5288461538461539, 0.5288461538461539, 0.5317813765182187, 0.5174089068825911, 0.5317813765182187, 0.5222334682861, 0.5557354925775978, 0.5557354925775978, 0.5174089068825911], "acc": [0.7403598971722365, 0.7377892030848329, 0.7377892030848329, 0.7403598971722365, 0.7352185089974294, 0.7403598971722365, 0.7429305912596401, 0.7377892030848329, 0.7377892030848329, 0.7352185089974294], "aps": [0.7395589981809709, 0.7441253263707572, 0.7441253263707572, 0.7453620556935187, 0.7395589981809709, 0.7453620556935187, 0.7414832496276904, 0.7552396003957277, 0.7552396003957277, 0.7395589981809709], "f1": [0.8490284005979073, 0.8482142857142857, 0.8482142857142857, 0.8490284005979073, 0.8464977645305514, 0.8490284005979073, 0.8502994011976047, 0.8477611940298508, 0.8477611940298508, 0.8464977645305514], "auprc": [0.8693092513060761, 0.8720626631853786, 0.8720626631853786, 0.87221078006235, 0.8693092513060761, 0.87221078006235, 0.8702780305951379, 0.8771495524134543, 0.8771495524134543, 0.8693092513060761]}]}