{"enet": [{"auroc": [0.5240384615384616, 0.5270580296896087, 0.539861673414305, 0.539861673414305, 0.5366734143049932, 0.5557186234817814, 0.5897435897435896, 0.5222334682860998, 0.5480769230769231, 0.5897435897435896], "acc": [0.7429305912596401, 0.7429305912596401, 0.7480719794344473, 0.7480719794344473, 0.7403598971722365, 0.7352185089974294, 0.7429305912596401, 0.7429305912596401, 0.7429305912596401, 0.7429305912596401], "aps": [0.7421875, 0.7434308609300759, 0.7486433112770753, 0.7486433112770753, 0.7473367492907343, 0.7552676178822354, 0.7705343093795766, 0.7414898751279156, 0.7519788918205804, 0.7705343093795766], "f1": [0.8507462686567165, 0.8502994011976047, 0.8528528528528528, 0.8528528528528528, 0.8490284005979073, 0.8464977645305514, 0.8489425981873112, 0.8502994011976047, 0.8507462686567165, 0.8489425981873112], "auprc": [0.87109375, 0.8712518362463305, 0.8734204970180808, 0.8734204970180808, 0.8732081331324941, 0.8758581074631672, 0.8787874190627234, 0.8702780079660614, 0.8759894459102902, 0.8787874190627234]}]}