{"auroc": [0.4175, 0.57125, 0.37999999999999995, 0.565, 0.49374999999999997, 0.44499999999999995, 0.44875000000000004, 0.49625, 0.50125, 0.5700000000000001], "acc": [0.5, 0.5, 0.5, 0.5, 0.5, 0.5, 0.5, 0.5, 0.5, 0.5], "aps": [0.44188411660122184, 0.6068325416602529, 0.49516844843550295, 0.5931201597381419, 0.49312612921622934, 0.4854620647571415, 0.4677439383144918, 0.5073337894916842, 0.4982015575288071, 0.5714671814671815], "f1": [0.6666666666666666, 0.0, 0.0, 0.6666666666666666, 0.6666666666666666, 0.6666666666666666, 0.6666666666666666, 0.6666666666666666, 0.6666666666666666, 0.0], "auprc": [0.41893896872006275, 0.588940186060673, 0.47702424730465326, 0.5735299233335556, 0.47169667466177484, 0.45484052993644086, 0.44179895804965863, 0.5040714317293264, 0.47325235730580656, 0.5529316663647834]}