{"best_index": [178, 153, 156, 166, 80], "auroc": [0.485995085995086, 0.49041769041769046, 0.5076167076167076, 0.46879606879606883, 0.4894348894348895], "acc": [0.5978260869565217, 0.5978260869565217, 0.5978260869565217, 0.5978260869565217, 0.5978260869565217], "aps": [0.405082913744904, 0.4275355903934468, 0.4455993700977297, 0.3972894266238095, 0.3891327502026221], "f1": [0.0, 0.0, 0.0, 0.0, 0.0], "auprc": [0.3889574966814346, 0.4090201723016957, 0.43615716267159776, 0.37915165137507834, 0.37485926153916693]}