{"best_index": [82, 179, 105, 199, 121], "auroc": [0.39066339066339073, 0.4437346437346437, 0.4098280098280098, 0.43095823095823094, 0.4496314496314497], "acc": [0.5978260869565217, 0.5978260869565217, 0.40217391304347827, 0.5978260869565217, 0.5978260869565217], "aps": [0.33894962639667636, 0.3671153324400523, 0.3443934687562832, 0.37926738957192235, 0.3640114209558508], "f1": [0.0, 0.0, 0.5736434108527132, 0.0, 0.0], "auprc": [0.32760195841175715, 0.3536165532546993, 0.33282200493413094, 0.36963008244723145, 0.3518256479613254]}