{"auroc": [0.5223587223587225, 0.5184275184275184, 0.5346437346437347, 0.5297297297297298, 0.5420147420147421, 0.5341523341523341, 0.5061425061425061, 0.4943488943488944, 0.5356265356265357, 0.4972972972972973], "acc": [0.40217391304347827, 0.40217391304347827, 0.40217391304347827, 0.40217391304347827, 0.40217391304347827, 0.40217391304347827, 0.40217391304347827, 0.40217391304347827, 0.40217391304347827, 0.40217391304347827], "aps": [0.40630977742128394, 0.419545663054426, 0.4073081799423798, 0.4152627713581074, 0.412393218455723, 0.4074103737574759, 0.3889869853484909, 0.38817242219146303, 0.40777859352424944, 0.3882963640011715], "f1": [0.5736434108527132, 0.5736434108527132, 0.5736434108527132, 0.5736434108527132, 0.5736434108527132, 0.5736434108527132, 0.5736434108527132, 0.5736434108527132, 0.5736434108527132, 0.5736434108527132], "auprc": [0.39098878636920376, 0.4014553085706858, 0.39453613279680766, 0.39741102349986857, 0.39894677469096607, 0.3946419074692048, 0.37653655742019265, 0.373308122602005, 0.394312508382054, 0.3757090556812672]}