{"auroc": [0.5179361179361179, 0.4997542997542998, 0.5213759213759214, 0.4938574938574939, 0.5292383292383293, 0.542014742014742, 0.5095823095823097, 0.51007371007371, 0.5218673218673219, 0.5341523341523342], "acc": [0.40217391304347827, 0.40217391304347827, 0.40217391304347827, 0.40217391304347827, 0.40217391304347827, 0.40217391304347827, 0.40217391304347827, 0.40217391304347827, 0.40217391304347827, 0.40217391304347827], "aps": [0.39883134189644653, 0.4009106568892207, 0.40144175418735983, 0.39977817409681093, 0.40173862397473176, 0.4097916597480745, 0.3982072317433645, 0.4045751836283199, 0.39858267923733626, 0.40722212108327077], "f1": [0.5736434108527132, 0.5736434108527132, 0.5736434108527132, 0.5736434108527132, 0.5736434108527132, 0.5736434108527132, 0.5736434108527132, 0.5736434108527132, 0.5736434108527132, 0.5736434108527132], "auprc": [0.38600470480189547, 0.3837868165805, 0.38862431347199294, 0.3822270097350127, 0.38872930906616776, 0.3969709233549019, 0.38537835661192277, 0.387107014232568, 0.38583470393450564, 0.3944334335786827]}