{"auroc": [0.49427679500520294, 0.4006243496357961, 0.46930280957336107, 0.469302809573361, 0.49115504682622263, 0.4755463059313215, 0.4016649323621228, 0.6878251821019771, 0.4828303850156088, 0.44432882414151925], "acc": [0.45161290322580644, 0.41935483870967744, 0.5161290322580645, 0.45161290322580644, 0.4032258064516129, 0.5806451612903226, 0.45161290322580644, 0.6612903225806451, 0.5161290322580645, 0.5483870967741935], "aps": [0.5088891895545946, 0.48354489667819645, 0.5338380488158206, 0.5455381252431812, 0.5728246502996166, 0.5765210874873055, 0.45809730035669793, 0.6880595740217297, 0.48818074215209234, 0.5394421198875129], "f1": [0.5952380952380953, 0.5384615384615384, 0.16666666666666666, 0.34615384615384615, 0.47887323943661964, 0.27777777777777773, 0.4333333333333333, 0.6865671641791045, 0.6153846153846153, 0.2222222222222222], "auprc": [0.4963304134326848, 0.4703072812361827, 0.5231456862608515, 0.5361794319152287, 0.5638726655151131, 0.5692223640052293, 0.44611568371566934, 0.6797511582279404, 0.4666665652405362, 0.5292832462819499]}