{"auroc": [0.5078043704474506, 0.3756503642039542, 0.4786680541103017, 0.5650364203954215, 0.46930280957336107, 0.5109261186264308, 0.3704474505723205, 0.48491155046826223, 0.4557752341311134, 0.4235171696149844], "acc": [0.4838709677419355, 0.3548387096774194, 0.4838709677419355, 0.5161290322580645, 0.4838709677419355, 0.532258064516129, 0.41935483870967744, 0.46774193548387094, 0.43548387096774194, 0.46774193548387094], "aps": [0.4982709584713467, 0.5062452090189672, 0.5315999336051215, 0.5669766569427402, 0.5850529092904512, 0.5271055313376753, 0.4544011847436117, 0.49531349945783787, 0.522108982709591, 0.4616622617192326], "f1": [0.6444444444444444, 0.48717948717948717, 0.6363636363636364, 0.1176470588235294, 0.6444444444444444, 0.2162162162162162, 0.30769230769230765, 0.6373626373626374, 0.5679012345679013, 0.6292134831460675], "auprc": [0.4799713480606917, 0.49579091166673106, 0.518067269975999, 0.5533678644163168, 0.5777225370527903, 0.5059883016574008, 0.4419073312092393, 0.4762880697761259, 0.5111374838558681, 0.44095899683598216]}