{"enet": [{"auroc": [0.5140478668054109, 0.5421436004162331, 0.6243496357960457, 0.5421436004162331, 0.38605619146722164, 0.38605619146722164, 0.5140478668054109, 0.5140478668054109, 0.5140478668054109, 0.5140478668054109], "acc": [0.46774193548387094, 0.532258064516129, 0.5, 0.532258064516129, 0.41935483870967744, 0.41935483870967744, 0.46774193548387094, 0.46774193548387094, 0.46774193548387094, 0.46774193548387094], "aps": [0.563268613415084, 0.5792704233971644, 0.623055100305662, 0.5792704233971644, 0.4387515405848277, 0.4387515405848277, 0.563268613415084, 0.563268613415084, 0.563268613415084, 0.563268613415084], "f1": [0.6373626373626374, 0.6233766233766235, 0.6516853932584269, 0.6233766233766235, 0.5263157894736842, 0.5263157894736842, 0.6373626373626374, 0.6373626373626374, 0.6373626373626374, 0.6373626373626374], "auprc": [0.5538864527025326, 0.5685726410885946, 0.6124300801305559, 0.5685726410885946, 0.5968538265641499, 0.5968538265641499, 0.5538864527025326, 0.5538864527025326, 0.5538864527025326, 0.5538864527025326]}]}