{"auroc": [0.6285119667013528, 0.477627471383975, 0.44120707596253905, 0.5046826222684704, 0.6170655567117587, 0.46618106139438087, 0.4255983350676379, 0.5088449531737773, 0.372528616024974, 0.5036420395421435], "acc": [0.532258064516129, 0.5161290322580645, 0.45161290322580644, 0.46774193548387094, 0.5645161290322581, 0.43548387096774194, 0.45161290322580644, 0.4838709677419355, 0.46774193548387094, 0.46774193548387094], "aps": [0.646712993860316, 0.5815892627930875, 0.5415220783053019, 0.5972005386177398, 0.6410900386247194, 0.5707854572328014, 0.45129398742156535, 0.5606572351278728, 0.42121976646969783, 0.545753913457315], "f1": [0.12121212121212122, 0.4444444444444444, 0.5277777777777778, 0.547945205479452, 0.2285714285714286, 0.4067796610169491, 0.5750000000000001, 0.6363636363636364, 0.6024096385542168, 0.6373626373626374], "auprc": [0.6368128368513606, 0.5729480940309064, 0.5333370847991349, 0.5906986257927839, 0.6332190037678312, 0.5622358526960965, 0.43646467102822906, 0.5513505028842329, 0.40725889672258764, 0.5348432060602547]}