{"best_index": [145, 51, 105, 109, 82], "auroc": [0.54820415879017, 0.5973534971644613, 0.6162570888468809, 0.6710775047258979, 0.6446124763705103], "acc": [0.45652173913043476, 0.5434782608695652, 0.5, 0.5217391304347826, 0.4782608695652174], "aps": [0.598970748686042, 0.6045116105704825, 0.5906656430716399, 0.6713061581529921, 0.6978878600732147], "f1": [0.6268656716417911, 0.6557377049180327, 0.6567164179104478, 0.6562499999999999, 0.6363636363636364], "auprc": [0.5861917034586546, 0.5881585928666799, 0.574030556673929, 0.6563186379678905, 0.6889076141617584]}