{"best_index": [165, 57, 205, 121, 126], "auroc": [0.6408317580340265, 0.6408317580340264, 0.4914933837429112, 0.6408317580340264, 0.5330812854442344], "acc": [0.5434782608695652, 0.5869565217391305, 0.5, 0.5652173913043478, 0.5869565217391305], "aps": [0.6399345130484496, 0.6486927454197122, 0.5231204734055224, 0.6196396434303499, 0.5721175965241845], "f1": [0.27586206896551724, 0.6415094339622641, 0.20689655172413793, 0.3333333333333333, 0.4864864864864865], "auprc": [0.62414390641075, 0.6335355436415355, 0.5064708773350766, 0.5931265047237692, 0.555654229591027]}