{"best_index": [181, 93, 119, 223, 37], "auroc": [0.6465028355387523, 0.616257088846881, 0.6578449905482041, 0.6786389413988658, 0.6540642722117203], "acc": [0.5, 0.5, 0.4782608695652174, 0.4782608695652174, 0.5], "aps": [0.687093302731085, 0.6819204063918543, 0.6846762848043116, 0.7416955693969759, 0.6650242497161624], "f1": [0.6666666666666666, 0.6666666666666666, 0.6470588235294117, 0.6470588235294117, 0.6666666666666666], "auprc": [0.6786893081909424, 0.6747240692752813, 0.6760869344737837, 0.7363171816048875, 0.6402778637509706]}