{"auroc": [0.5105651105651106, 0.5336609336609337, 0.5341523341523342, 0.5331695331695332, 0.5184275184275184, 0.5174447174447174, 0.5395577395577396, 0.5120393120393121, 0.5194103194103195, 0.5321867321867322], "acc": [0.40217391304347827, 0.40217391304347827, 0.40217391304347827, 0.40217391304347827, 0.40217391304347827, 0.40217391304347827, 0.40217391304347827, 0.40217391304347827, 0.40217391304347827, 0.40217391304347827], "aps": [0.40032383688544937, 0.4079333834863785, 0.41125534576762207, 0.40667978261387555, 0.3981407167571816, 0.4005135027878963, 0.4117176540827493, 0.3947246083558552, 0.40221217082667293, 0.4040982166043089], "f1": [0.5736434108527132, 0.5736434108527132, 0.5736434108527132, 0.5736434108527132, 0.5736434108527132, 0.5736434108527132, 0.5736434108527132, 0.5736434108527132, 0.5736434108527132, 0.5736434108527132], "auprc": [0.3878221145504181, 0.39585322493249764, 0.3991511332405874, 0.3946981667253003, 0.38597011521653535, 0.38851663396495295, 0.39933386998065645, 0.3822943859367356, 0.38965038577347993, 0.3915602081013907]}