{"enet": [{"auroc": [0.47911547911547914, 0.5, 0.47911547911547914, 0.47911547911547914, 0.5, 0.47911547911547914, 0.47911547911547914, 0.5, 0.5, 0.47911547911547914], "acc": [0.40217391304347827, 0.40217391304347827, 0.40217391304347827, 0.40217391304347827, 0.40217391304347827, 0.40217391304347827, 0.40217391304347827, 0.40217391304347827, 0.40217391304347827, 0.40217391304347827], "aps": [0.3912158140639157, 0.40217391304347827, 0.3912158140639157, 0.3912158140639157, 0.40217391304347827, 0.3912158140639157, 0.3912158140639157, 0.40217391304347827, 0.40217391304347827, 0.3912158140639157], "f1": [0.5736434108527132, 0.5736434108527132, 0.5736434108527132, 0.5736434108527132, 0.5736434108527132, 0.5736434108527132, 0.5736434108527132, 0.5736434108527132, 0.5736434108527132, 0.5736434108527132], "auprc": [0.37582165503401177, 0.7010869565217391, 0.37582165503401177, 0.37582165503401177, 0.7010869565217391, 0.37582165503401177, 0.37582165503401177, 0.7010869565217391, 0.7010869565217391, 0.37582165503401177]}]}