{"auroc": [0.4805896805896806, 0.5341523341523342, 0.5076167076167075, 0.5464373464373464, 0.42604422604422604, 0.5621621621621622, 0.5454545454545454, 0.4658476658476659, 0.4727272727272728, 0.458968058968059], "acc": [0.40217391304347827, 0.40217391304347827, 0.40217391304347827, 0.40217391304347827, 0.40217391304347827, 0.40217391304347827, 0.40217391304347827, 0.40217391304347827, 0.40217391304347827, 0.40217391304347827], "aps": [0.41186318661144855, 0.4447181196938967, 0.40156447306093834, 0.4109165807761265, 0.370102045768652, 0.4617305268271923, 0.4132392662884746, 0.37178361770181717, 0.38545873588784096, 0.37657425958178775], "f1": [0.5736434108527132, 0.5736434108527132, 0.5736434108527132, 0.5736434108527132, 0.5736434108527132, 0.5736434108527132, 0.5736434108527132, 0.5736434108527132, 0.5736434108527132, 0.5736434108527132], "auprc": [0.40079616515205285, 0.42609773141415896, 0.38572820470025265, 0.3968802731991351, 0.3551113281080322, 0.4433580090467585, 0.4011214686035916, 0.3587421037173646, 0.37182940395021435, 0.3638950072357592]}