{"enet": [{"auroc": [0.4678132678132678, 0.4678132678132678, 0.5, 0.48796068796068803, 0.45651105651105656, 0.45651105651105656, 0.41572481572481573, 0.5, 0.5, 0.41572481572481573], "acc": [0.40217391304347827, 0.40217391304347827, 0.40217391304347827, 0.40217391304347827, 0.40217391304347827, 0.40217391304347827, 0.40217391304347827, 0.40217391304347827, 0.40217391304347827, 0.40217391304347827], "aps": [0.3936616595193285, 0.3936616595193285, 0.40217391304347827, 0.374371684280001, 0.38795904800316433, 0.38795904800316433, 0.368053164038834, 0.40217391304347827, 0.40217391304347827, 0.368053164038834], "f1": [0.5736434108527132, 0.5736434108527132, 0.5736434108527132, 0.5736434108527132, 0.5736434108527132, 0.5736434108527132, 0.5736434108527132, 0.5736434108527132, 0.5736434108527132, 0.5736434108527132], "auprc": [0.3789611392666301, 0.3789611392666301, 0.7010869565217391, 0.3629890354816995, 0.3745640063853122, 0.3745640063853122, 0.3537636001513274, 0.7010869565217391, 0.7010869565217391, 0.3537636001513274]}]}