{"enet": [{"auroc": [0.49582309582309586, 0.51990171990172, 0.51990171990172, 0.5, 0.5, 0.49582309582309586, 0.5267813267813268, 0.5267813267813268, 0.4953316953316953, 0.4953316953316953], "acc": [0.40217391304347827, 0.40217391304347827, 0.40217391304347827, 0.40217391304347827, 0.40217391304347827, 0.40217391304347827, 0.40217391304347827, 0.40217391304347827, 0.40217391304347827, 0.40217391304347827], "aps": [0.41027444869223006, 0.40275741688608446, 0.40275741688608446, 0.40217391304347827, 0.40217391304347827, 0.41027444869223006, 0.4077187461626215, 0.4077187461626215, 0.39594331771439734, 0.39594331771439734], "f1": [0.5736434108527132, 0.5736434108527132, 0.5736434108527132, 0.5736434108527132, 0.5736434108527132, 0.5736434108527132, 0.5736434108527132, 0.5736434108527132, 0.5736434108527132, 0.5736434108527132], "auprc": [0.3942108059375766, 0.3874267761136713, 0.3874267761136713, 0.7010869565217391, 0.7010869565217391, 0.3942108059375766, 0.39320186105603894, 0.39320186105603894, 0.38131267695941073, 0.38131267695941073]}]}