{"enet": [{"auroc": [0.5852579852579853, 0.5557739557739557, 0.5852579852579853, 0.5469287469287469, 0.5469287469287469, 0.5803439803439804, 0.54987714987715, 0.5557739557739557, 0.5852579852579853, 0.5503685503685505], "acc": [0.40217391304347827, 0.40217391304347827, 0.40217391304347827, 0.40217391304347827, 0.40217391304347827, 0.40217391304347827, 0.40217391304347827, 0.40217391304347827, 0.40217391304347827, 0.40217391304347827], "aps": [0.44925269256320466, 0.4248506516797347, 0.44925269256320466, 0.41398116935591545, 0.41398116935591545, 0.4395125955424257, 0.4212377838352757, 0.4248506516797347, 0.44925269256320466, 0.41745114962433644], "f1": [0.5736434108527132, 0.5736434108527132, 0.5736434108527132, 0.5736434108527132, 0.5736434108527132, 0.5736434108527132, 0.5736434108527132, 0.5736434108527132, 0.5736434108527132, 0.5736434108527132], "auprc": [0.434192927576478, 0.4109248797378199, 0.434192927576478, 0.4013823860931863, 0.4013823860931863, 0.4250314045018933, 0.40729610695124074, 0.4109248797378199, 0.434192927576478, 0.4033545462173819]}]}