{"auroc": [0.48009828009828015, 0.41425061425061427, 0.4791154791154792, 0.47371007371007373, 0.4614250614250615, 0.48746928746928747, 0.4545454545454546, 0.39803439803439805, 0.4855036855036855, 0.47837837837837843], "acc": [0.40217391304347827, 0.40217391304347827, 0.40217391304347827, 0.40217391304347827, 0.40217391304347827, 0.40217391304347827, 0.40217391304347827, 0.40217391304347827, 0.40217391304347827, 0.40217391304347827], "aps": [0.41540537622906826, 0.36057014902406825, 0.3963410667900063, 0.3795336389109849, 0.3842505653493377, 0.38472257629767637, 0.39707867829221427, 0.34572815951486563, 0.4338713081201173, 0.3863872161738361], "f1": [0.5736434108527132, 0.5736434108527132, 0.5736434108527132, 0.5736434108527132, 0.5736434108527132, 0.5736434108527132, 0.5736434108527132, 0.5736434108527132, 0.5736434108527132, 0.5736434108527132], "auprc": [0.40426263150495984, 0.3454343680604029, 0.383715117324961, 0.3648646039057737, 0.37036946565060025, 0.37309619810965844, 0.38224017000682203, 0.33245903588257275, 0.4228063206542149, 0.37111075061107696]}