{"enet": [{"auroc": [0.5572481572481573, 0.5572481572481573, 0.5572481572481573, 0.5, 0.5, 0.5572481572481573, 0.5572481572481573, 0.5572481572481573, 0.5, 0.5572481572481573], "acc": [0.40217391304347827, 0.40217391304347827, 0.40217391304347827, 0.40217391304347827, 0.40217391304347827, 0.40217391304347827, 0.40217391304347827, 0.40217391304347827, 0.40217391304347827, 0.40217391304347827], "aps": [0.4510544051295792, 0.4510544051295792, 0.4510544051295792, 0.40217391304347827, 0.40217391304347827, 0.4510544051295792, 0.4510544051295792, 0.4510544051295792, 0.40217391304347827, 0.4510544051295792], "f1": [0.5736434108527132, 0.5736434108527132, 0.5736434108527132, 0.5736434108527132, 0.5736434108527132, 0.5736434108527132, 0.5736434108527132, 0.5736434108527132, 0.5736434108527132, 0.5736434108527132], "auprc": [0.4323844282628225, 0.4323844282628225, 0.4323844282628225, 0.7010869565217391, 0.7010869565217391, 0.4323844282628225, 0.4323844282628225, 0.4323844282628225, 0.7010869565217391, 0.4323844282628225]}]}