{"auroc": [0.43194103194103195, 0.5076167076167076, 0.5027027027027028, 0.5036855036855037, 0.48550368550368556, 0.5356265356265357, 0.5135135135135136, 0.41081081081081083, 0.48206388206388207, 0.4255528255528256], "acc": [0.40217391304347827, 0.40217391304347827, 0.40217391304347827, 0.40217391304347827, 0.40217391304347827, 0.40217391304347827, 0.40217391304347827, 0.40217391304347827, 0.40217391304347827, 0.40217391304347827], "aps": [0.3643493698795485, 0.4074831938807524, 0.3993192565502409, 0.4145492184872481, 0.40275466108709995, 0.42657182614273637, 0.4038933028387024, 0.3557997385915802, 0.3923508123361632, 0.37435676529311723], "f1": [0.5736434108527132, 0.5736434108527132, 0.5736434108527132, 0.5736434108527132, 0.5736434108527132, 0.5736434108527132, 0.5736434108527132, 0.5736434108527132, 0.5736434108527132, 0.5736434108527132], "auprc": [0.350852155295196, 0.3903289969365699, 0.38417366820532, 0.4037028864086723, 0.39259687038178787, 0.4083640797646852, 0.3870174464123585, 0.34211273339086706, 0.37711133723783613, 0.35677976339214057]}