{"auroc": [0.5877149877149876, 0.5965601965601967, 0.5842751842751842, 0.5194103194103195, 0.539066339066339, 0.5818181818181818, 0.57002457002457, 0.5498771498771499, 0.4658476658476659, 0.485995085995086], "acc": [0.6195652173913043, 0.41304347826086957, 0.5978260869565217, 0.5978260869565217, 0.40217391304347827, 0.40217391304347827, 0.45652173913043476, 0.5978260869565217, 0.5978260869565217, 0.5978260869565217], "aps": [0.498143364813991, 0.484742428481568, 0.47651034272400783, 0.42756123269130786, 0.42563901075138755, 0.4918882587161032, 0.5374997597704845, 0.4636097974352321, 0.39006972286150177, 0.4295392038041087], "f1": [0.3137254901960784, 0.5714285714285715, 0.0, 0.0, 0.5736434108527132, 0.5736434108527132, 0.5689655172413792, 0.0, 0.0, 0.0], "auprc": [0.4795520312511961, 0.465990831890912, 0.4578542312761192, 0.41123833065024357, 0.4094644418788326, 0.47314838056548336, 0.5288545286959829, 0.44487101383809946, 0.37454662750539924, 0.4109357579208845]}