{"auroc": [0.44029484029484034, 0.4987714987714988, 0.48992628992628995, 0.4751842751842752, 0.5764127764127766, 0.48992628992628995, 0.4393120393120393, 0.5031941031941032, 0.5228501228501229, 0.48255528255528257], "acc": [0.40217391304347827, 0.40217391304347827, 0.40217391304347827, 0.40217391304347827, 0.40217391304347827, 0.40217391304347827, 0.40217391304347827, 0.40217391304347827, 0.40217391304347827, 0.40217391304347827], "aps": [0.37083464907143937, 0.3837743078276078, 0.37906336782091177, 0.3713310567354233, 0.5186578809056676, 0.3824196103452482, 0.36671325616711825, 0.38541957944172645, 0.3944294349079645, 0.37735939982735967], "f1": [0.5736434108527132, 0.5736434108527132, 0.5736434108527132, 0.5736434108527132, 0.5736434108527132, 0.5736434108527132, 0.5736434108527132, 0.5736434108527132, 0.5736434108527132, 0.5736434108527132], "auprc": [0.35817165071925594, 0.3718841931454889, 0.3672334967591512, 0.36032740754060616, 0.507633193741676, 0.3700657716826118, 0.35477475342527154, 0.3739318874683269, 0.3828486659021477, 0.36581648476054407]}