{"auroc": [0.49852579852579854, 0.5572481572481572, 0.5410319410319411, 0.4884520884520885, 0.5493857493857495, 0.5341523341523342, 0.4835380835380836, 0.45798525798525797, 0.539066339066339, 0.5656019656019656], "acc": [0.40217391304347827, 0.40217391304347827, 0.40217391304347827, 0.40217391304347827, 0.40217391304347827, 0.40217391304347827, 0.40217391304347827, 0.40217391304347827, 0.40217391304347827, 0.5978260869565217], "aps": [0.39088325523225154, 0.42176604886915003, 0.4264466907638307, 0.3978280852613756, 0.4649486872518063, 0.42216785600671425, 0.39749101474375326, 0.38131826546012726, 0.41459384453129317, 0.46092583211486815], "f1": [0.5736434108527132, 0.5736434108527132, 0.5736434108527132, 0.5736434108527132, 0.5736434108527132, 0.5736434108527132, 0.5736434108527132, 0.5736434108527132, 0.5736434108527132, 0.0], "auprc": [0.3778894597153875, 0.40714135894866715, 0.4104989686167887, 0.3837793757964999, 0.45301800082148375, 0.4075181299964445, 0.38341799316633896, 0.3642514134617715, 0.40067936464964904, 0.45235230529794]}