{"auroc": [0.5388206388206388, 0.5582309582309583, 0.5523341523341523, 0.5201474201474202, 0.487960687960688, 0.5474201474201474, 0.5454545454545455, 0.5567567567567567, 0.5941031941031941, 0.5248157248157248], "acc": [0.40217391304347827, 0.40217391304347827, 0.40217391304347827, 0.40217391304347827, 0.40217391304347827, 0.40217391304347827, 0.40217391304347827, 0.40217391304347827, 0.40217391304347827, 0.40217391304347827], "aps": [0.4425316003284796, 0.47301234318085866, 0.4604256559791609, 0.42314755370305857, 0.41101203143942217, 0.4505957010936663, 0.49905687558708894, 0.45402794483891695, 0.5202568895576825, 0.45993025613585375], "f1": [0.5736434108527132, 0.5736434108527132, 0.5736434108527132, 0.5736434108527132, 0.5736434108527132, 0.5736434108527132, 0.5736434108527132, 0.5736434108527132, 0.5736434108527132, 0.5736434108527132], "auprc": [0.4240906678897193, 0.46132359192731864, 0.4487172508975498, 0.40717985235329235, 0.396053310396867, 0.43198100714530074, 0.48977912471022983, 0.43760103076010365, 0.5085712654164303, 0.44831129835591116]}