{"enet": [{"auroc": [0.47567567567567565, 0.49066339066339065, 0.5, 0.5, 0.5882063882063882, 0.49066339066339065, 0.47567567567567565, 0.49066339066339065, 0.5882063882063882, 0.5498771498771499], "acc": [0.40217391304347827, 0.391304347826087, 0.40217391304347827, 0.40217391304347827, 0.5, 0.391304347826087, 0.40217391304347827, 0.391304347826087, 0.5, 0.40217391304347827], "aps": [0.4033405905181037, 0.3979088772567033, 0.40217391304347827, 0.40217391304347827, 0.4629946948819419, 0.3979088772567033, 0.4033405905181037, 0.3979088772567033, 0.4629946948819419, 0.47546945432320775], "f1": [0.5736434108527132, 0.5625, 0.5736434108527132, 0.5736434108527132, 0.574074074074074, 0.5625, 0.5736434108527132, 0.5625, 0.574074074074074, 0.5736434108527132], "auprc": [0.38849121372239076, 0.682587720014442, 0.7010869565217391, 0.7010869565217391, 0.6608856924074091, 0.682587720014442, 0.38849121372239076, 0.682587720014442, 0.6608856924074091, 0.4568763904694406]}]}