{"enet": [{"auroc": [0.4388206388206389, 0.522850122850123, 0.5, 0.5, 0.5361179361179361, 0.5, 0.4388206388206389, 0.5, 0.4388206388206389, 0.5], "acc": [0.40217391304347827, 0.5978260869565217, 0.40217391304347827, 0.40217391304347827, 0.5978260869565217, 0.40217391304347827, 0.40217391304347827, 0.40217391304347827, 0.40217391304347827, 0.40217391304347827], "aps": [0.37627124462956896, 0.4170259458013941, 0.40217391304347827, 0.40217391304347827, 0.4087914483610525, 0.40217391304347827, 0.37627124462956896, 0.40217391304347827, 0.37627124462956896, 0.40217391304347827], "f1": [0.5736434108527132, 0.0, 0.5736434108527132, 0.5736434108527132, 0.0, 0.5736434108527132, 0.5736434108527132, 0.5736434108527132, 0.5736434108527132, 0.5736434108527132], "auprc": [0.35880513335667713, 0.40722721731387246, 0.7010869565217391, 0.7010869565217391, 0.39447894427144836, 0.7010869565217391, 0.35880513335667713, 0.7010869565217391, 0.35880513335667713, 0.7010869565217391]}]}