{"auroc": [0.5346437346437346, 0.4486486486486487, 0.5085995085995085, 0.5095823095823095, 0.51007371007371, 0.5056511056511057, 0.5454545454545455, 0.516953316953317, 0.520884520884521, 0.515970515970516], "acc": [0.40217391304347827, 0.40217391304347827, 0.40217391304347827, 0.40217391304347827, 0.40217391304347827, 0.40217391304347827, 0.40217391304347827, 0.40217391304347827, 0.40217391304347827, 0.40217391304347827], "aps": [0.40854084311192135, 0.37487282758641716, 0.3880676343877841, 0.3961778633976004, 0.39741479287179954, 0.3883864036693705, 0.4085004725852428, 0.3940512973835757, 0.3939818810454387, 0.3966551219372687], "f1": [0.5736434108527132, 0.5736434108527132, 0.5736434108527132, 0.5736434108527132, 0.5736434108527132, 0.5736434108527132, 0.5736434108527132, 0.5736434108527132, 0.5736434108527132, 0.5736434108527132], "auprc": [0.39494579769561833, 0.35978999672862366, 0.3760035798438581, 0.38318386152516914, 0.38454251742645706, 0.3764242490211549, 0.3977325905686131, 0.38172649617720367, 0.381681193155608, 0.38334697554159347]}