{"enet": [{"auroc": [0.5002457002457004, 0.5901719901719902, 0.5, 0.5754299754299754, 0.5110565110565111, 0.5901719901719902, 0.5110565110565111, 0.5, 0.5764127764127763, 0.5400491400491401], "acc": [0.40217391304347827, 0.40217391304347827, 0.40217391304347827, 0.40217391304347827, 0.40217391304347827, 0.40217391304347827, 0.40217391304347827, 0.40217391304347827, 0.40217391304347827, 0.40217391304347827], "aps": [0.401419424398131, 0.46610258824463036, 0.40217391304347827, 0.45122388352366233, 0.41102236434828276, 0.46610258824463036, 0.41102236434828276, 0.40217391304347827, 0.4454808252452723, 0.4493078835960299], "f1": [0.5736434108527132, 0.5736434108527132, 0.5736434108527132, 0.5736434108527132, 0.5736434108527132, 0.5736434108527132, 0.5736434108527132, 0.5736434108527132, 0.5736434108527132, 0.5736434108527132], "auprc": [0.3857444459935202, 0.4475230023501591, 0.7010869565217391, 0.4366930017186416, 0.39509854826007157, 0.4475230023501591, 0.39509854826007157, 0.7010869565217391, 0.43135325588036866, 0.43102263555769765]}]}