{"enet": [{"auroc": [0.5371007371007371, 0.5636363636363636, 0.5636363636363636, 0.5371007371007371, 0.5371007371007371, 0.5636363636363636, 0.5371007371007371, 0.5371007371007371, 0.5371007371007371, 0.5724815724815725], "acc": [0.40217391304347827, 0.40217391304347827, 0.40217391304347827, 0.40217391304347827, 0.40217391304347827, 0.40217391304347827, 0.40217391304347827, 0.40217391304347827, 0.40217391304347827, 0.40217391304347827], "aps": [0.425339955237092, 0.45120134676545975, 0.45120134676545975, 0.425339955237092, 0.425339955237092, 0.45120134676545975, 0.425339955237092, 0.425339955237092, 0.425339955237092, 0.46615099333476073], "f1": [0.5736434108527132, 0.5736434108527132, 0.5736434108527132, 0.5736434108527132, 0.5736434108527132, 0.5736434108527132, 0.5736434108527132, 0.5736434108527132, 0.5736434108527132, 0.5736434108527132], "auprc": [0.4094566174863044, 0.43297388921746155, 0.43297388921746155, 0.4094566174863044, 0.4094566174863044, 0.43297388921746155, 0.4094566174863044, 0.4094566174863044, 0.4094566174863044, 0.4552414494693902]}]}