{"enet": [{"auroc": [0.4987714987714988, 0.548894348894349, 0.548894348894349, 0.5316953316953317, 0.5444717444717445, 0.5985257985257986, 0.5125307125307126, 0.4987714987714988, 0.48746928746928747, 0.5572481572481572], "acc": [0.40217391304347827, 0.40217391304347827, 0.40217391304347827, 0.40217391304347827, 0.40217391304347827, 0.40217391304347827, 0.40217391304347827, 0.40217391304347827, 0.40217391304347827, 0.40217391304347827], "aps": [0.4010381732390266, 0.476087399543644, 0.476087399543644, 0.4423773848119893, 0.4668312156285726, 0.4799038184747608, 0.4302427906815228, 0.4010381732390266, 0.3937277307260594, 0.4502233024690265], "f1": [0.5736434108527132, 0.5736434108527132, 0.5736434108527132, 0.5736434108527132, 0.5736434108527132, 0.5736434108527132, 0.5736434108527132, 0.5736434108527132, 0.5736434108527132, 0.5736434108527132], "auprc": [0.385123630805879, 0.46437059698961325, 0.46437059698961325, 0.42402102648451934, 0.45766121492207856, 0.46112819530900134, 0.41205125943042553, 0.385123630805879, 0.3761030783916569, 0.43174418386758034]}]}