{"enet": [{"auroc": [0.538083538083538, 0.539066339066339, 0.5248157248157248, 0.538083538083538, 0.538083538083538, 0.538083538083538, 0.5606879606879607, 0.538083538083538, 0.538083538083538, 0.538083538083538], "acc": [0.40217391304347827, 0.40217391304347827, 0.40217391304347827, 0.40217391304347827, 0.40217391304347827, 0.40217391304347827, 0.40217391304347827, 0.40217391304347827, 0.40217391304347827, 0.40217391304347827], "aps": [0.43188537168763974, 0.4430471184979378, 0.42253726070528186, 0.43188537168763974, 0.43188537168763974, 0.43188537168763974, 0.46142542751779375, 0.43188537168763974, 0.43188537168763974, 0.43188537168763974], "f1": [0.5736434108527132, 0.5736434108527132, 0.5736434108527132, 0.5736434108527132, 0.5736434108527132, 0.5736434108527132, 0.5736434108527132, 0.5736434108527132, 0.5736434108527132, 0.5736434108527132], "auprc": [0.4136077514929771, 0.4322026936969498, 0.4044471630912685, 0.4136077514929771, 0.4136077514929771, 0.4136077514929771, 0.45033779209652586, 0.4136077514929771, 0.4136077514929771, 0.4136077514929771]}]}