{"enet": [{"auroc": [0.4942767950052029, 0.5577523413111343, 0.5556711758584808, 0.5556711758584808, 0.5494276795005203, 0.4942767950052029, 0.5494276795005203, 0.5556711758584808, 0.5556711758584808, 0.5577523413111343], "acc": [0.5, 0.5161290322580645, 0.5, 0.5, 0.5, 0.5, 0.5, 0.5, 0.5, 0.5161290322580645], "aps": [0.5446569725029924, 0.6440770190518567, 0.6778452936845816, 0.6778452936845816, 0.6381795051863844, 0.5446569725029924, 0.6381795051863844, 0.6778452936845816, 0.6778452936845816, 0.6440770190518567], "f1": [0.0, 0.0625, 0.0, 0.0, 0.0, 0.0, 0.0, 0.0, 0.0, 0.0625], "auprc": [0.5311598368428724, 0.6375871345805627, 0.673159589287974, 0.673159589287974, 0.6316825880594649, 0.5311598368428724, 0.6316825880594649, 0.673159589287974, 0.673159589287974, 0.6375871345805627]}]}