{"enet": [{"auroc": [0.49427679500520294, 0.47242455775234127, 0.445369406867846, 0.4594172736732571, 0.4391259105098856, 0.4516129032258064, 0.4536940686784599, 0.4536940686784599, 0.4557752341311133, 0.4516129032258064], "acc": [0.5, 0.5, 0.5, 0.43548387096774194, 0.43548387096774194, 0.4838709677419355, 0.4838709677419355, 0.4838709677419355, 0.5, 0.4838709677419355], "aps": [0.5577611983947818, 0.5377703042257049, 0.4984993158470008, 0.48012878164882256, 0.4651840809934151, 0.5247154283552208, 0.5198842008746964, 0.5198842008746964, 0.5104603648456192, 0.5247154283552208], "f1": [0.0, 0.0, 0.0, 0.5569620253164557, 0.5333333333333333, 0.0, 0.0, 0.0, 0.16216216216216214, 0.0], "auprc": [0.5372347933996281, 0.5172108019461437, 0.4770997933279144, 0.6390457139123704, 0.6226770544548951, 0.5038032321999479, 0.499001298621761, 0.499001298621761, 0.49682378244376624, 0.5038032321999479]}]}