{"auroc": [0.2525, 0.555, 0.805, 0.375, 0.555, 0.775, 0.23999999999999996, 0.505, 0.73, 0.3225], "acc": [0.5, 0.5, 0.5, 0.5, 0.5, 0.5, 0.5, 0.5, 0.5, 0.5], "aps": [0.4352348450608794, 0.6365493053354896, 0.8385530688337086, 0.5495762807663382, 0.689852350787198, 0.8134394853512501, 0.44791774558305847, 0.6459798147917427, 0.7434414564193976, 0.4279272150034954], "f1": [0.0, 0.0, 0.0, 0.0, 0.6666666666666666, 0.0, 0.0, 0.0, 0.0, 0.0], "auprc": [0.41857443412429574, 0.6253612988283999, 0.8344205819586001, 0.5398756872892169, 0.6824965448284508, 0.808778107930362, 0.43556081520406925, 0.6385461534638198, 0.7352406459339316, 0.3982076122982686]}