{"enet": [{"auroc": [0.7051282051282051, 0.7051282051282051, 0.7051282051282051, 0.6721056721056721, 0.7051282051282051, 0.6717171717171716, 0.7051282051282051, 0.7051282051282051, 0.7051282051282051, 0.7051282051282051], "acc": [0.15827338129496402, 0.15827338129496402, 0.15827338129496402, 0.5899280575539568, 0.15827338129496402, 0.15827338129496402, 0.15827338129496402, 0.15827338129496402, 0.15827338129496402, 0.15827338129496402], "aps": [0.9259614300956697, 0.9259614300956697, 0.9259614300956697, 0.9196927637788371, 0.9259614300956697, 0.9178813445330406, 0.9259614300956697, 0.9259614300956697, 0.9259614300956697, 0.9259614300956697], "f1": [0.0, 0.0, 0.0, 0.7015706806282722, 0.0, 0.0, 0.0, 0.0, 0.0, 0.0], "auprc": [0.9254045532161947, 0.9254045532161947, 0.9254045532161947, 0.9191271873019269, 0.9254045532161947, 0.9172811228256113, 0.9254045532161947, 0.9254045532161947, 0.9254045532161947, 0.9254045532161947]}]}