{"enet": [{"auroc": [0.6316337148803329, 0.5827263267429761, 0.3933402705515089, 0.4604578563995837, 0.5827263267429761, 0.5827263267429761, 0.5827263267429761, 0.4890738813735692, 0.6389177939646202, 0.5848074921956294], "acc": [0.5, 0.5, 0.45161290322580644, 0.46774193548387094, 0.5, 0.5, 0.5, 0.4838709677419355, 0.5, 0.5], "aps": [0.6195761650720024, 0.6052447508794664, 0.4616485904680936, 0.4817159322806849, 0.6052447508794664, 0.6052447508794664, 0.6052447508794664, 0.4937256930316925, 0.5937594371880894, 0.6281458637171681], "f1": [0.0, 0.0, 0.5405405405405406, 0.6117647058823529, 0.0, 0.0, 0.0, 0.5675675675675677, 0.0, 0.0], "auprc": [0.6066128538737884, 0.5946070896986612, 0.4487460952381388, 0.6902174027474806, 0.5946070896986612, 0.5946070896986612, 0.5946070896986612, 0.6571837652282334, 0.5725270363754733, 0.6197337480350017]}]}