{"enet": [{"auroc": [0.2975, 0.26250000000000007, 0.2525, 0.2525, 0.25000000000000006, 0.25000000000000006, 0.24500000000000002, 0.2975, 0.25000000000000006, 0.2525], "acc": [0.5, 0.5, 0.5, 0.5, 0.5, 0.5, 0.525, 0.5, 0.5, 0.5], "aps": [0.4465250875113385, 0.4438214288806945, 0.43045306432880986, 0.43045306432880986, 0.4467675508168346, 0.4467675508168346, 0.44981563807856506, 0.4465250875113385, 0.4467675508168346, 0.43045306432880986], "f1": [0.0, 0.0, 0.0, 0.0, 0.0, 0.0, 0.09523809523809523, 0.0, 0.0, 0.0], "auprc": [0.41661432879750243, 0.4146142811685558, 0.40127507159440784, 0.40127507159440784, 0.418099908274192, 0.418099908274192, 0.4333374069733885, 0.41661432879750243, 0.418099908274192, 0.40127507159440784]}]}