{"enet": [{"auroc": [0.605, 0.5499999999999999, 0.43, 0.605, 0.655, 0.5499999999999999, 0.655, 0.5925, 0.655, 0.5925], "acc": [0.5, 0.525, 0.55, 0.5, 0.5, 0.525, 0.5, 0.5, 0.5, 0.5], "aps": [0.662497991212156, 0.6097603189544396, 0.5634055309319965, 0.662497991212156, 0.6893266378116556, 0.6097603189544396, 0.6893266378116556, 0.6446372851969278, 0.6893266378116556, 0.6446372851969278], "f1": [0.0, 0.09523809523809523, 0.18181818181818182, 0.0, 0.0, 0.09523809523809523, 0.0, 0.0, 0.0, 0.0], "auprc": [0.6528384839243593, 0.5980323118185376, 0.5519688626067111, 0.6528384839243593, 0.6799053060727243, 0.5980323118185376, 0.6799053060727243, 0.6333487388368362, 0.6799053060727243, 0.6333487388368362]}]}