{"auroc": [0.47979797979797983, 0.6309246309246309, 0.574980574980575, 0.6744366744366744, 0.6938616938616939, 0.6822066822066821, 0.6068376068376069, 0.7074592074592074, 0.6903651903651903, 0.4036519036519036], "acc": [0.15827338129496402, 0.15827338129496402, 0.15827338129496402, 0.15827338129496402, 0.15827338129496402, 0.15827338129496402, 0.15827338129496402, 0.841726618705036, 0.15827338129496402, 0.15827338129496402], "aps": [0.8268040803967568, 0.8812323790860984, 0.876765799589446, 0.9034480052308087, 0.9066082271683615, 0.9052865556933176, 0.8838189523846693, 0.9142021103204652, 0.9085746805216417, 0.7982634199832851], "f1": [0.0, 0.0, 0.0, 0.0, 0.0, 0.0, 0.0, 0.9140624999999999, 0.0, 0.0], "auprc": [0.8236382056841551, 0.879053729134304, 0.8749591329545052, 0.9018989807087501, 0.9050140467365804, 0.9037319656724949, 0.8822383502020017, 0.91270721269307, 0.9069878892661871, 0.7919198887353692]}