{"enet": [{"auroc": [0.38150738150738145, 0.41414141414141414, 0.41414141414141414, 0.49844599844599846, 0.49844599844599846, 0.38150738150738145, 0.49844599844599846, 0.49844599844599846, 0.508935508935509, 0.49844599844599846], "acc": [0.17985611510791366, 0.16546762589928057, 0.16546762589928057, 0.15827338129496402, 0.15827338129496402, 0.17985611510791366, 0.15827338129496402, 0.15827338129496402, 0.16546762589928057, 0.15827338129496402], "aps": [0.8267830765044046, 0.8474630536189238, 0.8474630536189238, 0.8676207276319354, 0.8676207276319354, 0.8267830765044046, 0.8676207276319354, 0.8676207276319354, 0.8638428703848082, 0.8676207276319354], "f1": [0.05, 0.016949152542372885, 0.016949152542372885, 0.0, 0.0, 0.05, 0.0, 0.0, 0.016949152542372885, 0.0], "auprc": [0.8251555880784207, 0.8463320846464868, 0.8463320846464868, 0.8664654308871498, 0.8664654308871498, 0.8251555880784207, 0.8664654308871498, 0.8664654308871498, 0.8621463085610466, 0.8664654308871498]}]}