{"auroc": [0.4175, 0.45499999999999996, 0.5075000000000001, 0.645, 0.5049999999999999, 0.4975, 0.5875, 0.6275, 0.5425, 0.42500000000000004], "acc": [0.5, 0.5, 0.5, 0.5, 0.5, 0.5, 0.5, 0.5, 0.5, 0.5], "aps": [0.4829012588305202, 0.48321355107173175, 0.49404731728026274, 0.6013991284686612, 0.506543747769317, 0.5317975097834079, 0.5624502079586604, 0.5890137870267261, 0.577708198969542, 0.49699495454490383], "f1": [0.0, 0.0, 0.0, 0.0, 0.6666666666666666, 0.0, 0.0, 0.6666666666666666, 0.0, 0.0], "auprc": [0.4521521706924592, 0.45308647562616206, 0.4638906286310456, 0.5712404264286931, 0.48022154293749475, 0.5020160788487511, 0.5318919795925786, 0.5584794105737158, 0.5478548866549293, 0.46609805945810473]}