{"enet": [{"auroc": [0.46305931321540056, 0.42039542143600417, 0.42455775234131116, 0.42455775234131116, 0.40478668054110306, 0.40478668054110306, 0.39229968782518215, 0.46305931321540056, 0.40478668054110306, 0.42455775234131116], "acc": [0.5, 0.5, 0.5, 0.5, 0.5, 0.5, 0.5161290322580645, 0.5, 0.5, 0.5], "aps": [0.547854800385489, 0.5320526924865262, 0.5203611117851206, 0.5203611117851206, 0.5248633430055718, 0.5248633430055718, 0.4780298061403885, 0.547854800385489, 0.5248633430055718, 0.5203611117851206], "f1": [0.0, 0.0, 0.0, 0.0, 0.0, 0.0, 0.0625, 0.0, 0.0, 0.0], "auprc": [0.5273951655645331, 0.5118362536560335, 0.49979296119295563, 0.49979296119295563, 0.5046616911831868, 0.5046616911831868, 0.46497724331889245, 0.5273951655645331, 0.5046616911831868, 0.49979296119295563]}]}