{"enet": [{"auroc": [0.5036420395421436, 0.5036420395421436, 0.5541103017689906, 0.5811654526534858, 0.623309053069719, 0.5067637877211237, 0.5036420395421436, 0.5036420395421436, 0.5036420395421436, 0.6285119667013528], "acc": [0.4838709677419355, 0.4838709677419355, 0.532258064516129, 0.5, 0.5967741935483871, 0.4838709677419355, 0.4838709677419355, 0.4838709677419355, 0.4838709677419355, 0.5806451612903226], "aps": [0.5180426862862569, 0.5180426862862569, 0.5320212980615211, 0.5622483898519276, 0.5886766286773115, 0.49708712558107104, 0.5180426862862569, 0.5180426862862569, 0.5180426862862569, 0.5897294383415749], "f1": [0.0, 0.0, 0.40816326530612246, 0.27906976744186046, 0.5098039215686274, 0.3043478260869565, 0.0, 0.0, 0.0, 0.4583333333333333], "auprc": [0.4970475756922378, 0.4970475756922378, 0.5825203975073067, 0.585466212014545, 0.5700654991477883, 0.47618850840872795, 0.4970475756922378, 0.4970475756922378, 0.4970475756922378, 0.5686252814469884]}]}