{"enet": [{"auroc": [0.6925, 0.71, 0.5, 0.6425, 0.6425, 0.6925, 0.5, 0.71, 0.71, 0.6425], "acc": [0.5, 0.5, 0.5, 0.5, 0.5, 0.5, 0.5, 0.5, 0.5, 0.5], "aps": [0.6370050888090948, 0.6869691707464273, 0.5, 0.6076599554519394, 0.6076599554519394, 0.6370050888090948, 0.5, 0.6869691707464273, 0.6869691707464273, 0.6076599554519394], "f1": [0.0, 0.0, 0.0, 0.0, 0.0, 0.0, 0.0, 0.0, 0.0, 0.0], "auprc": [0.606926071692046, 0.6590618497636302, 0.75, 0.5777482089147776, 0.5777482089147776, 0.606926071692046, 0.75, 0.6590618497636302, 0.6590618497636302, 0.5777482089147776]}]}