{"auroc": [0.35250000000000004, 0.6675, 0.38249999999999995, 0.37750000000000006, 0.35, 0.3325, 0.49999999999999994, 0.3425, 0.40750000000000003, 0.545], "acc": [0.5, 0.5, 0.5, 0.5, 0.5, 0.5, 0.5, 0.5, 0.5, 0.5], "aps": [0.42566999878010775, 0.6297403757586967, 0.42734970705521086, 0.43407410864636536, 0.43240641792499374, 0.4073129087024295, 0.6148423339815345, 0.4134399605578095, 0.4496483331042155, 0.5835394206709744], "f1": [0.0, 0.6666666666666666, 0.0, 0.0, 0.0, 0.0, 0.0, 0.0, 0.0, 0.6666666666666666], "auprc": [0.39791784791373286, 0.5999694801933145, 0.403569040689867, 0.4094700394912508, 0.40653585590158137, 0.38707051750909927, 0.604172565781594, 0.3902889864286407, 0.42566935957024093, 0.5543291386777883]}