{"auroc": [0.6181061394380853, 0.4838709677419355, 0.6149843912591051, 0.49739854318418314, 0.445369406867846, 0.477627471383975, 0.5827263267429761, 0.47554630593132163, 0.5525494276795005, 0.4094693028095734], "acc": [0.5, 0.5, 0.5, 0.5, 0.5, 0.5, 0.5, 0.5, 0.5, 0.5], "aps": [0.6227808294996912, 0.5215625128911833, 0.6075461760482449, 0.5373825726853794, 0.529295849344613, 0.5410825249243724, 0.5767648527360664, 0.5419763422657249, 0.5924083845873684, 0.5010747008574292], "f1": [0.0, 0.0, 0.0, 0.6666666666666666, 0.0, 0.0, 0.6666666666666666, 0.0, 0.0, 0.0], "auprc": [0.6026674171972327, 0.5004211357118286, 0.5868529654968078, 0.5166675719695938, 0.5162694405326883, 0.5199037736028206, 0.5560738829476753, 0.5213940438617605, 0.5721601859555773, 0.4805277601830499]}