{"enet": [{"auroc": [0.5359001040582726, 0.5192507804370448, 0.5192507804370448, 0.5202913631633715, 0.5338189386056191, 0.5483870967741935, 0.5338189386056191, 0.5483870967741935, 0.5483870967741935, 0.5359001040582726], "acc": [0.4838709677419355, 0.5, 0.5, 0.5161290322580645, 0.5161290322580645, 0.4838709677419355, 0.5161290322580645, 0.4838709677419355, 0.4838709677419355, 0.4838709677419355], "aps": [0.5474296472497635, 0.56648108416179, 0.56648108416179, 0.5304545172000046, 0.549021362754141, 0.5259832285929188, 0.549021362754141, 0.5259832285929188, 0.5259832285929188, 0.5474296472497635], "f1": [0.0588235294117647, 0.0, 0.0, 0.3181818181818182, 0.0625, 0.1111111111111111, 0.0625, 0.1111111111111111, 0.1111111111111111, 0.0588235294117647], "auprc": [0.5337877523025943, 0.5572096085271236, 0.5572096085271236, 0.5087193297199067, 0.5354097356409292, 0.5088308306036655, 0.5354097356409292, 0.5088308306036655, 0.5088308306036655, 0.5337877523025943]}]}