{"enet": [{"auroc": [0.7125, 0.43250000000000005, 0.5725, 0.5725, 0.5725, 0.56, 0.5725, 0.43750000000000006, 0.43250000000000005, 0.79125], "acc": [0.5, 0.5, 0.5, 0.5, 0.5, 0.5, 0.5, 0.5, 0.5, 0.55], "aps": [0.7027991427217434, 0.5595198848959821, 0.669755025871747, 0.669755025871747, 0.669755025871747, 0.6517797799490177, 0.669755025871747, 0.5532210459523518, 0.5595198848959821, 0.746558645058645], "f1": [0.0, 0.0, 0.0, 0.0, 0.0, 0.0, 0.0, 0.0, 0.0, 0.24999999999999997], "auprc": [0.6866634430729531, 0.5457841212455858, 0.6603686909061786, 0.6603686909061786, 0.6603686909061786, 0.6421738757836744, 0.6603686909061786, 0.5394299773115104, 0.5457841212455858, 0.759158489887592]}]}