{"enet": [{"auroc": [0.4308012486992716, 0.4297606659729448, 0.5317377731529657, 0.4308012486992716, 0.47658688865764826, 0.48074921956295524, 0.5379812695109261, 0.47658688865764826, 0.4505723204994797, 0.4505723204994797], "acc": [0.5, 0.41935483870967744, 0.5, 0.5, 0.5, 0.46774193548387094, 0.4838709677419355, 0.5, 0.5, 0.5], "aps": [0.5375264447898811, 0.49125704729538755, 0.5500574537535061, 0.5375264447898811, 0.55502888274572, 0.4787860818709475, 0.6032905254275052, 0.55502888274572, 0.550999800336829, 0.550999800336829], "f1": [0.0, 0.41935483870967744, 0.0, 0.0, 0.0, 0.3529411764705882, 0.5789473684210527, 0.0, 0.0, 0.0], "auprc": [0.5177450056810399, 0.4782555170497097, 0.5289374416323114, 0.5177450056810399, 0.5345822505253724, 0.5462196034381042, 0.5960359793576819, 0.5345822505253724, 0.5310527371989262, 0.5310527371989262]}]}