{"enet": [{"auroc": [0.6056191467221644, 0.619146722164412, 0.4869927159209157, 0.5822060353798126, 0.40946930280957333, 0.619146722164412, 0.6118626430801248, 0.4869927159209157, 0.6118626430801248, 0.619146722164412], "acc": [0.5, 0.5161290322580645, 0.46774193548387094, 0.5806451612903226, 0.41935483870967744, 0.5161290322580645, 0.5161290322580645, 0.46774193548387094, 0.5161290322580645, 0.5161290322580645], "aps": [0.6066868975486008, 0.6155093958327762, 0.5397347303834867, 0.5742621662282181, 0.45489597080729716, 0.6155093958327762, 0.6176602197861727, 0.5397347303834867, 0.6176602197861727, 0.6155093958327762], "f1": [0.0, 0.1176470588235294, 0.5599999999999999, 0.59375, 0.5384615384615384, 0.1176470588235294, 0.0625, 0.5599999999999999, 0.0625, 0.1176470588235294], "auprc": [0.5936168721658736, 0.6022482716365637, 0.5187578435174715, 0.6391520929554801, 0.6408399013838331, 0.6022482716365637, 0.6047106775447433, 0.5187578435174715, 0.6047106775447433, 0.6022482716365637]}]}