{"auroc": [0.42039542143600417, 0.4588969823100936, 0.4703433922996878, 0.42247658688865763, 0.46722164412070755, 0.4443288241415192, 0.6014568158168574, 0.400624349635796, 0.4443288241415193, 0.5067637877211237], "acc": [0.5, 0.5, 0.5, 0.5, 0.5, 0.5, 0.4838709677419355, 0.5, 0.5, 0.5], "aps": [0.48879879833386175, 0.4649938313653903, 0.48429568059906974, 0.44685111075758316, 0.4666999659950796, 0.45000440080466764, 0.5737355713969022, 0.43413962374183246, 0.46719140506314183, 0.5024814337632879], "f1": [0.0, 0.6666666666666666, 0.0, 0.0, 0.0, 0.0, 0.0, 0.0, 0.0, 0.0], "auprc": [0.46747934840431826, 0.44894454757632707, 0.46684963744166286, 0.43018342288292977, 0.45140025530811423, 0.43554744847417326, 0.5554493739332729, 0.41922937428794205, 0.44999083474467755, 0.4813502974585776]}