{"auroc": [0.5725, 0.5425, 0.385, 0.6575, 0.7075, 0.5275000000000001, 0.6425000000000001, 0.5725, 0.5275000000000001, 0.53], "acc": [0.5, 0.5, 0.5, 0.5, 0.5, 0.5, 0.5, 0.5, 0.5, 0.5], "aps": [0.6311030945982221, 0.6218850523078465, 0.555196183205451, 0.6909332692304828, 0.7068387303735013, 0.6029108769933775, 0.7309577107142646, 0.6568079301847418, 0.6222216214527871, 0.6397607466028519], "f1": [0.0, 0.0, 0.6666666666666666, 0.0, 0.0, 0.0, 0.0, 0.0, 0.0, 0.0], "auprc": [0.620076853836784, 0.612011076233929, 0.5438846723446862, 0.6810396655234092, 0.697443985795515, 0.5912653040102156, 0.7247362543984286, 0.6483019909410339, 0.6127984971351912, 0.6279475128935401]}