{"enet": [{"auroc": [0.33999999999999997, 0.33999999999999997, 0.33999999999999997, 0.33999999999999997, 0.3225, 0.33999999999999997, 0.33999999999999997, 0.3225, 0.3225, 0.3225], "acc": [0.5, 0.5, 0.5, 0.5, 0.5, 0.5, 0.5, 0.5, 0.5, 0.5], "aps": [0.4993178652567418, 0.4993178652567418, 0.4993178652567418, 0.4993178652567418, 0.4667121181026295, 0.4993178652567418, 0.4993178652567418, 0.4667121181026295, 0.4667121181026295, 0.4667121181026295], "f1": [0.0, 0.0, 0.0, 0.0, 0.0, 0.0, 0.0, 0.0, 0.0, 0.0], "auprc": [0.4858865959588, 0.4858865959588, 0.4858865959588, 0.4858865959588, 0.44924991291016114, 0.4858865959588, 0.4858865959588, 0.44924991291016114, 0.44924991291016114, 0.44924991291016114]}]}