{"auroc": [0.57, 0.44499999999999995, 0.6074999999999999, 0.45, 0.38749999999999996, 0.5725, 0.6575, 0.645, 0.515, 0.5925], "acc": [0.5, 0.5, 0.5, 0.475, 0.5, 0.5, 0.5, 0.5, 0.5, 0.5], "aps": [0.5358191212331265, 0.5179297001006611, 0.6012665225876801, 0.5112087370663138, 0.43878193799847115, 0.5725018095398788, 0.6095931736669403, 0.5915560019689652, 0.5361622035136466, 0.6209250629939234], "f1": [0.0, 0.0, 0.0, 0.0, 0.0, 0.0, 0.0, 0.0, 0.0, 0.0], "auprc": [0.5090839474266766, 0.4872539067468115, 0.5710348234543031, 0.4803845807021855, 0.4165224735505631, 0.5418049175579961, 0.5838497460377368, 0.565270849997251, 0.5054443408479277, 0.6070400534241103]}