{"enet": [{"auroc": [0.395, 0.5375, 0.395, 0.585, 0.5725, 0.395, 0.605, 0.585, 0.395, 0.5375], "acc": [0.5, 0.5, 0.5, 0.5, 0.5, 0.5, 0.5, 0.5, 0.5, 0.5], "aps": [0.5248092994397988, 0.58792379322673, 0.5248092994397988, 0.6579413613213423, 0.6095104487152319, 0.5248092994397988, 0.6254171058963749, 0.6579413613213423, 0.5248092994397988, 0.58792379322673], "f1": [0.0, 0.0, 0.0, 0.0, 0.0, 0.0, 0.0, 0.0, 0.0, 0.0], "auprc": [0.5111014575973661, 0.5706099640631566, 0.5111014575973661, 0.6471641654274319, 0.5920245717875422, 0.5111014575973661, 0.6080634106931132, 0.6471641654274319, 0.5111014575973661, 0.5706099640631566]}]}