{"auroc": [0.2475, 0.40249999999999997, 0.5025, 0.375, 0.7275, 0.5349999999999999, 0.27749999999999997, 0.3725, 0.5825, 0.7300000000000001], "acc": [0.5, 0.5, 0.5, 0.5, 0.5, 0.475, 0.5, 0.5, 0.5, 0.5], "aps": [0.3972154857634733, 0.47284965587590666, 0.5385435480623824, 0.4768616687484537, 0.6378544749128314, 0.5485479351849674, 0.3974572243495408, 0.49764668942226276, 0.5784381795341049, 0.6739532808522747], "f1": [0.0, 0.0, 0.0, 0.0, 0.6666666666666666, 0.0, 0.0, 0.6666666666666666, 0.0, 0.0], "auprc": [0.3686705405962095, 0.4424603777951226, 0.5079276146857481, 0.4467185294404437, 0.6120605899766389, 0.5176502605205007, 0.37017167583364236, 0.46791058446796724, 0.548019160589182, 0.6450414567372771]}