{"auroc": [0.5725, 0.6275000000000001, 0.6487499999999999, 0.3875, 0.67, 0.6200000000000001, 0.63, 0.68875, 0.5075000000000001, 0.34750000000000003], "acc": [0.5, 0.5, 0.5, 0.5, 0.5, 0.5, 0.5, 0.5, 0.5, 0.5], "aps": [0.6963788524856637, 0.6708024697169434, 0.7173114781385985, 0.47598537903828264, 0.6892984639768134, 0.6897015957457134, 0.7007178775467016, 0.74599947893777, 0.6169581807081806, 0.4664572601927478], "f1": [0.0, 0.0, 0.6666666666666666, 0.6666666666666666, 0.0, 0.0, 0.0, 0.0, 0.0, 0.6666666666666666], "auprc": [0.6895208113019645, 0.6550617391815396, 0.7108560244864965, 0.45919325948809364, 0.6797765994783278, 0.6809664228206043, 0.6923194624238651, 0.7412599060232878, 0.6047249367700458, 0.44886613323682417]}