{"auroc": [0.6647241647241647, 0.6250971250971251, 0.6452991452991452, 0.688034188034188, 0.653069153069153, 0.6901709401709402, 0.38500388500388505, 0.6839549339549339, 0.4257964257964258, 0.6363636363636364], "acc": [0.15827338129496402, 0.841726618705036, 0.15827338129496402, 0.15827338129496402, 0.15827338129496402, 0.15827338129496402, 0.15827338129496402, 0.841726618705036, 0.15827338129496402, 0.15827338129496402], "aps": [0.905407736121183, 0.8956445723455339, 0.9074326570284887, 0.9167079911384778, 0.9159299106535448, 0.9164958719449013, 0.797894754779858, 0.9099260726355497, 0.818758605647255, 0.8954524047554524], "f1": [0.0, 0.9140624999999999, 0.0, 0.0, 0.0, 0.0, 0.0, 0.9140624999999999, 0.0, 0.0], "auprc": [0.9041792313047401, 0.8946474640527413, 0.9064572613950775, 0.9158409515904293, 0.9153157295707876, 0.915554309065973, 0.7917487579411702, 0.9095675137819872, 0.81585776952162, 0.8937391209740487]}