{"enet": [{"auroc": [0.32, 0.31499999999999995, 0.31499999999999995, 0.41500000000000004, 0.515, 0.32, 0.3425, 0.3, 0.31499999999999995, 0.31499999999999995], "acc": [0.5, 0.5, 0.5, 0.5, 0.5, 0.5, 0.4, 0.5, 0.5, 0.5], "aps": [0.45532433234174235, 0.40554613926370814, 0.40554613926370814, 0.5215595513923517, 0.5827892756824646, 0.45532433234174235, 0.4179928081000063, 0.44221438212393993, 0.40554613926370814, 0.40554613926370814], "f1": [0.0, 0.0, 0.0, 0.0, 0.0, 0.0, 0.36842105263157887, 0.0, 0.0, 0.0], "auprc": [0.4378374964955504, 0.3827896198731072, 0.3827896198731072, 0.5033299117168782, 0.5686494961946222, 0.4378374964955504, 0.49090342984504237, 0.42543054815260595, 0.3827896198731072, 0.3827896198731072]}]}