{"auroc": [0.7775000000000001, 0.76, 0.8025, 0.7749999999999999, 0.2575, 0.39249999999999996, 0.7925, 0.665, 0.7225, 0.5349999999999999], "acc": [0.5, 0.5, 0.5, 0.5, 0.5, 0.5, 0.5, 0.5, 0.5, 0.5], "aps": [0.791169659467378, 0.8166391985355821, 0.8215957004553884, 0.7199438414400893, 0.3851384805842373, 0.48163796980675033, 0.8044337822168155, 0.696359006807538, 0.7357069221737582, 0.5716227784989129], "f1": [0.0, 0.0, 0.0, 0.0, 0.0, 0.0, 0.0, 0.0, 0.0, 0.0], "auprc": [0.7846806868386995, 0.812462219932151, 0.8166753575235786, 0.6926792942111457, 0.36174932735425835, 0.46391254045683905, 0.7985079766138896, 0.6860281458096502, 0.7264450653599102, 0.5573761523208777]}