{"enet": [{"auroc": [0.6464646464646465, 0.526029526029526, 0.5652680652680653, 0.5920745920745921, 0.5652680652680653, 0.5652680652680653, 0.5652680652680653, 0.5920745920745921, 0.5652680652680653, 0.5652680652680653], "acc": [0.22302158273381295, 0.23741007194244604, 0.1510791366906475, 0.15827338129496402, 0.1510791366906475, 0.1510791366906475, 0.1510791366906475, 0.15827338129496402, 0.1510791366906475, 0.1510791366906475], "aps": [0.8801450590271416, 0.8586825985766686, 0.8610162358581827, 0.8792052202468079, 0.8610162358581827, 0.8610162358581827, 0.8610162358581827, 0.8792052202468079, 0.8610162358581827, 0.8610162358581827], "f1": [0.16923076923076924, 0.19696969696969696, 0.0, 0.0, 0.0, 0.0, 0.0, 0.0, 0.0, 0.0], "auprc": [0.8748291775820292, 0.8648283928842198, 0.8545381015095479, 0.8752837231782284, 0.8545381015095479, 0.8545381015095479, 0.8545381015095479, 0.8752837231782284, 0.8545381015095479, 0.8545381015095479]}]}