{"enet": [{"auroc": [0.6430801248699272, 0.5026014568158168, 0.554630593132154, 0.554630593132154, 0.554630593132154, 0.5577523413111343, 0.554630593132154, 0.49427679500520294, 0.5026014568158168, 0.694588969823101], "acc": [0.5, 0.5, 0.5, 0.5, 0.5, 0.5, 0.5, 0.5, 0.5, 0.5483870967741935], "aps": [0.6547583869270156, 0.5632909423791364, 0.6103858453195171, 0.6103858453195171, 0.6103858453195171, 0.6239046641415545, 0.6103858453195171, 0.565668832833233, 0.5632909423791364, 0.682900742446918], "f1": [0.0, 0.0, 0.0, 0.0, 0.0, 0.0, 0.0, 0.0, 0.0, 0.2222222222222222], "auprc": [0.6426647300983843, 0.5500025086365534, 0.6002014389906548, 0.6002014389906548, 0.6002014389906548, 0.6141673207884708, 0.6002014389906548, 0.5551210502449647, 0.5500025086365534, 0.6915369108750055]}]}