{"enet": [{"auroc": [0.5675, 0.67, 0.5674999999999999, 0.595, 0.5674999999999999, 0.6725, 0.7475, 0.7, 0.67, 0.69], "acc": [0.5, 0.5, 0.525, 0.525, 0.525, 0.625, 0.5, 0.525, 0.5, 0.525], "aps": [0.6222313210443833, 0.720357170835112, 0.6178156299325029, 0.6556925840971894, 0.6178156299325029, 0.7639316157698511, 0.8213285089772504, 0.7263213206938252, 0.720357170835112, 0.7115703179699122], "f1": [0.0, 0.0, 0.09523809523809523, 0.09523809523809523, 0.09523809523809523, 0.4444444444444444, 0.0, 0.09523809523809523, 0.0, 0.09523809523809523], "auprc": [0.6058650570897757, 0.7117138704154958, 0.600387194103416, 0.6393422609996635, 0.600387194103416, 0.7580594283812164, 0.81757069758786, 0.7154085956003625, 0.7117138704154958, 0.6965396092130905]}]}