{"enet": [{"auroc": [0.75, 0.7274999999999999, 0.5825000000000001, 0.6599999999999999, 0.39375, 0.7274999999999999, 0.74, 0.5825000000000001, 0.74, 0.7274999999999999], "acc": [0.5, 0.525, 0.475, 0.6, 0.4, 0.525, 0.525, 0.475, 0.525, 0.525], "aps": [0.7676251795165886, 0.6981699892456471, 0.6170708735708736, 0.6545206723524801, 0.4470615176865177, 0.6981699892456471, 0.756919185209537, 0.6170708735708736, 0.756919185209537, 0.6981699892456471], "f1": [0.0, 0.09523809523809523, 0.5714285714285714, 0.6, 0.5199999999999999, 0.09523809523809523, 0.09523809523809523, 0.5714285714285714, 0.09523809523809523, 0.09523809523809523], "auprc": [0.760166175235632, 0.6816498921314819, 0.5878229139392724, 0.703749410557329, 0.6285573179014831, 0.6816498921314819, 0.7481921122637587, 0.5878229139392724, 0.7481921122637587, 0.6816498921314819]}]}