{"auroc": [0.5025, 0.655, 0.6025000000000001, 0.7075, 0.6950000000000001, 0.66, 0.6375, 0.6375, 0.5125000000000001, 0.57], "acc": [0.5, 0.5, 0.5, 0.5, 0.5, 0.5, 0.5, 0.5, 0.5, 0.475], "aps": [0.526487856569191, 0.6158877342700873, 0.5727182379405087, 0.6453046695951107, 0.6291953250315665, 0.6278711733572027, 0.6212625044336917, 0.6065251134473455, 0.5364269240955897, 0.5828369974033589], "f1": [0.0, 0.0, 0.0, 0.0, 0.0, 0.0, 0.0, 0.0, 0.6666666666666666, 0.0], "auprc": [0.49993342655049056, 0.5855572911575107, 0.5462722087614402, 0.6156143707546964, 0.5990627668055204, 0.5981394587368877, 0.5919031146512336, 0.5763772705495026, 0.5100592856953426, 0.5525046212595762]}