{"enet": [{"auroc": [0.41, 0.5449999999999999, 0.41, 0.34500000000000003, 0.57125, 0.34500000000000003, 0.34500000000000003, 0.4925, 0.405, 0.34500000000000003], "acc": [0.5, 0.5, 0.5, 0.5, 0.625, 0.5, 0.5, 0.5, 0.5, 0.5], "aps": [0.5315985930612745, 0.6368862692972164, 0.5315985930612745, 0.5198163939762626, 0.5940182986100169, 0.5198163939762626, 0.5198163939762626, 0.5285107225732226, 0.48962749717347964, 0.5198163939762626], "f1": [0.0, 0.0, 0.0, 0.0, 0.5161290322580645, 0.0, 0.0, 0.0, 0.0, 0.0], "auprc": [0.5176286051242562, 0.6259548275443738, 0.5176286051242562, 0.5084962434209146, 0.6328782123945911, 0.5084962434209146, 0.5084962434209146, 0.4976085331364894, 0.4714216469845199, 0.5084962434209146]}]}