{"auroc": [0.5411810411810412, 0.5563325563325563, 0.5563325563325564, 0.5287490287490287, 0.5648795648795649, 0.4797979797979797, 0.491064491064491, 0.48368298368298374, 0.4560994560994561, 0.5380730380730381], "acc": [0.15827338129496402, 0.15827338129496402, 0.15827338129496402, 0.2805755395683453, 0.841726618705036, 0.841726618705036, 0.15827338129496402, 0.841726618705036, 0.15827338129496402, 0.841726618705036], "aps": [0.874864415339647, 0.869430177470528, 0.8755847179853383, 0.8705966146486768, 0.8870584320377921, 0.8650187111323533, 0.8683633059058381, 0.8634908255888142, 0.8612295820735416, 0.8807737927600092], "f1": [0.0, 0.0, 0.0, 0.2647058823529412, 0.9140624999999999, 0.9140624999999999, 0.0, 0.9140624999999999, 0.0, 0.9140624999999999], "auprc": [0.8738389150811097, 0.8679617092917795, 0.8743444213695437, 0.8693650774850344, 0.8861116134441291, 0.8638893884650305, 0.8673029610538742, 0.8623678744592326, 0.8601453905022722, 0.8798335755852329]}