{"auroc": [0.638111888111888, 0.5271950271950272, 0.5229215229215228, 0.5773115773115773, 0.5745920745920746, 0.5066045066045066, 0.4366744366744367, 0.6301476301476302, 0.6161616161616161, 0.5042735042735043], "acc": [0.15827338129496402, 0.841726618705036, 0.15827338129496402, 0.15827338129496402, 0.15827338129496402, 0.15827338129496402, 0.15827338129496402, 0.15827338129496402, 0.15827338129496402, 0.15827338129496402], "aps": [0.8979367710236041, 0.8487625899886899, 0.8578549440960959, 0.8751532616284823, 0.8692317363224551, 0.8318732528046424, 0.8134984550503009, 0.8878375898646005, 0.8870927155652417, 0.8495515550854084], "f1": [0.0, 0.9140624999999999, 0.0, 0.0, 0.0, 0.0, 0.0, 0.0, 0.0, 0.0], "auprc": [0.8967626060342422, 0.8470946932822161, 0.8562890571009842, 0.8737241620217571, 0.8672019248747311, 0.8257672401948002, 0.8070751719537584, 0.8856523959926035, 0.885815715567275, 0.8469363035508519]}