{"auroc": [0.3725, 0.41250000000000003, 0.2925, 0.42000000000000004, 0.375, 0.6025, 0.55, 0.6825000000000001, 0.395, 0.615], "acc": [0.5, 0.5, 0.5, 0.5, 0.5, 0.5, 0.5, 0.5, 0.5, 0.5], "aps": [0.5050478285985129, 0.5439003529215056, 0.473622769857018, 0.46137202489308093, 0.5080221793350663, 0.6935137985989082, 0.6146510812261003, 0.7172124076903488, 0.5103886940145979, 0.741086467982921], "f1": [0.0, 0.0, 0.0, 0.6666666666666666, 0.0, 0.0, 0.0, 0.0, 0.0, 0.0], "auprc": [0.4867401627553676, 0.5301431921064862, 0.4604576425362604, 0.43518115748346353, 0.49396869288904954, 0.6860036735115773, 0.6018583428484571, 0.7077131163988615, 0.49204635404735453, 0.7353991664559456]}