{"enet": [{"auroc": [0.43184183142559834, 0.6566077003121749, 0.6566077003121749, 0.6566077003121749, 0.5660770031217481, 0.4255983350676379, 0.5733610822060353, 0.4953173777315297, 0.6566077003121749, 0.5733610822060353], "acc": [0.5, 0.4838709677419355, 0.4838709677419355, 0.4838709677419355, 0.5, 0.5, 0.5, 0.5483870967741935, 0.4838709677419355, 0.4838709677419355], "aps": [0.4806461052419323, 0.6108463268754939, 0.6108463268754939, 0.6108463268754939, 0.5908147652204327, 0.48100056277340697, 0.5655739469178752, 0.534008139771903, 0.6108463268754939, 0.5788249010879193], "f1": [0.0, 0.0, 0.0, 0.0, 0.06060606060606061, 0.0, 0.0, 0.3913043478260869, 0.0, 0.0], "auprc": [0.46232150302318925, 0.5896420189292103, 0.5896420189292103, 0.5896420189292103, 0.5776264550247491, 0.46272875270129266, 0.5468860846768457, 0.5442111580381095, 0.5896420189292103, 0.557517941238966]}]}