{"auroc": [0.5171696149843912, 0.5296566077003122, 0.5452653485952133, 0.5234131113423517, 0.32570239334027057, 0.6888657648283039, 0.6732570239334026, 0.5567117585848075, 0.4755463059313216, 0.6493236212278876], "acc": [0.5, 0.5, 0.5, 0.5, 0.5, 0.5, 0.5, 0.5, 0.5, 0.5], "aps": [0.5661183390753862, 0.5828971646155978, 0.5936134493540979, 0.5704669844426697, 0.5088736638246183, 0.6639135412622675, 0.6878335223665569, 0.587222936724511, 0.5502091546455459, 0.6863753079386439], "f1": [0.0, 0.0, 0.0, 0.0, 0.6666666666666666, 0.0, 0.6666666666666666, 0.0, 0.0, 0.6666666666666666], "auprc": [0.5534763984157104, 0.5705221623981532, 0.5844405425206418, 0.5612951275110081, 0.5003181625621249, 0.6537850614950518, 0.6802257143644957, 0.5782034543057181, 0.5411871262180958, 0.6777897128096368]}