{"enet": [{"auroc": [0.43, 0.475, 0.475, 0.475, 0.47250000000000003, 0.535, 0.475, 0.535, 0.47250000000000003, 0.535], "acc": [0.5, 0.475, 0.475, 0.475, 0.475, 0.475, 0.475, 0.475, 0.475, 0.475], "aps": [0.4958641309364292, 0.5537103697136592, 0.5537103697136592, 0.5537103697136592, 0.5379628189951416, 0.5744863811295263, 0.5537103697136592, 0.5744863811295263, 0.5379628189951416, 0.5744863811295263], "f1": [0.23076923076923075, 0.0, 0.0, 0.0, 0.0, 0.0, 0.0, 0.0, 0.0, 0.0], "auprc": [0.4651212512401585, 0.5236531586075752, 0.5236531586075752, 0.5236531586075752, 0.5074422058186936, 0.5445111154042606, 0.5236531586075752, 0.5445111154042606, 0.5074422058186936, 0.5445111154042606]}]}