{"enet": [{"auroc": [0.6253902185223725, 0.6701352757544224, 0.603537981269511, 0.5858480749219563, 0.603537981269511, 0.5858480749219563, 0.5650364203954215, 0.6316337148803329, 0.6701352757544224, 0.5858480749219563], "acc": [0.5, 0.5, 0.5, 0.5161290322580645, 0.5, 0.5161290322580645, 0.5, 0.6290322580645161, 0.5, 0.5161290322580645], "aps": [0.6199762713418796, 0.7057566144053202, 0.611719396901421, 0.568239081483958, 0.611719396901421, 0.568239081483958, 0.6227432401948371, 0.5917782376928957, 0.7057566144053202, 0.568239081483958], "f1": [0.0, 0.0, 0.0, 0.16666666666666666, 0.0, 0.16666666666666666, 0.0, 0.634920634920635, 0.0, 0.16666666666666666], "auprc": [0.5997125178118472, 0.6997291786154163, 0.5910193173614403, 0.5547401209368801, 0.5910193173614403, 0.5547401209368801, 0.6139926751568805, 0.6857256102898504, 0.6997291786154163, 0.5547401209368801]}]}