{"enet": [{"auroc": [0.6476301476301477, 0.5458430458430459, 0.5458430458430459, 0.5170940170940171, 0.5101010101010102, 0.5101010101010102, 0.5101010101010102, 0.4473581973581974, 0.6476301476301477, 0.6476301476301477], "acc": [0.15827338129496402, 0.15827338129496402, 0.15827338129496402, 0.15827338129496402, 0.16546762589928057, 0.16546762589928057, 0.16546762589928057, 0.2805755395683453, 0.15827338129496402, 0.15827338129496402], "aps": [0.9015511501815031, 0.8607993405192745, 0.8607993405192745, 0.8476256992697786, 0.8388338777453461, 0.8388338777453461, 0.8388338777453461, 0.8330939570694371, 0.9015511501815031, 0.9015511501815031], "f1": [0.0, 0.0, 0.0, 0.0, 0.016949152542372885, 0.016949152542372885, 0.016949152542372885, 0.3055555555555556, 0.0, 0.0], "auprc": [0.8998272653145779, 0.8586394632676704, 0.8586394632676704, 0.8453820944913124, 0.835045838308667, 0.835045838308667, 0.835045838308667, 0.8425343930961466, 0.8998272653145779, 0.8998272653145779]}]}