{"enet": [{"auroc": [0.5629552549427679, 0.5483870967741935, 0.5483870967741935, 0.5972944849115503, 0.5483870967741935, 0.522372528616025, 0.4932362122788762, 0.4921956295525494, 0.4932362122788762, 0.4932362122788762], "acc": [0.46774193548387094, 0.46774193548387094, 0.46774193548387094, 0.4838709677419355, 0.46774193548387094, 0.5161290322580645, 0.5, 0.5, 0.5, 0.5], "aps": [0.5566712172485433, 0.5469337509173727, 0.5469337509173727, 0.5817390851221748, 0.5469337509173727, 0.5772475950512136, 0.5171270741609625, 0.5365662156037889, 0.5171270741609625, 0.5171270741609625], "f1": [0.0, 0.0, 0.0, 0.0, 0.0, 0.0625, 0.0, 0.0, 0.0, 0.0], "auprc": [0.5378527367122469, 0.5280492981732194, 0.5280492981732194, 0.5631019729857809, 0.5280492981732194, 0.5643984513663379, 0.4981535842212772, 0.5151904216655772, 0.4981535842212772, 0.4981535842212772]}]}