{"enet": [{"auroc": [0.47513597513597516, 0.5648795648795649, 0.5431235431235432, 0.6126651126651127, 0.5431235431235432, 0.5703185703185704, 0.4813519813519813, 0.5648795648795649, 0.5390442890442891, 0.4813519813519813], "acc": [0.15827338129496402, 0.31654676258992803, 0.23741007194244604, 0.2589928057553957, 0.23741007194244604, 0.302158273381295, 0.23741007194244604, 0.31654676258992803, 0.31654676258992803, 0.23741007194244604], "aps": [0.8543428936952939, 0.895777053862388, 0.8831592725858465, 0.9036302479775247, 0.8831592725858465, 0.8991067556928657, 0.8576713258238017, 0.895777053862388, 0.87128558100215, 0.8576713258238017], "f1": [0.0, 0.31654676258992803, 0.17187499999999997, 0.21374045801526717, 0.17187499999999997, 0.291970802919708, 0.17187499999999997, 0.31654676258992803, 0.326241134751773, 0.17187499999999997], "auprc": [0.8530614250663919, 0.8949626821007478, 0.8822202711176864, 0.9029629375370746, 0.8822202711176864, 0.8984422690697964, 0.8564582759403003, 0.8949626821007478, 0.8743431299069756, 0.8564582759403003]}]}