{"enet": [{"auroc": [0.6087408949011446, 0.582726326742976, 0.6087408949011446, 0.6316337148803329, 0.6493236212278877, 0.6087408949011446, 0.6493236212278877, 0.6493236212278877, 0.5639958376690947, 0.582726326742976], "acc": [0.5161290322580645, 0.5, 0.5161290322580645, 0.5, 0.5, 0.5161290322580645, 0.5, 0.5, 0.5, 0.5], "aps": [0.6349094838758536, 0.6558930574259617, 0.6349094838758536, 0.6197964482074221, 0.6138362247196288, 0.6349094838758536, 0.6138362247196288, 0.6138362247196288, 0.5573726183254479, 0.6558930574259617], "f1": [0.0625, 0.0, 0.0625, 0.06060606060606061, 0.06060606060606061, 0.0625, 0.06060606060606061, 0.06060606060606061, 0.20512820512820512, 0.0], "auprc": [0.6255142007453709, 0.6448406343769488, 0.6255142007453709, 0.6070960208513858, 0.6006687663109957, 0.6255142007453709, 0.6006687663109957, 0.6006687663109957, 0.5674490592490498, 0.6448406343769488]}]}