{"enet": [{"auroc": [0.4318418314255983, 0.5150884495317378, 0.4745057232049948, 0.4318418314255983, 0.7325702393340271, 0.6940686784599375, 0.4318418314255983, 0.5171696149843913, 0.5150884495317378, 0.4422476586888658], "acc": [0.5, 0.5, 0.5, 0.5, 0.5161290322580645, 0.5483870967741935, 0.5, 0.5, 0.5, 0.5], "aps": [0.5251605973126998, 0.5580480919843854, 0.5446007712197062, 0.5251605973126998, 0.6878811001798243, 0.741043023927288, 0.5251605973126998, 0.5649907611983502, 0.5580480919843854, 0.5492813272798589], "f1": [0.0, 0.0, 0.0, 0.0, 0.1176470588235294, 0.17647058823529413, 0.0, 0.0, 0.0, 0.0], "auprc": [0.5145425810406185, 0.5375851660283182, 0.5243058652802187, 0.5145425810406185, 0.6683122611501235, 0.7361262862477822, 0.5145425810406185, 0.5446555822468571, 0.5375851660283182, 0.5404312138147292]}]}