{"auroc": [0.48, 0.6275, 0.5425, 0.57, 0.4, 0.68, 0.35, 0.71, 0.4225, 0.56375], "acc": [0.5, 0.5, 0.5, 0.5, 0.5, 0.5, 0.5, 0.5, 0.5, 0.5], "aps": [0.52339750376623, 0.6139860714537053, 0.6576962798541746, 0.5826776156700273, 0.5055559978157089, 0.6363820249139722, 0.5294837258229181, 0.664358823247699, 0.5346089764922688, 0.623718558620405], "f1": [0.0, 0.0, 0.0, 0.0, 0.0, 0.6666666666666666, 0.0, 0.6666666666666666, 0.0, 0.6666666666666666], "auprc": [0.5051274284814855, 0.5959470903563002, 0.6494969344097077, 0.5646298808795096, 0.4876755539211706, 0.6111772869249539, 0.5180181824659273, 0.6353355422449076, 0.520455658578175, 0.6126043644662492]}