{"auroc": [0.4713839750260146, 0.49323621227887615, 0.4734651404786681, 0.47034339229968786, 0.47554630593132147, 0.522372528616025, 0.5202913631633715, 0.46722164412070755, 0.4838709677419355, 0.485952133194589], "acc": [0.5, 0.5, 0.5, 0.5, 0.5, 0.5, 0.5, 0.5, 0.5, 0.5], "aps": [0.52547777602949, 0.542645895496107, 0.5513534859015804, 0.520864304694825, 0.547410589244996, 0.5894600665476166, 0.6123894011284088, 0.5752875577230592, 0.5458432928189634, 0.5799224303280015], "f1": [0.0, 0.0, 0.0, 0.0, 0.0, 0.0, 0.0, 0.0, 0.0, 0.0], "auprc": [0.5041713819265429, 0.5216803233029964, 0.5312229603215568, 0.49948152322164785, 0.5269972648692567, 0.5773632831133703, 0.6009547754371715, 0.5657140089039365, 0.5325540118651749, 0.5606434413002302]}