{"auroc": [0.5932400932400932, 0.5396270396270396, 0.6608391608391608, 0.6554001554001555, 0.6324786324786323, 0.6118881118881118, 0.6188811188811189, 0.612082362082362, 0.5104895104895104, 0.48679098679098676], "acc": [0.15827338129496402, 0.15827338129496402, 0.15827338129496402, 0.15827338129496402, 0.15827338129496402, 0.15827338129496402, 0.15827338129496402, 0.15827338129496402, 0.841726618705036, 0.15827338129496402], "aps": [0.8930559962595429, 0.8764683538663433, 0.9058903778334007, 0.9050930149832146, 0.9013001103442164, 0.8964523645735417, 0.8972029490484876, 0.8994334697263183, 0.8738204317169874, 0.8674957299208057], "f1": [0.0, 0.0, 0.0, 0.0, 0.0, 0.0, 0.0, 0.0, 0.9140624999999999, 0.0], "auprc": [0.8920437430485259, 0.8753854727197584, 0.9049018471475566, 0.904058576008373, 0.9003362127900183, 0.8954632971221972, 0.8962014566137657, 0.8985134646095205, 0.8727332819452535, 0.8663462219694613]}