{"enet": [{"auroc": [0.52, 0.5, 0.525, 0.5, 0.5, 0.5, 0.5, 0.5, 0.5, 0.5], "acc": [0.5, 0.5, 0.55, 0.5, 0.5, 0.5, 0.5, 0.5, 0.5, 0.5], "aps": [0.5497410426037086, 0.5, 0.5371469052390105, 0.5, 0.5, 0.5, 0.5, 0.5, 0.5, 0.5], "f1": [0.0, 0.0, 0.4375, 0.0, 0.0, 0.0, 0.0, 0.0, 0.0, 0.0], "auprc": [0.5313741961508271, 0.75, 0.5700108667470875, 0.75, 0.75, 0.75, 0.75, 0.75, 0.75, 0.75]}]}