{"enet": [{"auroc": [0.37500000000000006, 0.4475, 0.45, 0.45, 0.41000000000000003, 0.37500000000000006, 0.41000000000000003, 0.45, 0.45, 0.4475], "acc": [0.5, 0.5, 0.5, 0.5, 0.5, 0.5, 0.5, 0.5, 0.5, 0.5], "aps": [0.5502832972363554, 0.5962256302312248, 0.6051929334365733, 0.6051929334365733, 0.598790358698447, 0.5502832972363554, 0.598790358698447, 0.6051929334365733, 0.6051929334365733, 0.5962256302312248], "f1": [0.0, 0.0, 0.0, 0.0, 0.0, 0.0, 0.0, 0.0, 0.0, 0.0], "auprc": [0.5395299995066254, 0.5865614708490221, 0.5956798249432858, 0.5956798249432858, 0.590508977611993, 0.5395299995066254, 0.590508977611993, 0.5956798249432858, 0.5956798249432858, 0.5865614708490221]}]}