{"enet": [{"auroc": [0.4516129032258065, 0.4516129032258065, 0.4516129032258065, 0.485952133194589, 0.348595213319459, 0.39125910509885536, 0.348595213319459, 0.3839750260145682, 0.4516129032258065, 0.3798126951092612], "acc": [0.5, 0.5, 0.5, 0.5, 0.4838709677419355, 0.46774193548387094, 0.4838709677419355, 0.5, 0.5, 0.5], "aps": [0.4971444129995393, 0.4971444129995393, 0.4971444129995393, 0.5215859196415281, 0.42889091130772744, 0.45195209395507113, 0.42889091130772744, 0.4489054745245985, 0.4971444129995393, 0.4442019460272416], "f1": [0.0, 0.0, 0.0, 0.0, 0.0, 0.05714285714285715, 0.0, 0.0, 0.0, 0.0], "auprc": [0.475427082089584, 0.475427082089584, 0.475427082089584, 0.49989731705753443, 0.4117847629371681, 0.4335460134633431, 0.4117847629371681, 0.4276717514980989, 0.475427082089584, 0.4230891055139251]}]}