{"enet": [{"auroc": [0.6625000000000001, 0.5225, 0.58, 0.47, 0.47, 0.4699999999999999, 0.47, 0.58, 0.49249999999999994, 0.665], "acc": [0.5, 0.5, 0.525, 0.525, 0.525, 0.525, 0.525, 0.525, 0.525, 0.5], "aps": [0.7112439255146299, 0.5780117155544535, 0.582498336507543, 0.5226362358050186, 0.5226362358050186, 0.5140035724801008, 0.5226362358050186, 0.582498336507543, 0.5347981370481371, 0.6610835977950916], "f1": [0.0, 0.0, 0.09523809523809523, 0.09523809523809523, 0.09523809523809523, 0.09523809523809523, 0.09523809523809523, 0.09523809523809523, 0.09523809523809523, 0.0], "auprc": [0.700336066832619, 0.5641745792795645, 0.5641281439565409, 0.5043300349198117, 0.5043300349198117, 0.49579130332904303, 0.5043300349198117, 0.5641281439565409, 0.5163501136173109, 0.6478304972889669]}]}