{"enet": [{"auroc": [0.509885535900104, 0.6118626430801248, 0.586888657648283, 0.586888657648283, 0.5525494276795004, 0.586888657648283, 0.6066597294484912, 0.5036420395421436, 0.6045785639958376, 0.5036420395421436], "acc": [0.5, 0.5645161290322581, 0.5161290322580645, 0.5161290322580645, 0.5161290322580645, 0.5161290322580645, 0.5483870967741935, 0.532258064516129, 0.5967741935483871, 0.532258064516129], "aps": [0.5854456518442233, 0.6405684345487352, 0.6266367117234366, 0.6266367117234366, 0.6173367366439195, 0.6266367117234366, 0.6252808278940059, 0.5831597008282292, 0.6125751653510988, 0.5831597008282292], "f1": [0.0, 0.27027027027027023, 0.0625, 0.0625, 0.0625, 0.0625, 0.2222222222222222, 0.12121212121212122, 0.4444444444444444, 0.12121212121212122], "auprc": [0.576752793257705, 0.6465008789382383, 0.6170457501303208, 0.6170457501303208, 0.6095003291159174, 0.6170457501303208, 0.6306503155231348, 0.5743963264207144, 0.6388411888799999, 0.5743963264207144]}]}