{"enet": [{"auroc": [0.5161290322580644, 0.6160249739854318, 0.5161290322580644, 0.5057232049947971, 0.586888657648283, 0.5161290322580644, 0.4994797086368366, 0.5057232049947971, 0.5161290322580644, 0.6160249739854318], "acc": [0.5, 0.5, 0.5, 0.5, 0.5, 0.5, 0.5, 0.5, 0.5, 0.5], "aps": [0.5661665526479427, 0.636123103801808, 0.5661665526479427, 0.5619971382462177, 0.6050990915553518, 0.5661665526479427, 0.527551253559378, 0.5619971382462177, 0.5661665526479427, 0.636123103801808], "f1": [0.0, 0.0, 0.0, 0.0, 0.0, 0.0, 0.0, 0.0, 0.0, 0.0], "auprc": [0.5532066888994319, 0.627455007686367, 0.5532066888994319, 0.5526850099526615, 0.594608900545355, 0.5532066888994319, 0.5140284385521355, 0.5526850099526615, 0.5532066888994319, 0.627455007686367]}]}