{"auroc": [0.5353535353535355, 0.4393939393939394, 0.486013986013986, 0.4937839937839938, 0.48290598290598297, 0.4438616938616939, 0.5761460761460762, 0.5155400155400155, 0.4770784770784771, 0.49378399378399374], "acc": [0.15827338129496402, 0.841726618705036, 0.841726618705036, 0.841726618705036, 0.2014388489208633, 0.15827338129496402, 0.15827338129496402, 0.15827338129496402, 0.15827338129496402, 0.19424460431654678], "aps": [0.8767083864090257, 0.8531982658464037, 0.8609262316050535, 0.870568730318703, 0.8510081338166413, 0.8520939197029338, 0.8821739417156248, 0.8726301631804836, 0.8572992702217923, 0.8514927731621418], "f1": [0.0, 0.9140624999999999, 0.9140624999999999, 0.9140624999999999, 0.112, 0.0, 0.0, 0.0, 0.0, 0.0967741935483871], "auprc": [0.8755686321292891, 0.8519289114715424, 0.8596435961024473, 0.8695177763077093, 0.8487486761266766, 0.8507286163230587, 0.8810079695945643, 0.8714516592823491, 0.8559081140429192, 0.8490426799135701]}