{"enet": [{"auroc": [0.7218337218337219, 0.707070707070707, 0.707070707070707, 0.7016317016317015, 0.6678321678321678, 0.707070707070707, 0.7016317016317015, 0.7214452214452214, 0.7016317016317015, 0.7016317016317015], "acc": [0.15827338129496402, 0.15827338129496402, 0.15827338129496402, 0.15827338129496402, 0.15827338129496402, 0.15827338129496402, 0.15827338129496402, 0.15827338129496402, 0.15827338129496402, 0.15827338129496402], "aps": [0.9251032163586879, 0.9183169000528024, 0.9183169000528024, 0.9130654629375907, 0.8819769890738074, 0.9183169000528024, 0.9130654629375907, 0.9154053585800594, 0.9130654629375907, 0.9130654629375907], "f1": [0.0, 0.0, 0.0, 0.0, 0.0, 0.0, 0.0, 0.0, 0.0, 0.0], "auprc": [0.9243530576697697, 0.9172473815570092, 0.9172473815570092, 0.9119009384704613, 0.878853310710153, 0.9172473815570092, 0.9119009384704613, 0.9141037679132391, 0.9119009384704613, 0.9119009384704613]}]}