{"auroc": [0.44536940686784604, 0.43496357960457854, 0.3808532778355879, 0.5379812695109261, 0.336108220603538, 0.49323621227887626, 0.4620187304890739, 0.4297606659729448, 0.4266389177939647, 0.41207075962539025], "acc": [0.5, 0.5, 0.5, 0.5, 0.5, 0.5, 0.5, 0.5, 0.5, 0.5], "aps": [0.5659207496331108, 0.5274312541507209, 0.47694412040583467, 0.6087076207329097, 0.4301838770300074, 0.5634359436166488, 0.57350645770818, 0.5410002441735116, 0.5385107780752495, 0.5371723261720028], "f1": [0.0, 0.0, 0.0, 0.0, 0.0, 0.6666666666666666, 0.0, 0.0, 0.0, 0.0], "auprc": [0.5584564899779705, 0.5167880094070358, 0.4664743486596764, 0.599079890222031, 0.41817051776102665, 0.5527625106177029, 0.5640343447937104, 0.5311813939466752, 0.5285284130634454, 0.5282916917472238]}