{"auroc": [0.49843912591051, 0.4120707596253902, 0.37148803329864727, 0.44849115504682624, 0.4786680541103018, 0.5078043704474506, 0.5671175858480749, 0.509885535900104, 0.449531737773153, 0.41103017689906346], "acc": [0.5, 0.4838709677419355, 0.5, 0.5, 0.5, 0.5, 0.5, 0.5, 0.4838709677419355, 0.5], "aps": [0.5124841403579731, 0.4590591640037036, 0.447017488490685, 0.47645563355622833, 0.5422900443242494, 0.505718916989525, 0.6164668467766429, 0.4900268518697995, 0.4743116607732868, 0.45119436549755165], "f1": [0.0, 0.0, 0.6666666666666666, 0.0, 0.0, 0.0, 0.0, 0.0, 0.0, 0.0], "auprc": [0.4952261971692464, 0.4403881697088516, 0.43445841650514483, 0.45939672927604913, 0.5210553468644997, 0.486682825944067, 0.6042903195030858, 0.4702434737319676, 0.45570020884046825, 0.4327684767390796]}