{"best_index": [84, 80, 219, 101, 153], "auroc": [0.4556213017751479, 0.3668639053254438, 0.4260355029585799, 0.44378698224852065, 0.43786982248520706], "acc": [0.3076923076923077, 0.2692307692307692, 0.3076923076923077, 0.3076923076923077, 0.38461538461538464], "aps": [0.5766532742619699, 0.48312458073327635, 0.5694354920441878, 0.5815983292070248, 0.5099866075953032], "f1": [0.47058823529411764, 0.4242424242424242, 0.47058823529411764, 0.47058823529411764, 0.5], "auprc": [0.5529658505745463, 0.4398283470524273, 0.5461887826132676, 0.5583241674713246, 0.4734257325728898]}