{"best_index": [292, 246, 103, 50, 143], "auroc": [0.40828402366863903, 0.42011834319526625, 0.4260355029585799, 0.4319526627218935, 0.4142011834319526], "acc": [0.34615384615384615, 0.38461538461538464, 0.38461538461538464, 0.38461538461538464, 0.38461538461538464], "aps": [0.5339908085225811, 0.5632083858170815, 0.6007069983156939, 0.5978239895116324, 0.5674018419336145], "f1": [0.5142857142857142, 0.5555555555555555, 0.5555555555555555, 0.5555555555555555, 0.5555555555555555], "auprc": [0.5099840460542802, 0.5397885364356936, 0.586802122265069, 0.5812168758650451, 0.5496508120368356]}