{"best_index": [122, 80, 152, 310, 77], "auroc": [0.4911242603550296, 0.47337278106508884, 0.4970414201183432, 0.5088757396449703, 0.4556213017751479], "acc": [0.4230769230769231, 0.46153846153846156, 0.46153846153846156, 0.34615384615384615, 0.46153846153846156], "aps": [0.593995979865545, 0.5500584795321637, 0.6093015154779862, 0.5865600004642426, 0.5802824952824952], "f1": [0.5714285714285714, 0.6111111111111112, 0.588235294117647, 0.5142857142857142, 0.631578947368421], "auprc": [0.570699439804299, 0.5258231015101698, 0.5920947305257751, 0.5627574310139, 0.5569791395992769]}