{"best_index": [90, 86, 192, 96, 57], "auroc": [0.47928994082840237, 0.4556213017751479, 0.5029585798816567, 0.4556213017751479, 0.4082840236686391], "acc": [0.4230769230769231, 0.34615384615384615, 0.46153846153846156, 0.46153846153846156, 0.34615384615384615], "aps": [0.5815594791681749, 0.5593955320042276, 0.5918784000134114, 0.5597095342413068, 0.4940691916778873], "f1": [0.5161290322580646, 0.4848484848484849, 0.5, 0.5333333333333333, 0.4848484848484849], "auprc": [0.5576167552254508, 0.5354095820567393, 0.5684386088104623, 0.5357027717730058, 0.4507928099399671]}