{"best_index": [178, 129, 154, 137, 86], "auroc": [0.4023668639053254, 0.40828402366863903, 0.40828402366863903, 0.44378698224852076, 0.485207100591716], "acc": [0.4230769230769231, 0.4230769230769231, 0.38461538461538464, 0.38461538461538464, 0.5], "aps": [0.5818368789930859, 0.4649140002253839, 0.5252899317221568, 0.5237253811521494, 0.5675614797688375], "f1": [0.5161290322580646, 0.5945945945945945, 0.5555555555555555, 0.5555555555555555, 0.6666666666666666], "auprc": [0.5680370036547491, 0.5818274545374942, 0.45689276516322547, 0.4808771761833696, 0.5439492912663544]}