{"best_index": [151, 1999, 304, 180, 223], "auroc": [0.38461538461538464, 0.38461538461538464, 0.38461538461538464, 0.38461538461538464, 0.49704142011834324], "acc": [0.38461538461538464, 0.38461538461538464, 0.38461538461538464, 0.38461538461538464, 0.46153846153846156], "aps": [0.4498327759197324, 0.4450891861761427, 0.4498327759197324, 0.4498327759197324, 0.5], "f1": [0.5555555555555555, 0.5555555555555555, 0.5555555555555555, 0.5555555555555555, 0.631578947368421], "auprc": [0.6596989966555183, 0.6599721293199554, 0.6596989966555183, 0.6596989966555183, 0.73]}