{"auroc": [0.6314285714285715, 0.6451428571428571, 0.5885714285714285, 0.5131428571428571, 0.6062857142857142, 0.5811428571428572, 0.5548571428571428, 0.38685714285714284, 0.6217142857142857, 0.6359999999999999], "acc": [0.4166666666666667, 0.4166666666666667, 0.4166666666666667, 0.4166666666666667, 0.4166666666666667, 0.5833333333333334, 0.4166666666666667, 0.4166666666666667, 0.5833333333333334, 0.4166666666666667], "aps": [0.7421385151795415, 0.7686350715962311, 0.6882952940190556, 0.56916869547478, 0.7001963230287069, 0.685656909825967, 0.6465130030133037, 0.5421061769428546, 0.717549861506202, 0.7565270290742846], "f1": [0.0, 0.0, 0.0, 0.0, 0.0, 0.7368421052631579, 0.0, 0.0, 0.7368421052631579, 0.0], "auprc": [0.7375484808659224, 0.7653601302066655, 0.681461316620925, 0.5554082007724797, 0.6922897149968876, 0.6825087985135028, 0.6373326149668684, 0.5235414010857076, 0.7125841858344686, 0.7529548251695718]}