{"auroc": [0.6862857142857142, 0.5697142857142856, 0.5462857142857143, 0.5011428571428571, 0.46914285714285714, 0.6257142857142858, 0.645142857142857, 0.6279999999999999, 0.6314285714285713, 0.6645714285714286], "acc": [0.4166666666666667, 0.4166666666666667, 0.5833333333333334, 0.4166666666666667, 0.4166666666666667, 0.4166666666666667, 0.4166666666666667, 0.4166666666666667, 0.4166666666666667, 0.4166666666666667], "aps": [0.7556410996762007, 0.6307365761700674, 0.6604251884689979, 0.5766507013794409, 0.6361179126892793, 0.6984282259727663, 0.7304296103625624, 0.687629740946856, 0.6784482254929692, 0.7350513501325718], "f1": [0.0, 0.0, 0.7368421052631579, 0.0, 0.0, 0.0, 0.0, 0.0, 0.0, 0.0], "auprc": [0.7487285701242392, 0.6119634951963047, 0.6492551845022044, 0.557340536960143, 0.6286559281899582, 0.6812662490951593, 0.7232097550528707, 0.6699681659291108, 0.6602748074713749, 0.7255626259929719]}