{"enet": [{"auroc": [0.6862857142857143, 0.6965714285714286, 0.6554285714285715, 0.6965714285714286, 0.6862857142857143, 0.6965714285714286, 0.6668571428571428, 0.6862857142857143, 0.6554285714285715, 0.6965714285714286], "acc": [0.4166666666666667, 0.4166666666666667, 0.4166666666666667, 0.4166666666666667, 0.4166666666666667, 0.4166666666666667, 0.4166666666666667, 0.4166666666666667, 0.4166666666666667, 0.4166666666666667], "aps": [0.7967797758190193, 0.8101727769307364, 0.7614365450883446, 0.8101727769307364, 0.7967797758190193, 0.8101727769307364, 0.7470243112825439, 0.7967797758190193, 0.7614365450883446, 0.8101727769307364], "f1": [0.0, 0.0, 0.0, 0.0, 0.0, 0.0, 0.0, 0.0, 0.0, 0.0], "auprc": [0.7939149387886429, 0.807695826601088, 0.7574201383879026, 0.807695826601088, 0.7939149387886429, 0.807695826601088, 0.7416353170838749, 0.7939149387886429, 0.7574201383879026, 0.807695826601088]}]}