{"auroc": [0.49199999999999994, 0.552, 0.49657142857142855, 0.5171428571428571, 0.5354285714285715, 0.524, 0.5, 0.5091428571428571, 0.5868571428571429, 0.532], "acc": [0.4166666666666667, 0.4166666666666667, 0.4166666666666667, 0.4166666666666667, 0.4166666666666667, 0.4166666666666667, 0.4166666666666667, 0.4166666666666667, 0.5833333333333334, 0.4166666666666667], "aps": [0.6405708025162139, 0.6303987081418982, 0.6204032198246121, 0.6315045433562655, 0.6335878259728612, 0.6190988464576613, 0.6151682923340607, 0.6037194815293976, 0.6797352848199947, 0.635146987189465], "f1": [0.0, 0.0, 0.0, 0.0, 0.0, 0.0, 0.0, 0.0, 0.7368421052631579, 0.0], "auprc": [0.6327203006660376, 0.6122013630724065, 0.6086591409690195, 0.6134541342051667, 0.615189022540853, 0.6001477458889404, 0.596640965539154, 0.5847099954610647, 0.6630364515470963, 0.6233574834923469]}