{"rf": [{"auroc": [0.40971428571428575], "acc": [0.4166666666666667], "aps": [0.5658874458874459], "f1": [0.0]}], "enet": [{"auroc": [0.586857142857143], "acc": [0.4166666666666667], "aps": [0.688943500180031], "f1": [0.0]}]}