{"auroc": [0.6337142857142858, 0.5394285714285714, 0.4657142857142857, 0.48, 0.44742857142857145, 0.6817142857142857, 0.48400000000000004, 0.5285714285714286, 0.4851428571428571, 0.4885714285714286], "acc": [0.4166666666666667, 0.4166666666666667, 0.4166666666666667, 0.4166666666666667, 0.4166666666666667, 0.4166666666666667, 0.4166666666666667, 0.4166666666666667, 0.4166666666666667, 0.4166666666666667], "aps": [0.6889133863685792, 0.6553265310486776, 0.5963757933192695, 0.5751213943760873, 0.6011190445745398, 0.7682861444745587, 0.6434403467960917, 0.6669436915351061, 0.6359086548098344, 0.583203887925473], "f1": [0.0, 0.0, 0.0, 0.0, 0.0, 0.0, 0.0, 0.0, 0.0, 0.0], "auprc": [0.6710888272466728, 0.6479694471356419, 0.5864431211315095, 0.5561410146622736, 0.5929084025373275, 0.7597391497692215, 0.636911284789846, 0.6598690092747035, 0.6324637340342588, 0.5638891650720139]}