{"auroc": [0.3748571428571428, 0.628, 0.6154285714285714, 0.6097142857142858, 0.6371428571428572, 0.632, 0.5485714285714286, 0.6102857142857142, 0.6422857142857142, 0.6234285714285714], "acc": [0.5833333333333334, 0.4166666666666667, 0.5833333333333334, 0.4166666666666667, 0.4166666666666667, 0.4166666666666667, 0.5833333333333334, 0.4166666666666667, 0.4166666666666667, 0.4166666666666667], "aps": [0.583907882508473, 0.7149301404463357, 0.694800693967848, 0.6751235036160984, 0.7379429171125025, 0.7150777552781745, 0.641257656785505, 0.6876525125042029, 0.739396946684402, 0.7309979392742852], "f1": [0.7368421052631579, 0.0, 0.7368421052631579, 0.0, 0.0, 0.0, 0.7368421052631579, 0.0, 0.0, 0.0], "auprc": [0.5794457837984515, 0.7065532224478084, 0.684550756380771, 0.6643804561616453, 0.7324460413899743, 0.7057383477900697, 0.6327515932774234, 0.6772147895862694, 0.7321843738905068, 0.7254180706907517]}