{"auroc": [0.32514285714285707, 0.6394285714285712, 0.6091428571428572, 0.644, 0.6268571428571429, 0.6668571428571428, 0.5559999999999999, 0.6668571428571428, 0.632, 0.6668571428571428], "acc": [0.4166666666666667, 0.4166666666666667, 0.4166666666666667, 0.4166666666666667, 0.4166666666666667, 0.4166666666666667, 0.4166666666666667, 0.4166666666666667, 0.4166666666666667, 0.4166666666666667], "aps": [0.5008732789353122, 0.7111441498006881, 0.7120598274997479, 0.7089425262159615, 0.6724057330093092, 0.7431126024473212, 0.6261024804420906, 0.7564334876806182, 0.7102213207706651, 0.7450764619878902], "f1": [0.0, 0.0, 0.0, 0.0, 0.0, 0.0, 0.0, 0.0, 0.0, 0.0], "auprc": [0.48525936313799073, 0.7028931870040814, 0.7058735636289661, 0.6988370923922366, 0.6540219488762529, 0.7359767574757387, 0.6109258653067167, 0.7515826054840842, 0.6936875708993449, 0.7396607624503274]}