{"rf": [{"auroc": [0.6137142857142857], "acc": [0.4166666666666667], "aps": [0.7249145248795157], "f1": [0.0], "auprc": [0.7699959204054267]}], "enet": [{"auroc": [0.6862857142857143], "acc": [0.4166666666666667], "aps": [0.7967797758190193], "f1": [0.0], "auprc": [0.7939149387886429]}]}