{"enet": [{"auroc": [0.49771428571428566, 0.5, 0.5, 0.5, 0.48400000000000004, 0.5, 0.5, 0.49771428571428566, 0.5, 0.5], "acc": [0.5833333333333334, 0.4166666666666667, 0.4166666666666667, 0.4166666666666667, 0.5833333333333334, 0.4166666666666667, 0.4166666666666667, 0.5833333333333334, 0.4166666666666667, 0.4166666666666667], "aps": [0.6031481357565737, 0.5833333333333334, 0.5833333333333334, 0.5833333333333334, 0.5691724819525656, 0.5833333333333334, 0.5833333333333334, 0.6031481357565737, 0.5833333333333334, 0.5833333333333334], "f1": [0.7368421052631579, 0.0, 0.0, 0.0, 0.7368421052631579, 0.0, 0.0, 0.7368421052631579, 0.0, 0.0], "auprc": [0.5936413724502951, 0.7916666666666667, 0.7916666666666667, 0.7916666666666667, 0.5497357295519576, 0.7916666666666667, 0.7916666666666667, 0.5936413724502951, 0.7916666666666667, 0.7916666666666667]}]}