{"auroc": [0.5754285714285714, 0.5377142857142856, 0.5548571428571428, 0.5571428571428572, 0.5011428571428571, 0.5708571428571428, 0.5377142857142857, 0.4794285714285713, 0.43485714285714283, 0.468], "acc": [0.5833333333333334, 0.4166666666666667, 0.5833333333333334, 0.5833333333333334, 0.5833333333333334, 0.5833333333333334, 0.4166666666666667, 0.4166666666666667, 0.5833333333333334, 0.5833333333333334], "aps": [0.731311728130588, 0.6880386472909521, 0.664651769983931, 0.6584387569531316, 0.5892292818290193, 0.6831778307549545, 0.6327627027229012, 0.5879811368333165, 0.6008377351271607, 0.5540815688482227], "f1": [0.7368421052631579, 0.0, 0.7368421052631579, 0.7126436781609196, 0.7368421052631579, 0.7368421052631579, 0.0, 0.0, 0.7368421052631579, 0.7368421052631579], "auprc": [0.7280018918848484, 0.6825418245620437, 0.6577869125433364, 0.6497385524921706, 0.577681502900444, 0.6758972354918051, 0.6210844853071232, 0.5688035386363868, 0.5905774587581422, 0.5393886659925382]}