{"auroc": [0.571007371007371, 0.5783783783783785, 0.44963144963144963, 0.5783783783783784, 0.5660933660933661, 0.44103194103194104, 0.430958230958231, 0.5643734643734645, 0.544963144963145, 0.4756756756756757], "acc": [0.5978260869565217, 0.5978260869565217, 0.5978260869565217, 0.5978260869565217, 0.40217391304347827, 0.40217391304347827, 0.5978260869565217, 0.40217391304347827, 0.40217391304347827, 0.40217391304347827], "aps": [0.43588797642710475, 0.45945703248745917, 0.36628890669977265, 0.4296803787551352, 0.4239203932418526, 0.3609472080570821, 0.3681297120117427, 0.42437767063267445, 0.4162771929418335, 0.3747955381958897], "f1": [0.0, 0.0, 0.0, 0.0, 0.5736434108527132, 0.5736434108527132, 0.0, 0.5736434108527132, 0.5736434108527132, 0.5736434108527132], "auprc": [0.42121411427756894, 0.44247656385310247, 0.35346744204257297, 0.4159838791919683, 0.4101956629618146, 0.34814217732912767, 0.3512769851520817, 0.41106867983731255, 0.4037004186839264, 0.3650579424001786]}