{"auroc": [0.43857493857493857, 0.49066339066339065, 0.4002457002457003, 0.44643734643734645, 0.5778869778869778, 0.5024570024570024, 0.4265356265356266, 0.5184275184275184, 0.5523341523341524, 0.5036855036855037], "acc": [0.40217391304347827, 0.40217391304347827, 0.5978260869565217, 0.40217391304347827, 0.40217391304347827, 0.40217391304347827, 0.40217391304347827, 0.40217391304347827, 0.5978260869565217, 0.5978260869565217], "aps": [0.3749649859371701, 0.3902750225135833, 0.3621020835276693, 0.37999148711495945, 0.4455876054272081, 0.38618602594592893, 0.36843257237413757, 0.3955833376445863, 0.432967032663696, 0.4132179882136685], "f1": [0.5736434108527132, 0.5736434108527132, 0.0, 0.5736434108527132, 0.5736434108527132, 0.5736434108527132, 0.5736434108527132, 0.5736434108527132, 0.0, 0.0], "auprc": [0.34352281436362286, 0.3753826358949166, 0.35289085379437374, 0.3658428121681109, 0.4313204931389872, 0.37145975927353175, 0.35312372982381757, 0.38277894802030216, 0.4278938166956367, 0.38960282940249]}