{"enet": [{"auroc": [0.5803439803439804, 0.5, 0.509090909090909, 0.5700245700245701, 0.509090909090909, 0.5, 0.509090909090909, 0.5, 0.47223587223587227, 0.509090909090909], "acc": [0.40217391304347827, 0.40217391304347827, 0.41304347826086957, 0.40217391304347827, 0.41304347826086957, 0.40217391304347827, 0.41304347826086957, 0.40217391304347827, 0.41304347826086957, 0.40217391304347827], "aps": [0.465749927037175, 0.40217391304347827, 0.4065934065934066, 0.46668132104878995, 0.4065934065934066, 0.40217391304347827, 0.4065934065934066, 0.40217391304347827, 0.38784583748808976, 0.4065934065934066], "f1": [0.5736434108527132, 0.5736434108527132, 0.578125, 0.5736434108527132, 0.578125, 0.5736434108527132, 0.578125, 0.5736434108527132, 0.5573770491803278, 0.5736434108527132], "auprc": [0.4470595559427682, 0.7010869565217391, 0.7032967032967032, 0.4502913235164216, 0.7032967032967032, 0.7010869565217391, 0.7032967032967032, 0.7010869565217391, 0.6366476698710567, 0.7032967032967032]}]}