{"rf": [{"auroc": [0.4535626535626536], "acc": [0.4782608695652174], "aps": [0.3835778821117547], "f1": [0.52], "auprc": [0.3602990397985342]}], "enet": [{"auroc": [0.5], "acc": [0.40217391304347827], "aps": [0.40217391304347827], "f1": [0.5736434108527132], "auprc": [0.7010869565217391]}]}