{"enet": [{"auroc": [0.543980343980344, 0.45945945945945954, 0.45945945945945954, 0.5, 0.509090909090909, 0.571990171990172, 0.5, 0.5, 0.509090909090909, 0.45945945945945954], "acc": [0.40217391304347827, 0.40217391304347827, 0.40217391304347827, 0.40217391304347827, 0.40217391304347827, 0.40217391304347827, 0.40217391304347827, 0.40217391304347827, 0.40217391304347827, 0.40217391304347827], "aps": [0.46877423021438736, 0.3775590004365428, 0.3775590004365428, 0.40217391304347827, 0.4065934065934066, 0.48161957480533135, 0.40217391304347827, 0.40217391304347827, 0.4065934065934066, 0.3775590004365428], "f1": [0.5736434108527132, 0.5736434108527132, 0.5736434108527132, 0.5736434108527132, 0.5736434108527132, 0.5736434108527132, 0.5736434108527132, 0.5736434108527132, 0.5736434108527132, 0.5736434108527132], "auprc": [0.452461747579619, 0.41634969943224676, 0.41634969943224676, 0.7010869565217391, 0.7032967032967032, 0.4651425368439762, 0.7010869565217391, 0.7010869565217391, 0.7032967032967032, 0.41634969943224676]}]}