{"best_index": [700, 296, 452, 1010, 202], "auroc": [0.44990548204158787, 0.3761814744801512, 0.39697542533081287, 0.39697542533081287, 0.38941398865784504], "acc": [0.45652173913043476, 0.45652173913043476, 0.5, 0.43478260869565216, 0.5], "aps": [0.455460281108168, 0.42013769768958825, 0.4341055501445431, 0.4299552378699166, 0.42534657220609423], "f1": [0.358974358974359, 0.5283018867924527, 0.0, 0.4583333333333333, 0.6666666666666666], "auprc": [0.43500991744829787, 0.40044464264158774, 0.4141491956428309, 0.4115871285463033, 0.4055239458620339]}