{"enet": [{"auroc": [0.5785639958376692, 0.6285119667013528, 0.4630593132154006, 0.582726326742976, 0.5785639958376692, 0.582726326742976, 0.37408949011446413, 0.42767950052029136, 0.5785639958376692, 0.4308012486992715], "acc": [0.5, 0.5, 0.43548387096774194, 0.532258064516129, 0.5, 0.532258064516129, 0.3870967741935484, 0.45161290322580644, 0.5, 0.3870967741935484], "aps": [0.5823076909083762, 0.6521026995968281, 0.46731461506445243, 0.593235604111852, 0.5823076909083762, 0.593235604111852, 0.4312258950785375, 0.4553055620530916, 0.5823076909083762, 0.46341029837879844], "f1": [0.0, 0.0, 0.4615384615384615, 0.1714285714285714, 0.0, 0.1714285714285714, 0.40625, 0.5, 0.0, 0.4242424242424243], "auprc": [0.5617067168116355, 0.6406376033804206, 0.5941342257691954, 0.5727991858967986, 0.5617067168116355, 0.5727991858967986, 0.5348576739015294, 0.5821274365483546, 0.5617067168116355, 0.5756263981968988]}]}