{"enet": [{"auroc": [0.5775, 0.5775, 0.6812499999999999, 0.585, 0.6, 0.585, 0.5775, 0.6, 0.54, 0.5549999999999999], "acc": [0.575, 0.575, 0.65, 0.525, 0.55, 0.525, 0.575, 0.55, 0.55, 0.55], "aps": [0.6599625486478935, 0.6599625486478935, 0.6207629773822766, 0.6190035534998252, 0.6552000504237347, 0.6190035534998252, 0.6599625486478935, 0.6552000504237347, 0.606982348404949, 0.6033569270295277], "f1": [0.32000000000000006, 0.32000000000000006, 0.6818181818181818, 0.6274509803921569, 0.4375, 0.6274509803921569, 0.32000000000000006, 0.4375, 0.35714285714285715, 0.5909090909090908], "auprc": [0.6510586311126039, 0.6510586311126039, 0.7596850601197097, 0.6050454894531522, 0.6443753505916819, 0.6050454894531522, 0.6510586311126039, 0.6443753505916819, 0.5934699963052941, 0.5893097746443936]}]}