{"auroc": [0.6080031080031081, 0.6449106449106449, 0.6736596736596737, 0.6643356643356644, 0.6472416472416472, 0.6487956487956489, 0.6756021756021756, 0.6227661227661228, 0.6363636363636365, 0.6682206682206682], "acc": [0.15827338129496402, 0.15827338129496402, 0.15827338129496402, 0.15827338129496402, 0.15827338129496402, 0.17266187050359713, 0.15827338129496402, 0.15827338129496402, 0.8201438848920863, 0.15827338129496402], "aps": [0.8967414471667162, 0.910305444976182, 0.9240016246660503, 0.9189550191687751, 0.9023413744295812, 0.9116919090129936, 0.9197999886559389, 0.9030784746992436, 0.899292006995086, 0.9067678332447537], "f1": [0.0, 0.0, 0.0, 0.0, 0.0, 0.033613445378151266, 0.0, 0.0, 0.9003984063745021, 0.0], "auprc": [0.8958466470825164, 0.9095773115937082, 0.923514089747113, 0.9182324754045575, 0.9014184107213139, 0.9110467577736642, 0.9191253669882824, 0.9022430664963899, 0.8982742703429849, 0.904618039682322]}