{"enet": [{"auroc": [0.578563995837669, 0.48803329864724243, 0.4807492195629553, 0.48803329864724243, 0.48803329864724243, 0.48803329864724243, 0.5171696149843913, 0.578563995837669, 0.48803329864724243, 0.5171696149843913], "acc": [0.5, 0.5, 0.5483870967741935, 0.5, 0.5, 0.5, 0.5161290322580645, 0.5, 0.5, 0.5161290322580645], "aps": [0.6561159046810063, 0.526958657960985, 0.5578594832207256, 0.526958657960985, 0.526958657960985, 0.526958657960985, 0.5396873557651143, 0.6561159046810063, 0.526958657960985, 0.5396873557651143], "f1": [0.0, 0.41509433962264153, 0.17647058823529413, 0.41509433962264153, 0.41509433962264153, 0.41509433962264153, 0.4230769230769231, 0.0, 0.41509433962264153, 0.4230769230769231], "auprc": [0.6493780590478718, 0.5132994458187308, 0.5485033509469286, 0.5132994458187308, 0.5132994458187308, 0.5132994458187308, 0.5183174898341913, 0.6493780590478718, 0.5132994458187308, 0.5183174898341913]}]}