{"auroc": [0.5777000777000778, 0.6258741258741258, 0.5264180264180264, 0.684926184926185, 0.6177156177156178, 0.6961926961926963, 0.6153846153846154, 0.6643356643356643, 0.6724941724941724, 0.7132867132867133], "acc": [0.15827338129496402, 0.15827338129496402, 0.15827338129496402, 0.15827338129496402, 0.15827338129496402, 0.15827338129496402, 0.15827338129496402, 0.15827338129496402, 0.15827338129496402, 0.15827338129496402], "aps": [0.8696316186953147, 0.9075129722374893, 0.8585920805034295, 0.9175231106733436, 0.9081744659472059, 0.929874055816609, 0.8915166980082196, 0.9023708845727282, 0.9201285120258111, 0.9344782225514734], "f1": [0.0, 0.0, 0.0, 0.0, 0.0, 0.0, 0.0, 0.0, 0.0, 0.0], "auprc": [0.8670687339740051, 0.9068817252025511, 0.8566343226218829, 0.9166687218629128, 0.9073985209297646, 0.9294612469980441, 0.8902357046324051, 0.9006770473237377, 0.9195402906448835, 0.9340969653631126]}