{"enet": [{"auroc": [0.645, 0.645, 0.5, 0.5, 0.645, 0.645, 0.645, 0.645, 0.5, 0.5], "acc": [0.5, 0.5, 0.5, 0.5, 0.5, 0.5, 0.5, 0.5, 0.5, 0.5], "aps": [0.6067131461947639, 0.6067131461947639, 0.5, 0.5, 0.6067131461947639, 0.6067131461947639, 0.6067131461947639, 0.6067131461947639, 0.5, 0.5], "f1": [0.0, 0.0, 0.0, 0.0, 0.0, 0.0, 0.0, 0.0, 0.0, 0.0], "auprc": [0.576706767681885, 0.576706767681885, 0.75, 0.75, 0.576706767681885, 0.576706767681885, 0.576706767681885, 0.576706767681885, 0.75, 0.75]}]}