{"auroc": [0.6192696192696192, 0.6464646464646464, 0.6317016317016317, 0.6588966588966589, 0.6487956487956488, 0.641025641025641, 0.5586635586635587, 0.39083139083139085, 0.6344211344211345, 0.6670551670551671], "acc": [0.15827338129496402, 0.15827338129496402, 0.16546762589928057, 0.15827338129496402, 0.302158273381295, 0.15827338129496402, 0.15827338129496402, 0.15827338129496402, 0.15827338129496402, 0.15827338129496402], "aps": [0.8935349767125207, 0.8989818703536422, 0.8904549294257045, 0.9119261031458927, 0.8854614123543968, 0.9093565628435841, 0.8807588224700321, 0.787381538736706, 0.9057438726437124, 0.9162845013977486], "f1": [0.0, 0.0, 0.016949152542372885, 0.0, 0.3401360544217687, 0.0, 0.0, 0.0, 0.0, 0.0], "auprc": [0.8924849750706217, 0.8979914095513329, 0.8889661661236818, 0.9112195506424534, 0.8836516332032025, 0.9085581796451808, 0.8795054618714995, 0.7804763552535758, 0.9048510926889135, 0.9155993544725902]}