{"enet": [{"auroc": [0.518210197710718, 0.518210197710718, 0.5613943808532778, 0.5317377731529657, 0.5088449531737773, 0.5317377731529657, 0.518210197710718, 0.5088449531737773, 0.46097814776274715, 0.4984391259105098], "acc": [0.5806451612903226, 0.5806451612903226, 0.5645161290322581, 0.45161290322580644, 0.532258064516129, 0.45161290322580644, 0.5806451612903226, 0.532258064516129, 0.5483870967741935, 0.46774193548387094], "aps": [0.6042515272668744, 0.6042515272668744, 0.5377559497704885, 0.5822964005455485, 0.5849266374677735, 0.5822964005455485, 0.6042515272668744, 0.5849266374677735, 0.5540645588628765, 0.5692741228607122], "f1": [0.35000000000000003, 0.35000000000000003, 0.619718309859155, 0.5526315789473684, 0.43137254901960786, 0.5526315789473684, 0.35000000000000003, 0.43137254901960786, 0.3913043478260869, 0.5074626865671641], "auprc": [0.5950668548898125, 0.5950668548898125, 0.692657248075691, 0.5716426537373801, 0.5727286727150915, 0.5716426537373801, 0.5950668548898125, 0.5727286727150915, 0.5435153842484108, 0.5585967858075511]}]}