{"auroc": [0.4963579604578564, 0.4526534859521332, 0.5057232049947972, 0.5598335067637877, 0.45681581685744016, 0.5359001040582727, 0.5286160249739854, 0.5733610822060353, 0.46826222684703434, 0.5567117585848075], "acc": [0.5, 0.5, 0.5, 0.5806451612903226, 0.5, 0.5, 0.5, 0.5, 0.5, 0.5], "aps": [0.5356623017023946, 0.4710223684127095, 0.5746316552176391, 0.6010691955524735, 0.5072439499334693, 0.5723540194196174, 0.5514297381794555, 0.6172304263361953, 0.5344270901090514, 0.5871109853271478], "f1": [0.0, 0.0, 0.0, 0.38095238095238093, 0.0, 0.0, 0.0, 0.0, 0.0, 0.0], "auprc": [0.514147909357459, 0.45364566591599964, 0.5624408289202586, 0.5887930869484005, 0.4855710999026783, 0.5617422029230519, 0.5303374945321372, 0.6083610242241917, 0.5251691947739855, 0.5763317966458121]}