{"enet": [{"auroc": [0.5329284750337382, 0.5, 0.5, 0.5, 0.5, 0.5329284750337382, 0.5, 0.5, 0.5, 0.525978407557355], "acc": [0.6452442159383034, 0.7326478149100257, 0.7326478149100257, 0.7326478149100257, 0.7326478149100257, 0.6452442159383034, 0.7326478149100257, 0.7326478149100257, 0.7326478149100257, 0.6555269922879178], "aps": [0.7486532727073969, 0.7326478149100257, 0.7326478149100257, 0.7326478149100257, 0.7326478149100257, 0.7486532727073969, 0.7326478149100257, 0.7326478149100257, 0.7326478149100257, 0.7443159289974378], "f1": [0.7636986301369864, 0.8456973293768546, 0.8456973293768546, 0.8456973293768546, 0.8456973293768546, 0.7636986301369864, 0.8456973293768546, 0.8456973293768546, 0.8456973293768546, 0.7728813559322034], "auprc": [0.8447754169523416, 0.8663239074550129, 0.8663239074550129, 0.8663239074550129, 0.8663239074550129, 0.8447754169523416, 0.8663239074550129, 0.8663239074550129, 0.8663239074550129, 0.8450809302797893]}]}