{"enet": [{"auroc": [0.5, 0.5, 0.4956815114709852, 0.5, 0.4948380566801619, 0.5, 0.49537786774628884, 0.5, 0.4980431848852902, 0.5], "acc": [0.7326478149100257, 0.7326478149100257, 0.7326478149100257, 0.7326478149100257, 0.7326478149100257, 0.7326478149100257, 0.7326478149100257, 0.7326478149100257, 0.7326478149100257, 0.7326478149100257], "aps": [0.7326478149100257, 0.7326478149100257, 0.7250688268644486, 0.7326478149100257, 0.7246352204939819, 0.7326478149100257, 0.7246046339555947, 0.7326478149100257, 0.7245591340958172, 0.7326478149100257], "f1": [0.8456973293768546, 0.8456973293768546, 0.8456973293768546, 0.8456973293768546, 0.8456973293768546, 0.8456973293768546, 0.8456973293768546, 0.8456973293768546, 0.8456973293768546, 0.8456973293768546], "auprc": [0.8663239074550129, 0.8663239074550129, 0.7229734600036923, 0.8663239074550129, 0.7225327564027098, 0.8663239074550129, 0.7225032854509701, 0.8663239074550129, 0.7224494502683959, 0.8663239074550129]}]}