{"auroc": [0.5150303643724696, 0.4746457489878543, 0.5707321187584345, 0.5432860998650473, 0.5430668016194331, 0.5317307692307692, 0.5521761133603238, 0.5475033738191634, 0.5202935222672065, 0.5315958164642376], "acc": [0.26735218508997427, 0.7326478149100257, 0.7326478149100257, 0.7326478149100257, 0.7326478149100257, 0.7326478149100257, 0.7300771208226221, 0.7326478149100257, 0.7326478149100257, 0.7326478149100257], "aps": [0.746044147059135, 0.7258807084632992, 0.7589893518455119, 0.7452142577166958, 0.7632587385525218, 0.7472258214583677, 0.749867638175746, 0.7466067512823579, 0.7403813339133968, 0.736521754659227], "f1": [0.0, 0.8456973293768546, 0.8456973293768546, 0.8456973293768546, 0.8456973293768546, 0.8456973293768546, 0.8439821693907874, 0.8456973293768546, 0.8456973293768546, 0.8456973293768546], "auprc": [0.7440399141992992, 0.7239703435585043, 0.7560561413809345, 0.7430765003674884, 0.7618669172494867, 0.7451360949630925, 0.7469293199152732, 0.7436142446992345, 0.7375211145712175, 0.7343531473127891]}