{"auroc": [0.6921727395411605, 0.5078441295546559, 0.6976889338731443, 0.5258434547908232, 0.6720310391363022, 0.6879892037786774, 0.8007422402159246, 0.5826754385964913, 0.6886808367071524, 0.7543859649122807], "acc": [0.7326478149100257, 0.7326478149100257, 0.7326478149100257, 0.7326478149100257, 0.7326478149100257, 0.7326478149100257, 0.794344473007712, 0.7326478149100257, 0.7326478149100257, 0.7326478149100257], "aps": [0.8364277284072946, 0.7609255001151478, 0.8459936285738758, 0.7845066583980382, 0.8489759784462021, 0.8613869253016151, 0.9041421143437688, 0.7766138085994728, 0.8305087073649354, 0.8596756304670015], "f1": [0.8456973293768546, 0.8456973293768546, 0.8456973293768546, 0.8456973293768546, 0.8456973293768546, 0.8456973293768546, 0.8746081504702194, 0.8456973293768546, 0.8456973293768546, 0.8456973293768546], "auprc": [0.835409756340284, 0.7599916571658477, 0.844723824378919, 0.7838308745041186, 0.8468660195872867, 0.860630185070041, 0.903821824591736, 0.7748894915026245, 0.8294006594311291, 0.8572916577527429]}