{"enet": [{"auroc": [0.6983805668016194, 0.885796221322537, 0.8474865047233467, 0.8721322537112011, 0.885796221322537, 0.885796221322537, 0.839642375168691, 0.8466261808367073, 0.885796221322537, 0.885796221322537], "acc": [0.8174807197943444, 0.7994858611825193, 0.8406169665809768, 0.8123393316195373, 0.7994858611825193, 0.7994858611825193, 0.7789203084832905, 0.8149100257069408, 0.7994858611825193, 0.7994858611825193], "aps": [0.8204852150042576, 0.9501794485021604, 0.9101617349208634, 0.9450066671721845, 0.9501794485021604, 0.9501794485021604, 0.9263264115864843, 0.9238816927710242, 0.9501794485021604, 0.9501794485021604], "f1": [0.886035313001605, 0.8745980707395499, 0.8976897689768977, 0.8831999999999999, 0.8745980707395499, 0.8745980707395499, 0.8639240506329113, 0.8811881188118812, 0.8745980707395499, 0.8745980707395499], "auprc": [0.907011912497943, 0.9535459045810903, 0.9423963524471799, 0.9448647565466499, 0.9535459045810903, 0.9535459045810903, 0.9260364923658919, 0.9371136832917243, 0.9535459045810903, 0.9535459045810903]}]}