{"enet": [{"auroc": [0.7430499325236167, 0.8100877192982456, 0.8150472334682861, 0.8100877192982456, 0.8112854251012145, 0.8112854251012145, 0.8100877192982456, 0.8118758434547909, 0.8100877192982456, 0.8100877192982456], "acc": [0.8354755784061697, 0.7994858611825193, 0.8020565552699229, 0.7994858611825193, 0.8123393316195373, 0.8123393316195373, 0.7994858611825193, 0.8046272493573264, 0.7994858611825193, 0.7994858611825193], "aps": [0.8447408772084335, 0.911063578598632, 0.9097375537908444, 0.911063578598632, 0.8987111753833306, 0.8987111753833306, 0.911063578598632, 0.9077784125315143, 0.911063578598632, 0.911063578598632], "f1": [0.8950819672131147, 0.8745980707395499, 0.875605815831987, 0.8745980707395499, 0.8801313628899836, 0.8801313628899836, 0.8745980707395499, 0.8762214983713354, 0.8745980707395499, 0.8745980707395499], "auprc": [0.9160600326202641, 0.9107627819479052, 0.916340981586793, 0.9107627819479052, 0.9196883376866967, 0.9196883376866967, 0.9107627819479052, 0.9107930484724004, 0.9107627819479052, 0.9107627819479052]}]}