{"enet": [{"auroc": [0.5, 0.5, 0.5, 0.5658400809716599, 0.5, 0.5, 0.5658400809716599, 0.5, 0.5, 0.5793859649122808], "acc": [0.7326478149100257, 0.7326478149100257, 0.7326478149100257, 0.6786632390745502, 0.7326478149100257, 0.7326478149100257, 0.6786632390745502, 0.7326478149100257, 0.7326478149100257, 0.7017994858611826], "aps": [0.7326478149100257, 0.7326478149100257, 0.7326478149100257, 0.7617659910859909, 0.7326478149100257, 0.7326478149100257, 0.7617659910859909, 0.7326478149100257, 0.7326478149100257, 0.7684602658461783], "f1": [0.8456973293768546, 0.8456973293768546, 0.8456973293768546, 0.7884940778341795, 0.8456973293768546, 0.8456973293768546, 0.7884940778341795, 0.8456973293768546, 0.8456973293768546, 0.8040540540540542], "auprc": [0.8663239074550129, 0.8663239074550129, 0.8663239074550129, 0.857267570826418, 0.8663239074550129, 0.8663239074550129, 0.857267570826418, 0.8663239074550129, 0.8663239074550129, 0.860466581855804]}]}