{"enet": [{"auroc": [0.6658906882591094, 0.6658906882591094, 0.6135627530364373, 0.6658906882591094, 0.6108299595141701, 0.6237010796221323, 0.6675438596491228, 0.6449730094466938, 0.6536437246963562, 0.6630735492577597], "acc": [0.7223650385604113, 0.7223650385604113, 0.7043701799485861, 0.7223650385604113, 0.6966580976863753, 0.7069408740359897, 0.7017994858611826, 0.712082262210797, 0.7249357326478149, 0.712082262210797], "aps": [0.817727265518901, 0.817727265518901, 0.7856719384574113, 0.817727265518901, 0.7854821277882551, 0.7927662597092533, 0.8230593453912888, 0.804531029433359, 0.806652001806188, 0.8201218344590435], "f1": [0.8137931034482759, 0.8137931034482759, 0.8, 0.8137931034482759, 0.7972508591065293, 0.8080808080808081, 0.806020066889632, 0.8114478114478114, 0.8139130434782609, 0.8101694915254238], "auprc": [0.8789365823082629, 0.8789365823082629, 0.8680343102380083, 0.8789365823082629, 0.8688210989050208, 0.8700246449448878, 0.8553008507049363, 0.877402513989311, 0.8815978667570505, 0.8626397211094811]}]}