{"enet": [{"auroc": [0.6173076923076923, 0.568134278002699, 0.5613697705802969, 0.5501518218623481, 0.5677800269905532, 0.5677800269905532, 0.5677800269905532, 0.5677800269905532, 0.5532388663967611, 0.5532388663967611], "acc": [0.7455012853470437, 0.712082262210797, 0.6889460154241646, 0.7249357326478149, 0.7583547557840618, 0.7583547557840618, 0.7583547557840618, 0.7583547557840618, 0.7223650385604113, 0.7223650385604113], "aps": [0.7862807351339218, 0.762630630624209, 0.7619859891830258, 0.7536096945239845, 0.7604040899694547, 0.7604040899694547, 0.7604040899694547, 0.7604040899694547, 0.7549174995344649, 0.7549174995344649], "f1": [0.8511278195488722, 0.825, 0.8038897893030794, 0.8320251177394036, 0.8549382716049383, 0.8549382716049383, 0.8549382716049383, 0.8549382716049383, 0.8317757009345795, 0.8317757009345795], "auprc": [0.7843689647969356, 0.8578365619608794, 0.8237696647507138, 0.8660690152826405, 0.8738040082747697, 0.8738040082747697, 0.8738040082747697, 0.8738040082747697, 0.8689071730561292, 0.8689071730561292]}]}