{"auroc": [0.5522098515519568, 0.5049089068825912, 0.582742914979757, 0.5486842105263158, 0.5519736842105264, 0.5221491228070175, 0.5275978407557356, 0.5225877192982457, 0.5321356275303644, 0.5508940620782725], "acc": [0.7326478149100257, 0.7326478149100257, 0.26735218508997427, 0.26735218508997427, 0.7326478149100257, 0.7326478149100257, 0.7326478149100257, 0.26735218508997427, 0.7326478149100257, 0.7326478149100257], "aps": [0.7835655362181528, 0.7176346720669522, 0.7932837052576904, 0.7533213267413988, 0.7765531024869419, 0.7369793724097584, 0.7486057284142176, 0.7326854039740137, 0.7528619101238173, 0.7760758646067516], "f1": [0.8456973293768546, 0.8456973293768546, 0.0, 0.0, 0.8456973293768546, 0.8456973293768546, 0.8456973293768546, 0.0, 0.8456973293768546, 0.8456973293768546], "auprc": [0.782860805062291, 0.7144206871319917, 0.7922055040284042, 0.7509528745483386, 0.7771760881204965, 0.7352704884567387, 0.7470260050087468, 0.7304164398092657, 0.7514997216501433, 0.774946004510735]}