{"enet": [{"auroc": [0.5491902834008098, 0.5381578947368421, 0.5435391363022942, 0.5117240215924427, 0.5117240215924427, 0.5117240215924427, 0.5349865047233469, 0.5693488529014845, 0.5665654520917679, 0.5890013495276653], "acc": [0.7043701799485861, 0.6118251928020566, 0.6272493573264781, 0.6118251928020566, 0.6118251928020566, 0.6118251928020566, 0.6246786632390745, 0.6966580976863753, 0.6349614395886889, 0.6478149100257069], "aps": [0.77420765838203, 0.7498685788279086, 0.7538278867668092, 0.7357028067897916, 0.7357028067897916, 0.7357028067897916, 0.7464581400894826, 0.7633816908783508, 0.7745176534927033, 0.7740162738545799], "f1": [0.8205928237129485, 0.7249544626593806, 0.7521367521367521, 0.734622144112478, 0.734622144112478, 0.734622144112478, 0.7465277777777778, 0.8039867109634551, 0.7464285714285716, 0.7522603978300181], "auprc": [0.773263056701746, 0.8194999947253355, 0.8202941051380785, 0.8310614674057475, 0.8310614674057475, 0.8310614674057475, 0.8408404969299459, 0.8614421733778214, 0.8217955053203311, 0.8283787358262653]}]}