{"enet": [{"auroc": [0.8839068825910931, 0.8809716599190284, 0.8838394062078272, 0.8847165991902833, 0.8839068825910931, 0.8838394062078272, 0.8838394062078272, 0.8814102564102564, 0.8838394062078272, 0.8856612685560055], "acc": [0.8380462724935732, 0.8663239074550129, 0.8586118251928021, 0.8020565552699229, 0.8380462724935732, 0.8586118251928021, 0.8586118251928021, 0.794344473007712, 0.8586118251928021, 0.8303341902313625], "aps": [0.9405092386973826, 0.9384889649830126, 0.9431057616590569, 0.9404435612923723, 0.9405092386973826, 0.9431057616590569, 0.9431057616590569, 0.9388994855049164, 0.9431057616590569, 0.942206449782965], "f1": [0.898876404494382, 0.9084507042253522, 0.9072512647554806, 0.8544423440453687, 0.898876404494382, 0.9072512647554806, 0.9072512647554806, 0.8484848484848485, 0.9072512647554806, 0.8952380952380952], "auprc": [0.9402580167379121, 0.9382542145524109, 0.9429168066840897, 0.9402146514891085, 0.9402580167379121, 0.9429168066840897, 0.9429168066840897, 0.9386735540528898, 0.9429168066840897, 0.9419984101820236]}]}