{"enet": [{"auroc": [0.5, 0.5496626180836708, 0.5, 0.5519736842105264, 0.5, 0.5519736842105264, 0.5, 0.5568151147098516, 0.5, 0.5], "acc": [0.7326478149100257, 0.7275064267352185, 0.7326478149100257, 0.7172236503856041, 0.7326478149100257, 0.7172236503856041, 0.7326478149100257, 0.6760925449871465, 0.7326478149100257, 0.7326478149100257], "aps": [0.7326478149100257, 0.7531261199572217, 0.7326478149100257, 0.7548300302147605, 0.7326478149100257, 0.7548300302147605, 0.7326478149100257, 0.7591312941287071, 0.7326478149100257, 0.7326478149100257], "f1": [0.8456973293768546, 0.834375, 0.8456973293768546, 0.8259493670886077, 0.8456973293768546, 0.8259493670886077, 0.8456973293768546, 0.79, 0.8456973293768546, 0.8456973293768546], "auprc": [0.8663239074550129, 0.8667978002439862, 0.8663239074550129, 0.8622228102492763, 0.8663239074550129, 0.8622228102492763, 0.8663239074550129, 0.8568050607758861, 0.8663239074550129, 0.8663239074550129]}]}