{"auroc": [0.6420715249662617, 0.5019736842105263, 0.6019062078272605, 0.6745445344129555, 0.7225539811066126, 0.6409581646423752, 0.6159581646423751, 0.7049089068825911, 0.6906545209176788, 0.5032726045883941], "acc": [0.7326478149100257, 0.7326478149100257, 0.7326478149100257, 0.7326478149100257, 0.7326478149100257, 0.7326478149100257, 0.7326478149100257, 0.7326478149100257, 0.7455012853470437, 0.26735218508997427], "aps": [0.8061769741553695, 0.7382672462196355, 0.7885021052462995, 0.8242613575993256, 0.8348231403707134, 0.8226730497205765, 0.7913279617951723, 0.8147366118543118, 0.8103123759090932, 0.7444621110120406], "f1": [0.8456973293768546, 0.8456973293768546, 0.8456973293768546, 0.8456973293768546, 0.8456973293768546, 0.8456973293768546, 0.8456973293768546, 0.8456973293768546, 0.852017937219731, 0.0], "auprc": [0.804872283243105, 0.7368678063350506, 0.7868444628588656, 0.8218316129687492, 0.8322005110815959, 0.8219112786246404, 0.7899120040094478, 0.8119437729588098, 0.8075197641237255, 0.7416404092163904]}