{"auroc": [0.45317377731529657, 0.5280957336108221, 0.47762747138397504, 0.5639958376690947, 0.46826222684703434, 0.4921956295525495, 0.5509885535900103, 0.5962539021852237, 0.5733610822060354, 0.5130072840790842], "acc": [0.5, 0.5, 0.5, 0.5, 0.5, 0.5, 0.5, 0.5, 0.5, 0.5], "aps": [0.5294985791258753, 0.5575224142828693, 0.5884364680911759, 0.5863220461489552, 0.5490208119022317, 0.5885907804906269, 0.573965158976993, 0.5749810316581938, 0.5646006035042368, 0.5805488068167044], "f1": [0.6666666666666666, 0.0, 0.0, 0.6666666666666666, 0.0, 0.0, 0.0, 0.0, 0.0, 0.0], "auprc": [0.5169302940367113, 0.5390565019734807, 0.5800030987494625, 0.5690040009147525, 0.529283758447695, 0.5786585253338701, 0.562105788908756, 0.5535015878295854, 0.5432635054428281, 0.5604277385285427]}