{"enet": [{"auroc": [0.4630593132154006, 0.5213319458896982, 0.46305931321540067, 0.522372528616025, 0.5691987513007284, 0.4620187304890738, 0.522372528616025, 0.5145681581685744, 0.449531737773153, 0.522372528616025], "acc": [0.5, 0.5, 0.5, 0.5, 0.532258064516129, 0.532258064516129, 0.5, 0.5, 0.5, 0.5], "aps": [0.5343291609126452, 0.5325260393933207, 0.5297123622693708, 0.5609724350807958, 0.5613306224696957, 0.496557074555574, 0.5609724350807958, 0.5223771165560676, 0.4864326979786663, 0.5609724350807958], "f1": [0.0, 0.16216216216216214, 0.0, 0.0, 0.2564102564102564, 0.3829787234042554, 0.0, 0.16216216216216214, 0.0, 0.0], "auprc": [0.5236707254767097, 0.5297996079202982, 0.5189729884590719, 0.5474522631687343, 0.5397571382823838, 0.5250964772222513, 0.5474522631687343, 0.5372204770456841, 0.4647472241671814, 0.5474522631687343]}]}