{"auroc": [0.4, 0.375, 0.44875, 0.41, 0.38499999999999995, 0.35000000000000003, 0.41874999999999996, 0.3825, 0.5062500000000001, 0.36250000000000004], "acc": [0.5, 0.5, 0.5, 0.5, 0.5, 0.4, 0.5, 0.5, 0.5, 0.5], "aps": [0.4433348980454244, 0.4688787245449116, 0.4706921422696936, 0.5668342527857366, 0.45143323892951753, 0.45039994200905814, 0.44665840612895064, 0.4866812075667299, 0.5393514361932746, 0.4386308863743326], "f1": [0.0, 0.0, 0.6666666666666666, 0.0, 0.0, 0.36842105263157887, 0.0, 0.0, 0.6666666666666666, 0.0], "auprc": [0.41949922491784475, 0.45145670113784764, 0.4384073672198507, 0.5563355144826274, 0.4217735634465662, 0.43423582832519425, 0.4256012943782479, 0.46903607663702196, 0.521709658749773, 0.4089496320749264]}