{"auroc": [0.5478668054110302, 0.5015608740894901, 0.5712799167533819, 0.5624349635796045, 0.5723204994797086, 0.5806451612903226, 0.5676378772112383, 0.5603537981269511, 0.5759625390218522, 0.5483870967741935], "acc": [0.5, 0.5, 0.5, 0.5, 0.5, 0.5, 0.5, 0.5, 0.5, 0.5], "aps": [0.5558161384767475, 0.5183537263626251, 0.586021505376344, 0.5387096774193548, 0.5935483870967742, 0.5806451612903226, 0.6226048864913076, 0.5927419354838709, 0.6130661453242097, 0.5483870967741935], "f1": [0.0, 0.6666666666666666, 0.6666666666666666, 0.6666666666666666, 0.6666666666666666, 0.6666666666666666, 0.0, 0.0, 0.0, 0.0], "auprc": [0.6913024797996339, 0.6336206896551724, 0.6532258064516128, 0.6048387096774193, 0.6806451612903225, 0.7903225806451613, 0.6133620974254768, 0.6556085043988269, 0.6740061909416746, 0.7741935483870968]}