{"auroc": [0.6824009324009324, 0.48698523698523694, 0.6546231546231546, 0.6526806526806527, 0.6379176379176379, 0.6266511266511267, 0.5895493395493396, 0.677933177933178, 0.6841491841491842, 0.6526806526806527], "acc": [0.841726618705036, 0.15827338129496402, 0.15827338129496402, 0.15827338129496402, 0.15827338129496402, 0.841726618705036, 0.841726618705036, 0.15827338129496402, 0.841726618705036, 0.15827338129496402], "aps": [0.9132577149376151, 0.8388514961993978, 0.9008474665425314, 0.900201398208059, 0.893704857947012, 0.8786291807168065, 0.8720403906839411, 0.9131440608421147, 0.9090262768670619, 0.9089122627624515], "f1": [0.9140624999999999, 0.0, 0.0, 0.0, 0.0, 0.9140624999999999, 0.9140624999999999, 0.0, 0.9140624999999999, 0.0], "auprc": [0.9139247934409518, 0.8339759753315019, 0.8999772617207756, 0.8987073969168623, 0.8924673699671789, 0.875050124640674, 0.855844136047414, 0.9124007548935913, 0.9088907087937467, 0.9081562788947741]}