{"enet": [{"auroc": [0.5217560217560218, 0.6173271173271173, 0.5209790209790209, 0.6130536130536131, 0.48989898989898994, 0.5264180264180265, 0.6130536130536131, 0.6153846153846154, 0.560994560994561, 0.6130536130536131], "acc": [0.15827338129496402, 0.23741007194244604, 0.15827338129496402, 0.15827338129496402, 0.22302158273381295, 0.39568345323741005, 0.15827338129496402, 0.2733812949640288, 0.15827338129496402, 0.15827338129496402], "aps": [0.8668103824732182, 0.8812575622028194, 0.8630038906333776, 0.8924080033584094, 0.8298868495815817, 0.8541030238857353, 0.8924080033584094, 0.873382543048717, 0.8636748227476003, 0.8924080033584094], "f1": [0.0, 0.19696969696969696, 0.0, 0.0, 0.18181818181818182, 0.4878048780487805, 0.0, 0.26277372262773724, 0.0, 0.0], "auprc": [0.865553455111683, 0.8838746750292106, 0.8616138763967403, 0.8914220949292616, 0.8267908183995692, 0.8681645561431823, 0.8914220949292616, 0.8791511352196018, 0.8595766725479403, 0.8914220949292616]}]}