{"best_index": [127, 74, 184, 117, 135], "auroc": [0.37051039697542537, 0.46502835538752363, 0.5293005671077504, 0.5066162570888469, 0.3724007561436673], "acc": [0.43478260869565216, 0.5217391304347826, 0.43478260869565216, 0.45652173913043476, 0.41304347826086957], "aps": [0.4176517631644043, 0.5072653299218873, 0.5125823868237661, 0.529754056499905, 0.4160687063541343], "f1": [0.07142857142857142, 0.26666666666666666, 0.13333333333333333, 0.358974358974359, 0.27027027027027023], "auprc": [0.39674063153714384, 0.47979212251951703, 0.4855490442831389, 0.5130852626419231, 0.39764109881852705]}