{"auroc": [0.6599999999999999, 0.5571428571428572, 0.6565714285714286, 0.5914285714285714, 0.6679999999999999, 0.6634285714285714, 0.7125714285714285, 0.6302857142857143, 0.6828571428571428, 0.6897142857142857], "acc": [0.4166666666666667, 0.4166666666666667, 0.5833333333333334, 0.4166666666666667, 0.4166666666666667, 0.4166666666666667, 0.4166666666666667, 0.4166666666666667, 0.4166666666666667, 0.4166666666666667], "aps": [0.7288953028708695, 0.6059280280375908, 0.6664739002768637, 0.6150106788558158, 0.7659779258828617, 0.6797961890707346, 0.7780838072627831, 0.6577190221514493, 0.7068795497694494, 0.7565662204407964], "f1": [0.0, 0.0, 0.7368421052631579, 0.0, 0.0, 0.0, 0.0, 0.0, 0.0, 0.0], "auprc": [0.7219485785854867, 0.5891833892247171, 0.6548421626131101, 0.5995833408543199, 0.7615360306753431, 0.6615490594737599, 0.7736319375141827, 0.6393847531793404, 0.6957992267885215, 0.7513648774281498]}