{"enet": [{"auroc": [0.5445714285714285, 0.5, 0.5, 0.48857142857142855, 0.47714285714285715, 0.5, 0.5, 0.5445714285714285, 0.5, 0.5], "acc": [0.4166666666666667, 0.4166666666666667, 0.4166666666666667, 0.4166666666666667, 0.4166666666666667, 0.4166666666666667, 0.4166666666666667, 0.4166666666666667, 0.4166666666666667, 0.4166666666666667], "aps": [0.6896679610860372, 0.5833333333333334, 0.5833333333333334, 0.6526497040744158, 0.6451428902430467, 0.5833333333333334, 0.5833333333333334, 0.6896679610860372, 0.5833333333333334, 0.5833333333333334], "f1": [0.0, 0.0, 0.0, 0.0, 0.0, 0.0, 0.0, 0.0, 0.0, 0.0], "auprc": [0.6840325152000525, 0.7916666666666667, 0.7916666666666667, 0.6453365838521755, 0.6381818451256002, 0.7916666666666667, 0.7916666666666667, 0.6840325152000525, 0.7916666666666667, 0.7916666666666667]}]}