{"auroc": [0.4154285714285714, 0.5514285714285715, 0.5994285714285714, 0.6371428571428571, 0.4645714285714285, 0.4474285714285714, 0.4382857142857143, 0.46228571428571424, 0.4474285714285714, 0.46457142857142864], "acc": [0.4166666666666667, 0.4166666666666667, 0.4166666666666667, 0.4166666666666667, 0.4166666666666667, 0.4166666666666667, 0.4166666666666667, 0.4166666666666667, 0.4166666666666667, 0.4166666666666667], "aps": [0.5372993241592685, 0.6412374848588754, 0.7189925224768361, 0.7477567574121974, 0.6040912297103239, 0.5808609254116242, 0.5591084252804047, 0.5862875322982949, 0.55153484697647, 0.5982895998269278], "f1": [0.0, 0.0, 0.0, 0.0, 0.0, 0.0, 0.0, 0.0, 0.0, 0.0], "auprc": [0.5181235515384326, 0.6296315306789375, 0.7139788645152839, 0.7430370848429679, 0.593277022559496, 0.5698505002323787, 0.5474959488312291, 0.5683216237418244, 0.5269373798317464, 0.5890492099020896]}