{"auroc": [0.5314285714285715, 0.6977142857142857, 0.6428571428571429, 0.7034285714285714, 0.6714285714285714, 0.6594285714285715, 0.7114285714285715, 0.6931428571428572, 0.6982857142857143, 0.6645714285714286], "acc": [0.4166666666666667, 0.4166666666666667, 0.4166666666666667, 0.4166666666666667, 0.4166666666666667, 0.5833333333333334, 0.5833333333333334, 0.4166666666666667, 0.4166666666666667, 0.4166666666666667], "aps": [0.650912036216969, 0.7187683525192492, 0.7149776947843745, 0.7668558352378233, 0.7011414652941403, 0.745743861811216, 0.7196565181768334, 0.7137489946896699, 0.7039411340760889, 0.7035782439449129], "f1": [0.0, 0.0, 0.0, 0.0, 0.0, 0.7368421052631579, 0.7368421052631579, 0.0, 0.0, 0.0], "auprc": [0.6453420352387568, 0.7090060793020164, 0.7081294759321225, 0.7617391791479656, 0.6901135286991044, 0.7394432194733561, 0.7021602077855699, 0.7029498066569867, 0.6889020351178531, 0.6928764128603153]}