{"auroc": [0.5514285714285715, 0.508, 0.48171428571428576, 0.5142857142857142, 0.5045714285714287, 0.492, 0.5668571428571428, 0.48628571428571427, 0.508, 0.4942857142857143], "acc": [0.4166666666666667, 0.4166666666666667, 0.4166666666666667, 0.4166666666666667, 0.4166666666666667, 0.4166666666666667, 0.4166666666666667, 0.4166666666666667, 0.4166666666666667, 0.4166666666666667], "aps": [0.6175567090159632, 0.5778847258485449, 0.5670657976833726, 0.5764509111034191, 0.5774002562910568, 0.572523683876189, 0.6462172271314481, 0.5664050291963809, 0.5881517286153843, 0.5730466026978691], "f1": [0.0, 0.0, 0.0, 0.0, 0.0, 0.0, 0.0, 0.0, 0.0, 0.0], "auprc": [0.5978511640973604, 0.5612849911257236, 0.5502938150537908, 0.5577906096231783, 0.560691343979754, 0.5558080512831614, 0.6418204822265356, 0.5496404173388376, 0.5683490136096705, 0.5562897031202456]}