{"auroc": [0.6537142857142857, 0.6308571428571429, 0.48971428571428566, 0.5245714285714286, 0.5908571428571429, 0.676, 0.6177142857142857, 0.6022857142857142, 0.5988571428571429, 0.6222857142857143], "acc": [0.4166666666666667, 0.4166666666666667, 0.5833333333333334, 0.5833333333333334, 0.5833333333333334, 0.4166666666666667, 0.4166666666666667, 0.4166666666666667, 0.4166666666666667, 0.4166666666666667], "aps": [0.7456900999194227, 0.7095115859108463, 0.5896904744516313, 0.612947827074701, 0.6666766287451108, 0.7373922420445809, 0.6672968596706862, 0.6731466501332818, 0.6716515540538777, 0.6648308859186464], "f1": [0.0, 0.0, 0.7368421052631579, 0.7368421052631579, 0.7368421052631579, 0.0, 0.0, 0.0, 0.0, 0.0], "auprc": [0.7406271737291481, 0.6942192878475916, 0.5707127254342877, 0.5957609915825346, 0.6494765601012701, 0.7279343997976795, 0.6515348956825451, 0.6642931101606471, 0.6535163040453742, 0.6464895799704864]}