{"enet": [{"auroc": [0.5, 0.5, 0.5, 0.5, 0.4451428571428571, 0.5, 0.4862857142857143, 0.4097142857142857, 0.5, 0.5], "acc": [0.4166666666666667, 0.4166666666666667, 0.4166666666666667, 0.4166666666666667, 0.4166666666666667, 0.4166666666666667, 0.4166666666666667, 0.4166666666666667, 0.4166666666666667, 0.4166666666666667], "aps": [0.5833333333333334, 0.5833333333333334, 0.5833333333333334, 0.5833333333333334, 0.6100667856848165, 0.5833333333333334, 0.5887990659555198, 0.6028093711187946, 0.5833333333333334, 0.5833333333333334], "f1": [0.0, 0.0, 0.0, 0.0, 0.0, 0.0, 0.0, 0.0, 0.0, 0.0], "auprc": [0.7916666666666667, 0.7916666666666667, 0.7916666666666667, 0.7916666666666667, 0.5986358836153415, 0.7916666666666667, 0.5696823241890431, 0.5948049820303166, 0.7916666666666667, 0.7916666666666667]}]}