{"auroc": [0.45085714285714285, 0.5445714285714286, 0.5777142857142857, 0.5914285714285714, 0.5022857142857142, 0.5708571428571428, 0.4914285714285714, 0.6302857142857142, 0.44799999999999995, 0.5365714285714286], "acc": [0.4166666666666667, 0.4166666666666667, 0.5833333333333334, 0.4166666666666667, 0.4166666666666667, 0.4166666666666667, 0.5833333333333334, 0.4166666666666667, 0.5833333333333334, 0.4166666666666667], "aps": [0.5772208936851737, 0.6449733464617325, 0.700187822090278, 0.7015192111075599, 0.5856706950269117, 0.6826600419112648, 0.5822933862338304, 0.7477373817880446, 0.5772855205646582, 0.6847908975591681], "f1": [0.0, 0.0, 0.7368421052631579, 0.0, 0.0, 0.0, 0.7368421052631579, 0.0, 0.7368421052631579, 0.0], "auprc": [0.5607324118754573, 0.6335839940125292, 0.6940348229357372, 0.695575743698447, 0.5678269456266236, 0.6760498530691805, 0.5628431084294148, 0.7445485349645968, 0.561939307116597, 0.678899297194381]}