{"auroc": [0.5662857142857143, 0.5725714285714286, 0.5514285714285714, 0.6411428571428571, 0.6582857142857144, 0.5662857142857143, 0.5845714285714285, 0.6617142857142857, 0.6405714285714286, 0.5742857142857143], "acc": [0.4166666666666667, 0.4166666666666667, 0.4166666666666667, 0.4166666666666667, 0.5833333333333334, 0.4166666666666667, 0.4166666666666667, 0.4166666666666667, 0.4166666666666667, 0.4166666666666667], "aps": [0.7254891746015427, 0.6827516050997335, 0.674423025899937, 0.6439785021627262, 0.7433123770341716, 0.6667661152277137, 0.6372482951631357, 0.7592532329622443, 0.6822632591476363, 0.6504626951935922], "f1": [0.0, 0.0, 0.0, 0.0, 0.7368421052631579, 0.0, 0.0, 0.0, 0.0, 0.0], "auprc": [0.721584935068338, 0.6754723069678038, 0.6684965050503986, 0.6306573018460505, 0.7382352120652997, 0.6591698946994285, 0.6187617124612133, 0.754554883751653, 0.6676332108117535, 0.6308920159143219]}