{"auroc": [0.664, 0.34800000000000003, 0.6057142857142858, 0.6874285714285714, 0.6611428571428571, 0.677142857142857, 0.7262857142857143, 0.5377142857142857, 0.54, 0.6525714285714286], "acc": [0.4166666666666667, 0.4166666666666667, 0.4166666666666667, 0.4166666666666667, 0.4166666666666667, 0.4166666666666667, 0.4166666666666667, 0.4166666666666667, 0.5833333333333334, 0.5833333333333334], "aps": [0.7454654340270501, 0.5550969311394057, 0.6908405036557038, 0.7542175070681845, 0.7745310400322842, 0.7273632835892653, 0.8412497654469008, 0.6115369654611774, 0.6500281240791966, 0.6944049582087118], "f1": [0.0, 0.0, 0.0, 0.0, 0.0, 0.0, 0.0, 0.0, 0.7368421052631579, 0.7368421052631579], "auprc": [0.7394166968720374, 0.549982506230393, 0.6828116408087669, 0.7496187264448922, 0.7704212322915595, 0.7179581098841957, 0.8397586108864058, 0.5935358530562425, 0.6405919609422084, 0.6780439508359624]}