{"auroc": [0.6177142857142857, 0.4571428571428571, 0.62, 0.5582857142857144, 0.4714285714285714, 0.636, 0.5914285714285714, 0.4005714285714286, 0.5422857142857143, 0.4622857142857143], "acc": [0.4166666666666667, 0.4166666666666667, 0.4166666666666667, 0.4166666666666667, 0.4166666666666667, 0.4166666666666667, 0.4166666666666667, 0.4166666666666667, 0.4166666666666667, 0.4166666666666667], "aps": [0.7227736236689476, 0.5623320750274129, 0.7142377498721176, 0.6515049357211793, 0.5691168589898796, 0.7268917785324, 0.7001130774520689, 0.5288346324996203, 0.6115170351652246, 0.5985884548297834], "f1": [0.0, 0.0, 0.0, 0.0, 0.0, 0.0, 0.0, 0.0, 0.0, 0.0], "auprc": [0.7132551746207345, 0.5459986758478261, 0.7076516177061222, 0.6399266694319646, 0.5521659093108943, 0.7210657546623659, 0.6931967062854173, 0.5121025541316337, 0.5952337857282533, 0.5868575259092609]}