{"enet": [{"auroc": [0.596, 0.5857142857142856, 0.5234285714285715, 0.5, 0.5662857142857143, 0.5, 0.5971428571428571, 0.5, 0.5, 0.5], "acc": [0.4166666666666667, 0.4166666666666667, 0.4166666666666667, 0.4166666666666667, 0.4166666666666667, 0.4166666666666667, 0.4166666666666667, 0.4166666666666667, 0.4166666666666667, 0.4166666666666667], "aps": [0.6972666777343812, 0.7056669671499699, 0.611904761904762, 0.5833333333333334, 0.7034374149162543, 0.5833333333333334, 0.7048723887149007, 0.5833333333333334, 0.5833333333333334, 0.5833333333333334], "f1": [0.0, 0.0, 0.0, 0.0, 0.0, 0.0, 0.0, 0.0, 0.0, 0.0], "auprc": [0.6907287183875539, 0.7001805309384135, 0.686904761904762, 0.7916666666666667, 0.6982153634710712, 0.7916666666666667, 0.6985472801799429, 0.7916666666666667, 0.7916666666666667, 0.7916666666666667]}]}