{"enet": [{"auroc": [0.42228571428571426, 0.3708571428571429, 0.3708571428571429, 0.5274285714285714, 0.5045714285714284, 0.5, 0.5, 0.3708571428571429, 0.3708571428571429, 0.42228571428571426], "acc": [0.4166666666666667, 0.4166666666666667, 0.4166666666666667, 0.5833333333333334, 0.4166666666666667, 0.4166666666666667, 0.4166666666666667, 0.4166666666666667, 0.4166666666666667, 0.4166666666666667], "aps": [0.5711874427817244, 0.5585014341935266, 0.5585014341935266, 0.6160896049548652, 0.6102748711195735, 0.5833333333333334, 0.5833333333333334, 0.5585014341935266, 0.5585014341935266, 0.5711874427817244], "f1": [0.0, 0.0, 0.0, 0.7368421052631579, 0.0, 0.0, 0.0, 0.0, 0.0, 0.0], "auprc": [0.5592390046654803, 0.546337725347464, 0.546337725347464, 0.5973550354075254, 0.5984276730530677, 0.7916666666666667, 0.7916666666666667, 0.546337725347464, 0.546337725347464, 0.5592390046654803]}]}