{"auroc": [0.4535626535626536, 0.4393120393120393, 0.5547911547911548, 0.5339066339066338, 0.576904176904177, 0.6135135135135135, 0.4525798525798526, 0.4036855036855037, 0.43243243243243246, 0.4314496314496315], "acc": [0.40217391304347827, 0.40217391304347827, 0.40217391304347827, 0.40217391304347827, 0.40217391304347827, 0.40217391304347827, 0.40217391304347827, 0.40217391304347827, 0.40217391304347827, 0.40217391304347827], "aps": [0.3756736387476445, 0.3609290519874615, 0.4136025032389175, 0.40320240302416127, 0.45699531070238, 0.5612862976144133, 0.3720760147064911, 0.36064321825731865, 0.35565244544921215, 0.38458402684209086], "f1": [0.5736434108527132, 0.5736434108527132, 0.5736434108527132, 0.5736434108527132, 0.5736434108527132, 0.5736434108527132, 0.5736434108527132, 0.5736434108527132, 0.5736434108527132, 0.5736434108527132], "auprc": [0.3605117709451835, 0.34912007404356404, 0.4005080667465267, 0.391561248868064, 0.4417139427682064, 0.5504049682803793, 0.36078460872529333, 0.3444168787238678, 0.34204208007073633, 0.3739878429105589]}