{"auroc": [0.47199017199017196, 0.4712530712530713, 0.4985257985257986, 0.5226044226044226, 0.48525798525798525, 0.5085995085995085, 0.47985257985257984, 0.4800982800982801, 0.47346437346437353, 0.49189189189189186], "acc": [0.40217391304347827, 0.5978260869565217, 0.40217391304347827, 0.40217391304347827, 0.40217391304347827, 0.5978260869565217, 0.40217391304347827, 0.5978260869565217, 0.40217391304347827, 0.5978260869565217], "aps": [0.38090233813186286, 0.3861206698538033, 0.39326933150368737, 0.41349666784449396, 0.3892584412615605, 0.39540909969730836, 0.38595542803274024, 0.3880457975137609, 0.38393551846826635, 0.4000592689194335], "f1": [0.5736434108527132, 0.0, 0.5736434108527132, 0.5736434108527132, 0.5736434108527132, 0.0, 0.5736434108527132, 0.0, 0.5736434108527132, 0.0], "auprc": [0.3631354812851274, 0.36845142411109433, 0.380929683613914, 0.6276612048351179, 0.3747576864698151, 0.38194451961451603, 0.36486981689796194, 0.3536068247881749, 0.37069182808266854, 0.3668638472398755]}