{"auroc": [0.5137592137592139, 0.5113022113022113, 0.47985257985257995, 0.49999999999999994, 0.48157248157248156, 0.514987714987715, 0.4955773955773956, 0.4882063882063882, 0.49533169533169535, 0.509090909090909], "acc": [0.40217391304347827, 0.40217391304347827, 0.5978260869565217, 0.40217391304347827, 0.40217391304347827, 0.40217391304347827, 0.40217391304347827, 0.5978260869565217, 0.40217391304347827, 0.5978260869565217], "aps": [0.4089039632517894, 0.408110053427225, 0.4030879687810143, 0.40223705210726624, 0.4054886499248842, 0.40956950739559433, 0.4000587544065805, 0.39667034462430883, 0.4016809905115752, 0.4065934065934066], "f1": [0.5736434108527132, 0.5736434108527132, 0.0, 0.5736434108527132, 0.5736434108527132, 0.5736434108527132, 0.5736434108527132, 0.0, 0.5736434108527132, 0.0], "auprc": [0.6964667236406368, 0.4650664938559827, 0.3845949506063665, 0.620400494589333, 0.3863276995006198, 0.6174831663962098, 0.6919212690951821, 0.40600431821659444, 0.34038966928772024, 0.7032967032967032]}