{"enet": [{"auroc": [0.4958230958230959, 0.4648648648648649, 0.49778869778869783, 0.49778869778869783, 0.5, 0.5, 0.4722358722358723, 0.5, 0.5, 0.5], "acc": [0.40217391304347827, 0.40217391304347827, 0.40217391304347827, 0.40217391304347827, 0.40217391304347827, 0.40217391304347827, 0.40217391304347827, 0.40217391304347827, 0.40217391304347827, 0.40217391304347827], "aps": [0.44678515983844186, 0.411279349045597, 0.4317125083505391, 0.4317125083505391, 0.40217391304347827, 0.40217391304347827, 0.43781069809503687, 0.40217391304347827, 0.40217391304347827, 0.40217391304347827], "f1": [0.5736434108527132, 0.5736434108527132, 0.5736434108527132, 0.5736434108527132, 0.5736434108527132, 0.5736434108527132, 0.5736434108527132, 0.5736434108527132, 0.5736434108527132, 0.5736434108527132], "auprc": [0.43503434025054066, 0.3999216956274183, 0.4131321443979369, 0.4131321443979369, 0.7010869565217391, 0.7010869565217391, 0.4266464154577905, 0.7010869565217391, 0.7010869565217391, 0.7010869565217391]}]}