{"enet": [{"auroc": [0.4838709677419355, 0.4838709677419355, 0.4193548387096774, 0.4193548387096774, 0.45161290322580644, 0.4838709677419355, 0.4838709677419355, 0.45161290322580644, 0.45161290322580644, 0.4838709677419355], "acc": [0.5161290322580645, 0.5161290322580645, 0.5161290322580645, 0.5161290322580645, 0.5161290322580645, 0.5161290322580645, 0.5161290322580645, 0.5161290322580645, 0.5161290322580645, 0.5161290322580645], "aps": [0.5216907675194661, 0.5101328923506231, 0.4724296837756238, 0.4724296837756238, 0.4855858438409796, 0.5216907675194661, 0.5216907675194661, 0.48720800889877647, 0.48720800889877647, 0.5216907675194661], "f1": [0.0625, 0.0625, 0.0625, 0.0625, 0.0625, 0.0625, 0.0625, 0.0625, 0.0625, 0.0625], "auprc": [0.7263626251390434, 0.7300618152593162, 0.6838749404099793, 0.6838749404099793, 0.7091676013493222, 0.7263626251390434, 0.7263626251390434, 0.7091212458286985, 0.7091212458286985, 0.7263626251390434]}]}