{"auroc": [0.38605619146722164, 0.5192507804370448, 0.4568158168574402, 0.5582726326742975, 0.47762747138397504, 0.45161290322580644, 0.4334027055150884, 0.5182101977107179, 0.3818938605619147, 0.5036420395421436], "acc": [0.5, 0.5, 0.5, 0.5, 0.5, 0.5, 0.5, 0.5, 0.5, 0.5], "aps": [0.4525695292971791, 0.5643497682449325, 0.499564727254293, 0.6099973236985327, 0.5445330467851166, 0.5240966026898768, 0.49344135641579134, 0.5711267751903347, 0.44257567409436893, 0.5635199205712665], "f1": [0.0, 0.0, 0.6666666666666666, 0.6666666666666666, 0.0, 0.6666666666666666, 0.0, 0.0, 0.0, 0.0], "auprc": [0.44061755531035085, 0.5534853015355279, 0.47787400296462035, 0.5987200099667203, 0.5339263768034195, 0.5108363491388974, 0.48044761846952566, 0.558241481302127, 0.42393476647878486, 0.5529289965496488]}