{"auroc": [0.4308012486992716, 0.47762747138397504, 0.48491155046826223, 0.5078043704474506, 0.4755463059313215, 0.5411030176899063, 0.5359001040582726, 0.445369406867846, 0.4557752341311134, 0.5015608740894901], "acc": [0.5, 0.5, 0.5, 0.5, 0.5, 0.5, 0.5, 0.5, 0.5, 0.5], "aps": [0.4462225182991435, 0.5166133474586976, 0.5913514698571317, 0.54981401832036, 0.471742336123556, 0.534772718942753, 0.5644698707500588, 0.4906974786706594, 0.4737814024858794, 0.5264001194652351], "f1": [0.6666666666666666, 0.0, 0.0, 0.0, 0.0, 0.0, 0.0, 0.6666666666666666, 0.0, 0.0], "auprc": [0.43080858467188443, 0.5009089717909497, 0.584799360340587, 0.539054797763087, 0.4556799719277892, 0.5131279810367005, 0.5551180916354871, 0.4773803363449184, 0.45237297851490493, 0.512753947261864]}