{"enet": [{"auroc": [0.48595213319458896, 0.5421436004162331, 0.4620187304890739, 0.5353798126951093, 0.48595213319458896, 0.48595213319458896, 0.4620187304890739, 0.4474505723204995, 0.4755463059313215, 0.48595213319458896], "acc": [0.5, 0.5806451612903226, 0.5161290322580645, 0.5483870967741935, 0.5, 0.5, 0.5161290322580645, 0.5161290322580645, 0.4838709677419355, 0.5], "aps": [0.6218746697441974, 0.6090833107436523, 0.5695558661425645, 0.5907497070717074, 0.6218746697441974, 0.6218746697441974, 0.5695558661425645, 0.553841338969873, 0.4862334495528663, 0.6218746697441974], "f1": [0.0, 0.3157894736842105, 0.0625, 0.2222222222222222, 0.0, 0.0, 0.0625, 0.1176470588235294, 0.3043478260869565, 0.0], "auprc": [0.6156606950869459, 0.6211553731952214, 0.560235381852484, 0.6028334664302165, 0.6156606950869459, 0.6156606950869459, 0.560235381852484, 0.5501983747832906, 0.4675234469167877, 0.6156606950869459]}]}