{"enet": [{"auroc": [0.5248640248640248, 0.5104895104895104, 0.4471639471639472, 0.5248640248640248, 0.5, 0.4471639471639472, 0.4471639471639472, 0.5, 0.3970473970473971, 0.5], "acc": [0.17266187050359713, 0.16546762589928057, 0.16546762589928057, 0.17266187050359713, 0.15827338129496402, 0.16546762589928057, 0.16546762589928057, 0.15827338129496402, 0.16546762589928057, 0.15827338129496402], "aps": [0.8496695002412986, 0.8523341585331476, 0.8197554164672225, 0.8496695002412986, 0.841726618705036, 0.8197554164672225, 0.8197554164672225, 0.841726618705036, 0.8082382552706437, 0.841726618705036], "f1": [0.033613445378151266, 0.016949152542372885, 0.016949152542372885, 0.033613445378151266, 0.0, 0.016949152542372885, 0.016949152542372885, 0.0, 0.016949152542372885, 0.0], "auprc": [0.8471317022043519, 0.8503037383133887, 0.8161874667974404, 0.8471317022043519, 0.920863309352518, 0.8161874667974404, 0.8161874667974404, 0.920863309352518, 0.8046868848851155, 0.920863309352518]}]}