{"auroc": [0.5, 0.5, 0.5, 0.5, 0.5, 0.5, 0.45161290322580644, 0.5, 0.5, 0.5], "acc": [0.5, 0.5, 0.5, 0.5, 0.5, 0.5, 0.5, 0.5, 0.5, 0.5], "aps": [0.5, 0.5, 0.5, 0.5, 0.5, 0.5, 0.47623458726587736, 0.5, 0.5, 0.5], "f1": [0.0, 0.0, 0.0, 0.0, 0.0, 0.0, 0.0, 0.0, 0.0, 0.0], "auprc": [0.75, 0.75, 0.75, 0.75, 0.75, 0.75, 0.7131126627169435, 0.75, 0.75, 0.75]}