{"auroc": [0.72, 0.72, 0.72, 0.7225, 0.7125, 0.72, 0.72, 0.72, 0.71, 0.72], "acc": [0.575, 0.5, 0.55, 0.5, 0.5, 0.5, 0.55, 0.5, 0.5, 0.5], "aps": [0.7715498791134983, 0.7715498791134983, 0.7715498791134983, 0.7735106634272237, 0.7669479964626804, 0.7715498791134983, 0.7715498791134983, 0.7709347466968952, 0.7654382694898916, 0.7715498791134983], "f1": [0.2608695652173913, 0.0, 0.18181818181818182, 0.0, 0.0, 0.0, 0.18181818181818182, 0.0, 0.0, 0.0], "auprc": [0.7658016424645262, 0.7658016424645262, 0.7658016424645262, 0.7677930640331538, 0.7611472108793771, 0.7658016424645262, 0.7658016424645262, 0.7651666953038438, 0.7596202929904137, 0.7658016424645262]}