{"enet": [{"auroc": [0.5225, 0.4425, 0.4425, 0.505, 0.50875, 0.505, 0.4425, 0.505, 0.4425, 0.41750000000000004], "acc": [0.5, 0.5, 0.5, 0.5, 0.55, 0.5, 0.5, 0.5, 0.5, 0.475], "aps": [0.571949587500099, 0.5554949906677847, 0.5554949906677847, 0.622995269569758, 0.555713783211206, 0.622995269569758, 0.5554949906677847, 0.622995269569758, 0.5554949906677847, 0.5024669133113673], "f1": [0.0, 0.0, 0.0, 0.0, 0.30769230769230765, 0.0, 0.0, 0.0, 0.0, 0.08695652173913045], "auprc": [0.5419609901274072, 0.5422068466883717, 0.5422068466883717, 0.6135516336827247, 0.5502513794328793, 0.6135516336827247, 0.5422068466883717, 0.6135516336827247, 0.5422068466883717, 0.484488541706918]}]}