{"enet": [{"auroc": [0.571279916753382, 0.5130072840790842, 0.4797086368366285, 0.5972944849115503, 0.5130072840790842, 0.5130072840790842, 0.5130072840790842, 0.5879292403746098, 0.5900104058272633, 0.4693028095733611], "acc": [0.5, 0.5, 0.5, 0.5161290322580645, 0.5, 0.5, 0.5, 0.532258064516129, 0.5, 0.5], "aps": [0.6521572421252689, 0.6180647220568599, 0.599003490712903, 0.6817951370378759, 0.6180647220568599, 0.6180647220568599, 0.6180647220568599, 0.6775502952980703, 0.676840623981072, 0.5985005553716798], "f1": [0.0, 0.0, 0.0, 0.0625, 0.0, 0.0, 0.0, 0.12121212121212122, 0.0, 0.0], "auprc": [0.6453341921238971, 0.6115413201970346, 0.5918451624124591, 0.6765238824481069, 0.6115413201970346, 0.6115413201970346, 0.6115413201970346, 0.6725333110194982, 0.6711905465087621, 0.5915272621615192]}]}