{"auroc": [0.5088449531737773, 0.522372528616025, 0.5228928199791884, 0.5234131113423518, 0.43288241415192513, 0.669614984391259, 0.5369406867845994, 0.49427679500520294, 0.49323621227887615, 0.5442247658688866], "acc": [0.5, 0.5, 0.5, 0.5, 0.5, 0.5, 0.5, 0.5, 0.5, 0.5], "aps": [0.5442080934305072, 0.5904222113580784, 0.551386204682265, 0.6044327349237142, 0.5158377850695804, 0.6748461359743884, 0.5586786012261546, 0.5535398473101529, 0.5107180075627051, 0.5807978078589501], "f1": [0.0, 0.0, 0.0, 0.6666666666666666, 0.0, 0.6666666666666666, 0.6666666666666666, 0.0, 0.0, 0.0], "auprc": [0.5332498369053884, 0.5814512598592572, 0.537059610177028, 0.5961501214419127, 0.5045226703948175, 0.665800593671987, 0.5451049636133748, 0.5405303115573956, 0.4962241672146118, 0.5702048109737956]}