{"auroc": [0.4713839750260146, 0.47658688865764826, 0.45369406867845996, 0.4162330905306972, 0.46618106139438087, 0.4131113423517169, 0.600936524453694, 0.4667013527575442, 0.4755463059313215, 0.4828303850156087], "acc": [0.5, 0.5, 0.5, 0.5, 0.5, 0.5, 0.5, 0.5, 0.5, 0.5], "aps": [0.5407930645255191, 0.5432506436370337, 0.5139108631207012, 0.4711517871530354, 0.5221523165540148, 0.4809082461389683, 0.6165100828812369, 0.5356755100684614, 0.5385953757923798, 0.5540150630850514], "f1": [0.0, 0.0, 0.0, 0.0, 0.0, 0.0, 0.0, 0.6666666666666666, 0.0, 0.0], "auprc": [0.527552669434521, 0.529173126641141, 0.4923594488558675, 0.4581423383279317, 0.5088317862470642, 0.4676585404070086, 0.6217179507979647, 0.5304372884894882, 0.5249998220156421, 0.5483034897954318]}