{"auroc": [0.6126651126651126, 0.5252525252525253, 0.47125097125097126, 0.54001554001554, 0.5225330225330225, 0.5485625485625485, 0.515928515928516, 0.3383838383838384, 0.513986013986014, 0.46756021756021754], "acc": [0.841726618705036, 0.15827338129496402, 0.15827338129496402, 0.15827338129496402, 0.15827338129496402, 0.15827338129496402, 0.15827338129496402, 0.15827338129496402, 0.15827338129496402, 0.15827338129496402], "aps": [0.8885701738708652, 0.8598861415331425, 0.8614059719135089, 0.8707368670012378, 0.8373394638983827, 0.8619078530805613, 0.8501068627931828, 0.7981956872541642, 0.836193874243383, 0.8098800958653936], "f1": [0.9140624999999999, 0.0, 0.0, 0.0, 0.0, 0.0, 0.0, 0.0, 0.0, 0.0], "auprc": [0.8870924102533794, 0.8577698584113287, 0.8602731556084332, 0.8695720198839526, 0.8322888631465923, 0.8598629307458919, 0.8476604761399489, 0.7956391259703874, 0.8299771864186953, 0.8048861313717768]}