{"auroc": [0.38, 0.345, 0.2625, 0.3675, 0.34, 0.305, 0.64375, 0.33749999999999997, 0.3375, 0.2875], "acc": [0.5, 0.5, 0.5, 0.5, 0.5, 0.5, 0.5, 0.5, 0.5, 0.5], "aps": [0.44703782119004076, 0.41387471581654794, 0.38552221291887995, 0.4204395438358786, 0.41064846132050814, 0.41348867159440733, 0.5830445681532639, 0.4065307087757277, 0.4142638363456225, 0.3899627773386811], "f1": [0.0, 0.0, 0.0, 0.0, 0.0, 0.0, 0.0, 0.0, 0.0, 0.0], "auprc": [0.42066627169349124, 0.3899704512568081, 0.36379603972731345, 0.39896261337811784, 0.38977167398404333, 0.3848352811972837, 0.5507508640841607, 0.38591622695885597, 0.3901142737993208, 0.36898570653840057]}