{"auroc": [0.5, 0.5, 0.5, 0.4828303850156087, 0.5, 0.5, 0.5, 0.5005202913631634, 0.5, 0.5161290322580645], "acc": [0.5, 0.5, 0.5, 0.5, 0.5, 0.5, 0.5, 0.5, 0.5, 0.5], "aps": [0.5, 0.5, 0.5, 0.49175085345765657, 0.5, 0.5, 0.5, 0.5002644103648863, 0.5, 0.5084656132079699], "f1": [0.0, 0.0, 0.0, 0.0, 0.0, 0.0, 0.0, 0.0, 0.0, 0.0], "auprc": [0.75, 0.75, 0.75, 0.6964499693025219, 0.75, 0.75, 0.75, 0.7420676890534109, 0.75, 0.7461682904749527]}