{"enet": [{"auroc": [0.619146722164412, 0.481789802289282, 0.4682622268470344, 0.5067637877211237, 0.4099895941727367, 0.5067637877211238, 0.5067637877211237, 0.5067637877211238, 0.4557752341311134, 0.5213319458896982], "acc": [0.5, 0.4838709677419355, 0.5161290322580645, 0.5, 0.45161290322580644, 0.532258064516129, 0.5, 0.532258064516129, 0.4838709677419355, 0.5], "aps": [0.6174338812461486, 0.49606111244977014, 0.5173933306229044, 0.5061903945824873, 0.5042807034728847, 0.5338522155373592, 0.5061903945824873, 0.5338522155373592, 0.510498240595882, 0.6120557022240309], "f1": [0.0, 0.19999999999999998, 0.1176470588235294, 0.0, 0.26086956521739135, 0.12121212121212122, 0.0, 0.12121212121212122, 0.15789473684210525, 0.0], "auprc": [0.6072136009485211, 0.47447095640589587, 0.5064605895741892, 0.49307217323123675, 0.49349465293425787, 0.5228980955413334, 0.49307217323123675, 0.5228980955413334, 0.4996699332492822, 0.6048034894631882]}]}