{"enet": [{"auroc": [0.5359001040582727, 0.5078043704474505, 0.44849115504682624, 0.44849115504682624, 0.5078043704474505, 0.5359001040582727, 0.44016649323621226, 0.5359001040582727, 0.4911550468262227, 0.5359001040582727], "acc": [0.5, 0.5161290322580645, 0.5, 0.5, 0.5161290322580645, 0.5, 0.45161290322580644, 0.5, 0.5161290322580645, 0.5], "aps": [0.6041285960316307, 0.54679902904745, 0.5336042788410342, 0.5336042788410342, 0.54679902904745, 0.6041285960316307, 0.4663242124233359, 0.6041285960316307, 0.5625384539566793, 0.6041285960316307], "f1": [0.0, 0.0625, 0.0, 0.0, 0.0625, 0.0, 0.15000000000000002, 0.0, 0.25, 0.0], "auprc": [0.5958351656987136, 0.5334094238945444, 0.5242872731060487, 0.5242872731060487, 0.5334094238945444, 0.5958351656987136, 0.47988642235455115, 0.5958351656987136, 0.5532794097586233, 0.5958351656987136]}]}