{"auroc": [0.38655788655788653, 0.5753690753690754, 0.5223387723387722, 0.44891219891219886, 0.5477855477855478, 0.5404040404040403, 0.4516317016317016, 0.6526806526806528, 0.45376845376845376, 0.3552836052836053], "acc": [0.841726618705036, 0.15827338129496402, 0.841726618705036, 0.841726618705036, 0.15827338129496402, 0.841726618705036, 0.841726618705036, 0.15827338129496402, 0.15827338129496402, 0.15827338129496402], "aps": [0.8000424947247591, 0.8810909644282003, 0.8275855837650985, 0.8033953630494288, 0.8563803152505395, 0.8632024637373044, 0.8340297623117218, 0.9136208376076609, 0.8326425996525786, 0.7835153221109866], "f1": [0.9140624999999999, 0.0, 0.9140624999999999, 0.9140624999999999, 0.0, 0.9140624999999999, 0.9140624999999999, 0.0, 0.0, 0.0], "auprc": [0.7966440997260684, 0.8795790219072942, 0.8236396472161194, 0.7990691089086729, 0.850164110770014, 0.8614737339306942, 0.8313740646328038, 0.9130064475975739, 0.8292885653464273, 0.7799965028037599]}