{"auroc": [0.3775, 0.3575, 0.4225, 0.355, 0.4, 0.365, 0.365, 0.4075, 0.3675, 0.3825], "acc": [0.5, 0.5, 0.5, 0.5, 0.5, 0.5, 0.5, 0.5, 0.5, 0.5], "aps": [0.43686217437376584, 0.4290215325153221, 0.533539722433061, 0.4281443639325084, 0.5156015358423294, 0.42842581430126586, 0.46708480881764364, 0.5145158715185452, 0.4262232630538083, 0.4433089264847813], "f1": [0.6666666666666666, 0.0, 0.0, 0.6666666666666666, 0.0, 0.0, 0.6666666666666666, 0.0, 0.0, 0.0], "auprc": [0.41303995950221806, 0.40533198217145594, 0.5198122636652797, 0.3997582756124185, 0.501929426655178, 0.4035946472556016, 0.4499622753054042, 0.5006563812662708, 0.4013995411930575, 0.41380396448407203]}