{"auroc": [0.32, 0.305, 0.3625, 0.4925, 0.5225, 0.4875, 0.56, 0.4075, 0.32, 0.5825], "acc": [0.5, 0.5, 0.5, 0.5, 0.5, 0.5, 0.5, 0.5, 0.5, 0.5], "aps": [0.44438736059637507, 0.45143838149412424, 0.5122357876595743, 0.5402408620412216, 0.539158552617531, 0.5169633211996075, 0.5698858559703397, 0.5418028922734368, 0.5049907959082283, 0.6090031775780195], "f1": [0.0, 0.0, 0.6666666666666666, 0.0, 0.0, 0.0, 0.0, 0.0, 0.0, 0.0], "auprc": [0.4140750668068287, 0.4344444014879657, 0.49880291166140106, 0.5222750355811792, 0.5082303876056736, 0.48607178984047483, 0.53919588823813, 0.5301437766302874, 0.49386176124926606, 0.5910677273056126]}