{"enet": [{"auroc": [0.45000000000000007, 0.45000000000000007, 0.5325000000000001, 0.5, 0.5, 0.5, 0.5, 0.45000000000000007, 0.4925, 0.5], "acc": [0.5, 0.5, 0.525, 0.5, 0.5, 0.5, 0.5, 0.5, 0.525, 0.5], "aps": [0.5945975002225002, 0.5945975002225002, 0.6206432582984358, 0.5, 0.5, 0.5, 0.5, 0.5945975002225002, 0.5994872008004131, 0.5], "f1": [0.0, 0.0, 0.09523809523809523, 0.0, 0.0, 0.0, 0.0, 0.0, 0.09523809523809523, 0.0], "auprc": [0.582388744895342, 0.582388744895342, 0.6081140945132558, 0.75, 0.75, 0.75, 0.75, 0.582388744895342, 0.5867923446126504, 0.75]}]}