{"auroc": [0.5944055944055944, 0.5924630924630925, 0.5936285936285935, 0.5990675990675991, 0.5955710955710956, 0.5967365967365967, 0.5936285936285937, 0.6103341103341103, 0.5963480963480964, 0.5967365967365967], "acc": [0.15827338129496402, 0.15827338129496402, 0.15827338129496402, 0.15827338129496402, 0.15827338129496402, 0.15827338129496402, 0.15827338129496402, 0.15827338129496402, 0.15827338129496402, 0.15827338129496402], "aps": [0.8819776030245803, 0.878983178132581, 0.8808833176452191, 0.8881477799353228, 0.8821212014907147, 0.8829304480917541, 0.8791316104215342, 0.8922630798852952, 0.8796400427351728, 0.8822699094293532], "f1": [0.0, 0.0, 0.0, 0.0, 0.0, 0.0, 0.0, 0.0, 0.0, 0.0], "auprc": [0.8803481997780254, 0.8763864047486296, 0.8788431260043007, 0.8868839355607598, 0.879940762765357, 0.8813199723897293, 0.876744251335657, 0.8910036452627308, 0.8772558636658745, 0.880038835607789]}