{"auroc": [0.34235171696149846, 0.3735691987513007, 0.4807492195629553, 0.37044745057232054, 0.5088449531737772, 0.48803329864724243, 0.5660770031217482, 0.3704474505723204, 0.5046826222684703, 0.6097814776274714], "acc": [0.5, 0.5, 0.5, 0.5, 0.5, 0.5, 0.5, 0.5, 0.5, 0.5], "aps": [0.41664411683291863, 0.4715933609899412, 0.5670614694673836, 0.4875406332414487, 0.5582075803678255, 0.5066401740516486, 0.5869870852886314, 0.482580569440892, 0.5357668384786252, 0.6678320548090294], "f1": [0.0, 0.6666666666666666, 0.0, 0.6666666666666666, 0.0, 0.0, 0.0, 0.6666666666666666, 0.0, 0.0], "auprc": [0.39876340316694553, 0.45813364160151937, 0.5574222733731025, 0.4739941836110446, 0.5474245949247518, 0.48761109010501985, 0.5737486917325713, 0.4718782863974055, 0.5143332389799047, 0.6610815390674774]}