{"enet": [{"auroc": [0.5306915306915306, 0.5306915306915306, 0.5, 0.5, 0.5308857808857808, 0.5, 0.5, 0.5, 0.5, 0.5], "acc": [0.17985611510791366, 0.17985611510791366, 0.15827338129496402, 0.15827338129496402, 0.17985611510791366, 0.15827338129496402, 0.15827338129496402, 0.15827338129496402, 0.15827338129496402, 0.15827338129496402], "aps": [0.8506030661153278, 0.8506030661153278, 0.841726618705036, 0.841726618705036, 0.8506551983226054, 0.841726618705036, 0.841726618705036, 0.841726618705036, 0.841726618705036, 0.841726618705036], "f1": [0.05, 0.05, 0.0, 0.0, 0.05, 0.0, 0.0, 0.0, 0.0, 0.0], "auprc": [0.9246464703588055, 0.9246464703588055, 0.920863309352518, 0.920863309352518, 0.9246725364624443, 0.920863309352518, 0.920863309352518, 0.920863309352518, 0.920863309352518, 0.920863309352518]}]}