{"enet": [{"auroc": [0.5369406867845994, 0.3002081165452653, 0.37460978147762747, 0.3506763787721124, 0.3506763787721124, 0.3002081165452653, 0.33298647242455776, 0.3002081165452653, 0.372528616024974, 0.376690946930281], "acc": [0.5, 0.2903225806451613, 0.5, 0.4032258064516129, 0.4032258064516129, 0.2903225806451613, 0.3387096774193548, 0.2903225806451613, 0.41935483870967744, 0.5], "aps": [0.614152595093506, 0.3988586135412004, 0.5164421108071786, 0.4347137662007414, 0.4347137662007414, 0.3988586135412004, 0.4286969851205579, 0.3988586135412004, 0.42581592057086104, 0.5128097840561484], "f1": [0.0, 0.2903225806451613, 0.0, 0.4126984126984127, 0.4126984126984127, 0.2903225806451613, 0.32786885245901637, 0.2903225806451613, 0.5135135135135135, 0.0], "auprc": [0.606260655325884, 0.44415716287560675, 0.5075902394157431, 0.5214659220877125, 0.5214659220877125, 0.44415716287560675, 0.4951985080844815, 0.44415716287560675, 0.563024396059565, 0.5038453856588326]}]}