{"auroc": [0.4672216441207075, 0.5660770031217482, 0.5306971904266389, 0.4474505723204995, 0.5015608740894901, 0.5343392299687826, 0.5130072840790842, 0.5473465140478668, 0.5197710718002081, 0.5619146722164412], "acc": [0.5, 0.5, 0.5, 0.5, 0.5, 0.532258064516129, 0.5, 0.5, 0.5, 0.5], "aps": [0.5069711774654442, 0.6348801009789845, 0.5498202447338594, 0.5395419652564694, 0.5551010638447709, 0.5816686040005261, 0.5665876142751607, 0.6065068971273246, 0.5691712702553825, 0.5693051155311298], "f1": [0.6666666666666666, 0.0, 0.0, 0.0, 0.6666666666666666, 0.12121212121212122, 0.6666666666666666, 0.0, 0.0, 0.0], "auprc": [0.4852723941541164, 0.6274510451347411, 0.5282545028106519, 0.5288577093638375, 0.5422168010782793, 0.5716715250001319, 0.555922081522885, 0.5981188226356537, 0.5589993834948539, 0.5481280702935286]}