{"enet": [{"auroc": [0.6024973985431843, 0.6024973985431843, 0.6514047866805411, 0.6024973985431843, 0.6482830385015608, 0.6649323621227887, 0.6024973985431843, 0.6482830385015608, 0.5790842872008324, 0.6482830385015608], "acc": [0.5161290322580645, 0.5161290322580645, 0.5, 0.5161290322580645, 0.5, 0.5161290322580645, 0.5161290322580645, 0.5, 0.4838709677419355, 0.5], "aps": [0.6451117493687073, 0.6451117493687073, 0.7045118612301758, 0.6451117493687073, 0.6930523176363212, 0.6793176557684263, 0.6451117493687073, 0.6930523176363212, 0.5845476404080697, 0.6930523176363212], "f1": [0.0625, 0.0625, 0.0, 0.0625, 0.0, 0.0625, 0.0625, 0.0, 0.0588235294117647, 0.0], "auprc": [0.6367205427688024, 0.6367205427688024, 0.6984183686730817, 0.6367205427688024, 0.6856142753060154, 0.6703283234154959, 0.6367205427688024, 0.6856142753060154, 0.5799146607184203, 0.6856142753060154]}]}