{"auroc": [0.5188422688422688, 0.5501165501165501, 0.5188422688422689, 0.4409479409479409, 0.4926184926184926, 0.45104895104895104, 0.6078088578088578, 0.6043123543123544, 0.4158896658896659, 0.3745143745143745], "acc": [0.841726618705036, 0.15827338129496402, 0.15827338129496402, 0.15827338129496402, 0.15827338129496402, 0.15827338129496402, 0.15827338129496402, 0.15827338129496402, 0.841726618705036, 0.15827338129496402], "aps": [0.8417638034760969, 0.8704404348161069, 0.8411446641329549, 0.8350434816335275, 0.8546770540856803, 0.8157812464137199, 0.9072470869603522, 0.8988128819848727, 0.8279567046855631, 0.7906357951177978], "f1": [0.9140624999999999, 0.0, 0.0, 0.0, 0.0, 0.0, 0.0, 0.0, 0.9140624999999999, 0.0], "auprc": [0.8371228273980567, 0.8688321484866769, 0.8352342935411536, 0.8332163305361561, 0.8527770503732057, 0.8091909400254569, 0.9067298821089138, 0.898505666859296, 0.8258950672597367, 0.7832027860069709]}