{"auroc": [0.3891779396462019, 0.38605619146722164, 0.5691987513007284, 0.4942767950052029, 0.4797086368366285, 0.5504682622268471, 0.44016649323621226, 0.44849115504682624, 0.5317377731529657, 0.49115504682622274], "acc": [0.5, 0.5, 0.5161290322580645, 0.5, 0.5, 0.5161290322580645, 0.5, 0.5, 0.5, 0.5], "aps": [0.4297139236128267, 0.42249674330625114, 0.5890959188033723, 0.5514058900989887, 0.5523416154188636, 0.5893445673014813, 0.5215605340254448, 0.5327076360245419, 0.5720417574235689, 0.567033864207252], "f1": [0.6666666666666666, 0.0, 0.0625, 0.0, 0.0, 0.0625, 0.0, 0.0, 0.0, 0.0], "auprc": [0.4126646936363756, 0.40774535994114275, 0.5785771873104187, 0.5410460002993103, 0.542109799364169, 0.5791337124474845, 0.510740268110981, 0.5225294269080726, 0.5612660615199724, 0.5571664271978254]}