{"auroc": [0.441207075962539, 0.46097814776274715, 0.586888657648283, 0.3465140478668054, 0.47450572320499484, 0.3891779396462019, 0.4006243496357961, 0.41519250780437045, 0.41103017689906346, 0.4224765868886577], "acc": [0.5, 0.5, 0.5161290322580645, 0.5, 0.5, 0.5, 0.5, 0.5, 0.5, 0.5], "aps": [0.4896814227555951, 0.5513176815391136, 0.6341649857554209, 0.4232682848497864, 0.6103416863358647, 0.5040258020194158, 0.5009906256150968, 0.49658296889799214, 0.5040372075910367, 0.5069990626284915], "f1": [0.6666666666666666, 0.0, 0.0625, 0.0, 0.0, 0.0, 0.0, 0.0, 0.0, 0.0], "auprc": [0.4770098213347659, 0.5409985383127933, 0.6250717694004662, 0.4080078841396858, 0.6039529011551983, 0.49063504433668625, 0.49043546984135955, 0.48579974770943724, 0.49312285005455714, 0.49612022651965104]}