{"auroc": [0.5119667013527576, 0.5317377731529657, 0.5223725286160249, 0.4911550468262227, 0.5171696149843913, 0.5150884495317378, 0.5192507804370448, 0.477627471383975, 0.5296566077003122, 0.5437044745057232], "acc": [0.5, 0.5, 0.5, 0.5, 0.5, 0.5, 0.5, 0.5, 0.5, 0.5], "aps": [0.5790262986162372, 0.5630037431505227, 0.5750718398413671, 0.5608696819091411, 0.5758358880974156, 0.5813614452219547, 0.5704311254563315, 0.49682710146875586, 0.5727144911869342, 0.5816500622127052], "f1": [0.0, 0.0, 0.0, 0.0, 0.0, 0.0, 0.0, 0.0, 0.0, 0.0], "auprc": [0.5661248228808199, 0.5418833541238964, 0.5620864067385251, 0.5479591281445134, 0.5629442031210534, 0.5684452491239437, 0.5573741611143789, 0.4751509655193944, 0.5596461303841116, 0.5681622615164255]}