{"enet": [{"auroc": [0.32999999999999996, 0.48250000000000004, 0.295, 0.38, 0.295, 0.3825, 0.48250000000000004, 0.3825, 0.4600000000000001, 0.38], "acc": [0.5, 0.5, 0.5, 0.5, 0.5, 0.5, 0.5, 0.5, 0.5, 0.5], "aps": [0.44813573682818936, 0.47781054116187605, 0.41543205041798126, 0.44063110443105374, 0.41543205041798126, 0.47674362541313003, 0.47781054116187605, 0.47674362541313003, 0.55, 0.44063110443105374], "f1": [0.0, 0.0, 0.0, 0.0, 0.0, 0.0, 0.0, 0.0, 0.0, 0.0], "auprc": [0.4312636323245059, 0.4521056492013125, 0.38604117366904006, 0.41140151209244596, 0.38604117366904006, 0.45935650787268606, 0.4521056492013125, 0.45935650787268606, 0.475, 0.41140151209244596]}]}