{"auroc": [0.5639958376690947, 0.5608740894901144, 0.5442247658688865, 0.5556711758584808, 0.5848074921956296, 0.5629552549427679, 0.4235171696149844, 0.5437044745057231, 0.437044745057232, 0.4771071800208117], "acc": [0.5, 0.5, 0.5, 0.5, 0.5, 0.5, 0.5, 0.5, 0.5, 0.5], "aps": [0.5551878806122955, 0.5558167625484002, 0.5671088710208754, 0.558013736494048, 0.5625732122621131, 0.5436846032132412, 0.44496917752765375, 0.5635493806772824, 0.5156607635874512, 0.5351071065152038], "f1": [0.0, 0.0, 0.6666666666666666, 0.0, 0.6666666666666666, 0.6666666666666666, 0.0, 0.0, 0.6666666666666666, 0.0], "auprc": [0.5654045801883305, 0.5660632134217736, 0.5564678406216357, 0.5683316664101723, 0.5302060639064625, 0.5102199870100507, 0.4279235825962072, 0.5529623241081131, 0.5048264445481544, 0.5243150132670975]}