{"auroc": [0.4875679875679876, 0.4421134421134421, 0.5415695415695416, 0.49941724941724935, 0.5058275058275059, 0.5303030303030304, 0.5066045066045066, 0.534965034965035, 0.46095571095571103, 0.45765345765345766], "acc": [0.15827338129496402, 0.15827338129496402, 0.841726618705036, 0.841726618705036, 0.15827338129496402, 0.15827338129496402, 0.15827338129496402, 0.15827338129496402, 0.15827338129496402, 0.15827338129496402], "aps": [0.8545759101315133, 0.8337806476228811, 0.8554258542779215, 0.8492508599771491, 0.8651407669605033, 0.8776278628848778, 0.8669831301313297, 0.8736114894489966, 0.8391810836597366, 0.8411125422273699], "f1": [0.0, 0.0, 0.9140624999999999, 0.9140624999999999, 0.0, 0.0, 0.0, 0.0, 0.0, 0.0], "auprc": [0.8530408022322298, 0.8315208107759222, 0.8532844829577834, 0.8477145723723175, 0.8639792015456504, 0.8768151369356617, 0.8658697861996429, 0.8725407149759254, 0.8374193963624628, 0.8387655261815871]}