{"auroc": [0.415, 0.43749999999999994, 0.425, 0.425, 0.43, 0.43749999999999994, 0.4275, 0.4275, 0.425, 0.43749999999999994], "acc": [0.5, 0.5, 0.5, 0.5, 0.5, 0.5, 0.5, 0.5, 0.5, 0.5], "aps": [0.5198947786206496, 0.560794281137023, 0.5424985390369331, 0.5424985390369331, 0.5459533249917191, 0.560794281137023, 0.5452258117642059, 0.5452258117642059, 0.5424985390369331, 0.560794281137023], "f1": [0.0, 0.0, 0.0, 0.0, 0.0, 0.0, 0.0, 0.0, 0.0, 0.0], "auprc": [0.5022296314598403, 0.5468894931508567, 0.5283415244126706, 0.5283415244126706, 0.5318139316350777, 0.5468894931508567, 0.5310940496651958, 0.5310940496651958, 0.5283415244126706, 0.5468894931508567]}