{"auroc": [0.4302211302211303, 0.4882063882063882, 0.4896805896805897, 0.4972972972972973, 0.46461916461916464], "acc": [0.5978260869565217, 0.40217391304347827, 0.40217391304347827, 0.5978260869565217, 0.40217391304347827], "aps": [0.3712111310114031, 0.3840057909080458, 0.38263038297295665, 0.3911253487084083, 0.3642491693978134], "f1": [0.0, 0.5736434108527132, 0.5736434108527132, 0.0, 0.5736434108527132], "auprc": [0.36156089129726726, 0.37087369893937727, 0.368992189335598, 0.37765730540925335, 0.35231817118333525]}