{"enet": [{"auroc": [0.6625, 0.6625, 0.6625, 0.6625, 0.6625, 0.6625, 0.6625, 0.6625, 0.6625, 0.6625], "acc": [0.5, 0.5, 0.5, 0.5, 0.5, 0.5, 0.5, 0.5, 0.5, 0.5], "aps": [0.6144062586317043, 0.6144062586317043, 0.6144062586317043, 0.6144062586317043, 0.6144062586317043, 0.6144062586317043, 0.6144062586317043, 0.6144062586317043, 0.6144062586317043, 0.6144062586317043], "f1": [0.0, 0.0, 0.0, 0.0, 0.0, 0.0, 0.0, 0.0, 0.0, 0.0], "auprc": [0.5967869996227395, 0.5967869996227395, 0.5967869996227395, 0.5967869996227395, 0.5967869996227395, 0.5967869996227395, 0.5967869996227395, 0.5967869996227395, 0.5967869996227395, 0.5967869996227395]}]}