{"auroc": [0.5681581685744017, 0.5348595213319459, 0.5026014568158168, 0.5660770031217481, 0.5816857440166493, 0.5827263267429761, 0.5577523413111343, 0.6233090530697191, 0.6586888657648283, 0.5265348595213319], "acc": [0.5, 0.5, 0.5, 0.5, 0.5, 0.5, 0.5, 0.5, 0.5, 0.5], "aps": [0.5906457155569148, 0.5172329996419114, 0.5799230386953959, 0.5502707006907108, 0.5793682219683981, 0.57239916936153, 0.5117286107027343, 0.6226821353223181, 0.6385044546704701, 0.5423621974942884], "f1": [0.0, 0.0, 0.0, 0.0, 0.0, 0.0, 0.0, 0.0, 0.0, 0.0], "auprc": [0.5798573093130248, 0.49611567197784057, 0.5718216723547928, 0.5368892405532314, 0.5658568559835829, 0.550971387677608, 0.4959980286263, 0.612166814812275, 0.6282218788312391, 0.531577747156782]}