{"auroc": [0.5703185703185704, 0.6794871794871795, 0.6076146076146076, 0.6231546231546231, 0.6748251748251749, 0.6573426573426574, 0.566045066045066, 0.627039627039627, 0.6468531468531468, 0.5617715617715617], "acc": [0.15827338129496402, 0.15827338129496402, 0.15827338129496402, 0.19424460431654678, 0.15827338129496402, 0.15827338129496402, 0.15827338129496402, 0.15827338129496402, 0.15827338129496402, 0.15827338129496402], "aps": [0.8716529398260999, 0.9126714696220503, 0.8867820074780043, 0.9048902114287074, 0.8975679428601087, 0.9045123383358145, 0.8704902246266896, 0.8992087846949313, 0.8820635099727245, 0.8811679610145481], "f1": [0.0, 0.0, 0.0, 0.08196721311475409, 0.0, 0.0, 0.0, 0.0, 0.0, 0.0], "auprc": [0.8686415574625925, 0.9118015172348977, 0.8850482060199809, 0.9040870193232706, 0.8960914734546623, 0.9033176760071859, 0.8689058216165868, 0.8981864251430917, 0.8764798249148158, 0.8798878865180804]}