{"enet": [{"auroc": [0.5254942767950053, 0.5525494276795005, 0.5327783558792925, 0.5390218522372529, 0.5327783558792925, 0.4869927159209157, 0.5390218522372529, 0.5525494276795005, 0.5411030176899063, 0.5390218522372529], "acc": [0.5, 0.532258064516129, 0.5161290322580645, 0.5161290322580645, 0.5161290322580645, 0.46774193548387094, 0.5161290322580645, 0.532258064516129, 0.5, 0.5161290322580645], "aps": [0.5465633557263183, 0.5802522714342927, 0.553384878073246, 0.5597071620234036, 0.553384878073246, 0.547839741058184, 0.5597071620234036, 0.5802522714342927, 0.5677612719249512, 0.5597071620234036], "f1": [0.27906976744186046, 0.5084745762711865, 0.2105263157894737, 0.39999999999999997, 0.2105263157894737, 0.547945205479452, 0.39999999999999997, 0.5084745762711865, 0.3404255319148936, 0.39999999999999997], "auprc": [0.5328991933424103, 0.5709868128350718, 0.5397423088504788, 0.5487418781278135, 0.5397423088504788, 0.5273990130085662, 0.5487418781278135, 0.5709868128350718, 0.5568268553702352, 0.5487418781278135]}]}