{"enet": [{"auroc": [0.5182101977107181, 0.5598335067637876, 0.5254942767950052, 0.5254942767950052, 0.5598335067637876, 0.5254942767950052, 0.5078043704474505, 0.5598335067637876, 0.5182101977107181, 0.5296566077003122], "acc": [0.46774193548387094, 0.5, 0.46774193548387094, 0.46774193548387094, 0.5, 0.46774193548387094, 0.46774193548387094, 0.5, 0.46774193548387094, 0.46774193548387094], "aps": [0.5101285005124258, 0.546390007074789, 0.5129096903894976, 0.5129096903894976, 0.546390007074789, 0.5129096903894976, 0.49691240943391685, 0.546390007074789, 0.5101285005124258, 0.5155302047445385], "f1": [0.6373626373626374, 0.6436781609195402, 0.6373626373626374, 0.6373626373626374, 0.6436781609195402, 0.6373626373626374, 0.6373626373626374, 0.6436781609195402, 0.6373626373626374, 0.6373626373626374], "auprc": [0.49141836361259666, 0.5247166026964082, 0.49449485955383493, 0.49449485955383493, 0.5247166026964082, 0.49449485955383493, 0.4806313328396333, 0.5247166026964082, 0.49141836361259666, 0.49673510470386284]}]}