{"enet": [{"auroc": [0.5574980574980575, 0.5994560994560995, 0.5994560994560995, 0.5994560994560995, 0.5574980574980575, 0.5994560994560995, 0.5574980574980575, 0.5730380730380731, 0.5734265734265734, 0.5734265734265734], "acc": [0.4028776978417266, 0.7050359712230215, 0.7050359712230215, 0.7050359712230215, 0.4028776978417266, 0.7050359712230215, 0.4028776978417266, 0.5683453237410072, 0.4892086330935252, 0.4892086330935252], "aps": [0.8946946387545345, 0.901984521701193, 0.901984521701193, 0.901984521701193, 0.8946946387545345, 0.901984521701193, 0.8946946387545345, 0.8983284615734588, 0.896447726974127, 0.896447726974127], "f1": [0.464516129032258, 0.8144796380090499, 0.8144796380090499, 0.8144796380090499, 0.464516129032258, 0.8144796380090499, 0.464516129032258, 0.6969696969696971, 0.5847953216374269, 0.5847953216374269], "auprc": [0.8939696660408238, 0.9012990955898971, 0.9012990955898971, 0.9012990955898971, 0.8939696660408238, 0.9012990955898971, 0.8939696660408238, 0.89762527863642, 0.8956502163642788, 0.8956502163642788]}]}