{"auroc": [0.4235171696149844, 0.4828303850156087, 0.4505723204994797, 0.5026014568158168, 0.449531737773153, 0.4713839750260146, 0.6305931321540063, 0.44640998959417266, 0.47970863683662845, 0.45369406867845996], "acc": [0.43548387096774194, 0.43548387096774194, 0.41935483870967744, 0.5161290322580645, 0.43548387096774194, 0.4032258064516129, 0.5161290322580645, 0.4838709677419355, 0.45161290322580644, 0.45161290322580644], "aps": [0.49066181315584056, 0.5857927734598549, 0.5078007391759035, 0.5940043751637588, 0.54608279795958, 0.5594447931998001, 0.6130091436335823, 0.5296689970408168, 0.5350115464554197, 0.5438903673392325], "f1": [0.5454545454545454, 0.5882352941176471, 0.5813953488372092, 0.0625, 0.5454545454545454, 0.5316455696202531, 0.0625, 0.4666666666666667, 0.15000000000000002, 0.6046511627906976], "auprc": [0.4693320549873025, 0.5775442184160581, 0.4865882562639874, 0.5859175702647067, 0.5333605420332505, 0.5490435047179374, 0.5999616864787927, 0.5190210899192172, 0.5244060063284006, 0.533331319696863]}