{"enet": [{"auroc": [0.5598335067637877, 0.5005202913631633, 0.5234131113423517, 0.5598335067637877, 0.5005202913631633, 0.5598335067637877, 0.5005202913631633, 0.5598335067637877, 0.5556711758584808, 0.5598335067637877], "acc": [0.532258064516129, 0.532258064516129, 0.5, 0.532258064516129, 0.532258064516129, 0.5967741935483871, 0.532258064516129, 0.532258064516129, 0.5161290322580645, 0.5967741935483871], "aps": [0.6111640386514953, 0.582182190012342, 0.5946144027869626, 0.6111640386514953, 0.582182190012342, 0.6068636324073385, 0.582182190012342, 0.6111640386514953, 0.5690001260954218, 0.6068636324073385], "f1": [0.5396825396825397, 0.3255813953488372, 0.6075949367088608, 0.5396825396825397, 0.3255813953488372, 0.5098039215686274, 0.3255813953488372, 0.5396825396825397, 0.4230769230769231, 0.5098039215686274], "auprc": [0.6023938425179197, 0.5732627512222978, 0.5866695796648141, 0.6023938425179197, 0.5732627512222978, 0.5978068782286282, 0.5732627512222978, 0.6023938425179197, 0.5554054317328737, 0.5978068782286282]}]}