{"auroc": [0.4578563995837669, 0.4318418314255984, 0.43808532778355885, 0.4505723204994797, 0.5577523413111343, 0.47970863683662845, 0.4557752341311135, 0.5400624349635796, 0.4953173777315297, 0.4693028095733611], "acc": [0.46774193548387094, 0.45161290322580644, 0.41935483870967744, 0.43548387096774194, 0.532258064516129, 0.5, 0.43548387096774194, 0.45161290322580644, 0.5, 0.45161290322580644], "aps": [0.5394724570243798, 0.5063486964274202, 0.5403578106304294, 0.5756699955259313, 0.621146748638446, 0.5335914729442371, 0.5356339281402811, 0.6261353921201109, 0.5568204208050086, 0.5816370300984228], "f1": [0.4923076923076923, 0.5641025641025641, 0.4545454545454545, 0.5679012345679013, 0.6329113924050633, 0.06060606060606061, 0.5783132530120482, 0.5526315789473684, 0.16216216216216214, 0.6136363636363635], "auprc": [0.5286337330177683, 0.4954519202199632, 0.5303836204771308, 0.5682553977668652, 0.612849947763816, 0.5205809706132533, 0.5247572796538941, 0.61834499775768, 0.5475398431009532, 0.5732843569429732]}