{"enet": [{"auroc": [0.5625, 0.6, 0.6, 0.5575, 0.5575, 0.6, 0.6, 0.6, 0.5575, 0.5625], "acc": [0.475, 0.55, 0.55, 0.55, 0.55, 0.55, 0.55, 0.55, 0.55, 0.475], "aps": [0.5255732720749883, 0.5692213134673075, 0.5692213134673075, 0.5189671107888172, 0.5189671107888172, 0.5692213134673075, 0.5692213134673075, 0.5692213134673075, 0.5189671107888172, 0.5255732720749883], "f1": [0.2758620689655173, 0.5, 0.5, 0.47058823529411764, 0.47058823529411764, 0.5, 0.5, 0.5, 0.47058823529411764, 0.2758620689655173], "auprc": [0.5015631402899553, 0.5515900029311794, 0.5515900029311794, 0.4892859403492163, 0.4892859403492163, 0.5515900029311794, 0.5515900029311794, 0.5515900029311794, 0.4892859403492163, 0.5015631402899553]}]}