{"enet": [{"auroc": [0.64, 0.64, 0.64, 0.64, 0.64, 0.64, 0.64, 0.64, 0.64, 0.64], "acc": [0.5, 0.5, 0.5, 0.5, 0.5, 0.5, 0.5, 0.5, 0.5, 0.5], "aps": [0.6040445627059252, 0.6040445627059252, 0.6040445627059252, 0.6040445627059252, 0.6040445627059252, 0.6040445627059252, 0.6040445627059252, 0.6040445627059252, 0.6040445627059252, 0.6040445627059252], "f1": [0.0, 0.0, 0.0, 0.0, 0.0, 0.0, 0.0, 0.0, 0.0, 0.0], "auprc": [0.5869889938983541, 0.5869889938983541, 0.5869889938983541, 0.5869889938983541, 0.5869889938983541, 0.5869889938983541, 0.5869889938983541, 0.5869889938983541, 0.5869889938983541, 0.5869889938983541]}]}