{"enet": [{"auroc": [0.5744016649323621, 0.5744016649323621, 0.5744016649323621, 0.5744016649323621, 0.5744016649323621, 0.6139438085327784, 0.5744016649323621, 0.6139438085327784, 0.5744016649323621, 0.5744016649323621], "acc": [0.4838709677419355, 0.4838709677419355, 0.4838709677419355, 0.4838709677419355, 0.4838709677419355, 0.5483870967741935, 0.4838709677419355, 0.5483870967741935, 0.4838709677419355, 0.4838709677419355], "aps": [0.613263298695547, 0.613263298695547, 0.613263298695547, 0.613263298695547, 0.613263298695547, 0.6579353307294089, 0.613263298695547, 0.6579353307294089, 0.613263298695547, 0.613263298695547], "f1": [0.627906976744186, 0.627906976744186, 0.627906976744186, 0.627906976744186, 0.627906976744186, 0.641025641025641, 0.627906976744186, 0.641025641025641, 0.627906976744186, 0.627906976744186], "auprc": [0.600747877847727, 0.600747877847727, 0.600747877847727, 0.600747877847727, 0.600747877847727, 0.6497639460085421, 0.600747877847727, 0.6497639460085421, 0.600747877847727, 0.600747877847727]}]}