{"auroc": [0.48803329864724243, 0.4869927159209157, 0.4464099895941728, 0.43808532778355874, 0.48178980228928203, 0.5119667013527576, 0.4734651404786681, 0.5046826222684704, 0.4068678459937566, 0.5754422476586888], "acc": [0.4838709677419355, 0.532258064516129, 0.5161290322580645, 0.46774193548387094, 0.46774193548387094, 0.45161290322580644, 0.43548387096774194, 0.46774193548387094, 0.46774193548387094, 0.5483870967741935], "aps": [0.5185771406652241, 0.577537769814193, 0.501032993365614, 0.5648697130788929, 0.5062150353741112, 0.6020822926090483, 0.49680810575213596, 0.6082951592950426, 0.4968567172867636, 0.6070555956314654], "f1": [0.6444444444444444, 0.3829787234042554, 0.673913043478261, 0.5352112676056339, 0.1081081081081081, 0.5277777777777778, 0.339622641509434, 0.6292134831460675, 0.6373626373626374, 0.4814814814814815], "auprc": [0.4997426094264794, 0.5655771205058708, 0.4879808245023882, 0.5583728590098869, 0.48755363394147755, 0.5951726370432867, 0.4751865842135417, 0.6012757215207449, 0.4833535654287604, 0.5982625377752296]}