{"enet": [{"auroc": [0.5223725286160249, 0.5650364203954213, 0.5650364203954213, 0.5650364203954213, 0.5244536940686784, 0.5400624349635796, 0.5244536940686784, 0.5650364203954213, 0.5650364203954213, 0.5223725286160249], "acc": [0.5, 0.5, 0.5, 0.5, 0.5, 0.5161290322580645, 0.5, 0.5, 0.5, 0.5], "aps": [0.6173522981058774, 0.6191664961931368, 0.6191664961931368, 0.6191664961931368, 0.5676555336871014, 0.5354121161397768, 0.5676555336871014, 0.6191664961931368, 0.6191664961931368, 0.6173522981058774], "f1": [0.0, 0.0, 0.0, 0.0, 0.20512820512820512, 0.375, 0.20512820512820512, 0.0, 0.0, 0.0], "auprc": [0.6096308868110449, 0.6094031802873121, 0.6094031802873121, 0.6094031802873121, 0.5569794854944845, 0.5221221961094495, 0.5569794854944845, 0.6094031802873121, 0.6094031802873121, 0.6096308868110449]}]}