{"auroc": [0.41371428571428565, 0.7411428571428571, 0.3742857142857143, 0.6668571428571429, 0.7365714285714285, 0.46285714285714286, 0.6462857142857141, 0.5422857142857143, 0.6205714285714286, 0.6319999999999999], "acc": [0.4166666666666667, 0.4166666666666667, 0.4166666666666667, 0.4166666666666667, 0.5833333333333334, 0.4166666666666667, 0.4166666666666667, 0.4166666666666667, 0.5833333333333334, 0.4166666666666667], "aps": [0.5623720102461259, 0.7890000254504886, 0.5442663012701359, 0.7750239814451939, 0.7895355337074306, 0.5859097031210113, 0.6925396859245457, 0.623938754048343, 0.7003454274846153, 0.716294551553827], "f1": [0.0, 0.0, 0.0, 0.0, 0.7368421052631579, 0.0, 0.0, 0.0, 0.7368421052631579, 0.0], "auprc": [0.5566310986273464, 0.7844366370194331, 0.5348742068889084, 0.7728667251774579, 0.7860247532602821, 0.5794945708381016, 0.6755216408068516, 0.6068768749022303, 0.6851967071787752, 0.7094228678112499]}