{"auroc": [0.5577142857142857, 0.5662857142857143, 0.5468571428571429, 0.5411428571428571, 0.5651428571428572, 0.5971428571428571, 0.5548571428571429, 0.48400000000000004, 0.444, 0.5662857142857143], "acc": [0.4166666666666667, 0.4166666666666667, 0.5833333333333334, 0.5833333333333334, 0.4166666666666667, 0.4166666666666667, 0.4166666666666667, 0.4166666666666667, 0.4166666666666667, 0.4166666666666667], "aps": [0.6033235025265029, 0.6266389088137133, 0.60511695856731, 0.6015997127719943, 0.6145374364597437, 0.6875157122762866, 0.6143541981876551, 0.5963182385877933, 0.5528237222167898, 0.6678504670532958], "f1": [0.0, 0.0, 0.7368421052631579, 0.7368421052631579, 0.0, 0.0, 0.0, 0.0, 0.0, 0.0], "auprc": [0.586878521307473, 0.6079205856316992, 0.5862923195827936, 0.5860466015951695, 0.5954283507992029, 0.680297420577261, 0.5977448208919806, 0.585005427892186, 0.5362661681197938, 0.6598091656972528]}