{"auroc": [0.6171428571428571, 0.6188571428571429, 0.4885714285714286, 0.5605714285714285, 0.637142857142857, 0.636, 0.52, 0.45771428571428574, 0.6417142857142857, 0.3742857142857143], "acc": [0.4166666666666667, 0.4166666666666667, 0.4166666666666667, 0.4166666666666667, 0.4166666666666667, 0.4166666666666667, 0.4166666666666667, 0.4166666666666667, 0.4166666666666667, 0.4166666666666667], "aps": [0.7462550271680548, 0.6421600167986492, 0.575829231259967, 0.6251058334707185, 0.7167818016858469, 0.706456153765513, 0.660940669532731, 0.5708736680134624, 0.7723905745848372, 0.5151115416143393], "f1": [0.0, 0.0, 0.0, 0.0, 0.0, 0.0, 0.0, 0.0, 0.0, 0.0], "auprc": [0.7443132893101279, 0.626060577242416, 0.5590002368946647, 0.6061716453364425, 0.7100419392604802, 0.6964766734882256, 0.6577782782881582, 0.5606517573241375, 0.7691280546785169, 0.4958994586740683]}