{"auroc": [0.49371428571428566, 0.5605714285714285, 0.4811428571428571, 0.39657142857142863, 0.42628571428571427, 0.4034285714285714, 0.4817142857142857, 0.5742857142857143, 0.49314285714285716, 0.484], "acc": [0.4166666666666667, 0.4166666666666667, 0.5833333333333334, 0.4166666666666667, 0.4166666666666667, 0.5833333333333334, 0.4166666666666667, 0.4166666666666667, 0.4166666666666667, 0.4166666666666667], "aps": [0.668149931541879, 0.6381733644400073, 0.6175213612053767, 0.5320246996471891, 0.6069603162376249, 0.564634785125191, 0.6234372177567338, 0.7000323786697416, 0.6454294248225009, 0.6182696010447888], "f1": [0.0, 0.0, 0.7368421052631579, 0.0, 0.0, 0.7368421052631579, 0.0, 0.0, 0.0, 0.0], "auprc": [0.6630960947957952, 0.6264664788256202, 0.6098083889936439, 0.5268785347433879, 0.6015708030397126, 0.5551132286628091, 0.6143367950708538, 0.6930609554744982, 0.6387336121808171, 0.6099574832998454]}