{"auroc": [0.3434285714285714, 0.4177142857142857, 0.5851428571428571, 0.5268571428571428, 0.48571428571428565, 0.444, 0.5971428571428571, 0.4702857142857143, 0.42114285714285715, 0.4074285714285714], "acc": [0.4166666666666667, 0.4166666666666667, 0.4166666666666667, 0.4166666666666667, 0.5833333333333334, 0.4166666666666667, 0.4166666666666667, 0.4166666666666667, 0.4166666666666667, 0.4166666666666667], "aps": [0.4954541879025533, 0.5690668313944275, 0.6469226769509421, 0.6374051051134193, 0.5958196325230601, 0.5653162020339549, 0.7213306633982771, 0.6391626856878605, 0.5862678059706865, 0.528743327284935], "f1": [0.0, 0.0, 0.0, 0.0, 0.7368421052631579, 0.0, 0.0, 0.0, 0.0, 0.0], "auprc": [0.47998597358828976, 0.5570926852592007, 0.636026676983689, 0.6297241398564863, 0.5872833692832904, 0.5463348790715152, 0.7168169394756887, 0.6327632790521969, 0.5765270474126796, 0.5144545296257482]}