{"auroc": [0.6005714285714285, 0.5239999999999999, 0.5411428571428571, 0.4702857142857143, 0.6302857142857143, 0.652, 0.4874285714285715, 0.5439999999999999, 0.6074285714285714, 0.6485714285714285], "acc": [0.4166666666666667, 0.4166666666666667, 0.4166666666666667, 0.4166666666666667, 0.4166666666666667, 0.4166666666666667, 0.5833333333333334, 0.4166666666666667, 0.5833333333333334, 0.4166666666666667], "aps": [0.6697907746623009, 0.644024169892253, 0.6580832450168336, 0.6044311162705395, 0.6908214412188759, 0.7141035117039081, 0.5900215810102329, 0.6383868965946067, 0.7102984924210375, 0.7415333123578884], "f1": [0.0, 0.0, 0.0, 0.0, 0.0, 0.0, 0.7368421052631579, 0.0, 0.7368421052631579, 0.0], "auprc": [0.6596455539648365, 0.6359361873023573, 0.6517761283267971, 0.586178075893554, 0.68266644740658, 0.7062603024729835, 0.5848328939461762, 0.6262601190029454, 0.7045603369443957, 0.7385895236468057]}