{"best_index": [93, 99, 109, 124, 113], "auroc": [0.6508571428571429, 0.6634285714285715, 0.7045714285714285, 0.6977142857142857, 0.6588571428571428], "acc": [0.5833333333333334, 0.5833333333333334, 0.5833333333333334, 0.5833333333333334, 0.5833333333333334], "aps": [0.6884689120992531, 0.7079935902847196, 0.7720345068229371, 0.7517889805982106, 0.6898527792726737], "f1": [0.7368421052631579, 0.7368421052631579, 0.7368421052631579, 0.7368421052631579, 0.7368421052631579], "auprc": [0.6707013804200604, 0.6971805386081952, 0.7675426859492009, 0.7452066722216864, 0.6718394597364252]}