{"best_index": [68, 42, 96, 94, 57], "auroc": [0.6005714285714286, 0.6634285714285714, 0.45542857142857135, 0.7045714285714285, 0.5697142857142857], "acc": [0.4166666666666667, 0.5833333333333334, 0.5833333333333334, 0.5833333333333334, 0.5833333333333334], "aps": [0.6978412203019593, 0.7716248453667472, 0.5977637859271298, 0.736975950497702, 0.6820202976675908], "f1": [0.0, 0.7368421052631579, 0.7368421052631579, 0.7368421052631579, 0.7368421052631579], "auprc": [0.6877915136574405, 0.768205702980194, 0.5789604812568612, 0.7202564639938133, 0.6749041379204324]}