{"auroc": [0.514987714987715, 0.5017199017199018, 0.5277641277641277, 0.5135135135135136, 0.4938574938574939], "acc": [0.5978260869565217, 0.40217391304347827, 0.5978260869565217, 0.5978260869565217, 0.5978260869565217], "aps": [0.46822983998988266, 0.39424706989488584, 0.42856375360052623, 0.42760357866434934, 0.3888694889830888], "f1": [0.0, 0.5736434108527132, 0.0, 0.0, 0.0], "auprc": [0.4600045915057902, 0.382175553661092, 0.41715058863799154, 0.41630946355579296, 0.3736487239527676]}