{"best_index": [86, 34, 409, 94, 190], "auroc": [0.5674285714285714, 0.5, 0.5651428571428572, 0.4668571428571428, 0.5182857142857142], "acc": [0.5833333333333334, 0.5833333333333334, 0.5833333333333334, 0.5833333333333334, 0.5833333333333334], "aps": [0.649241524761708, 0.6262461432479595, 0.6564508433631826, 0.590871586073764, 0.6309328499343541], "f1": [0.7368421052631579, 0.7368421052631579, 0.7368421052631579, 0.7368421052631579, 0.7368421052631579], "auprc": [0.6315417474183527, 0.6189071575929018, 0.6482762414573087, 0.5810156095183295, 0.6195506328180219]}