{"best_index": [125, 200, 106, 173, 67], "auroc": [0.5485714285714286, 0.6714285714285714, 0.6874285714285714, 0.5834285714285714, 0.6451428571428571], "acc": [0.5833333333333334, 0.5833333333333334, 0.5833333333333334, 0.5833333333333334, 0.4166666666666667], "aps": [0.6523251669599059, 0.7465099215126957, 0.7686799431607421, 0.7033729058728319, 0.7222164022150483], "f1": [0.7368421052631579, 0.7368421052631579, 0.7368421052631579, 0.7368421052631579, 0.0], "auprc": [0.6442105305578585, 0.7407656483128303, 0.7638124290191426, 0.6970274962207211, 0.714988782908447]}