{"best_index": [62, 201, 514, 152, 459], "auroc": [0.4577142857142857, 0.5262857142857142, 0.5377142857142857, 0.3697142857142857, 0.5868571428571429], "acc": [0.5833333333333334, 0.5833333333333334, 0.5833333333333334, 0.5833333333333334, 0.5833333333333334], "aps": [0.5680868482488123, 0.6405098264446134, 0.628164423511821, 0.5111046605369429, 0.657662549369763], "f1": [0.7368421052631579, 0.7368421052631579, 0.7368421052631579, 0.7368421052631579, 0.7368421052631579], "auprc": [0.5627794432667267, 0.6241241188652682, 0.6117239959936724, 0.49456807432454986, 0.642802160952018]}