{"best_index": [79, 191, 558, 405, 76], "auroc": [0.724, 0.6565714285714286, 0.6051428571428571, 0.672, 0.6474285714285714], "acc": [0.4166666666666667, 0.5833333333333334, 0.5833333333333334, 0.5833333333333334, 0.5833333333333334], "aps": [0.7899265635705729, 0.7116008020666913, 0.6665357142598201, 0.7035872966882086, 0.6945528419884838], "f1": [0.0, 0.7368421052631579, 0.7368421052631579, 0.7368421052631579, 0.7368421052631579], "auprc": [0.7855585001243937, 0.7041322605826732, 0.6497873802437557, 0.692893359641029, 0.6855898313378609]}