{"best_index": [75, 177, 174, 51, 198], "auroc": [0.6451428571428571, 0.6611428571428571, 0.5765714285714286, 0.6154285714285714, 0.644], "acc": [0.5833333333333334, 0.5833333333333334, 0.5833333333333334, 0.5833333333333334, 0.5833333333333334], "aps": [0.7083805364905535, 0.7340860732999885, 0.665296247097005, 0.7228753265027084, 0.7255011558092482], "f1": [0.7368421052631579, 0.7368421052631579, 0.7368421052631579, 0.7368421052631579, 0.7368421052631579], "auprc": [0.7012387668596216, 0.7281983547619748, 0.6572231099651835, 0.7180324145923332, 0.7194059656491998]}