{"best_index": [149, 151, 315, 23, 63], "auroc": [0.48857142857142855, 0.548, 0.5651428571428572, 0.4988571428571428, 0.6428571428571429], "acc": [0.5833333333333334, 0.5833333333333334, 0.5833333333333334, 0.5833333333333334, 0.5833333333333334], "aps": [0.5667739132474163, 0.5940518290658496, 0.610865487696407, 0.5847967755387834, 0.6793619878225008], "f1": [0.7368421052631579, 0.7368421052631579, 0.7368421052631579, 0.7368421052631579, 0.7368421052631579], "auprc": [0.5499818488168448, 0.5774649889901664, 0.5916770105738602, 0.5679455615853389, 0.661052105301202]}