{"auroc": [0.4112426035502958, 0.3727810650887574, 0.43786982248520706, 0.4023668639053254, 0.41420118343195267], "acc": [0.5, 0.5, 0.5, 0.5, 0.5], "aps": [0.5064050395906583, 0.4439470331346761, 0.5149978356834544, 0.4859643107288768, 0.5003404204491161], "f1": [0.0, 0.6666666666666666, 0.6666666666666666, 0.6666666666666666, 0.6666666666666666], "auprc": [0.4675157799524108, 0.5212050821032514, 0.47262791927507647, 0.46066621139231595, 0.5086966475553432]}