{"auroc": [0.4230769230769231, 0.4644970414201184, 0.4644970414201184, 0.4437869822485207, 0.47041420118343197], "acc": [0.5, 0.5, 0.5, 0.5, 0.5], "aps": [0.4821585736917544, 0.5654595404595404, 0.5145881895881895, 0.5207015903574608, 0.5023310023310024], "f1": [0.0, 0.6666666666666666, 0.6666666666666666, 0.0, 0.0], "auprc": [0.5077011089596901, 0.5527870378413857, 0.5325100925644404, 0.5291463283418406, 0.5385122124252558]}