{"auroc": [0.5029585798816568, 0.4674556213017751, 0.48520710059171596, 0.46153846153846156, 0.44378698224852076], "acc": [0.5, 0.5, 0.4230769230769231, 0.5, 0.5], "aps": [0.6047490503992052, 0.6229422793745043, 0.606697945016903, 0.606002130533903, 0.5854611330698287], "f1": [0.6666666666666666, 0.0, 0.5945945945945945, 0.0, 0.0], "auprc": [0.587040720208607, 0.6097934090140955, 0.5896440663035452, 0.5896710257412598, 0.5683058524530097]}