{"auroc": [0.6166666666666666, 0.325, 0.325, 0.6533333333333333, 0.32666666666666666, 0.32666666666666666, 0.675, 0.33, 0.41000000000000003, 0.6391666666666667], "acc": [0.4897959183673469, 0.4897959183673469, 0.4897959183673469, 0.4897959183673469, 0.4897959183673469, 0.4897959183673469, 0.5102040816326531, 0.4897959183673469, 0.4897959183673469, 0.4897959183673469], "aps": [0.6341867757677775, 0.4234335993993642, 0.42327244207387693, 0.6068906101223175, 0.4239927391843104, 0.4239927391843104, 0.6794934997325138, 0.4255524837875333, 0.5036700655521738, 0.5948909708726782], "f1": [0.0, 0.0, 0.0, 0.0, 0.0, 0.0, 0.6756756756756758, 0.0, 0.0, 0.0], "auprc": [0.6184884367753077, 0.3972816569098686, 0.3971460101579406, 0.7773802932408278, 0.3978370888713072, 0.3978370888713072, 0.6647246243945566, 0.39930960186555936, 0.4854504557603685, 0.7474978978584323]}