{"auroc": [0.3133333333333333, 0.3133333333333333, 0.3133333333333333, 0.4475, 0.7058333333333333, 0.31, 0.3133333333333333, 0.30583333333333335, 0.4366666666666667, 0.6933333333333334], "acc": [0.4897959183673469, 0.4897959183673469, 0.4897959183673469, 0.4897959183673469, 0.4897959183673469, 0.4897959183673469, 0.4897959183673469, 0.4897959183673469, 0.4897959183673469, 0.4897959183673469], "aps": [0.4272220154912296, 0.4272220154912296, 0.4272220154912296, 0.5487080596614843, 0.6963394985966413, 0.4166344808238401, 0.4272220154912296, 0.42461758459184096, 0.5535300677523618, 0.7002801639042578], "f1": [0.0, 0.0, 0.0, 0.0, 0.0, 0.0, 0.0, 0.0, 0.0, 0.0], "auprc": [0.3997790419428918, 0.3997790419428918, 0.3997790419428918, 0.5171314664042858, 0.6780242408593913, 0.39258048728591927, 0.3997790419428918, 0.3991919108702868, 0.5333913323537866, 0.6862941540427797]}