{"rf": [{"auroc": [0.6398110661268556, 0.6235323886639675, 0.6068657219973009, 0.6531039136302295, 0.6424932523616735, 0.596221322537112, 0.5982456140350877, 0.6369095816464238, 0.5564271255060729, 0.6398785425101214], "acc": [0.7223650385604113, 0.7275064267352185, 0.7043701799485861, 0.7197943444730077, 0.7223650385604113, 0.6812339331619537, 0.6966580976863753, 0.7172236503856041, 0.6786632390745502, 0.7146529562982005], "aps": [0.8222655333040378, 0.8122264958485275, 0.7927147575101023, 0.820290787774747, 0.8204483822772819, 0.7956522408168972, 0.7838225407268389, 0.8181955490046011, 0.7605662497399303, 0.81975874635829], "f1": [0.8353658536585366, 0.8393939393939394, 0.8154093097913322, 0.8340943683409435, 0.8353658536585366, 0.7993527508090615, 0.8096774193548387, 0.8338368580060423, 0.8, 0.832072617246596], "auprc": [0.8215732922535124, 0.8123196967351305, 0.829769735293368, 0.81970761679121, 0.8198712261479345, 0.8300000008262113, 0.8199325529432262, 0.8174436019915119, 0.796591478064132, 0.8189755294571159]}], "enet": [{"auroc": [0.5811066126855601, 0.5811066126855601, 0.5811066126855601, 0.5811066126855601, 0.5811066126855601, 0.5811066126855601, 0.5811066126855601, 0.5811066126855601, 0.5811066126855601, 0.5811066126855601], "acc": [0.7326478149100257, 0.7326478149100257, 0.7326478149100257, 0.7326478149100257, 0.7326478149100257, 0.7326478149100257, 0.7326478149100257, 0.7326478149100257, 0.7326478149100257, 0.7326478149100257], "aps": [0.7670461719793815, 0.7670461719793815, 0.7670461719793815, 0.7670461719793815, 0.7670461719793815, 0.7670461719793815, 0.7670461719793815, 0.7670461719793815, 0.7670461719793815, 0.7670461719793815], "f1": [0.8456973293768546, 0.8456973293768546, 0.8456973293768546, 0.8456973293768546, 0.8456973293768546, 0.8456973293768546, 0.8456973293768546, 0.8456973293768546, 0.8456973293768546, 0.8456973293768546], "auprc": [0.7655575086034094, 0.7655575086034094, 0.7655575086034094, 0.7655575086034094, 0.7655575086034094, 0.7655575086034094, 0.7655575086034094, 0.7655575086034094, 0.7655575086034094, 0.7655575086034094]}]}