{"enet": [{"auroc": [0.5940283400809716, 0.5788798920377867, 0.5777665317139001, 0.5823211875843455, 0.59527665317139, 0.5923076923076923, 0.59527665317139, 0.5940283400809716, 0.5777665317139001, 0.5788798920377867], "acc": [0.7326478149100257, 0.7326478149100257, 0.7326478149100257, 0.7326478149100257, 0.7326478149100257, 0.7326478149100257, 0.7326478149100257, 0.7326478149100257, 0.7326478149100257, 0.7326478149100257], "aps": [0.8034336870092942, 0.7925389227259114, 0.793970208042942, 0.7957133939741878, 0.8041665598003097, 0.8027735766384347, 0.8041665598003097, 0.8034336870092942, 0.793970208042942, 0.7925389227259114], "f1": [0.8456973293768546, 0.8456973293768546, 0.8456973293768546, 0.8456973293768546, 0.8456973293768546, 0.8456973293768546, 0.8456973293768546, 0.8456973293768546, 0.8456973293768546, 0.8456973293768546], "auprc": [0.8027778201853866, 0.7917468383746296, 0.793278400022555, 0.7949932197091578, 0.8035362747776035, 0.8021214737030592, 0.8035362747776035, 0.8027778201853866, 0.793278400022555, 0.7917468383746296]}]}