{"rf": [{"auroc": [0.5649797570850202], "acc": [0.7043701799485861], "aps": [0.7608493385332046], "f1": [0.8194662480376765], "auprc": [0.7960033065089978]}], "enet": [{"auroc": [0.5188933873144399], "acc": [0.7326478149100257], "aps": [0.7239599274822245], "f1": [0.8456973293768546], "auprc": [0.7222159623887666]}]}