{"auroc": [0.5000506072874494, 0.4833164642375169, 0.5199898785425101, 0.47677125506072876, 0.5320512820512819, 0.48432860998650473, 0.47678812415654526, 0.47677125506072876, 0.47677125506072876, 0.47677125506072876], "acc": [0.7326478149100257, 0.26735218508997427, 0.7326478149100257, 0.7326478149100257, 0.26735218508997427, 0.26735218508997427, 0.7326478149100257, 0.7326478149100257, 0.7326478149100257, 0.7326478149100257], "aps": [0.7209376964388736, 0.7178727923824985, 0.7359629356008004, 0.7077559672946552, 0.7463333721317085, 0.7167850901844993, 0.7077559672946552, 0.7077559672946552, 0.7077559672946552, 0.7077559672946552], "f1": [0.8456973293768546, 0.0, 0.8456973293768546, 0.8456973293768546, 0.0, 0.0, 0.8456973293768546, 0.8456973293768546, 0.8456973293768546, 0.8456973293768546], "auprc": [0.7195242418236496, 0.7157167491678089, 0.7307967388165841, 0.7060454151573621, 0.7440697773853467, 0.7113131996857398, 0.706049093468551, 0.7060454151573621, 0.7060454151573621, 0.7060454151573621]}