{"enet": [{"auroc": [0.6998987854251013, 0.6062584345479082, 0.6754217273954116, 0.6445681511470986, 0.6541160593792172, 0.6541160593792172, 0.6609649122807019, 0.554470310391363, 0.6395580296896086, 0.5787112010796222], "acc": [0.7455012853470437, 0.7377892030848329, 0.7403598971722365, 0.7352185089974294, 0.7326478149100257, 0.7326478149100257, 0.7737789203084833, 0.6915167095115681, 0.7583547557840618, 0.6735218508997429], "aps": [0.8278563952900665, 0.7785661190490352, 0.8170994904539693, 0.8018181199012271, 0.8052119527728216, 0.8052119527728216, 0.8067387163934037, 0.7562463437581654, 0.7950087025242738, 0.7708823338314903], "f1": [0.8369028006589786, 0.8322368421052632, 0.8261617900172116, 0.8469539375928677, 0.8452380952380952, 0.8452380952380952, 0.8580645161290322, 0.8045602605863192, 0.8453947368421052, 0.7879799666110183], "auprc": [0.8331407880759274, 0.8730243333519204, 0.8605413053110793, 0.8005641144853752, 0.8037150410349866, 0.8037150410349866, 0.8792968249530081, 0.8559795494180559, 0.884587258288868, 0.8431080210146884]}]}