{"enet": [{"auroc": [0.6699730094466936, 0.574274628879892, 0.5963900134952766, 0.6117071524966262, 0.574274628879892, 0.574274628879892, 0.6329284750337383, 0.574274628879892, 0.6077260458839405, 0.6294197031039137], "acc": [0.7506426735218509, 0.6915167095115681, 0.7172236503856041, 0.7146529562982005, 0.6915167095115681, 0.6915167095115681, 0.7223650385604113, 0.6915167095115681, 0.7095115681233933, 0.7069408740359897], "aps": [0.8183073631889097, 0.765118016323499, 0.7739195697845764, 0.7816530386320668, 0.765118016323499, 0.765118016323499, 0.7921482038605945, 0.765118016323499, 0.780851599571633, 0.7893181092369834], "f1": [0.8545727136431783, 0.7993311036789298, 0.8166666666666668, 0.8134453781512604, 0.7993311036789298, 0.7993311036789298, 0.8144329896907218, 0.7993311036789298, 0.8094435075885329, 0.8041237113402062], "auprc": [0.8167355231395629, 0.8609998209567731, 0.8693107714762175, 0.8729783624486552, 0.8609998209567731, 0.8609998209567731, 0.8764980689486912, 0.8609998209567731, 0.860565099033996, 0.8613856361142964]}]}