{"enet": [{"auroc": [0.7165148448043184, 0.754031713900135, 0.7871288798920377, 0.7418353576248313, 0.754031713900135, 0.7418353576248313, 0.7386302294197031, 0.7386302294197031, 0.7386302294197031, 0.7322874493927126], "acc": [0.7737789203084833, 0.8097686375321337, 0.8046272493573264, 0.8277634961439588, 0.8097686375321337, 0.8277634961439588, 0.8071979434447301, 0.8071979434447301, 0.8071979434447301, 0.7892030848329049], "aps": [0.8338345446409543, 0.8517456713940763, 0.8770038055344204, 0.8446178280379701, 0.8517456713940763, 0.8446178280379701, 0.8428455563914138, 0.8428455563914138, 0.8428455563914138, 0.8425894900193149], "f1": [0.8487972508591065, 0.8745762711864408, 0.8724832214765101, 0.8903436988543372, 0.8745762711864408, 0.8903436988543372, 0.8747913188647746, 0.8747913188647746, 0.8747913188647746, 0.8624161073825503], "auprc": [0.9033681555571853, 0.9102334082376382, 0.9066151294892018, 0.911487567233461, 0.9102334082376382, 0.911487567233461, 0.9110585555524415, 0.9110585555524415, 0.9110585555524415, 0.9080305477763977]}]}