{"enet": [{"auroc": [0.5467611336032387, 0.5558704453441297, 0.5463225371120108, 0.5441970310391362, 0.5463225371120108, 0.5467611336032387, 0.5441970310391362, 0.5558704453441297, 0.5467611336032387, 0.5441970310391362], "acc": [0.7326478149100257, 0.7326478149100257, 0.7326478149100257, 0.7326478149100257, 0.7326478149100257, 0.7326478149100257, 0.7326478149100257, 0.7326478149100257, 0.7326478149100257, 0.7326478149100257], "aps": [0.7646356726861967, 0.7694929737398644, 0.7652987246533123, 0.7645653305012841, 0.7652987246533123, 0.7646356726861967, 0.7645653305012841, 0.7694929737398644, 0.7646356726861967, 0.7645653305012841], "f1": [0.8456973293768546, 0.8456973293768546, 0.8456973293768546, 0.8456973293768546, 0.8456973293768546, 0.8456973293768546, 0.8456973293768546, 0.8456973293768546, 0.8456973293768546, 0.8456973293768546], "auprc": [0.7619242383633076, 0.7668291921138456, 0.7626238088563797, 0.7618592062356202, 0.7626238088563797, 0.7619242383633076, 0.7618592062356202, 0.7668291921138456, 0.7619242383633076, 0.7618592062356202]}]}