{"enet": [{"auroc": [0.666497975708502, 0.49298245614035086, 0.4415485829959514, 0.6239541160593792, 0.617914979757085, 0.39143049932523616, 0.4955465587044535, 0.5, 0.49298245614035086, 0.4587044534412955], "acc": [0.7377892030848329, 0.7249357326478149, 0.7300771208226221, 0.7326478149100257, 0.7249357326478149, 0.7197943444730077, 0.7223650385604113, 0.7326478149100257, 0.7249357326478149, 0.609254498714653], "aps": [0.8100017022297645, 0.729894558488984, 0.7019452665622704, 0.7956499233595867, 0.7946774373151513, 0.6764510464932056, 0.7308991142084517, 0.7326478149100257, 0.729894558488984, 0.7144802162554466], "f1": [0.8482142857142857, 0.8405365126676603, 0.8435171385991059, 0.8456973293768546, 0.8376327769347497, 0.8350983358547655, 0.8388059701492537, 0.8456973293768546, 0.8405365126676603, 0.7441077441077442], "auprc": [0.8073896647567115, 0.8630589722108325, 0.7714675311289008, 0.7930734589790127, 0.7921499334726148, 0.7551007176348346, 0.8616766950186715, 0.8663239074550129, 0.8630589722108325, 0.8242655765377636]}]}