{"enet": [{"auroc": [0.6021929824561403, 0.6021929824561403, 0.6208502024291499, 0.6021929824561403, 0.6293522267206477, 0.6021929824561403, 0.6021929824561403, 0.6242240215924427, 0.6021929824561403, 0.6021929824561403], "acc": [0.7326478149100257, 0.7326478149100257, 0.7326478149100257, 0.7326478149100257, 0.7326478149100257, 0.7326478149100257, 0.7326478149100257, 0.7326478149100257, 0.7326478149100257, 0.7326478149100257], "aps": [0.7863453084688239, 0.7863453084688239, 0.7901760530826829, 0.7863453084688239, 0.7935962315497886, 0.7863453084688239, 0.7863453084688239, 0.7880557988447581, 0.7863453084688239, 0.7863453084688239], "f1": [0.8456973293768546, 0.8456973293768546, 0.8456973293768546, 0.8456973293768546, 0.8456973293768546, 0.8456973293768546, 0.8456973293768546, 0.8456973293768546, 0.8456973293768546, 0.8456973293768546], "auprc": [0.7853234950877821, 0.7853234950877821, 0.7887845690959454, 0.7853234950877821, 0.7920212459411683, 0.7853234950877821, 0.7853234950877821, 0.7861959408286573, 0.7853234950877821, 0.7853234950877821]}]}