{"enet": [{"auroc": [0.7039136302294197, 0.7028846153846153, 0.40467273954116056, 0.7037786774628879, 0.7028846153846153, 0.7037786774628879, 0.7028846153846153, 0.49154858299595144, 0.7037786774628879, 0.6676113360323886], "acc": [0.7686375321336761, 0.7429305912596401, 0.7352185089974294, 0.7583547557840618, 0.7429305912596401, 0.7583547557840618, 0.7429305912596401, 0.6812339331619537, 0.7583547557840618, 0.7429305912596401], "aps": [0.8318973630522002, 0.8304501444982428, 0.6838072337779475, 0.8364320473487774, 0.8304501444982428, 0.8364320473487774, 0.8304501444982428, 0.72900691496774, 0.8364320473487774, 0.8078951090735738], "f1": [0.8606811145510835, 0.8251748251748252, 0.8460388639760837, 0.8540372670807455, 0.8251748251748252, 0.8540372670807455, 0.8251748251748252, 0.8056426332288401, 0.8540372670807455, 0.8507462686567165], "auprc": [0.8307238930937444, 0.8493052660700557, 0.7668785713658152, 0.8354482379091899, 0.8493052660700557, 0.8354482379091899, 0.8493052660700557, 0.8504081364088174, 0.8354482379091899, 0.8860986996054532]}]}