{"enet": [{"auroc": [0.6940283400809716, 0.5, 0.6940283400809716, 0.5914304993252362, 0.5, 0.5914304993252362, 0.5, 0.69389338731444, 0.69389338731444, 0.5030364372469636], "acc": [0.7583547557840618, 0.7326478149100257, 0.7583547557840618, 0.7712082262210797, 0.7326478149100257, 0.7712082262210797, 0.7326478149100257, 0.7326478149100257, 0.7326478149100257, 0.7326478149100257], "aps": [0.8182870909663948, 0.7326478149100257, 0.8182870909663948, 0.7705639368251116, 0.7326478149100257, 0.7705639368251116, 0.7326478149100257, 0.8171652857744784, 0.8171652857744784, 0.7338459105523386], "f1": [0.857142857142857, 0.8456973293768546, 0.857142857142857, 0.8611544461778471, 0.8456973293768546, 0.8611544461778471, 0.8456973293768546, 0.8456973293768546, 0.8456973293768546, 0.8452380952380952], "auprc": [0.8164512719490696, 0.8663239074550129, 0.8164512719490696, 0.8787245754015162, 0.8663239074550129, 0.8787245754015162, 0.8663239074550129, 0.8166092749418699, 0.8166092749418699, 0.8664527074917598]}]}