{"enet": [{"auroc": [0.7602732793522267, 0.7577260458839405, 0.8110492577597841, 0.8178137651821863, 0.7740384615384616, 0.8068488529014844, 0.8110492577597841, 0.8110492577597841, 0.8110492577597841, 0.7295209176788124], "acc": [0.8046272493573264, 0.8123393316195373, 0.8020565552699229, 0.8226221079691517, 0.7892030848329049, 0.8226221079691517, 0.8020565552699229, 0.8020565552699229, 0.8020565552699229, 0.7866323907455013], "aps": [0.8586693453688039, 0.8563493467235405, 0.9014476930927677, 0.9125084644060953, 0.8681799248796892, 0.9035985258688266, 0.9014476930927677, 0.9014476930927677, 0.9014476930927677, 0.841602103301785], "f1": [0.8737541528239202, 0.8793388429752066, 0.8752025931928687, 0.8851913477537438, 0.859106529209622, 0.8848080133555927, 0.8752025931928687, 0.8752025931928687, 0.8752025931928687, 0.8671999999999999], "auprc": [0.9178548393009928, 0.9153021176233097, 0.914337585492004, 0.9121701084933079, 0.9096931142322747, 0.9032149935577556, 0.914337585492004, 0.914337585492004, 0.914337585492004, 0.9069991741792142]}]}