{"auroc": [0.6605263157894736, 0.6752361673414304, 0.6939608636977057, 0.6523954116059381, 0.7317813765182186, 0.7065114709851552, 0.6898785425101215, 0.6624831309041835, 0.6709514170040487, 0.6580971659919028], "acc": [0.3341902313624679, 0.7326478149100257, 0.7326478149100257, 0.7326478149100257, 0.7300771208226221, 0.7326478149100257, 0.7326478149100257, 0.7326478149100257, 0.7326478149100257, 0.7326478149100257], "aps": [0.788610274277153, 0.7990126921853933, 0.8122700754118397, 0.7854878975720987, 0.853454676299247, 0.8299620657103837, 0.8063193368090342, 0.7897771368460278, 0.7948497052789889, 0.7921028737112721], "f1": [0.2222222222222222, 0.8456973293768546, 0.8456973293768546, 0.8456973293768546, 0.8439821693907874, 0.8456973293768546, 0.8456973293768546, 0.8456973293768546, 0.8456973293768546, 0.8456973293768546], "auprc": [0.7863143576052638, 0.7967655339783619, 0.8095466027368812, 0.7830993784403678, 0.8511599787870561, 0.8278451407340492, 0.804088550296264, 0.7872101171521919, 0.7924935174490727, 0.7895799039265915]}