{"enet": [{"auroc": [0.49821187584345483, 0.722604588394062, 0.6153171390013494, 0.5158569500674763, 0.6764676113360324, 0.722604588394062, 0.7209851551956814, 0.7209851551956814, 0.7260796221322536, 0.722604588394062], "acc": [0.6478149100257069, 0.781491002570694, 0.7480719794344473, 0.6683804627249358, 0.6966580976863753, 0.781491002570694, 0.7634961439588689, 0.7634961439588689, 0.7609254498714653, 0.781491002570694], "aps": [0.7311076644822343, 0.8367450478644003, 0.7834186843967549, 0.7385198012524222, 0.81020358362689, 0.8367450478644003, 0.838944924063715, 0.838944924063715, 0.8448122742271748, 0.8367450478644003], "f1": [0.7742998352553542, 0.8542024013722127, 0.8463949843260188, 0.7895595432300163, 0.7806691449814126, 0.8542024013722127, 0.8451178451178452, 0.8451178451178452, 0.8421052631578947, 0.8542024013722127], "auprc": [0.8414589683166595, 0.8957490866563488, 0.87575067548812, 0.8488390733705067, 0.8625663146221816, 0.8957490866563488, 0.8983671322288744, 0.8983671322288744, 0.8943401199836275, 0.8957490866563488]}]}