{"enet": [{"auroc": [0.56, 0.7, 0.68, 0.42, 0.7, 0.56, 0.52, 0.42, 0.52, 0.56], "acc": [0.5, 0.6, 0.7, 0.5, 0.6, 0.5, 0.3, 0.5, 0.3, 0.5], "aps": [0.6392857142857143, 0.625, 0.6444444444444444, 0.4888888888888889, 0.625, 0.6392857142857143, 0.6192857142857142, 0.4888888888888889, 0.6192857142857142, 0.6392857142857143], "f1": [0.4444444444444445, 0.7142857142857143, 0.7272727272727272, 0.5454545454545454, 0.7142857142857143, 0.4444444444444445, 0.22222222222222224, 0.5454545454545454, 0.22222222222222224, 0.4444444444444445], "auprc": [0.6001190476190477, 0.8125, 0.7722222222222221, 0.6263888888888889, 0.8125, 0.6001190476190477, 0.5817857142857144, 0.6263888888888889, 0.5817857142857144, 0.6001190476190477]}]}