{"best_index": [269, 54, 136, 185, 291], "auroc": [0.7637485822306237, 0.7561871455576559, 0.7618582230623819, 0.7505160680529301, 0.7221606805293005], "acc": [0.5, 0.4782608695652174, 0.4782608695652174, 0.6086956521739131, 0.5], "aps": [0.6663606710040977, 0.657928671947841, 0.658575120117338, 0.6505020341006197, 0.6374605763926099], "f1": [0.6666666666666666, 0.6470588235294117, 0.6470588235294117, 0.689655172413793, 0.6461538461538461], "auprc": [0.6509304035977072, 0.6425297860494347, 0.6431467581022683, 0.6350029267417187, 0.6217788838881401]}