{"best_index": [290, 87, 75, 154, 591], "auroc": [0.4952741020793951, 0.6219281663516067, 0.6162570888468808, 0.5746691871455576, 0.4763705103969754], "acc": [0.4782608695652174, 0.5217391304347826, 0.6304347826086957, 0.5, 0.4782608695652174], "aps": [0.5190172710870763, 0.6118349926611512, 0.6035156115525215, 0.582493191101829, 0.5421832394729729], "f1": [0.6470588235294117, 0.6666666666666667, 0.6046511627906976, 0.6461538461538461, 0.6363636363636364], "auprc": [0.4913719876386596, 0.5850834782128477, 0.580441432996589, 0.5555783939330562, 0.5256662737162492]}