{"best_index": [103, 84, 147, 107, 357], "auroc": [0.5897920604914934, 0.5727788279773157, 0.5954631379962192, 0.5916824196597353, 0.45557655954631376], "acc": [0.4782608695652174, 0.4782608695652174, 0.5, 0.4782608695652174, 0.5], "aps": [0.5691664066282945, 0.5616791192265277, 0.587062767848987, 0.5867878103838121, 0.4789209422574617], "f1": [0.6470588235294117, 0.6470588235294117, 0.6567164179104478, 0.6363636363636364, 0.5818181818181818], "auprc": [0.5416465413410797, 0.5342302867261981, 0.5598874471607354, 0.5596157295722112, 0.45226547191280203]}