{"best_index": [36, 94, 95, 270, 309], "auroc": [0.610586011342155, 0.6389413988657845, 0.6181474480151229, 0.553875236294896, 0.5141776937618147], "acc": [0.5869565217391305, 0.5, 0.5, 0.5652173913043478, 0.45652173913043476], "aps": [0.6094552603542754, 0.6337721969258407, 0.6087289638422219, 0.5757787850945392, 0.5282523091023539], "f1": [0.6122448979591837, 0.6567164179104478, 0.6666666666666666, 0.6153846153846154, 0.3243243243243243], "auprc": [0.5828429155965595, 0.6076319805791739, 0.5819486383244185, 0.5594222654787998, 0.5118269584784115]}