{"enet": [{"auroc": [0.508, 0.6725714285714286, 0.6725714285714286, 0.5, 0.5, 0.5, 0.6725714285714286, 0.5, 0.5, 0.5], "acc": [0.4166666666666667, 0.4166666666666667, 0.4166666666666667, 0.4166666666666667, 0.4166666666666667, 0.4166666666666667, 0.4166666666666667, 0.4166666666666667, 0.4166666666666667, 0.4166666666666667], "aps": [0.6710162082478099, 0.7013031684606288, 0.7013031684606288, 0.5833333333333334, 0.5833333333333334, 0.5833333333333334, 0.7013031684606288, 0.5833333333333334, 0.5833333333333334, 0.5833333333333334], "f1": [0.0, 0.0, 0.0, 0.0, 0.0, 0.0, 0.0, 0.0, 0.0, 0.0], "auprc": [0.6652098606006388, 0.6835965575379193, 0.6835965575379193, 0.7916666666666667, 0.7916666666666667, 0.7916666666666667, 0.6835965575379193, 0.7916666666666667, 0.7916666666666667, 0.7916666666666667]}]}