{"auroc": [0.4760000000000001, 0.6817142857142857, 0.6605714285714286, 0.6862857142857143, 0.6839999999999999, 0.6862857142857143, 0.6862857142857143, 0.6862857142857143, 0.3137142857142857, 0.3137142857142857], "acc": [0.4166666666666667, 0.4166666666666667, 0.4166666666666667, 0.4166666666666667, 0.5833333333333334, 0.4166666666666667, 0.4166666666666667, 0.4166666666666667, 0.4166666666666667, 0.4166666666666667], "aps": [0.598607756347582, 0.7486234602316909, 0.7151458029597423, 0.7517337063516027, 0.7497358545793149, 0.7517337063516027, 0.7517337063516027, 0.7517337063516027, 0.4724937256036249, 0.4724937256036249], "f1": [0.0, 0.0, 0.0, 0.0, 0.7368421052631579, 0.0, 0.0, 0.0, 0.0, 0.0], "auprc": [0.586921055861518, 0.7429637034526522, 0.7076587575947526, 0.7460433582533054, 0.7440054895988953, 0.7460433582533054, 0.7460433582533054, 0.7460433582533054, 0.45935365989915133, 0.45935365989915133]}