{"auroc": [0.5, 0.6668571428571429, 0.6748571428571428, 0.6702857142857143, 0.5], "acc": [0.5833333333333334, 0.5833333333333334, 0.5833333333333334, 0.5833333333333334, 0.5833333333333334], "aps": [0.5833333333333334, 0.71956824662374, 0.7339846624356906, 0.716125116598853, 0.5833333333333334], "f1": [0.7368421052631579, 0.7368421052631579, 0.7368421052631579, 0.7368421052631579, 0.7368421052631579], "auprc": [0.7916666666666667, 0.7114542514963277, 0.7272085651072843, 0.7057664769179294, 0.7916666666666667]}