{"auroc": [0.6428571428571429, 0.6714285714285715, 0.7000000000000001, 0.7514285714285714, 0.6268571428571428], "acc": [0.4166666666666667, 0.5833333333333334, 0.5833333333333334, 0.5833333333333334, 0.5833333333333334], "aps": [0.6915331910492595, 0.7452549493173387, 0.7203804364209494, 0.7953819711941033, 0.7144327768648321], "f1": [0.0, 0.7368421052631579, 0.7368421052631579, 0.7368421052631579, 0.7368421052631579], "auprc": [0.6738405976147835, 0.7397075987425586, 0.7030522800864623, 0.7909892271958671, 0.7082726756045472]}