{"auroc": [0.6965714285714286, 0.6417142857142857, 0.698857142857143, 0.7205714285714285, 0.7022857142857143], "acc": [0.5833333333333334, 0.5833333333333334, 0.5833333333333334, 0.5833333333333334, 0.5833333333333334], "aps": [0.7688415824174386, 0.6833754633598381, 0.7623257690860417, 0.7579588593576833, 0.732753420085379], "f1": [0.7368421052631579, 0.7368421052631579, 0.7368421052631579, 0.7368421052631579, 0.7368421052631579], "auprc": [0.763970016318084, 0.6721043913896777, 0.7569066094039698, 0.7485831533486266, 0.7225487601315531]}