{"auroc": [0.5925714285714285, 0.6542857142857142, 0.5537142857142858, 0.5902857142857142, 0.5685714285714285], "acc": [0.5833333333333334, 0.5833333333333334, 0.5833333333333334, 0.5833333333333334, 0.5833333333333334], "aps": [0.6488666655505848, 0.767370999176977, 0.6687734045626949, 0.6954857720116913, 0.640087004493627], "f1": [0.7368421052631579, 0.7368421052631579, 0.7368421052631579, 0.7368421052631579, 0.7368421052631579], "auprc": [0.6303343634942029, 0.7635451343114397, 0.661329778414513, 0.6889529771650075, 0.6214624750338558]}