{"auroc": [0.28774022, 0.33134561, 0.48494478, 0.43467052, 0.40226384], "auprc": [0.40707531, 0.42980689, 0.47498795, 0.47597712, 0.46857564]}