{"enet": [{"auroc": [0.4800000000000001, 0.5, 0.5, 0.5, 0.5, 0.5, 0.28, 0.5, 0.5, 0.5], "acc": [0.5, 0.5, 0.5, 0.5, 0.5, 0.5, 0.5, 0.5, 0.5, 0.5], "aps": [0.6142857142857143, 0.5, 0.5, 0.5, 0.5, 0.5, 0.45238095238095233, 0.5, 0.5, 0.5], "f1": [0.0, 0.0, 0.0, 0.0, 0.0, 0.0, 0.28571428571428575, 0.0, 0.0, 0.0], "auprc": [0.5749206349206348, 0.75, 0.75, 0.75, 0.75, 0.75, 0.3652380952380952, 0.75, 0.75, 0.75]}]}