{"auroc": [0.64, 0.52, 0.52, 0.64, 0.44000000000000006, 0.52, 0.6, 0.68, 0.6, 0.6], "acc": [0.5, 0.5, 0.4, 0.5, 0.5, 0.4, 0.5, 0.5, 0.5, 0.5], "aps": [0.6977777777777778, 0.6476190476190475, 0.5676190476190476, 0.6926190476190477, 0.5333333333333333, 0.5587301587301587, 0.6787301587301587, 0.7277777777777779, 0.6787301587301587, 0.731111111111111], "f1": [0.0, 0.0, 0.0, 0.0, 0.6666666666666666, 0.0, 0.0, 0.0, 0.0, 0.0], "auprc": [0.6588888888888889, 0.6082539682539683, 0.4782539682539682, 0.6534523809523809, 0.44396825396825396, 0.4693650793650793, 0.6393650793650794, 0.6905555555555556, 0.6393650793650794, 0.7084126984126984]}