{"auroc": [0.52, 0.4, 0.72, 0.56, 0.48, 0.8, 0.6799999999999999, 0.64, 0.56, 0.56], "acc": [0.5, 0.5, 0.5, 0.5, 0.5, 0.5, 0.5, 0.5, 0.5, 0.5], "aps": [0.5587301587301587, 0.5, 0.7783333333333333, 0.6533333333333333, 0.5533333333333333, 0.71, 0.7226190476190476, 0.6977777777777778, 0.5787301587301588, 0.6533333333333333], "f1": [0.0, 0.0, 0.0, 0.0, 0.6666666666666666, 0.0, 0.0, 0.0, 0.0, 0.0], "auprc": [0.4693650793650793, 0.41063492063492063, 0.7563095238095239, 0.6144444444444443, 0.4639682539682539, 0.6266666666666667, 0.6851190476190475, 0.6588888888888889, 0.48936507936507934, 0.6144444444444443]}