{"auroc": [0.56, 0.36, 0.6, 0.44000000000000006, 0.8, 0.36, 0.39999999999999997, 0.48, 0.56, 0.56], "acc": [0.5, 0.5, 0.5, 0.5, 0.5, 0.5, 0.5, 0.5, 0.5, 0.5], "aps": [0.5944444444444444, 0.5079365079365079, 0.731111111111111, 0.5333333333333333, 0.7861904761904761, 0.5746031746031746, 0.4720634920634921, 0.5444444444444445, 0.5944444444444444, 0.5976190476190476], "f1": [0.0, 0.0, 0.0, 0.6666666666666666, 0.0, 0.6666666666666666, 0.0, 0.0, 0.6666666666666666, 0.0], "auprc": [0.5067460317460317, 0.4192460317460317, 0.7084126984126984, 0.44396825396825396, 0.7514285714285713, 0.5359126984126984, 0.401031746031746, 0.4550793650793651, 0.5067460317460317, 0.5099206349206349]}