{"enet": [{"auroc": [0.36, 0.5, 0.43999999999999995, 0.5, 0.5, 0.5, 0.43999999999999995, 0.43999999999999995, 0.43999999999999995, 0.5], "acc": [0.4, 0.5, 0.4, 0.5, 0.5, 0.5, 0.4, 0.4, 0.4, 0.5], "aps": [0.4634920634920635, 0.5, 0.46825396825396826, 0.5, 0.5, 0.5, 0.46825396825396826, 0.46825396825396826, 0.46825396825396826, 0.5], "f1": [0.0, 0.0, 0.5, 0.0, 0.0, 0.0, 0.5, 0.5, 0.5, 0.0], "auprc": [0.3912698412698413, 0.75, 0.626984126984127, 0.75, 0.75, 0.75, 0.626984126984127, 0.626984126984127, 0.626984126984127, 0.75]}]}