{"auroc": [0.48, 0.7200000000000001, 0.56, 0.44, 0.6, 0.68, 0.6400000000000001, 0.6399999999999999, 0.7200000000000001, 0.72], "acc": [0.5, 0.5, 0.5, 0.5, 0.5, 0.5, 0.5, 0.5, 0.5, 0.5], "aps": [0.6053968253968254, 0.7544444444444445, 0.7142857142857142, 0.6088888888888888, 0.6944444444444444, 0.7277777777777779, 0.7642857142857142, 0.7087301587301587, 0.7416666666666667, 0.7295238095238095], "f1": [0.0, 0.0, 0.6666666666666666, 0.6666666666666666, 0.0, 0.0, 0.0, 0.0, 0.0, 0.0], "auprc": [0.5676984126984127, 0.7188888888888889, 0.6915873015873015, 0.5697222222222222, 0.6567460317460316, 0.6905555555555556, 0.7432539682539683, 0.671031746031746, 0.7046428571428571, 0.6914285714285714]}