{"auroc": [0.6, 0.6, 0.56, 0.52, 0.72, 0.56, 0.6000000000000001, 0.5599999999999999, 0.68, 0.52], "acc": [0.5, 0.5, 0.5, 0.5, 0.5, 0.6, 0.5, 0.5, 0.5, 0.5], "aps": [0.6787301587301587, 0.6787301587301587, 0.6676190476190476, 0.6444444444444444, 0.7892857142857144, 0.72, 0.6726190476190477, 0.6644444444444444, 0.7592857142857143, 0.6533333333333333], "f1": [0.0, 0.0, 0.6666666666666666, 0.0, 0.0, 0.5, 0.28571428571428575, 0.0, 0.0, 0.0], "auprc": [0.6393650793650794, 0.6393650793650794, 0.6282539682539683, 0.6050793650793651, 0.7684523809523809, 0.6973015873015873, 0.6334523809523809, 0.6250793650793651, 0.7367857142857143, 0.6139682539682539]}