{"auroc": [0.72, 0.6, 0.6000000000000001, 0.7200000000000001, 0.6800000000000002, 0.84, 0.56, 0.48, 0.6799999999999999, 0.6], "acc": [0.5, 0.5, 0.5, 0.5, 0.5, 0.5, 0.5, 0.4, 0.5, 0.5], "aps": [0.7783333333333333, 0.6944444444444444, 0.5977777777777777, 0.7544444444444445, 0.7433333333333334, 0.8761904761904762, 0.5944444444444444, 0.5533333333333333, 0.7226190476190476, 0.6087301587301588], "f1": [0.0, 0.0, 0.0, 0.0, 0.0, 0.0, 0.0, 0.0, 0.6666666666666666, 0.0], "auprc": [0.7563095238095239, 0.6567460317460316, 0.5088888888888888, 0.7188888888888889, 0.7077777777777778, 0.8647619047619046, 0.5067460317460317, 0.4639682539682539, 0.6851190476190475, 0.521031746031746]}