{"auroc": [0.36, 0.48, 0.6, 0.56, 0.43999999999999995, 0.52, 0.64, 0.56, 0.56, 0.52], "acc": [0.5, 0.5, 0.5, 0.5, 0.5, 0.5, 0.5, 0.5, 0.5, 0.5], "aps": [0.5688888888888889, 0.5722222222222222, 0.5926190476190476, 0.5787301587301588, 0.52, 0.5833333333333334, 0.6226190476190476, 0.5787301587301588, 0.5644444444444444, 0.5833333333333334], "f1": [0.0, 0.0, 0.0, 0.0, 0.0, 0.0, 0.0, 0.0, 0.6666666666666666, 0.0], "auprc": [0.5313888888888889, 0.4847222222222221, 0.5034523809523809, 0.48936507936507934, 0.4306349206349206, 0.49563492063492054, 0.5351190476190475, 0.48936507936507934, 0.4755555555555555, 0.49563492063492054]}