{"rf": [{"auroc": [0.5288383096753142, 0.46781693587860995, 0.4945341817588514, 0.37510197422091696, 0.42099037363354547, 0.47495513134279654, 0.4724261706640561, 0.4584353075542502, 0.47169195627345406, 0.49922499592103114], "acc": [0.6832740213523132, 0.8078291814946619, 0.7153024911032029, 0.6548042704626335, 0.7402135231316725, 0.6832740213523132, 0.697508896797153, 0.7864768683274022, 0.797153024911032, 0.7473309608540926], "aps": [0.8235517569199187, 0.799164586173284, 0.808164116331515, 0.7643251813723786, 0.7798420333087667, 0.8047654380387317, 0.7935456425573926, 0.8023210314482887, 0.8077135523296711, 0.8236472690102528], "f1": [0.8043956043956044, 0.8932806324110671, 0.8319327731092437, 0.7895878524945771, 0.8494845360824742, 0.8094218415417558, 0.8131868131868133, 0.88, 0.8866799204771371, 0.8536082474226805], "auprc": [0.8357241918188895, 0.7986165143242117, 0.8076678086767363, 0.7649609888705684, 0.7790972263745715, 0.8161146106758445, 0.7976819684513549, 0.8006957502753338, 0.8068138379620825, 0.8228229128265319]}], "enet": [{"auroc": [0.5311633219122207, 0.5, 0.5326317506934246, 0.5, 0.5, 0.5326317506934246, 0.531652798172622, 0.5, 0.5, 0.5371186164137706], "acc": [0.8078291814946619, 0.8078291814946619, 0.8078291814946619, 0.8078291814946619, 0.8078291814946619, 0.8078291814946619, 0.8078291814946619, 0.8078291814946619, 0.8078291814946619, 0.8078291814946619], "aps": [0.8218117226718404, 0.8078291814946619, 0.8211202266983435, 0.8078291814946619, 0.8078291814946619, 0.8211202266983435, 0.8215630903448878, 0.8078291814946619, 0.8078291814946619, 0.8239461717150016], "f1": [0.8937007874015748, 0.8937007874015748, 0.8937007874015748, 0.8937007874015748, 0.8937007874015748, 0.8937007874015748, 0.8937007874015748, 0.8937007874015748, 0.8937007874015748, 0.8937007874015748], "auprc": [0.8198835920703387, 0.9039145907473309, 0.8191890572023508, 0.9039145907473309, 0.9039145907473309, 0.8191890572023508, 0.8196174108054151, 0.9039145907473309, 0.9039145907473309, 0.8220387910878264]}]}