{"enet": [{"auroc": [0.5026921194322076, 0.4459128732256485, 0.45349975526186975, 0.5115026921194322, 0.4708761625061184, 0.4741393375754609, 0.4459128732256485, 0.5026921194322076, 0.45349975526186975, 0.4358786098874205], "acc": [0.7117437722419929, 0.5551601423487544, 0.5800711743772242, 0.6298932384341637, 0.8078291814946619, 0.8078291814946619, 0.5551601423487544, 0.7117437722419929, 0.5800711743772242, 0.7864768683274022], "aps": [0.8077602938428223, 0.7894066948794398, 0.7897467330139785, 0.8168351074583727, 0.7919924414335245, 0.7998113747411024, 0.7894066948794398, 0.8077602938428223, 0.7897467330139785, 0.7943171636695212], "f1": [0.8250539956803455, 0.691358024691358, 0.7121951219512195, 0.7547169811320756, 0.8937007874015748, 0.8937007874015748, 0.691358024691358, 0.8250539956803455, 0.7121951219512195, 0.8804780876494024], "auprc": [0.8822783390962464, 0.8532242510993491, 0.8308301479874052, 0.8157903921639622, 0.7905310460979937, 0.7986090091521757, 0.8532242510993491, 0.8822783390962464, 0.8308301479874052, 0.7928430504945585]}]}