{"enet": [{"auroc": [0.5, 0.5, 0.47658671887746784, 0.5234132811225323, 0.5, 0.47658671887746784, 0.5234132811225323, 0.5, 0.5, 0.5], "acc": [0.8078291814946619, 0.8078291814946619, 0.701067615658363, 0.8078291814946619, 0.8078291814946619, 0.701067615658363, 0.8078291814946619, 0.8078291814946619, 0.8078291814946619, 0.8078291814946619], "aps": [0.8078291814946619, 0.8078291814946619, 0.8004481042419114, 0.8294818919741388, 0.8078291814946619, 0.8004481042419114, 0.8294968420409156, 0.8078291814946619, 0.8078291814946619, 0.8078291814946619], "f1": [0.8937007874015748, 0.8937007874015748, 0.8181818181818182, 0.8937007874015748, 0.8937007874015748, 0.8181818181818182, 0.8937007874015748, 0.8937007874015748, 0.8937007874015748, 0.8937007874015748], "auprc": [0.9039145907473309, 0.9039145907473309, 0.8778920180540024, 0.8401359950193145, 0.9039145907473309, 0.8778920180540024, 0.8401356960179787, 0.9039145907473309, 0.9039145907473309, 0.9039145907473309]}]}