{"enet": [{"auroc": [0.6165769293522597, 0.6165769293522597, 0.6261217164300864, 0.6261217164300864, 0.616903246859194, 0.6169848262359275, 0.6261217164300864, 0.616903246859194, 0.6261217164300864, 0.6261217164300864], "acc": [0.8078291814946619, 0.8078291814946619, 0.8078291814946619, 0.8078291814946619, 0.8078291814946619, 0.8078291814946619, 0.8078291814946619, 0.8078291814946619, 0.8078291814946619, 0.8078291814946619], "aps": [0.85898347808957, 0.85898347808957, 0.8793636744000477, 0.8793636744000477, 0.8591656264632285, 0.8588190346348836, 0.8793636744000477, 0.8591656264632285, 0.8793636744000477, 0.8793636744000477], "f1": [0.8937007874015748, 0.8937007874015748, 0.8937007874015748, 0.8937007874015748, 0.8937007874015748, 0.8937007874015748, 0.8937007874015748, 0.8937007874015748, 0.8937007874015748, 0.8937007874015748], "auprc": [0.8563233184939725, 0.8563233184939725, 0.8786103324343558, 0.8786103324343558, 0.8565065888680357, 0.8561560552044408, 0.8786103324343558, 0.8565065888680357, 0.8786103324343558, 0.8786103324343558]}]}