{"auroc": [0.8060858215043237, 0.7743922336433349, 0.8487518355359766, 0.7088024147495513, 0.7499184206232664, 0.6091939957578724, 0.8653940283896231, 0.7911975852504487, 0.4776472507750041, 0.7715369554576603], "acc": [0.8078291814946619, 0.19217081850533807, 0.19217081850533807, 0.8078291814946619, 0.8078291814946619, 0.8078291814946619, 0.8078291814946619, 0.19217081850533807, 0.8078291814946619, 0.19217081850533807], "aps": [0.9388580190841744, 0.9349946216554773, 0.951473856887348, 0.9102375100139941, 0.923251271711284, 0.8772077959789052, 0.957846282786895, 0.9414027558476835, 0.8040697823515695, 0.9348660040095742], "f1": [0.8937007874015748, 0.0, 0.0, 0.8937007874015748, 0.8937007874015748, 0.8937007874015748, 0.8937007874015748, 0.0, 0.8937007874015748, 0.0], "auprc": [0.9384873656365134, 0.9348192511342536, 0.9512217408966512, 0.9098603394252787, 0.9228606512189762, 0.8767685023302432, 0.9575444380624913, 0.94124069648722, 0.8025345162368991, 0.9348970852492003]}