{"auroc": [0.4588969823100936, 0.462018730489074, 0.4557752341311134, 0.5026014568158168, 0.3714880332986472, 0.5816857440166493, 0.37460978147762747, 0.5078043704474505, 0.5286160249739854, 0.44016649323621226], "acc": [0.5, 0.5, 0.5, 0.5, 0.5, 0.5, 0.5, 0.5, 0.5, 0.5], "aps": [0.47469765973750555, 0.49128528803280624, 0.48776387660352216, 0.5386633313622755, 0.4259475385351622, 0.5943451909628277, 0.4532026574860055, 0.5942208482248892, 0.5424979060542207, 0.506571232854238], "f1": [0.0, 0.0, 0.0, 0.0, 0.0, 0.0, 0.0, 0.0, 0.0, 0.0], "auprc": [0.4539684475683492, 0.4783034246940484, 0.47529641384742316, 0.5170414428819204, 0.41112105683052286, 0.583526569157968, 0.44058413590834533, 0.5846495099078453, 0.5211268196384079, 0.48548455438902965]}