{"auroc": [0.6097814776274714, 0.5691987513007284, 0.5952133194588969, 0.6129032258064515, 0.5962539021852237, 0.6024973985431842, 0.5775234131113424, 0.5972944849115505, 0.5681581685744017, 0.5452653485952134], "acc": [0.5, 0.5, 0.5, 0.5, 0.5, 0.5, 0.5, 0.5, 0.5, 0.5], "aps": [0.6192724046841867, 0.6320287475939804, 0.620859931828675, 0.6178564654910947, 0.6480034244753121, 0.6086803586647338, 0.5855553067021775, 0.6015341880482558, 0.5612687503589966, 0.5505763819836568], "f1": [0.0, 0.0, 0.0, 0.0, 0.0, 0.0, 0.0, 0.0, 0.0, 0.0], "auprc": [0.6100914157245321, 0.6240897533872237, 0.6110617351623217, 0.6048897365284533, 0.6411350173113421, 0.5981889694398569, 0.57239253066401, 0.5884616249326422, 0.5397466495646296, 0.5292092781085519]}