{"auroc": [0.5598335067637877, 0.5411030176899063, 0.5473465140478668, 0.5473465140478667, 0.5411030176899063, 0.5411030176899064, 0.554630593132154, 0.5494276795005203, 0.5400624349635795, 0.558792924037461], "acc": [0.5, 0.5, 0.5, 0.5, 0.5, 0.5, 0.5, 0.5, 0.5645161290322581, 0.5], "aps": [0.6188295154621896, 0.6424352525638627, 0.5793677348495354, 0.6069216560322458, 0.6192552106167141, 0.6020557415298721, 0.644097872133476, 0.6242334737062242, 0.6485555203653179, 0.6367514033843108], "f1": [0.0, 0.0, 0.0, 0.0, 0.0, 0.0, 0.0, 0.0, 0.2285714285714286, 0.0], "auprc": [0.6105605923575448, 0.6351880909702129, 0.5662961918154028, 0.5949078091379415, 0.6077334033089165, 0.5825074195515878, 0.6367855574975475, 0.6127756366058015, 0.6425082536215634, 0.6292310058878218]}