{"best_index": [112, 53, 123, 58, 122], "auroc": [0.6294896030245748, 0.5822306238185255, 0.603024574669187, 0.6238185255198488, 0.5103969754253308], "acc": [0.5, 0.5, 0.5, 0.4782608695652174, 0.45652173913043476], "aps": [0.6349697940085315, 0.576420818750836, 0.6082458148188815, 0.6304853739164669, 0.533017490997822], "f1": [0.6461538461538461, 0.6567164179104478, 0.6567164179104478, 0.6470588235294117, 0.6153846153846153], "auprc": [0.6088601804169875, 0.549005075967621, 0.581703278428852, 0.6047666718496598, 0.5053955833557989]}