{"best_index": [107, 119, 94, 236, 120], "auroc": [0.5368620037807184, 0.4839319470699433, 0.46124763705103966, 0.5444234404536862, 0.3705103969754253], "acc": [0.4782608695652174, 0.5, 0.4782608695652174, 0.5, 0.3695652173913043], "aps": [0.5386802665779721, 0.4908735194510624, 0.5079917046985936, 0.559232830217295, 0.430648240821297], "f1": [0.6470588235294117, 0.6666666666666666, 0.6470588235294117, 0.6461538461538461, 0.4313725490196078], "auprc": [0.5111459590547001, 0.4638449800505741, 0.4915561720682061, 0.5424469002789589, 0.40483160076625263]}