{"rf": [{"auroc": [0.5076167076167076, 0.4235872235872236, 0.5324324324324324, 0.5154791154791156, 0.4233415233415233, 0.5412776412776413, 0.528992628992629, 0.5975429975429976, 0.49434889434889445, 0.504914004914005], "acc": [0.40217391304347827, 0.40217391304347827, 0.40217391304347827, 0.40217391304347827, 0.40217391304347827, 0.40217391304347827, 0.40217391304347827, 0.40217391304347827, 0.40217391304347827, 0.40217391304347827], "aps": [0.43625683466293325, 0.3573004618280243, 0.4398425940590657, 0.40818326551654355, 0.37793960750392525, 0.4930818083159114, 0.40390769828020273, 0.4923850268515291, 0.3978024351569309, 0.4210053499725406], "f1": [0.5736434108527132, 0.5736434108527132, 0.5736434108527132, 0.5736434108527132, 0.5736434108527132, 0.5736434108527132, 0.5736434108527132, 0.5736434108527132, 0.5736434108527132, 0.5736434108527132], "auprc": [0.43272120610874926, 0.3447963667595888, 0.4436137166121575, 0.3991714044954877, 0.3678320678246095, 0.49036400309202494, 0.3904634571510851, 0.49046059212396775, 0.3941603398576964, 0.4104867720261221]}], "enet": [{"auroc": [0.6240786240786241, 0.596068796068796, 0.5980343980343981, 0.5980343980343981, 0.6240786240786241, 0.596068796068796, 0.5980343980343981, 0.5980343980343981, 0.5921375921375922, 0.5980343980343981], "acc": [0.40217391304347827, 0.40217391304347827, 0.40217391304347827, 0.40217391304347827, 0.40217391304347827, 0.40217391304347827, 0.40217391304347827, 0.40217391304347827, 0.4673913043478261, 0.40217391304347827], "aps": [0.5286948506286142, 0.4953135810020944, 0.5031536752448587, 0.5031536752448587, 0.5286948506286142, 0.4953135810020944, 0.5031536752448587, 0.5031536752448587, 0.5003026049900433, 0.5031536752448587], "f1": [0.5736434108527132, 0.5736434108527132, 0.5736434108527132, 0.5736434108527132, 0.5736434108527132, 0.5736434108527132, 0.5736434108527132, 0.5736434108527132, 0.588235294117647, 0.5736434108527132], "auprc": [0.5189464022832775, 0.4833100815471241, 0.49114914324279707, 0.49114914324279707, 0.5189464022832775, 0.4833100815471241, 0.49114914324279707, 0.49114914324279707, 0.4883643464847428, 0.49114914324279707]}]}