{"auroc": [0.5, 0.5250614250614252, 0.5292383292383293, 0.5331695331695332, 0.5, 0.5326781326781327, 0.5346437346437347, 0.5343980343980345, 0.5272727272727273, 0.530958230958231], "acc": [0.40217391304347827, 0.40217391304347827, 0.40217391304347827, 0.40217391304347827, 0.40217391304347827, 0.40217391304347827, 0.40217391304347827, 0.40217391304347827, 0.40217391304347827, 0.40217391304347827], "aps": [0.40217391304347827, 0.42061923583662714, 0.4035369751240317, 0.40481438767565875, 0.40217391304347827, 0.4052660614130005, 0.40611336383044483, 0.4034924829833324, 0.403067163983974, 0.4027469165848196], "f1": [0.5736434108527132, 0.5736434108527132, 0.5736434108527132, 0.5736434108527132, 0.5736434108527132, 0.5736434108527132, 0.5736434108527132, 0.5736434108527132, 0.5736434108527132, 0.5736434108527132], "auprc": [0.7010869565217391, 0.3793820994907951, 0.39092490941273816, 0.39235124817287237, 0.7010869565217391, 0.39264474508500313, 0.39348513567774057, 0.39276122470574865, 0.39041056407405933, 0.39066557450046296]}