{"rf": [{"auroc": [0.6184275184275184], "acc": [0.5978260869565217], "aps": [0.5127387288677612], "f1": [0.0]}], "enet": [{"auroc": [0.5577395577395577], "acc": [0.40217391304347827], "aps": [0.4211107514045509], "f1": [0.5736434108527132]}]}