{"enet": [{"auroc": [0.4678132678132678, 0.5036855036855037, 0.4678132678132678, 0.4678132678132678, 0.48992628992629, 0.4678132678132678, 0.4982800982800983, 0.5036855036855037, 0.4982800982800983, 0.4678132678132678], "acc": [0.40217391304347827, 0.40217391304347827, 0.40217391304347827, 0.40217391304347827, 0.40217391304347827, 0.40217391304347827, 0.5978260869565217, 0.40217391304347827, 0.5978260869565217, 0.40217391304347827], "aps": [0.38305048853477136, 0.43545835223702023, 0.38305048853477136, 0.38305048853477136, 0.4011575319187842, 0.38305048853477136, 0.44981216066754937, 0.43545835223702023, 0.44981216066754937, 0.38305048853477136], "f1": [0.5736434108527132, 0.5736434108527132, 0.5736434108527132, 0.5736434108527132, 0.5736434108527132, 0.5736434108527132, 0.0, 0.5736434108527132, 0.0, 0.5736434108527132], "auprc": [0.3694058486573008, 0.4168899067266285, 0.3694058486573008, 0.3694058486573008, 0.3851821307427778, 0.3694058486573008, 0.4379685217093137, 0.4168899067266285, 0.4379685217093137, 0.3694058486573008]}]}