{"rf": [{"auroc": [0.5884520884520884], "acc": [0.6086956521739131], "aps": [0.4905644188938098], "f1": [0.4375]}], "enet": [{"auroc": [0.48992628992628995], "acc": [0.5434782608695652], "aps": [0.3975854736724302], "f1": [0.27586206896551724]}]}