{"auroc": [0.5523341523341523, 0.5533169533169534, 0.5312039312039313, 0.5749385749385749, 0.520884520884521, 0.51990171990172, 0.5110565110565111, 0.5208845208845209, 0.5759213759213759, 0.5626535626535627], "acc": [0.40217391304347827, 0.40217391304347827, 0.40217391304347827, 0.40217391304347827, 0.40217391304347827, 0.40217391304347827, 0.40217391304347827, 0.40217391304347827, 0.40217391304347827, 0.40217391304347827], "aps": [0.41620734648722746, 0.426260429563609, 0.4052011187340834, 0.43056792123485343, 0.40506092530544757, 0.4047780429375218, 0.4023341034483571, 0.40221294845938377, 0.44447065572960076, 0.4351470112587453], "f1": [0.5736434108527132, 0.5736434108527132, 0.5736434108527132, 0.5736434108527132, 0.5736434108527132, 0.5736434108527132, 0.5736434108527132, 0.5736434108527132, 0.5736434108527132, 0.5736434108527132], "auprc": [0.40299947310736217, 0.4121754842907456, 0.39159706651843873, 0.4159526522852912, 0.3921808528829691, 0.39043339893608203, 0.38799888464632487, 0.38784894036304923, 0.42617424663014825, 0.4215924450927261]}