{"enet": [{"auroc": [0.5184275184275184, 0.5343980343980343, 0.5, 0.5, 0.5, 0.5, 0.5343980343980343, 0.5, 0.5, 0.5336609336609336], "acc": [0.40217391304347827, 0.44565217391304346, 0.40217391304347827, 0.40217391304347827, 0.40217391304347827, 0.40217391304347827, 0.44565217391304346, 0.40217391304347827, 0.40217391304347827, 0.5434782608695652], "aps": [0.3968165520058696, 0.41978172357158905, 0.40217391304347827, 0.40217391304347827, 0.40217391304347827, 0.40217391304347827, 0.41978172357158905, 0.40217391304347827, 0.40217391304347827, 0.43322935479780345], "f1": [0.5736434108527132, 0.578512396694215, 0.5736434108527132, 0.5736434108527132, 0.5736434108527132, 0.5736434108527132, 0.578512396694215, 0.5736434108527132, 0.5736434108527132, 0.1923076923076923], "auprc": [0.38373292095487177, 0.6626249204403124, 0.7010869565217391, 0.7010869565217391, 0.7010869565217391, 0.7010869565217391, 0.6626249204403124, 0.7010869565217391, 0.7010869565217391, 0.4147137544331688]}]}