{"enet": [{"auroc": [0.4673218673218673, 0.5, 0.5, 0.4746928746928747, 0.48501228501228505, 0.48501228501228505, 0.48255528255528257, 0.5, 0.4746928746928747, 0.5223587223587223], "acc": [0.40217391304347827, 0.40217391304347827, 0.40217391304347827, 0.5978260869565217, 0.5978260869565217, 0.5978260869565217, 0.40217391304347827, 0.40217391304347827, 0.5978260869565217, 0.40217391304347827], "aps": [0.40252950540338334, 0.40217391304347827, 0.40217391304347827, 0.39459111473402864, 0.4248076606611351, 0.4248076606611351, 0.4091236040831867, 0.40217391304347827, 0.39459111473402864, 0.4011902963780938], "f1": [0.5736434108527132, 0.5736434108527132, 0.5736434108527132, 0.0, 0.0, 0.0, 0.5736434108527132, 0.5736434108527132, 0.0, 0.5736434108527132], "auprc": [0.3915196145202502, 0.7010869565217391, 0.7010869565217391, 0.37676728520408354, 0.41575088888430894, 0.41575088888430894, 0.39130452211206956, 0.7010869565217391, 0.37676728520408354, 0.38845654656947454]}]}