{"enet": [{"auroc": [0.5321867321867322, 0.4987714987714988, 0.5321867321867322, 0.5321867321867322, 0.4987714987714988, 0.5321867321867322, 0.5321867321867322, 0.5321867321867322, 0.5321867321867322, 0.4987714987714988], "acc": [0.40217391304347827, 0.40217391304347827, 0.40217391304347827, 0.40217391304347827, 0.40217391304347827, 0.40217391304347827, 0.40217391304347827, 0.40217391304347827, 0.40217391304347827, 0.40217391304347827], "aps": [0.45137086798408754, 0.42139520803889075, 0.45137086798408754, 0.45137086798408754, 0.42139520803889075, 0.45137086798408754, 0.45137086798408754, 0.45137086798408754, 0.45137086798408754, 0.42139520803889075], "f1": [0.5736434108527132, 0.5736434108527132, 0.5736434108527132, 0.5736434108527132, 0.5736434108527132, 0.5736434108527132, 0.5736434108527132, 0.5736434108527132, 0.5736434108527132, 0.5736434108527132], "auprc": [0.442088187133445, 0.41017907727567815, 0.442088187133445, 0.442088187133445, 0.41017907727567815, 0.442088187133445, 0.442088187133445, 0.442088187133445, 0.442088187133445, 0.41017907727567815]}]}