{"enet": [{"auroc": [0.4648648648648649, 0.4771498771498772, 0.45995085995085994, 0.3808353808353808, 0.4624078624078624, 0.515970515970516, 0.4604422604422605, 0.5085995085995086, 0.5, 0.5], "acc": [0.40217391304347827, 0.5978260869565217, 0.40217391304347827, 0.5978260869565217, 0.40217391304347827, 0.5978260869565217, 0.5978260869565217, 0.5978260869565217, 0.40217391304347827, 0.40217391304347827], "aps": [0.379226672417373, 0.4304974294010283, 0.3759516550688019, 0.3712477933518962, 0.39272810423614646, 0.4371317612729701, 0.427124706934736, 0.4548631243208005, 0.40217391304347827, 0.40217391304347827], "f1": [0.5736434108527132, 0.0, 0.5736434108527132, 0.0, 0.5736434108527132, 0.0, 0.0, 0.0, 0.5736434108527132, 0.5736434108527132], "auprc": [0.3657908947468257, 0.41195331296418053, 0.36246184007882276, 0.3606645532541044, 0.3752508121079698, 0.41872680218925695, 0.4153955699689448, 0.44311166350563297, 0.7010869565217391, 0.7010869565217391]}]}