{"rf": [{"auroc": [0.5267813267813268], "acc": [0.40217391304347827], "aps": [0.40424778507891346], "f1": [0.5736434108527132]}], "enet": [{"auroc": [0.547911547911548], "acc": [0.5978260869565217], "aps": [0.4730212862452036], "f1": [0.0]}]}