{"enet": [{"auroc": [0.5, 0.5, 0.5, 0.5, 0.5, 0.5, 0.5218673218673219, 0.5, 0.5454545454545454, 0.5], "acc": [0.40217391304347827, 0.40217391304347827, 0.40217391304347827, 0.40217391304347827, 0.5978260869565217, 0.40217391304347827, 0.5978260869565217, 0.40217391304347827, 0.5978260869565217, 0.5978260869565217], "aps": [0.40217391304347827, 0.40217391304347827, 0.40217391304347827, 0.40217391304347827, 0.40217391304347827, 0.40217391304347827, 0.46268800240125185, 0.40217391304347827, 0.4739798750177363, 0.40217391304347827], "f1": [0.5736434108527132, 0.5736434108527132, 0.5736434108527132, 0.5736434108527132, 0.0, 0.5736434108527132, 0.0, 0.5736434108527132, 0.0, 0.0], "auprc": [0.7010869565217391, 0.7010869565217391, 0.7010869565217391, 0.7010869565217391, 0.7010869565217391, 0.7010869565217391, 0.4531053719720306, 0.7010869565217391, 0.4644364077224411, 0.7010869565217391]}]}