{"auroc": [0.5, 0.5, 0.5, 0.5, 0.5341523341523342, 0.5, 0.5, 0.5206388206388206, 0.5216216216216216, 0.5], "acc": [0.40217391304347827, 0.40217391304347827, 0.40217391304347827, 0.40217391304347827, 0.40217391304347827, 0.40217391304347827, 0.40217391304347827, 0.40217391304347827, 0.40217391304347827, 0.40217391304347827], "aps": [0.40217391304347827, 0.40217391304347827, 0.40217391304347827, 0.40217391304347827, 0.4044572472408904, 0.40217391304347827, 0.40217391304347827, 0.39797601842006214, 0.40105565461754583, 0.40217391304347827], "f1": [0.5736434108527132, 0.5736434108527132, 0.5736434108527132, 0.5736434108527132, 0.5736434108527132, 0.5736434108527132, 0.5736434108527132, 0.5736434108527132, 0.5736434108527132, 0.5736434108527132], "auprc": [0.7010869565217391, 0.7010869565217391, 0.7010869565217391, 0.7010869565217391, 0.3919997178455942, 0.7010869565217391, 0.7010869565217391, 0.38371216805112585, 0.38849840963063337, 0.7010869565217391]}