{"enet": [{"auroc": [0.5542997542997543, 0.5, 0.5, 0.5, 0.5, 0.5542997542997543, 0.5, 0.5, 0.5, 0.5538083538083538], "acc": [0.5978260869565217, 0.40217391304347827, 0.40217391304347827, 0.40217391304347827, 0.40217391304347827, 0.5978260869565217, 0.40217391304347827, 0.40217391304347827, 0.40217391304347827, 0.532608695652174], "aps": [0.4977273852174346, 0.40217391304347827, 0.40217391304347827, 0.40217391304347827, 0.40217391304347827, 0.4977273852174346, 0.40217391304347827, 0.40217391304347827, 0.40217391304347827, 0.4454299942132208], "f1": [0.0, 0.5736434108527132, 0.5736434108527132, 0.5736434108527132, 0.5736434108527132, 0.0, 0.5736434108527132, 0.5736434108527132, 0.5736434108527132, 0.2950819672131148], "auprc": [0.48945031700819747, 0.7010869565217391, 0.7010869565217391, 0.7010869565217391, 0.7010869565217391, 0.48945031700819747, 0.7010869565217391, 0.7010869565217391, 0.7010869565217391, 0.42681982668862817]}]}