{"auroc": [0.5498771498771499, 0.5312039312039312, 0.5523341523341523, 0.5275184275184276, 0.5346437346437346, 0.4582309582309583, 0.5312039312039312, 0.5233415233415234, 0.5061425061425062, 0.5248157248157248], "acc": [0.40217391304347827, 0.40217391304347827, 0.40217391304347827, 0.40217391304347827, 0.40217391304347827, 0.40217391304347827, 0.40217391304347827, 0.40217391304347827, 0.40217391304347827, 0.40217391304347827], "aps": [0.43422962485739103, 0.4075567437204479, 0.4220472293758054, 0.40488719468584533, 0.41016254593330603, 0.36301388221389524, 0.4068440457393157, 0.40100497821331377, 0.3946684947617309, 0.420544907055549], "f1": [0.5736434108527132, 0.5736434108527132, 0.5736434108527132, 0.5736434108527132, 0.5736434108527132, 0.5736434108527132, 0.5736434108527132, 0.5736434108527132, 0.5736434108527132, 0.5736434108527132], "auprc": [0.41589319706726396, 0.3943738103822009, 0.40872919070051117, 0.3922422742100699, 0.39619047811550967, 0.36503157906576716, 0.3942679995610989, 0.3882195812947951, 0.3830623150180308, 0.40471926497114563]}