{"enet": [{"auroc": [0.5, 0.4845208845208845, 0.5, 0.509090909090909, 0.5, 0.5, 0.5120393120393121, 0.5, 0.5120393120393121, 0.5], "acc": [0.40217391304347827, 0.40217391304347827, 0.40217391304347827, 0.41304347826086957, 0.40217391304347827, 0.40217391304347827, 0.5978260869565217, 0.40217391304347827, 0.5978260869565217, 0.40217391304347827], "aps": [0.40217391304347827, 0.39939231781253837, 0.40217391304347827, 0.4065934065934066, 0.40217391304347827, 0.40217391304347827, 0.4024393389335874, 0.40217391304347827, 0.4024393389335874, 0.40217391304347827], "f1": [0.5736434108527132, 0.5736434108527132, 0.5736434108527132, 0.578125, 0.5736434108527132, 0.5736434108527132, 0.0, 0.5736434108527132, 0.0, 0.5736434108527132], "auprc": [0.7010869565217391, 0.4345487095979419, 0.7010869565217391, 0.7032967032967032, 0.7010869565217391, 0.7010869565217391, 0.38711887977760134, 0.7010869565217391, 0.38711887977760134, 0.7010869565217391]}]}