{"enet": [{"auroc": [0.5046683046683047, 0.5641277641277642, 0.5, 0.5371007371007371, 0.5312039312039313, 0.5371007371007371, 0.5312039312039313, 0.5105651105651106, 0.5, 0.5], "acc": [0.5869565217391305, 0.5978260869565217, 0.5978260869565217, 0.5978260869565217, 0.5978260869565217, 0.5978260869565217, 0.5978260869565217, 0.5978260869565217, 0.5978260869565217, 0.5978260869565217], "aps": [0.4036852215944805, 0.5077848168534707, 0.40217391304347827, 0.42850588286340535, 0.45003105155398365, 0.42850588286340535, 0.45003105155398365, 0.4281377697198111, 0.40217391304347827, 0.40217391304347827], "f1": [0.0, 0.0, 0.0, 0.0, 0.0, 0.0, 0.0, 0.0, 0.0, 0.0], "auprc": [0.3864173896397322, 0.49829837340562, 0.7010869565217391, 0.41229893883306, 0.43841112978352054, 0.41229893883306, 0.43841112978352054, 0.41185200816113726, 0.7010869565217391, 0.7010869565217391]}]}