{"auroc": [0.5297297297297298, 0.5341523341523342, 0.44963144963144963, 0.5985257985257986, 0.5302211302211303, 0.5400491400491401, 0.5213759213759215, 0.5425061425061426, 0.5783783783783784, 0.5238329238329239], "acc": [0.40217391304347827, 0.40217391304347827, 0.40217391304347827, 0.40217391304347827, 0.40217391304347827, 0.40217391304347827, 0.40217391304347827, 0.40217391304347827, 0.40217391304347827, 0.40217391304347827], "aps": [0.3974126516168822, 0.40123091915731784, 0.3737660749893094, 0.4708954821387779, 0.4273703306710678, 0.44925459062554146, 0.3960837623497283, 0.41408369072407936, 0.45428081160225703, 0.4662720041288019], "f1": [0.5736434108527132, 0.5736434108527132, 0.5736434108527132, 0.5736434108527132, 0.5736434108527132, 0.5736434108527132, 0.5736434108527132, 0.5736434108527132, 0.5736434108527132, 0.5736434108527132], "auprc": [0.38421643527994176, 0.38888787806829733, 0.3606485072838269, 0.45504114720521854, 0.40941523406908253, 0.4374413811619377, 0.383470597453228, 0.4011372788495732, 0.43919506823666243, 0.4545927887220327]}