{"enet": [{"auroc": [0.5218673218673219, 0.49090909090909096, 0.5, 0.5, 0.5, 0.49090909090909096, 0.4636363636363636, 0.4437346437346438, 0.5, 0.5], "acc": [0.40217391304347827, 0.40217391304347827, 0.40217391304347827, 0.40217391304347827, 0.40217391304347827, 0.40217391304347827, 0.42391304347826086, 0.5978260869565217, 0.40217391304347827, 0.40217391304347827], "aps": [0.4320824250326959, 0.39509940637297436, 0.40217391304347827, 0.40217391304347827, 0.40217391304347827, 0.39509940637297436, 0.36827961707693796, 0.3615436734596564, 0.40217391304347827, 0.40217391304347827], "f1": [0.5736434108527132, 0.5736434108527132, 0.5736434108527132, 0.5736434108527132, 0.5736434108527132, 0.5736434108527132, 0.5826771653543308, 0.0, 0.5736434108527132, 0.5736434108527132], "auprc": [0.4135796381072506, 0.5430165514235422, 0.7010869565217391, 0.7010869565217391, 0.7010869565217391, 0.5430165514235422, 0.47642576883941284, 0.34723785825713915, 0.7010869565217391, 0.7010869565217391]}]}