{"enet": [{"auroc": [0.5007371007371008, 0.47002457002457004, 0.47002457002457004, 0.5, 0.5, 0.47002457002457004, 0.5, 0.4879606879606879, 0.5, 0.5], "acc": [0.5978260869565217, 0.3804347826086957, 0.3804347826086957, 0.40217391304347827, 0.40217391304347827, 0.3804347826086957, 0.40217391304347827, 0.5978260869565217, 0.40217391304347827, 0.40217391304347827], "aps": [0.423187785879344, 0.38943570844519587, 0.38943570844519587, 0.40217391304347827, 0.40217391304347827, 0.38943570844519587, 0.40217391304347827, 0.41451107355946404, 0.40217391304347827, 0.40217391304347827], "f1": [0.2745098039215686, 0.544, 0.544, 0.5736434108527132, 0.5736434108527132, 0.544, 0.5736434108527132, 0.0, 0.5736434108527132, 0.5736434108527132], "auprc": [0.40483292294046486, 0.5279189479889148, 0.5279189479889148, 0.7010869565217391, 0.7010869565217391, 0.5279189479889148, 0.7010869565217391, 0.3961820730383437, 0.7010869565217391, 0.7010869565217391]}]}