{"auroc": [0.487960687960688, 0.5, 0.5, 0.4972972972972973, 0.5, 0.5552825552825553, 0.5, 0.5031941031941032, 0.5, 0.5], "acc": [0.40217391304347827, 0.40217391304347827, 0.40217391304347827, 0.40217391304347827, 0.40217391304347827, 0.40217391304347827, 0.40217391304347827, 0.40217391304347827, 0.40217391304347827, 0.40217391304347827], "aps": [0.38123246235499897, 0.40217391304347827, 0.40217391304347827, 0.389141582866687, 0.40217391304347827, 0.48035429349604264, 0.40217391304347827, 0.39156856298288306, 0.40217391304347827, 0.40217391304347827], "f1": [0.5736434108527132, 0.5736434108527132, 0.5736434108527132, 0.5736434108527132, 0.5736434108527132, 0.5736434108527132, 0.5736434108527132, 0.5736434108527132, 0.5736434108527132, 0.5736434108527132], "auprc": [0.36840045019070083, 0.7010869565217391, 0.7010869565217391, 0.37607375117223873, 0.7010869565217391, 0.47073277954519044, 0.7010869565217391, 0.3785143769867303, 0.7010869565217391, 0.7010869565217391]}