{"rf": [{"auroc": [0.5255528255528256], "acc": [0.45652173913043476], "aps": [0.4643206277710041], "f1": [0.4444444444444445]}], "enet": [{"auroc": [0.4683046683046683], "acc": [0.5978260869565217], "aps": [0.40550033484564013], "f1": [0.0]}]}