{"auroc": [0.46289926289926286, 0.4255528255528256, 0.45503685503685504, 0.4422604422604423, 0.4486486486486487, 0.4171990171990172, 0.49631449631449637, 0.4358722358722359, 0.5287469287469287, 0.45061425061425076], "acc": [0.40217391304347827, 0.40217391304347827, 0.40217391304347827, 0.40217391304347827, 0.40217391304347827, 0.40217391304347827, 0.40217391304347827, 0.40217391304347827, 0.40217391304347827, 0.40217391304347827], "aps": [0.42267589112730997, 0.3573569995421741, 0.3725520948773837, 0.3649379156970788, 0.364629616330868, 0.36077627492691655, 0.4113936000462597, 0.35988352766184495, 0.42589794437576123, 0.36802210823016895], "f1": [0.5736434108527132, 0.5736434108527132, 0.5736434108527132, 0.5736434108527132, 0.5736434108527132, 0.5736434108527132, 0.5736434108527132, 0.5736434108527132, 0.5736434108527132, 0.5736434108527132], "auprc": [0.40438388311454676, 0.3446951360987037, 0.35948550351359243, 0.3520438916731587, 0.3518840301050838, 0.3442501728901191, 0.3953701212022199, 0.3477006980566426, 0.4078367901914341, 0.3548385398616213]}