{"rf": [{"auroc": [0.5], "acc": [0.40217391304347827], "aps": [0.43128735077945185], "f1": [0.5669291338582677], "auprc": [0.41332647618240415]}], "enet": [{"auroc": [0.5], "acc": [0.40217391304347827], "aps": [0.40217391304347827], "f1": [0.5736434108527132], "auprc": [0.7010869565217391]}]}