{"rf": [{"auroc": [0.5493857493857494], "acc": [0.40217391304347827], "aps": [0.4368252850551637], "f1": [0.5736434108527132]}], "enet": [{"auroc": [0.485995085995086], "acc": [0.40217391304347827], "aps": [0.4173780320955133], "f1": [0.5736434108527132]}]}