{"rf": [{"auroc": [0.5061425061425061], "acc": [0.5217391304347826], "aps": [0.3978880543778242], "f1": [0.12]}], "enet": [{"auroc": [0.5], "acc": [0.40217391304347827], "aps": [0.40217391304347827], "f1": [0.5736434108527132]}]}