{"rf": [{"auroc": [0.5228501228501229], "acc": [0.41304347826086957], "aps": [0.4261431920454852], "f1": [0.578125], "auprc": [0.41831667160680125]}], "enet": [{"auroc": [0.5366093366093366], "acc": [0.40217391304347827], "aps": [0.4368431157600161], "f1": [0.5736434108527132], "auprc": [0.4208999080663542]}]}