{"auroc": [0.5302211302211303, 0.5351351351351352, 0.5331695331695332, 0.5302211302211302, 0.5336609336609337, 0.5395577395577396, 0.544963144963145, 0.5292383292383294, 0.5316953316953318, 0.5331695331695332], "acc": [0.40217391304347827, 0.40217391304347827, 0.40217391304347827, 0.40217391304347827, 0.40217391304347827, 0.40217391304347827, 0.40217391304347827, 0.40217391304347827, 0.40217391304347827, 0.40217391304347827], "aps": [0.4036601075896121, 0.40659317515700166, 0.4053907084482058, 0.40365989417091697, 0.4064096269150528, 0.4092074714485405, 0.411033410912789, 0.40286224105994833, 0.4043588532451624, 0.40576738519029854], "f1": [0.5736434108527132, 0.5736434108527132, 0.5736434108527132, 0.5736434108527132, 0.5736434108527132, 0.5736434108527132, 0.5736434108527132, 0.5736434108527132, 0.5736434108527132, 0.5736434108527132], "auprc": [0.3910483239107868, 0.393962576904673, 0.3927677297987666, 0.39105442393034545, 0.39369884922934184, 0.39663773174508477, 0.39835019968790003, 0.3902621068404994, 0.3917423079810822, 0.393090770783525]}