{"enet": [{"auroc": [0.5818181818181818, 0.5818181818181818, 0.54987714987715, 0.4864864864864865, 0.4916461916461916, 0.54987714987715, 0.5, 0.5823095823095823, 0.54987714987715, 0.49582309582309586], "acc": [0.40217391304347827, 0.40217391304347827, 0.40217391304347827, 0.40217391304347827, 0.40217391304347827, 0.40217391304347827, 0.40217391304347827, 0.40217391304347827, 0.40217391304347827, 0.40217391304347827], "aps": [0.4909705598796718, 0.4909705598796718, 0.4583264541193156, 0.39578195012977624, 0.3981497928127141, 0.4583264541193156, 0.40217391304347827, 0.45539621273022746, 0.4583264541193156, 0.40017820017820016], "f1": [0.5736434108527132, 0.5736434108527132, 0.5736434108527132, 0.5736434108527132, 0.5736434108527132, 0.5736434108527132, 0.5736434108527132, 0.5736434108527132, 0.5736434108527132, 0.5736434108527132], "auprc": [0.47924981024060737, 0.47924981024060737, 0.443354790387115, 0.6897234668973798, 0.6828279676594283, 0.443354790387115, 0.7010869565217391, 0.4443868025737916, 0.443354790387115, 0.6919809919809919]}]}