{"rf": [{"auroc": [0.41425061425061427], "acc": [0.40217391304347827], "aps": [0.3410013030522702], "f1": [0.5736434108527132], "auprc": [0.33089843015641496]}], "enet": [{"auroc": [0.5], "acc": [0.40217391304347827], "aps": [0.40217391304347827], "f1": [0.5736434108527132], "auprc": [0.7010869565217391]}]}