{"rf": [{"auroc": [0.5636363636363636], "acc": [0.41304347826086957], "aps": [0.44573663538943187], "f1": [0.578125]}], "enet": [{"auroc": [0.5], "acc": [0.40217391304347827], "aps": [0.40217391304347827], "f1": [0.5736434108527132]}]}