{"enet": [{"auroc": [0.5223587223587225, 0.5130221130221131, 0.5076167076167076, 0.5223587223587225, 0.5046683046683047, 0.5184275184275184, 0.5130221130221131, 0.5076167076167076, 0.5184275184275184, 0.5223587223587225], "acc": [0.40217391304347827, 0.40217391304347827, 0.40217391304347827, 0.40217391304347827, 0.40217391304347827, 0.5978260869565217, 0.40217391304347827, 0.40217391304347827, 0.5978260869565217, 0.40217391304347827], "aps": [0.43825411829586675, 0.4179048832271398, 0.40916990117647867, 0.43825411829586675, 0.40356799809780697, 0.4378287721863939, 0.4179048832271398, 0.40916990117647867, 0.4378287721863939, 0.43825411829586675], "f1": [0.5736434108527132, 0.5736434108527132, 0.5736434108527132, 0.5736434108527132, 0.5736434108527132, 0.0, 0.5736434108527132, 0.5736434108527132, 0.0, 0.5736434108527132], "auprc": [0.42720593253594, 0.39976347874208357, 0.3913263645552808, 0.42720593253594, 0.38572640131579555, 0.4263533740504088, 0.39976347874208357, 0.3913263645552808, 0.4263533740504088, 0.42720593253594]}]}