{"auroc": [0.487960687960688, 0.44324324324324327, 0.4348894348894349, 0.4275184275184275, 0.4825552825552826, 0.48550368550368556, 0.43194103194103195, 0.41277641277641286, 0.4520884520884521, 0.4388206388206388], "acc": [0.5217391304347826, 0.5978260869565217, 0.40217391304347827, 0.40217391304347827, 0.40217391304347827, 0.40217391304347827, 0.40217391304347827, 0.5434782608695652, 0.40217391304347827, 0.5978260869565217], "aps": [0.39912504044282215, 0.3864352748877786, 0.37721317933524035, 0.368809071726275, 0.3888378110541677, 0.383360450495431, 0.3604494703464195, 0.35799228807072275, 0.383821562288052, 0.3703750337579602], "f1": [0.3125, 0.0, 0.5736434108527132, 0.5736434108527132, 0.5736434108527132, 0.5736434108527132, 0.5736434108527132, 0.08695652173913043, 0.5736434108527132, 0.0], "auprc": [0.38315379069173, 0.368714736639624, 0.36364983874654433, 0.35607490091692107, 0.37232177418821955, 0.3706067408389404, 0.3479910506071913, 0.3442682250601047, 0.37045428357067767, 0.3562700688782505]}