{"auroc": [0.5631449631449632, 0.5248157248157248, 0.5597051597051597, 0.5641277641277642, 0.5144963144963146, 0.5253071253071254, 0.5660933660933661, 0.5297297297297298, 0.5361179361179362, 0.5267813267813267], "acc": [0.40217391304347827, 0.40217391304347827, 0.40217391304347827, 0.40217391304347827, 0.40217391304347827, 0.40217391304347827, 0.40217391304347827, 0.40217391304347827, 0.40217391304347827, 0.40217391304347827], "aps": [0.4310479855672165, 0.4020895136745951, 0.42414134750949534, 0.4306715295703658, 0.3987128641285519, 0.4001265551511274, 0.42304919276408165, 0.40374545875690737, 0.4040049636997787, 0.40382479024596585], "f1": [0.5736434108527132, 0.5736434108527132, 0.5736434108527132, 0.5736434108527132, 0.5736434108527132, 0.5736434108527132, 0.5736434108527132, 0.5736434108527132, 0.5736434108527132, 0.5736434108527132], "auprc": [0.41842718162117937, 0.3889558472535261, 0.4112338485523416, 0.41647428547476545, 0.38503803446154794, 0.3870095131484813, 0.40994286198415014, 0.39088479862601944, 0.3913472169058908, 0.39109601761845614]}