{"auroc": [0.5326781326781327, 0.5307125307125308, 0.5046683046683047, 0.5117936117936118, 0.5312039312039312, 0.51990171990172, 0.5262899262899263, 0.5248157248157248, 0.5297297297297298, 0.5302211302211303], "acc": [0.40217391304347827, 0.40217391304347827, 0.5978260869565217, 0.40217391304347827, 0.40217391304347827, 0.40217391304347827, 0.40217391304347827, 0.40217391304347827, 0.40217391304347827, 0.40217391304347827], "aps": [0.4075325893690329, 0.40791924815944014, 0.41616517582905777, 0.3940077008983911, 0.40491694406567535, 0.39911278227140395, 0.402866617132993, 0.4026925940031516, 0.4038066721929281, 0.4045818106283373], "f1": [0.5736434108527132, 0.5736434108527132, 0.0, 0.5736434108527132, 0.5736434108527132, 0.5736434108527132, 0.5736434108527132, 0.5736434108527132, 0.5736434108527132, 0.5736434108527132], "auprc": [0.39470112418333514, 0.3940855729599031, 0.39788807629263667, 0.38072517375966397, 0.39223596753798295, 0.38586495434082574, 0.3901166497400268, 0.3899374112362345, 0.3912270808105347, 0.39188041983599914]}