{"enet": [{"auroc": [0.5371007371007371, 0.5356265356265357, 0.5356265356265357, 0.5371007371007371, 0.5066339066339067, 0.5140049140049141, 0.5, 0.5, 0.5140049140049141, 0.5400491400491402], "acc": [0.40217391304347827, 0.5978260869565217, 0.5978260869565217, 0.40217391304347827, 0.40217391304347827, 0.41304347826086957, 0.40217391304347827, 0.40217391304347827, 0.41304347826086957, 0.40217391304347827], "aps": [0.4509435802824602, 0.42634256349586763, 0.42634256349586763, 0.4509435802824602, 0.39640989922358016, 0.4091455091455092, 0.40217391304347827, 0.40217391304347827, 0.4091455091455092, 0.4274325922833895], "f1": [0.5736434108527132, 0.0, 0.0, 0.5736434108527132, 0.5736434108527132, 0.578125, 0.5736434108527132, 0.5736434108527132, 0.578125, 0.5736434108527132], "auprc": [0.4329226515379682, 0.40816921359588715, 0.40816921359588715, 0.4329226515379682, 0.38222596951361915, 0.696525381356842, 0.7010869565217391, 0.7010869565217391, 0.696525381356842, 0.41117432016878913]}]}