{"rf": [{"auroc": [0.5105651105651106], "acc": [0.5978260869565217], "aps": [0.4151194462542164], "f1": [0.0]}], "enet": [{"auroc": [0.5316953316953317], "acc": [0.40217391304347827], "aps": [0.4363518444542386], "f1": [0.5736434108527132]}]}