{"enet": [{"auroc": [0.49189189189189186, 0.4004914004914004, 0.5, 0.5, 0.5, 0.5, 0.5, 0.4004914004914004, 0.5, 0.5], "acc": [0.40217391304347827, 0.45652173913043476, 0.40217391304347827, 0.40217391304347827, 0.40217391304347827, 0.40217391304347827, 0.40217391304347827, 0.45652173913043476, 0.40217391304347827, 0.40217391304347827], "aps": [0.41317969387221104, 0.3680622767596513, 0.40217391304347827, 0.40217391304347827, 0.40217391304347827, 0.40217391304347827, 0.40217391304347827, 0.3680622767596513, 0.40217391304347827, 0.40217391304347827], "f1": [0.5736434108527132, 0.16666666666666666, 0.5736434108527132, 0.5736434108527132, 0.5736434108527132, 0.5736434108527132, 0.5736434108527132, 0.16666666666666666, 0.5736434108527132, 0.5736434108527132], "auprc": [0.40216480101317303, 0.3577012555931607, 0.7010869565217391, 0.7010869565217391, 0.7010869565217391, 0.7010869565217391, 0.7010869565217391, 0.3577012555931607, 0.7010869565217391, 0.7010869565217391]}]}