{"enet": [{"auroc": [0.577886977886978, 0.5434889434889436, 0.5, 0.577886977886978, 0.5, 0.5, 0.5, 0.5, 0.5, 0.5783783783783785], "acc": [0.40217391304347827, 0.40217391304347827, 0.40217391304347827, 0.40217391304347827, 0.40217391304347827, 0.40217391304347827, 0.40217391304347827, 0.40217391304347827, 0.40217391304347827, 0.40217391304347827], "aps": [0.4879125416772463, 0.4135696013921699, 0.40217391304347827, 0.4879125416772463, 0.40217391304347827, 0.40217391304347827, 0.40217391304347827, 0.40217391304347827, 0.40217391304347827, 0.47071035307984876], "f1": [0.5736434108527132, 0.5736434108527132, 0.5736434108527132, 0.5736434108527132, 0.5736434108527132, 0.5736434108527132, 0.5736434108527132, 0.5736434108527132, 0.5736434108527132, 0.5736434108527132], "auprc": [0.46921218960267963, 0.4007513611119151, 0.7010869565217391, 0.46921218960267963, 0.7010869565217391, 0.7010869565217391, 0.7010869565217391, 0.7010869565217391, 0.7010869565217391, 0.4519561492484883]}]}