{"enet": [{"auroc": [0.5, 0.5636363636363637, 0.5, 0.6113022113022113, 0.547911547911548, 0.5, 0.5636363636363637, 0.6113022113022113, 0.5, 0.5], "acc": [0.40217391304347827, 0.40217391304347827, 0.40217391304347827, 0.5978260869565217, 0.5978260869565217, 0.40217391304347827, 0.40217391304347827, 0.5978260869565217, 0.5978260869565217, 0.5978260869565217], "aps": [0.40217391304347827, 0.44012969376664784, 0.40217391304347827, 0.4841122949297829, 0.4407093895750156, 0.40217391304347827, 0.44012969376664784, 0.4841122949297829, 0.40217391304347827, 0.40217391304347827], "f1": [0.5736434108527132, 0.5736434108527132, 0.5736434108527132, 0.0, 0.0, 0.5736434108527132, 0.5736434108527132, 0.0, 0.0, 0.0], "auprc": [0.7010869565217391, 0.42436458737315447, 0.7010869565217391, 0.4727707822081778, 0.4246477980632466, 0.7010869565217391, 0.42436458737315447, 0.4727707822081778, 0.7010869565217391, 0.7010869565217391]}]}