{"enet": [{"auroc": [0.5523341523341523, 0.4855036855036855, 0.5076167076167076, 0.5, 0.48599508599508606, 0.49090909090909096, 0.5036855036855037, 0.5, 0.5523341523341523, 0.5523341523341523], "acc": [0.40217391304347827, 0.5978260869565217, 0.40217391304347827, 0.40217391304347827, 0.40217391304347827, 0.40217391304347827, 0.5978260869565217, 0.40217391304347827, 0.40217391304347827, 0.40217391304347827], "aps": [0.4614411966878838, 0.40546638542494184, 0.430280200660578, 0.40217391304347827, 0.4024234496803276, 0.4071872435106515, 0.3899691635083333, 0.40217391304347827, 0.4614411966878838, 0.4614411966878838], "f1": [0.5736434108527132, 0.0, 0.5736434108527132, 0.5736434108527132, 0.5736434108527132, 0.5736434108527132, 0.0, 0.5736434108527132, 0.5736434108527132, 0.5736434108527132], "auprc": [0.44972006630173905, 0.3946602955291461, 0.4190616576407161, 0.7010869565217391, 0.3863996759729519, 0.39103152514934575, 0.37622992542499667, 0.7010869565217391, 0.44972006630173905, 0.44972006630173905]}]}