{"auroc": [0.5592137592137592, 0.5675675675675675, 0.5611793611793613, 0.542997542997543, 0.5503685503685504, 0.5567567567567568, 0.5444717444717445, 0.5788697788697789, 0.5464373464373464, 0.5484029484029485], "acc": [0.40217391304347827, 0.40217391304347827, 0.40217391304347827, 0.40217391304347827, 0.40217391304347827, 0.40217391304347827, 0.40217391304347827, 0.40217391304347827, 0.40217391304347827, 0.40217391304347827], "aps": [0.4174532203085749, 0.4213919265853767, 0.4191551633470408, 0.40752998689002495, 0.41684533804064516, 0.4207697362247718, 0.4230489210591775, 0.4400581768710554, 0.41225297774277847, 0.4126125052412911], "f1": [0.5736434108527132, 0.5736434108527132, 0.5736434108527132, 0.5736434108527132, 0.5736434108527132, 0.5736434108527132, 0.5736434108527132, 0.5736434108527132, 0.5736434108527132, 0.5736434108527132], "auprc": [0.40456016581339055, 0.40850691391086297, 0.40666760522984036, 0.3947675423654714, 0.4030227374960509, 0.40711919566904897, 0.4072306029965968, 0.4243786879699757, 0.3994145424735608, 0.40021225173908437]}