{"enet": [{"auroc": [0.5041769041769042, 0.5803439803439804, 0.5041769041769042, 0.5646191646191646, 0.4751842751842752, 0.5041769041769042, 0.4751842751842752, 0.5041769041769042, 0.48157248157248167, 0.5041769041769042], "acc": [0.40217391304347827, 0.5978260869565217, 0.40217391304347827, 0.40217391304347827, 0.40217391304347827, 0.40217391304347827, 0.40217391304347827, 0.40217391304347827, 0.40217391304347827, 0.40217391304347827], "aps": [0.4202810182362625, 0.5082052243582077, 0.4202810182362625, 0.4887991731045499, 0.38782818369333605, 0.4202810182362625, 0.38782818369333605, 0.4202810182362625, 0.3866834767493713, 0.4202810182362625], "f1": [0.5736434108527132, 0.0, 0.5736434108527132, 0.5736434108527132, 0.5736434108527132, 0.5736434108527132, 0.5736434108527132, 0.5736434108527132, 0.5736434108527132, 0.5736434108527132], "auprc": [0.40187661751059245, 0.4994382109067836, 0.40187661751059245, 0.4790700407167599, 0.37213526411283115, 0.40187661751059245, 0.37213526411283115, 0.40187661751059245, 0.37140339112410903, 0.40187661751059245]}]}