{"enet": [{"auroc": [0.5867321867321867, 0.5, 0.5, 0.5, 0.5872235872235874, 0.5, 0.5597051597051597, 0.5095823095823095, 0.5095823095823095, 0.5552825552825553], "acc": [0.40217391304347827, 0.40217391304347827, 0.40217391304347827, 0.40217391304347827, 0.41304347826086957, 0.40217391304347827, 0.40217391304347827, 0.5978260869565217, 0.5978260869565217, 0.40217391304347827], "aps": [0.4436311445844349, 0.40217391304347827, 0.40217391304347827, 0.40217391304347827, 0.4513988836775317, 0.40217391304347827, 0.42144787100961806, 0.4679437774804469, 0.4679437774804469, 0.4161686802113], "f1": [0.5736434108527132, 0.5736434108527132, 0.5736434108527132, 0.5736434108527132, 0.578125, 0.5736434108527132, 0.5736434108527132, 0.0, 0.0, 0.5736434108527132], "auprc": [0.4288632246738284, 0.7010869565217391, 0.7010869565217391, 0.7010869565217391, 0.4331587224623319, 0.7010869565217391, 0.40614900191253395, 0.45826707902202213, 0.45826707902202213, 0.40213124659625776]}]}