{"enet": [{"auroc": [0.5125307125307126, 0.45749385749385757, 0.5469287469287469, 0.45749385749385757, 0.46093366093366095, 0.51990171990172, 0.5267813267813268, 0.49533169533169535, 0.4933660933660934, 0.5474201474201474], "acc": [0.40217391304347827, 0.5978260869565217, 0.40217391304347827, 0.5978260869565217, 0.40217391304347827, 0.40217391304347827, 0.40217391304347827, 0.5978260869565217, 0.40217391304347827, 0.40217391304347827], "aps": [0.3990072345940229, 0.40840457654829065, 0.4094483352770902, 0.40840457654829065, 0.39534507354530923, 0.39963143642712123, 0.4003665266724254, 0.43449871594126327, 0.38859491585805656, 0.40974127309311986], "f1": [0.5736434108527132, 0.0, 0.5736434108527132, 0.0, 0.5736434108527132, 0.5736434108527132, 0.5736434108527132, 0.0, 0.5736434108527132, 0.5736434108527132], "auprc": [0.38487508474013593, 0.3970967749647615, 0.3962066488636002, 0.3970967749647615, 0.377560108000664, 0.3853979730978029, 0.3863592908060527, 0.42282359050388224, 0.3754600941446372, 0.3965262557221534]}]}