{"auroc": [0.5469287469287469, 0.5056511056511057, 0.5223587223587224, 0.5174447174447174, 0.5341523341523342, 0.5262899262899263, 0.5272727272727273, 0.5262899262899263, 0.5194103194103195, 0.5321867321867322], "acc": [0.40217391304347827, 0.40217391304347827, 0.40217391304347827, 0.40217391304347827, 0.40217391304347827, 0.40217391304347827, 0.40217391304347827, 0.40217391304347827, 0.40217391304347827, 0.40217391304347827], "aps": [0.4165041327001102, 0.3935202094534135, 0.4002033687163872, 0.39850773291954994, 0.4048456450580997, 0.4039507846558204, 0.4036119953252438, 0.4028094557732816, 0.40081305779901544, 0.4092208549156027], "f1": [0.5736434108527132, 0.5736434108527132, 0.5736434108527132, 0.5736434108527132, 0.5736434108527132, 0.5736434108527132, 0.5736434108527132, 0.5736434108527132, 0.5736434108527132, 0.5736434108527132], "auprc": [0.4032064278548655, 0.380989858946135, 0.38752071574349534, 0.38586564777664634, 0.392306216029538, 0.39123597183983044, 0.3909291003545564, 0.390197394033551, 0.3880176535041918, 0.39633273955562526]}