{"enet": [{"auroc": [0.4904176904176904, 0.5, 0.5, 0.5685503685503686, 0.4579852579852581, 0.45995085995086005, 0.4982800982800983, 0.4904176904176904, 0.4904176904176904, 0.4982800982800983], "acc": [0.42391304347826086, 0.40217391304347827, 0.40217391304347827, 0.40217391304347827, 0.5978260869565217, 0.5652173913043478, 0.40217391304347827, 0.42391304347826086, 0.42391304347826086, 0.40217391304347827], "aps": [0.41134688572717526, 0.40217391304347827, 0.40217391304347827, 0.41795567887439306, 0.36168953820948735, 0.3615112433039332, 0.4046913687078211, 0.41134688572717526, 0.41134688572717526, 0.4046913687078211], "f1": [0.5826771653543308, 0.5736434108527132, 0.5736434108527132, 0.5736434108527132, 0.0, 0.09090909090909091, 0.5736434108527132, 0.5826771653543308, 0.5826771653543308, 0.5736434108527132], "auprc": [0.39562650651802955, 0.7010869565217391, 0.7010869565217391, 0.40608542794523683, 0.34864201666211975, 0.34904871278567196, 0.39083627801019805, 0.39562650651802955, 0.39562650651802955, 0.39083627801019805]}]}