{"rf": [{"auroc": [0.42063882063882063], "acc": [0.5978260869565217], "aps": [0.35519286756490465], "f1": [0.0]}], "enet": [{"auroc": [0.518918918918919], "acc": [0.5869565217391305], "aps": [0.4118264994065023], "f1": [0.0]}]}