{"rf": [{"auroc": [0.4690417690417691], "acc": [0.44565217391304346], "aps": [0.38315488660133407], "f1": [0.5048543689320388], "auprc": [0.35707041367168624]}], "enet": [{"auroc": [0.48550368550368556], "acc": [0.40217391304347827], "aps": [0.4412273219759816], "f1": [0.5736434108527132], "auprc": [0.4318279171461008]}]}