{"rf": [{"auroc": [0.5262899262899263], "acc": [0.5978260869565217], "aps": [0.4148369478133864], "f1": [0.0], "auprc": [0.39450368874966607]}], "enet": [{"auroc": [0.5140049140049141], "acc": [0.40217391304347827], "aps": [0.42075032790773415], "f1": [0.5736434108527132], "auprc": [0.4025542585560727]}]}