{"rf": [{"auroc": [0.5447174447174447], "acc": [0.40217391304347827], "aps": [0.44001909421159685], "f1": [0.5736434108527132], "auprc": [0.432945731485849]}], "enet": [{"auroc": [0.5], "acc": [0.40217391304347827], "aps": [0.40217391304347827], "f1": [0.5736434108527132], "auprc": [0.7010869565217391]}]}