{"auroc": [0.49140049140049136, 0.57985257985258, 0.47469287469287474, 0.5041769041769042, 0.5361179361179361, 0.5027027027027028, 0.5144963144963145, 0.5331695331695332, 0.5425061425061425, 0.5862407862407863], "acc": [0.40217391304347827, 0.40217391304347827, 0.40217391304347827, 0.40217391304347827, 0.40217391304347827, 0.40217391304347827, 0.40217391304347827, 0.40217391304347827, 0.40217391304347827, 0.40217391304347827], "aps": [0.3954615463292131, 0.43170912200566103, 0.38709056279535714, 0.39892722732590635, 0.40734204257659157, 0.402920790510365, 0.39767388115395635, 0.40997862381400785, 0.41388910971423337, 0.4315121409268113], "f1": [0.5736434108527132, 0.5736434108527132, 0.5736434108527132, 0.5736434108527132, 0.5736434108527132, 0.5736434108527132, 0.5736434108527132, 0.5736434108527132, 0.5736434108527132, 0.5736434108527132], "auprc": [0.3805856081870101, 0.41661052876856663, 0.3699437756381423, 0.38494597319816654, 0.3934789673149287, 0.3858650215329263, 0.3829711434891442, 0.3950085542726792, 0.4005313410943965, 0.4179556284202191]}