{"auroc": [0.5027027027027028, 0.5179361179361179, 0.5066339066339066, 0.516953316953317, 0.5164619164619165, 0.6137592137592138, 0.5484029484029485, 0.5179361179361179, 0.5724815724815725, 0.5140049140049141], "acc": [0.40217391304347827, 0.40217391304347827, 0.40217391304347827, 0.40217391304347827, 0.40217391304347827, 0.40217391304347827, 0.40217391304347827, 0.40217391304347827, 0.40217391304347827, 0.40217391304347827], "aps": [0.41979621031180736, 0.416016978032946, 0.4283769465238873, 0.41952574320194835, 0.41733451388600784, 0.4848167316608307, 0.43644244272604915, 0.4186433883232237, 0.46595290087618435, 0.4340717301179902], "f1": [0.5736434108527132, 0.5736434108527132, 0.5736434108527132, 0.5736434108527132, 0.5736434108527132, 0.5736434108527132, 0.5736434108527132, 0.5736434108527132, 0.5736434108527132, 0.5736434108527132], "auprc": [0.40478532113121646, 0.39837489891872296, 0.41707312633016824, 0.40922141815781543, 0.40114381408921695, 0.47027303500732837, 0.41808116110460847, 0.40045363042448184, 0.4481566511407335, 0.42245988972424303]}