{"auroc": [0.4363636363636364, 0.5203931203931205, 0.514004914004914, 0.5380835380835381, 0.4879606879606879, 0.5218673218673219, 0.49090909090909096, 0.4437346437346437, 0.5228501228501229, 0.5287469287469287], "acc": [0.40217391304347827, 0.40217391304347827, 0.40217391304347827, 0.40217391304347827, 0.40217391304347827, 0.40217391304347827, 0.40217391304347827, 0.40217391304347827, 0.40217391304347827, 0.40217391304347827], "aps": [0.35816534855925597, 0.4563898725676633, 0.39655876444128374, 0.42155083853233544, 0.38256577868334896, 0.4068308239398678, 0.3946898957460367, 0.38757481965990115, 0.40134163012341056, 0.4158231224666233], "f1": [0.5736434108527132, 0.5736434108527132, 0.5736434108527132, 0.5736434108527132, 0.5736434108527132, 0.5736434108527132, 0.5736434108527132, 0.5736434108527132, 0.5736434108527132, 0.5736434108527132], "auprc": [0.34742294318951805, 0.43780495878542547, 0.38385323254612536, 0.40575031023650376, 0.3709621715298653, 0.38976158211485107, 0.3800342855808592, 0.37177787294948444, 0.3884939082647166, 0.4017661397846184]}