{"enet": [{"auroc": [0.47174447174447176, 0.4668304668304669, 0.5, 0.5, 0.4668304668304669, 0.5, 0.5243243243243244, 0.5, 0.5, 0.5], "acc": [0.5978260869565217, 0.5978260869565217, 0.40217391304347827, 0.40217391304347827, 0.5978260869565217, 0.40217391304347827, 0.40217391304347827, 0.40217391304347827, 0.40217391304347827, 0.40217391304347827], "aps": [0.4335568569946565, 0.39209105361815155, 0.40217391304347827, 0.40217391304347827, 0.39209105361815155, 0.40217391304347827, 0.4033182175701455, 0.40217391304347827, 0.40217391304347827, 0.40217391304347827], "f1": [0.0, 0.0, 0.5736434108527132, 0.5736434108527132, 0.0, 0.5736434108527132, 0.5736434108527132, 0.5736434108527132, 0.5736434108527132, 0.5736434108527132], "auprc": [0.4243486578243015, 0.37617971404160583, 0.7010869565217391, 0.7010869565217391, 0.37617971404160583, 0.7010869565217391, 0.3898329492362839, 0.7010869565217391, 0.7010869565217391, 0.7010869565217391]}]}