{"enet": [{"auroc": [0.520884520884521, 0.5, 0.5, 0.4737100737100737, 0.48206388206388207, 0.5, 0.5031941031941032, 0.5031941031941032, 0.5, 0.5420147420147421], "acc": [0.40217391304347827, 0.40217391304347827, 0.40217391304347827, 0.5978260869565217, 0.45652173913043476, 0.40217391304347827, 0.5978260869565217, 0.5978260869565217, 0.40217391304347827, 0.40217391304347827], "aps": [0.39972091713748514, 0.40217391304347827, 0.40217391304347827, 0.4104948871408155, 0.43879362214866263, 0.40217391304347827, 0.44486039799717225, 0.44486039799717225, 0.40217391304347827, 0.4235769237797635], "f1": [0.5736434108527132, 0.5736434108527132, 0.5736434108527132, 0.0, 0.5833333333333334, 0.5736434108527132, 0.0, 0.0, 0.5736434108527132, 0.5736434108527132], "auprc": [0.3870602102947278, 0.7010869565217391, 0.7010869565217391, 0.39922275614102704, 0.4309579584174612, 0.7010869565217391, 0.43301752192456006, 0.43301752192456006, 0.7010869565217391, 0.7039317679866763]}]}