{"rf": [{"auroc": [0.5329238329238329], "acc": [0.40217391304347827], "aps": [0.4072299968569869], "f1": [0.5736434108527132], "auprc": [0.3963496268568172]}], "enet": [{"auroc": [0.5646191646191646], "acc": [0.40217391304347827], "aps": [0.4633892334789002], "f1": [0.5736434108527132], "auprc": [0.4517700115576685]}]}