{"enet": [{"auroc": [0.538083538083538, 0.4727272727272728, 0.5, 0.5, 0.4727272727272728, 0.4727272727272728, 0.5385749385749385, 0.4697788697788698, 0.5282555282555284, 0.5], "acc": [0.40217391304347827, 0.5978260869565217, 0.40217391304347827, 0.40217391304347827, 0.5978260869565217, 0.5978260869565217, 0.40217391304347827, 0.5978260869565217, 0.40217391304347827, 0.40217391304347827], "aps": [0.40983065793782214, 0.3912965081031493, 0.40217391304347827, 0.40217391304347827, 0.3912965081031493, 0.3912965081031493, 0.40908704773118143, 0.38962990282085785, 0.4021504083783216, 0.40217391304347827], "f1": [0.5736434108527132, 0.0, 0.5736434108527132, 0.5736434108527132, 0.0, 0.0, 0.5736434108527132, 0.0, 0.5736434108527132, 0.5736434108527132], "auprc": [0.3959804487192372, 0.37361711894337585, 0.7010869565217391, 0.7010869565217391, 0.37361711894337585, 0.37361711894337585, 0.39578188751288607, 0.37198728442299145, 0.38893108685137506, 0.7010869565217391]}]}