{"auroc": [0.5660933660933661, 0.5346437346437346, 0.5577395577395577, 0.5169533169533169, 0.5235872235872236, 0.5941031941031941, 0.5425061425061426, 0.5100737100737102, 0.515970515970516, 0.5142506142506142], "acc": [0.40217391304347827, 0.40217391304347827, 0.40217391304347827, 0.40217391304347827, 0.40217391304347827, 0.40217391304347827, 0.40217391304347827, 0.40217391304347827, 0.40217391304347827, 0.40217391304347827], "aps": [0.46136989150777147, 0.4159023815873148, 0.42849593308752965, 0.41553548359868286, 0.40381550333648186, 0.4850040235250944, 0.4233765504600211, 0.40764172754177347, 0.4054492254276431, 0.40094794127984373], "f1": [0.5736434108527132, 0.5736434108527132, 0.5736434108527132, 0.5736434108527132, 0.5736434108527132, 0.5736434108527132, 0.5736434108527132, 0.5736434108527132, 0.5736434108527132, 0.5736434108527132], "auprc": [0.4462664832193144, 0.4022239943477851, 0.41476095861052487, 0.40059941996351767, 0.39072634196512, 0.46636544211901776, 0.4087010813713596, 0.3918795111619973, 0.39184521563885655, 0.3874993731691958]}