{"enet": [{"auroc": [0.5508599508599509, 0.5174447174447174, 0.5208845208845209, 0.5420147420147421, 0.5208845208845209, 0.5508599508599509, 0.5017199017199018, 0.5174447174447174, 0.5208845208845209, 0.5508599508599509], "acc": [0.40217391304347827, 0.391304347826087, 0.40217391304347827, 0.5760869565217391, 0.40217391304347827, 0.40217391304347827, 0.5978260869565217, 0.391304347826087, 0.40217391304347827, 0.40217391304347827], "aps": [0.43670270339334083, 0.41620226221059864, 0.4201164201026085, 0.4328734921358411, 0.4201164201026085, 0.43670270339334083, 0.3969015911682956, 0.41620226221059864, 0.4201164201026085, 0.43670270339334083], "f1": [0.5736434108527132, 0.5483870967741936, 0.5736434108527132, 0.23529411764705885, 0.5736434108527132, 0.5736434108527132, 0.0, 0.5483870967741936, 0.5736434108527132, 0.5736434108527132], "auprc": [0.42036902045257213, 0.4002196368459858, 0.40192092196091095, 0.4165625227922463, 0.40192092196091095, 0.42036902045257213, 0.3826355779522059, 0.4002196368459858, 0.40192092196091095, 0.42036902045257213]}]}