{"auroc": [0.5115479115479116, 0.5380835380835381, 0.5287469287469289, 0.6230958230958231, 0.5660933660933661, 0.573955773955774, 0.5484029484029485, 0.5503685503685505, 0.5582309582309583, 0.5656019656019656], "acc": [0.40217391304347827, 0.40217391304347827, 0.40217391304347827, 0.40217391304347827, 0.40217391304347827, 0.40217391304347827, 0.40217391304347827, 0.40217391304347827, 0.40217391304347827, 0.40217391304347827], "aps": [0.39049823579240217, 0.4154186999872063, 0.45933656901909586, 0.4795287998101254, 0.42633496899118156, 0.43818812277095914, 0.43681460826221996, 0.41402598450341443, 0.42309937996729585, 0.43469495324391305], "f1": [0.5736434108527132, 0.5736434108527132, 0.5736434108527132, 0.5736434108527132, 0.5736434108527132, 0.5736434108527132, 0.5736434108527132, 0.5736434108527132, 0.5736434108527132, 0.5736434108527132], "auprc": [0.3776400481389382, 0.4006891162516387, 0.4474704471355098, 0.4617000024824995, 0.4117661429953045, 0.42216614107426875, 0.42044409693882023, 0.39970891379994994, 0.40856985361031706, 0.41866951317685247]}