{"rf": [{"auroc": [0.5461916461916463], "acc": [0.5978260869565217], "aps": [0.44844933470002646], "f1": [0.05128205128205129], "auprc": [0.44001023717167376]}], "enet": [{"auroc": [0.5651105651105651], "acc": [0.40217391304347827], "aps": [0.4593477810604873], "f1": [0.5736434108527132], "auprc": [0.4474846464163155]}]}