{"auroc": [0.52997542997543, 0.5911547911547912, 0.4968058968058968, 0.5474201474201474, 0.5425061425061426, 0.46732186732186737, 0.5194103194103195, 0.539066339066339, 0.5164619164619164, 0.5690417690417691], "acc": [0.40217391304347827, 0.40217391304347827, 0.40217391304347827, 0.40217391304347827, 0.40217391304347827, 0.5978260869565217, 0.40217391304347827, 0.40217391304347827, 0.40217391304347827, 0.6086956521739131], "aps": [0.407218452728874, 0.48965815301043325, 0.3867384672901174, 0.4201170039578569, 0.4123746128505723, 0.3812061186653723, 0.40731674198116685, 0.4094068742984032, 0.4059224090410528, 0.4740810118098437], "f1": [0.5736434108527132, 0.5736434108527132, 0.5736434108527132, 0.5736434108527132, 0.5736434108527132, 0.0, 0.5736434108527132, 0.5736434108527132, 0.5736434108527132, 0.052631578947368425], "auprc": [0.3946309697648282, 0.4777559347289853, 0.37444047382848844, 0.4045862811806594, 0.3994167133789296, 0.36758819972779766, 0.39355504192092927, 0.39651613151475107, 0.3905438072311419, 0.46210469921054004]}