{"enet": [{"auroc": [0.5272727272727273, 0.5, 0.5503685503685504, 0.5862407862407862, 0.5, 0.5, 0.5, 0.5, 0.5503685503685504, 0.5], "acc": [0.5978260869565217, 0.40217391304347827, 0.45652173913043476, 0.5978260869565217, 0.40217391304347827, 0.40217391304347827, 0.40217391304347827, 0.40217391304347827, 0.45652173913043476, 0.40217391304347827], "aps": [0.4633438866883056, 0.40217391304347827, 0.428846551883644, 0.4523625696664604, 0.40217391304347827, 0.40217391304347827, 0.40217391304347827, 0.40217391304347827, 0.428846551883644, 0.40217391304347827], "f1": [0.0, 0.5736434108527132, 0.5901639344262295, 0.0, 0.5736434108527132, 0.5736434108527132, 0.5736434108527132, 0.5736434108527132, 0.5901639344262295, 0.5736434108527132], "auprc": [0.4538526743435487, 0.7010869565217391, 0.6830999519355713, 0.4363582800382074, 0.7010869565217391, 0.7010869565217391, 0.7010869565217391, 0.7010869565217391, 0.6830999519355713, 0.7010869565217391]}]}