{"rf": [{"auroc": [0.5250614250614251], "acc": [0.5869565217391305], "aps": [0.4271449313244979], "f1": [0.0], "auprc": [0.4152105460154996]}], "enet": [{"auroc": [0.47223587223587227], "acc": [0.40217391304347827], "aps": [0.38927344097513855], "f1": [0.5736434108527132], "auprc": [0.37386708346688974]}]}