{"rf": [{"auroc": [0.47174447174447176], "acc": [0.40217391304347827], "aps": [0.37750272869093], "f1": [0.5736434108527132]}], "enet": [{"auroc": [0.5], "acc": [0.40217391304347827], "aps": [0.40217391304347827], "f1": [0.5736434108527132]}]}