{"auroc": [0.5238329238329239, 0.44963144963144974, 0.4461916461916462, 0.45552825552825554, 0.4928746928746929, 0.43734643734643736, 0.4540540540540541, 0.46486486486486484, 0.5464373464373464, 0.5238329238329238], "acc": [0.40217391304347827, 0.40217391304347827, 0.40217391304347827, 0.40217391304347827, 0.40217391304347827, 0.41304347826086957, 0.40217391304347827, 0.40217391304347827, 0.40217391304347827, 0.40217391304347827], "aps": [0.40222824966256376, 0.3922880313962164, 0.37595326125005135, 0.37804129697333744, 0.3907859846615018, 0.3968037363470072, 0.37763359787678796, 0.372435755124479, 0.4266144205863025, 0.402046667930541], "f1": [0.5736434108527132, 0.5736434108527132, 0.5736434108527132, 0.5736434108527132, 0.5736434108527132, 0.578125, 0.5736434108527132, 0.5736434108527132, 0.5736434108527132, 0.5736434108527132], "auprc": [0.38978067735540056, 0.3823152425793764, 0.3594675318226229, 0.3645877110453278, 0.3774476949254355, 0.3857504747940226, 0.3635077018695822, 0.358199749749239, 0.41305675307479595, 0.3892574338513102]}