{"enet": [{"auroc": [0.5184275184275184, 0.4653562653562654, 0.5, 0.49090909090909096, 0.568058968058968, 0.49090909090909096, 0.5425061425061425, 0.5, 0.5, 0.49090909090909096], "acc": [0.40217391304347827, 0.40217391304347827, 0.40217391304347827, 0.5978260869565217, 0.5652173913043478, 0.5978260869565217, 0.40217391304347827, 0.5978260869565217, 0.5978260869565217, 0.5978260869565217], "aps": [0.4513356180620108, 0.40716130642166526, 0.40217391304347827, 0.3928733666706993, 0.43290585941794657, 0.3928733666706993, 0.48208058928779984, 0.40217391304347827, 0.40217391304347827, 0.3928733666706993], "f1": [0.5736434108527132, 0.5736434108527132, 0.5736434108527132, 0.0, 0.5555555555555556, 0.0, 0.5736434108527132, 0.0, 0.0, 0.0], "auprc": [0.4421203400407169, 0.3888902503424856, 0.7010869565217391, 0.3757950945119514, 0.41961360243321577, 0.3757950945119514, 0.4724802080256367, 0.7010869565217391, 0.7010869565217391, 0.3757950945119514]}]}