{"auroc": [0.9453826072768804, 0.8998205253711862, 0.9388154674498287, 0.9351443954968184, 0.9307391091532061, 0.9242943383912547, 0.9223364333496492, 0.5232501223690651, 0.9384075705661609, 0.9443628650677108], "acc": [0.9145907473309609, 0.8113879003558719, 0.9323843416370107, 0.9217081850533808, 0.9074733096085409, 0.9359430604982206, 0.9288256227758007, 0.21352313167259787, 0.9359430604982206, 0.9217081850533808], "aps": [0.9823200308220197, 0.9564749226708756, 0.9764507688514639, 0.9794468051492149, 0.9717701898182406, 0.9716674150023444, 0.9442478734058711, 0.8506934339414134, 0.9758322808455375, 0.9814369953799813], "f1": [0.9464285714285714, 0.8954635108481263, 0.9582417582417582, 0.950892857142857, 0.9417040358744394, 0.960352422907489, 0.9555555555555557, 0.05150214592274678, 0.960352422907489, 0.9511111111111112], "auprc": [0.9823027411682792, 0.9542246569122166, 0.9762911499805695, 0.9793777249745519, 0.9715428730512494, 0.9715400156332628, 0.9434973662295845, 0.8501111818203976, 0.9756530183813219, 0.9813535462957346]}