{"enet": [{"auroc": [0.7979278838309676, 0.7966634034915973, 0.8551966062979278, 0.8551966062979278, 0.8323135911241637, 0.7979278838309676, 0.8551966062979278, 0.8551966062979278, 0.8021700114211127, 0.7916870615108501], "acc": [0.7046263345195729, 0.701067615658363, 0.7117437722419929, 0.7117437722419929, 0.701067615658363, 0.7046263345195729, 0.7117437722419929, 0.7117437722419929, 0.7153024911032029, 0.693950177935943], "aps": [0.9316883278608541, 0.9292299711145658, 0.9567611052707065, 0.9567611052707065, 0.9415265110498268, 0.9316883278608541, 0.9567611052707065, 0.9567611052707065, 0.93192719998647, 0.9237413749764636], "f1": [0.7909319899244333, 0.7846153846153846, 0.7917737789203085, 0.7917737789203085, 0.7801047120418848, 0.7909319899244333, 0.7917737789203085, 0.7917737789203085, 0.8009950248756219, 0.7828282828282828], "auprc": [0.9314125201182815, 0.9374781121607362, 0.9566149532015673, 0.9566149532015673, 0.943176264972247, 0.9314125201182815, 0.9566149532015673, 0.9566149532015673, 0.9316422230814101, 0.9381516140924281]}]}