{"enet": [{"auroc": [0.8848099200522108, 0.8705335291238376, 0.8930086474139337, 0.8705335291238376, 0.8560124000652636, 0.8802414749551313, 0.8848099200522108, 0.8930086474139337, 0.8705335291238376, 0.8930086474139337], "acc": [0.8576512455516014, 0.8576512455516014, 0.8683274021352313, 0.8576512455516014, 0.8683274021352313, 0.8576512455516014, 0.8576512455516014, 0.8683274021352313, 0.8576512455516014, 0.8683274021352313], "aps": [0.9589351533753565, 0.953364864176903, 0.9590259822558109, 0.953364864176903, 0.9398689864699961, 0.9594937451633865, 0.9589351533753565, 0.9590259822558109, 0.953364864176903, 0.9590259822558109], "f1": [0.909502262443439, 0.909502262443439, 0.9160997732426305, 0.909502262443439, 0.9164785553047403, 0.9090909090909091, 0.909502262443439, 0.9160997732426305, 0.909502262443439, 0.9160997732426305], "auprc": [0.9652684093851153, 0.9531284231327553, 0.9609230037653395, 0.9531284231327553, 0.9626995837966628, 0.9593371524382021, 0.9652684093851153, 0.9609230037653395, 0.9531284231327553, 0.9609230037653395]}]}