{"enet": [{"auroc": [0.8633545439712841, 0.8633545439712841, 0.8308859520313264, 0.8633545439712841, 0.8676782509381629, 0.8655571871430903, 0.8328438570729321, 0.7894436286506772, 0.8655571871430903, 0.8319464839288626], "acc": [0.8505338078291815, 0.8505338078291815, 0.8434163701067615, 0.8505338078291815, 0.8434163701067615, 0.8505338078291815, 0.8540925266903915, 0.8398576512455516, 0.8505338078291815, 0.8469750889679716], "aps": [0.9513017323620689, 0.9513017323620689, 0.9339263891499032, 0.9513017323620689, 0.9537274732868984, 0.9593037544899643, 0.9331317501078937, 0.9114608011020118, 0.9593037544899643, 0.9328875188808633], "f1": [0.90625, 0.90625, 0.9, 0.90625, 0.9009009009009009, 0.9066666666666667, 0.9074492099322798, 0.9006622516556292, 0.9066666666666667, 0.9020501138952164], "auprc": [0.9618446386215869, 0.9618446386215869, 0.9567012176939272, 0.9618446386215869, 0.953514008572986, 0.9591682022470782, 0.9579329520084711, 0.949688057027684, 0.9591682022470782, 0.9576801938707823]}]}