{"enet": [{"auroc": [0.8470386686245718, 0.8584597813672703, 0.8584597813672703, 0.8329662261380324, 0.8012726382770436, 0.8337412302170012, 0.8329662261380324, 0.7976423560124, 0.8126529613313754, 0.8337412302170012], "acc": [0.900355871886121, 0.8896797153024911, 0.8896797153024911, 0.8754448398576512, 0.8576512455516014, 0.896797153024911, 0.8754448398576512, 0.8790035587188612, 0.8505338078291815, 0.896797153024911], "aps": [0.9346193143259113, 0.9416582927834005, 0.9416582927834005, 0.9220141848488693, 0.9089643120568109, 0.9279064486704384, 0.9220141848488693, 0.9141510836225054, 0.9233654773648983, 0.9279064486704384], "f1": [0.9393939393939394, 0.9327548806941433, 0.9327548806941433, 0.9237472766884532, 0.9152542372881356, 0.9376344086021505, 0.9237472766884532, 0.927038626609442, 0.9090909090909091, 0.9376344086021505], "auprc": [0.9614297874526648, 0.9624568964610025, 0.9624568964610025, 0.9228084269164691, 0.9073841179709407, 0.9273075205903165, 0.9228084269164691, 0.9524641510268672, 0.9498997915065717, 0.9273075205903165]}]}