{"auroc": [0.6510850057105564, 0.9490944689182574, 0.9171969326154348, 0.9615761135584924, 0.9424049600261054, 0.6004242127590144, 0.5783162016642193, 0.5067710882688856, 0.9576603034752814, 0.9466062979278838], "acc": [0.797153024911032, 0.9110320284697508, 0.8754448398576512, 0.9323843416370107, 0.9466192170818505, 0.8078291814946619, 0.8078291814946619, 0.7366548042704626, 0.9288256227758007, 0.9252669039145908], "aps": [0.8710950817055223, 0.9698112765147308, 0.9676939536512832, 0.989150622724676, 0.9687070162293517, 0.8661738690544478, 0.8300906284669132, 0.8173987278538627, 0.9813051484754884, 0.9721543440834144], "f1": [0.8871287128712871, 0.9438202247191012, 0.9206349206349206, 0.9578713968957872, 0.9668874172185431, 0.8937007874015748, 0.8937007874015748, 0.8464730290456431, 0.9557522123893806, 0.953229398663697], "auprc": [0.8692647235544639, 0.9675463218387532, 0.9674459539658522, 0.9891194466017719, 0.9695564232767436, 0.8655967774051154, 0.8272836070364213, 0.816028731473218, 0.981141150378027, 0.9732557208536726]}