{"auroc": [0.9495839451786589, 0.5876162506118454, 0.667156142927068, 0.6877141458639257, 0.6248164464023493, 0.9514602708435307, 0.669766682982542, 0.9467286669929842, 0.9582313591124164, 0.6851851851851851], "acc": [0.9181494661921709, 0.8078291814946619, 0.8078291814946619, 0.8078291814946619, 0.8078291814946619, 0.9252669039145908, 0.8078291814946619, 0.9501779359430605, 0.9323843416370107, 0.8078291814946619], "aps": [0.9827362052107342, 0.844581491365112, 0.86483171493629, 0.8862605737509607, 0.865241106647302, 0.9833280095673592, 0.8811594622240297, 0.9790469639716151, 0.9825005149023951, 0.8862838108638394], "f1": [0.948314606741573, 0.8937007874015748, 0.8937007874015748, 0.8937007874015748, 0.8937007874015748, 0.953229398663697, 0.8937007874015748, 0.9690265486725663, 0.9574944071588367, 0.8937007874015748], "auprc": [0.982669378218537, 0.8433333677698438, 0.8618328172092001, 0.8854666131698055, 0.8643072180518927, 0.9832583220529902, 0.8803654312799499, 0.9789468318805803, 0.9823590023704172, 0.8853559437811347]}