{"auroc": [0.6628324359601893, 0.9353075542502856, 0.929270680372002, 0.6421112742698645, 0.9533365965084027, 0.9561102953173438, 0.9393049437102301, 0.9457497144721815, 0.9428128569097731, 0.9491760482949909], "acc": [0.7402135231316725, 0.9359430604982206, 0.9323843416370107, 0.8078291814946619, 0.9323843416370107, 0.9217081850533808, 0.9323843416370107, 0.9145907473309609, 0.8932384341637011, 0.9359430604982206], "aps": [0.8704782241651332, 0.9773704743245994, 0.9767760191958885, 0.8725751461367749, 0.9843394687057105, 0.986963041114972, 0.9745726858067836, 0.9848418276048584, 0.9782040322204082, 0.9836379487935886], "f1": [0.8423326133909288, 0.9608695652173913, 0.9584245076586434, 0.8937007874015748, 0.958963282937365, 0.9525862068965517, 0.9580573951434879, 0.9475982532751092, 0.9374999999999999, 0.9601769911504425], "auprc": [0.8676024262971803, 0.977282254624741, 0.9766928935610074, 0.8718555812369961, 0.9842790721350481, 0.9869230978805232, 0.9743931894670627, 0.9847998231152001, 0.9780509767823446, 0.9835809757240312]}