{"enet": [{"auroc": [0.8858296622613804, 0.8296622613803231, 0.8992086800456845, 0.8667808777940936, 0.8858296622613804, 0.8667808777940936, 0.8667808777940936, 0.8992086800456845, 0.8992086800456845, 0.8667808777940936], "acc": [0.8113879003558719, 0.7153024911032029, 0.8113879003558719, 0.8113879003558719, 0.8113879003558719, 0.8113879003558719, 0.8113879003558719, 0.8113879003558719, 0.8113879003558719, 0.8113879003558719], "aps": [0.9581467041645317, 0.9392127850304819, 0.9663405974372847, 0.9493614333917904, 0.9581467041645317, 0.9493614333917904, 0.9493614333917904, 0.9663405974372847, 0.9663405974372847, 0.9493614333917904], "f1": [0.873508353221957, 0.7959183673469389, 0.8747044917257683, 0.873508353221957, 0.873508353221957, 0.873508353221957, 0.873508353221957, 0.8747044917257683, 0.8747044917257683, 0.873508353221957], "auprc": [0.9580319315518895, 0.951747498401089, 0.9727635711261391, 0.9490523046382908, 0.9580319315518895, 0.9490523046382908, 0.9490523046382908, 0.9727635711261391, 0.9727635711261391, 0.9490523046382908]}]}