{"enet": [{"auroc": [0.906917931147006, 0.9111600587371512, 0.9111600587371512, 0.9054902920541688, 0.906917931147006, 0.9111600587371512, 0.9101811062163485, 0.906917931147006, 0.906917931147006, 0.906917931147006], "acc": [0.8754448398576512, 0.8790035587188612, 0.8790035587188612, 0.8754448398576512, 0.8754448398576512, 0.8790035587188612, 0.8647686832740213, 0.8754448398576512, 0.8754448398576512, 0.8754448398576512], "aps": [0.9658208444540293, 0.9687096751811066, 0.9687096751811066, 0.9605575998514878, 0.9658208444540293, 0.9687096751811066, 0.9656856298317475, 0.9658208444540293, 0.9658208444540293, 0.9658208444540293], "f1": [0.9199084668192219, 0.9227272727272728, 0.9227272727272728, 0.9191685912240185, 0.9199084668192219, 0.9227272727272728, 0.9124423963133641, 0.9199084668192219, 0.9199084668192219, 0.9199084668192219], "auprc": [0.9656520657001841, 0.9685492038213266, 0.9685492038213266, 0.9625754949154673, 0.9656520657001841, 0.9685492038213266, 0.9742067931627694, 0.9656520657001841, 0.9656520657001841, 0.9656520657001841]}]}