{"enet": [{"auroc": [0.8751835535976504, 0.7902594224180127, 0.8751835535976504, 0.8720019579050416, 0.8751835535976504, 0.8876651982378855, 0.8720019579050416, 0.8720019579050416, 0.8720019579050416, 0.8260727688040463], "acc": [0.8291814946619217, 0.7722419928825622, 0.8291814946619217, 0.8505338078291815, 0.8291814946619217, 0.8576512455516014, 0.8505338078291815, 0.8505338078291815, 0.8505338078291815, 0.800711743772242], "aps": [0.9485393868837195, 0.9152848159969933, 0.9485393868837195, 0.9418711633255985, 0.9485393868837195, 0.9570411190629039, 0.9418711633255985, 0.9418711633255985, 0.9418711633255985, 0.9312223151199087], "f1": [0.8883720930232558, 0.8504672897196262, 0.8883720930232558, 0.9045454545454545, 0.8883720930232558, 0.9090909090909091, 0.9045454545454545, 0.9045454545454545, 0.9045454545454545, 0.8703703703703702], "auprc": [0.9500360628219797, 0.9416149692379513, 0.9500360628219797, 0.9395168183474909, 0.9500360628219797, 0.9697558573607185, 0.9395168183474909, 0.9395168183474909, 0.9395168183474909, 0.9306051253844709]}]}