{"enet": [{"auroc": [0.8866046663403493, 0.9032468591939957, 0.8866046663403493, 0.8866046663403493, 0.8866046663403493, 0.8787322564855605, 0.8866046663403493, 0.8866046663403493, 0.9032468591939957, 0.9042258117147984], "acc": [0.8825622775800712, 0.8754448398576512, 0.8825622775800712, 0.8825622775800712, 0.8825622775800712, 0.8576512455516014, 0.8825622775800712, 0.8825622775800712, 0.8754448398576512, 0.8861209964412812], "aps": [0.9577456294609412, 0.9663973341971734, 0.9577456294609412, 0.9577456294609412, 0.9577456294609412, 0.9524902704969983, 0.9577456294609412, 0.9577456294609412, 0.9663973341971734, 0.9699307307247328], "f1": [0.9261744966442953, 0.9217002237136465, 0.9261744966442953, 0.9261744966442953, 0.9261744966442953, 0.909502262443439, 0.9261744966442953, 0.9261744966442953, 0.9217002237136465, 0.9282511210762331], "auprc": [0.9575121312486553, 0.9661925139805562, 0.9575121312486553, 0.9575121312486553, 0.9575121312486553, 0.9542711966851335, 0.9575121312486553, 0.9575121312486553, 0.9661925139805562, 0.9698284677517424]}]}