{"enet": [{"auroc": [0.8601729482786752, 0.9020231685429924, 0.9020231685429924, 0.9269864578234623, 0.918991678903573, 0.9156061347691303, 0.918991678903573, 0.9156061347691303, 0.918991678903573, 0.9020231685429924], "acc": [0.8612099644128114, 0.8647686832740213, 0.8647686832740213, 0.8647686832740213, 0.8647686832740213, 0.8718861209964412, 0.8647686832740213, 0.8718861209964412, 0.8647686832740213, 0.8647686832740213], "aps": [0.9447367393948201, 0.9668737004813067, 0.9668737004813067, 0.9656949410285611, 0.9781766912325625, 0.9699267488106719, 0.9781766912325625, 0.9699267488106719, 0.9781766912325625, 0.9668737004813067], "f1": [0.9119638826185101, 0.9128440366972477, 0.9128440366972477, 0.9120370370370371, 0.914027149321267, 0.918552036199095, 0.914027149321267, 0.918552036199095, 0.914027149321267, 0.9128440366972477], "auprc": [0.9656575566861103, 0.966566945990271, 0.966566945990271, 0.9634760171988206, 0.9803401025807842, 0.9718362026910292, 0.9803401025807842, 0.9718362026910292, 0.9803401025807842, 0.966566945990271]}]}