{"auroc": [0.6618534834393864, 0.9304127916462719, 0.9340838635992821, 0.6755588187306248, 0.9450155000815794, 0.9534181758851362, 0.5990373633545439, 0.6086637298091041, 0.6379507260564529, 0.9537444933920705], "acc": [0.8078291814946619, 0.9181494661921709, 0.9074733096085409, 0.8078291814946619, 0.9074733096085409, 0.9252669039145908, 0.8078291814946619, 0.8078291814946619, 0.8078291814946619, 0.9074733096085409], "aps": [0.8820785775762461, 0.9728272955745771, 0.9788670497472469, 0.8763529259751601, 0.9791239075300534, 0.9866532925814483, 0.8596876688259771, 0.8712017359821101, 0.8767610869353899, 0.9869139003472504], "f1": [0.8937007874015748, 0.9487750556792872, 0.9417040358744394, 0.8937007874015748, 0.9419642857142857, 0.9536423841059603, 0.8937007874015748, 0.8937007874015748, 0.8937007874015748, 0.9411764705882353], "auprc": [0.8813934782336271, 0.9726139145413923, 0.9787923705346641, 0.8751850872418512, 0.978987012337621, 0.9866155839257851, 0.8584677978793048, 0.8705915466136058, 0.8762266408455681, 0.9868749911878474]}