{"rf": [{"auroc": [0.33885714285714286, 0.3834285714285714, 0.4177142857142857, 0.5840000000000001, 0.2885714285714286, 0.35085714285714287, 0.3542857142857143, 0.484, 0.34457142857142853, 0.3314285714285714], "acc": [0.4166666666666667, 0.4166666666666667, 0.4166666666666667, 0.4166666666666667, 0.4166666666666667, 0.38333333333333336, 0.4166666666666667, 0.5833333333333334, 0.43333333333333335, 0.4166666666666667], "aps": [0.5041038512902837, 0.530807655392863, 0.5583264590707332, 0.6498155359704857, 0.4867901441513268, 0.5257674215449555, 0.5167489242376825, 0.5780914487811039, 0.5190661232061284, 0.5036735877569408], "f1": [0.0, 0.0, 0.0, 0.05405405405405405, 0.0, 0.41269841269841273, 0.0, 0.7311827956989247, 0.10526315789473684, 0.0]}], "enet": [{"auroc": [0.5297142857142857, 0.5777142857142856, 0.5537142857142857, 0.5297142857142857, 0.5891428571428571, 0.5297142857142857, 0.5531428571428572, 0.5777142857142856, 0.5297142857142857, 0.5297142857142857], "acc": [0.5833333333333334, 0.4166666666666667, 0.4166666666666667, 0.5833333333333334, 0.4166666666666667, 0.5833333333333334, 0.55, 0.4166666666666667, 0.5833333333333334, 0.5833333333333334], "aps": [0.6342371801800342, 0.6613049010575834, 0.6451570711822677, 0.6342371801800342, 0.6921437950694259, 0.6342371801800342, 0.6179767359051311, 0.6613049010575834, 0.6342371801800342, 0.6342371801800342], "f1": [0.7368421052631579, 0.0, 0.0, 0.7368421052631579, 0.0, 0.7368421052631579, 0.6493506493506493, 0.0, 0.7368421052631579, 0.7368421052631579]}]}