{"rf": [{"auroc": [0.6428571428571428], "acc": [0.4166666666666667], "aps": [0.7422563759451186], "f1": [0.0]}], "enet": [{"auroc": [0.5902857142857143], "acc": [0.4166666666666667], "aps": [0.6732929995350917], "f1": [0.0]}]}