{"enet": [{"auroc": [0.6188571428571429, 0.5, 0.5, 0.5, 0.6405714285714286, 0.5, 0.5, 0.5, 0.5, 0.5], "acc": [0.4166666666666667, 0.4166666666666667, 0.4166666666666667, 0.4166666666666667, 0.4166666666666667, 0.4166666666666667, 0.4166666666666667, 0.4166666666666667, 0.4166666666666667, 0.4166666666666667], "aps": [0.7223426398890445, 0.5833333333333334, 0.5833333333333334, 0.5833333333333334, 0.7364696948240667, 0.5833333333333334, 0.5833333333333334, 0.5833333333333334, 0.5833333333333334, 0.5833333333333334], "f1": [0.0, 0.0, 0.0, 0.0, 0.0, 0.0, 0.0, 0.0, 0.0, 0.0], "auprc": [0.7173483414919694, 0.7916666666666667, 0.7916666666666667, 0.7916666666666667, 0.731299193072492, 0.7916666666666667, 0.7916666666666667, 0.7916666666666667, 0.7916666666666667, 0.7916666666666667]}]}