{"enet": [{"auroc": [0.6611428571428573, 0.5, 0.5, 0.5, 0.6611428571428573, 0.5, 0.5, 0.5, 0.5, 0.5], "acc": [0.4166666666666667, 0.4166666666666667, 0.4166666666666667, 0.4166666666666667, 0.4166666666666667, 0.4166666666666667, 0.4166666666666667, 0.4166666666666667, 0.4166666666666667, 0.4166666666666667], "aps": [0.7405119291447236, 0.5833333333333334, 0.5833333333333334, 0.5833333333333334, 0.7405119291447236, 0.5833333333333334, 0.5833333333333334, 0.5833333333333334, 0.5833333333333334, 0.5833333333333334], "f1": [0.0, 0.0, 0.0, 0.0, 0.0, 0.0, 0.0, 0.0, 0.0, 0.0], "auprc": [0.7348893323253668, 0.7916666666666667, 0.7916666666666667, 0.7916666666666667, 0.7348893323253668, 0.7916666666666667, 0.7916666666666667, 0.7916666666666667, 0.7916666666666667, 0.7916666666666667]}]}