{"enet": [{"auroc": [0.6188571428571428, 0.6074285714285714, 0.6188571428571428, 0.6074285714285714, 0.6188571428571428, 0.6188571428571428, 0.6074285714285714, 0.6188571428571428, 0.6074285714285714, 0.6485714285714286], "acc": [0.4166666666666667, 0.5833333333333334, 0.4166666666666667, 0.5833333333333334, 0.4166666666666667, 0.4166666666666667, 0.5833333333333334, 0.4166666666666667, 0.5833333333333334, 0.4166666666666667], "aps": [0.7308064479075745, 0.6968768939771269, 0.7308064479075745, 0.6968768939771269, 0.7308064479075745, 0.7308064479075745, 0.6968768939771269, 0.7308064479075745, 0.6968768939771269, 0.7220449054366058], "f1": [0.0, 0.7368421052631579, 0.0, 0.7368421052631579, 0.0, 0.0, 0.7368421052631579, 0.0, 0.7368421052631579, 0.0], "auprc": [0.7253707525507566, 0.6866471589794508, 0.7253707525507566, 0.6866471589794508, 0.7253707525507566, 0.7253707525507566, 0.6866471589794508, 0.7253707525507566, 0.6866471589794508, 0.7124631777410336]}]}