{"rf": [{"auroc": [0.3268571428571429], "acc": [0.36666666666666664], "aps": [0.5129230185071283], "f1": [0.3214285714285714]}], "enet": [{"auroc": [0.5297142857142857], "acc": [0.5833333333333334], "aps": [0.6342371801800342], "f1": [0.7368421052631579]}]}