{"enet": [{"auroc": [0.5434285714285714, 0.5434285714285714, 0.5434285714285714, 0.5434285714285714, 0.5434285714285714, 0.532, 0.5434285714285714, 0.5434285714285714, 0.5434285714285714, 0.5], "acc": [0.4166666666666667, 0.4166666666666667, 0.4166666666666667, 0.4166666666666667, 0.4166666666666667, 0.4166666666666667, 0.4166666666666667, 0.4166666666666667, 0.4166666666666667, 0.4166666666666667], "aps": [0.6891482078215699, 0.6871178280144319, 0.6871178280144319, 0.6891482078215699, 0.6891482078215699, 0.6560453571759499, 0.6871178280144319, 0.6891482078215699, 0.6871178280144319, 0.5833333333333334], "f1": [0.0, 0.0, 0.0, 0.0, 0.0, 0.0, 0.0, 0.0, 0.0, 0.0], "auprc": [0.6837761695413501, 0.6817314369484706, 0.6817314369484706, 0.6837761695413501, 0.6837761695413501, 0.6472786440571205, 0.6817314369484706, 0.6837761695413501, 0.6817314369484706, 0.7916666666666667]}]}