{"auroc": [0.5605714285714285, 0.588, 0.5902857142857143, 0.5445714285714285, 0.5525714285714286, 0.29428571428571426, 0.6302857142857143, 0.5914285714285714, 0.6331428571428571, 0.5754285714285714], "acc": [0.4166666666666667, 0.4166666666666667, 0.4166666666666667, 0.4166666666666667, 0.4166666666666667, 0.4166666666666667, 0.4166666666666667, 0.4166666666666667, 0.4166666666666667, 0.4166666666666667], "aps": [0.6920884333037781, 0.6804932515380162, 0.668537716352005, 0.621421886566405, 0.6567896685442228, 0.4713747750713208, 0.7015979069164162, 0.6884195971692724, 0.6935745731044697, 0.689179426459288], "f1": [0.0, 0.0, 0.0, 0.0, 0.0, 0.0, 0.0, 0.0, 0.0, 0.0], "auprc": [0.6862391941969092, 0.6715973506344399, 0.6598642547891651, 0.6024818511477483, 0.6460694365636891, 0.4561553416971393, 0.6914440353793997, 0.6783493161311415, 0.6762974411002062, 0.6827285918023018]}