{"enet": [{"auroc": [0.5651428571428571, 0.5651428571428571, 0.5651428571428571, 0.5651428571428571, 0.5651428571428571, 0.5651428571428571, 0.5651428571428571, 0.5651428571428571, 0.6085714285714284, 0.5651428571428571], "acc": [0.4166666666666667, 0.4166666666666667, 0.4166666666666667, 0.4166666666666667, 0.4166666666666667, 0.4166666666666667, 0.4166666666666667, 0.4166666666666667, 0.4166666666666667, 0.4166666666666667], "aps": [0.6603619178931645, 0.6603619178931645, 0.6603619178931645, 0.6603619178931645, 0.6603619178931645, 0.6603619178931645, 0.6603619178931645, 0.6603619178931645, 0.6771072131857702, 0.6603619178931645], "f1": [0.0, 0.0, 0.0, 0.0, 0.0, 0.0, 0.0, 0.0, 0.0, 0.0], "auprc": [0.6514413891031179, 0.6514413891031179, 0.6514413891031179, 0.6514413891031179, 0.6514413891031179, 0.6514413891031179, 0.6514413891031179, 0.6514413891031179, 0.6680659657839398, 0.6514413891031179]}]}