{"auroc": [0.7194285714285714, 0.7057142857142856, 0.6051428571428572, 0.6977142857142857, 0.7331428571428572, 0.764, 0.7445714285714286, 0.6702857142857143, 0.5925714285714285, 0.6462857142857144], "acc": [0.5833333333333334, 0.5833333333333334, 0.5833333333333334, 0.5833333333333334, 0.5833333333333334, 0.5833333333333334, 0.5833333333333334, 0.5833333333333334, 0.5833333333333334, 0.5833333333333334], "aps": [0.7990354558756192, 0.7939977654905017, 0.7151472773271441, 0.800247677586115, 0.7894522346868145, 0.8478373320284929, 0.8189466191644608, 0.7930041003532691, 0.6328463530025814, 0.7168040664576151], "f1": [0.7368421052631579, 0.7368421052631579, 0.7368421052631579, 0.7368421052631579, 0.7368421052631579, 0.7368421052631579, 0.7368421052631579, 0.7368421052631579, 0.7368421052631579, 0.7368421052631579], "auprc": [0.7953749353352318, 0.7904745879823389, 0.7099466692328338, 0.7971827900969726, 0.7854593957765753, 0.8458405382627405, 0.8158867108978463, 0.7901816497256043, 0.6139473592457637, 0.7107952170088099]}