{"enet": [{"auroc": [0.6325714285714286, 0.6657142857142856, 0.5971428571428571, 0.6325714285714286, 0.6657142857142856, 0.5971428571428571, 0.5971428571428571, 0.6325714285714286, 0.5971428571428571, 0.6325714285714286], "acc": [0.4166666666666667, 0.4166666666666667, 0.4166666666666667, 0.4166666666666667, 0.4166666666666667, 0.4166666666666667, 0.4166666666666667, 0.4166666666666667, 0.4166666666666667, 0.4166666666666667], "aps": [0.7192840123962717, 0.6936619113931664, 0.6937629243684001, 0.7192840123962717, 0.6936619113931664, 0.6937629243684001, 0.6937629243684001, 0.7192840123962717, 0.6937629243684001, 0.7192840123962717], "f1": [0.0, 0.0, 0.0, 0.0, 0.0, 0.0, 0.0, 0.0, 0.0, 0.0], "auprc": [0.712345953999693, 0.6755094069836034, 0.6875739431281173, 0.712345953999693, 0.6755094069836034, 0.6875739431281173, 0.6875739431281173, 0.712345953999693, 0.6875739431281173, 0.712345953999693]}]}