{"enet": [{"auroc": [0.7114285714285714, 0.5, 0.5, 0.5, 0.5, 0.5, 0.6965714285714285, 0.5, 0.5, 0.6965714285714285], "acc": [0.4166666666666667, 0.4166666666666667, 0.4166666666666667, 0.4166666666666667, 0.4166666666666667, 0.4166666666666667, 0.4166666666666667, 0.4166666666666667, 0.4166666666666667, 0.4166666666666667], "aps": [0.7729874575431115, 0.5833333333333334, 0.5833333333333334, 0.5833333333333334, 0.5833333333333334, 0.5833333333333334, 0.7426015951956978, 0.5833333333333334, 0.5833333333333334, 0.7426015951956978], "f1": [0.0, 0.0, 0.0, 0.0, 0.0, 0.0, 0.0, 0.0, 0.0, 0.0], "auprc": [0.7677663269554296, 0.7916666666666667, 0.7916666666666667, 0.7916666666666667, 0.7916666666666667, 0.7916666666666667, 0.7329046073842037, 0.7916666666666667, 0.7916666666666667, 0.7329046073842037]}]}