{"rf": [{"auroc": [0.5805714285714285], "acc": [0.4166666666666667], "aps": [0.6223192560074757], "f1": [0.0], "auprc": [0.5946476419660616]}], "enet": [{"auroc": [0.6428571428571429], "acc": [0.4166666666666667], "aps": [0.6950131616887733], "f1": [0.0], "auprc": [0.6773714817873286]}]}