{"enet": [{"auroc": [0.6519999999999999, 0.5, 0.5, 0.5, 0.6462857142857142, 0.5, 0.5, 0.5, 0.5, 0.5], "acc": [0.4166666666666667, 0.4166666666666667, 0.4166666666666667, 0.4166666666666667, 0.4166666666666667, 0.4166666666666667, 0.4166666666666667, 0.4166666666666667, 0.4166666666666667, 0.4166666666666667], "aps": [0.763036897580579, 0.5833333333333334, 0.5833333333333334, 0.5833333333333334, 0.7520377733921288, 0.5833333333333334, 0.5833333333333334, 0.5833333333333334, 0.5833333333333334, 0.5833333333333334], "f1": [0.0, 0.0, 0.0, 0.0, 0.0, 0.0, 0.0, 0.0, 0.0, 0.0], "auprc": [0.7591656304760139, 0.7916666666666667, 0.7916666666666667, 0.7916666666666667, 0.7478723403717256, 0.7916666666666667, 0.7916666666666667, 0.7916666666666667, 0.7916666666666667, 0.7916666666666667]}]}