{"auroc": [0.5377142857142857, 0.5148571428571429, 0.5399999999999999, 0.416, 0.3857142857142857, 0.49999999999999994, 0.4588571428571428, 0.4268571428571429, 0.4394285714285714, 0.4234285714285714], "acc": [0.4166666666666667, 0.4166666666666667, 0.5833333333333334, 0.4166666666666667, 0.4166666666666667, 0.4166666666666667, 0.4166666666666667, 0.4166666666666667, 0.4166666666666667, 0.4166666666666667], "aps": [0.6353311165644093, 0.6316045969876016, 0.6844933371160057, 0.5674364176815777, 0.5298662951870923, 0.6526464397623571, 0.6006142206376349, 0.5620789285807286, 0.5748153036534919, 0.5644209916710646], "f1": [0.0, 0.0, 0.7368421052631579, 0.0, 0.0, 0.0, 0.0, 0.0, 0.0, 0.0], "auprc": [0.6171872656016731, 0.61357884287253, 0.6812339230878012, 0.5554998691736136, 0.5109233231816621, 0.6522305138690561, 0.5924089984519864, 0.5543356312618011, 0.5629331526599141, 0.5525106622451962]}