{"rf": [{"auroc": [0.7028571428571428], "acc": [0.4166666666666667], "aps": [0.7126890949091987], "f1": [0.05405405405405405]}], "enet": [{"auroc": [0.6177142857142857], "acc": [0.4166666666666667], "aps": [0.6823710251060315], "f1": [0.0]}]}