{"enet": [{"auroc": [0.4714285714285714, 0.41657142857142854, 0.32171428571428573, 0.4714285714285714, 0.3537142857142857, 0.4314285714285714, 0.41657142857142854, 0.5, 0.41657142857142854, 0.4714285714285714], "acc": [0.4166666666666667, 0.4166666666666667, 0.43333333333333335, 0.4166666666666667, 0.4166666666666667, 0.4166666666666667, 0.4166666666666667, 0.5833333333333334, 0.4166666666666667, 0.4166666666666667], "aps": [0.5481199408808975, 0.542614173557872, 0.5276877197571395, 0.5481199408808975, 0.5058072374145758, 0.5443751852338299, 0.542614173557872, 0.5833333333333334, 0.542614173557872, 0.5481199408808975], "f1": [0.0, 0.0, 0.05555555555555556, 0.0, 0.0, 0.0, 0.0, 0.7368421052631579, 0.0, 0.0], "auprc": [0.5322001325191135, 0.5243936698914269, 0.5181935323758973, 0.5322001325191135, 0.49021699943864677, 0.5271354035248464, 0.5243936698914269, 0.7916666666666667, 0.5243936698914269, 0.5322001325191135]}]}