{"auroc": [0.570857142857143, 0.476, 0.3611428571428571, 0.5194285714285715, 0.6194285714285714, 0.6834285714285715, 0.5571428571428572, 0.5468571428571428, 0.48857142857142855, 0.4451428571428572], "acc": [0.5833333333333334, 0.5833333333333334, 0.5833333333333334, 0.4166666666666667, 0.5833333333333334, 0.5833333333333334, 0.5833333333333334, 0.5833333333333334, 0.4166666666666667, 0.4166666666666667], "aps": [0.6630846305381913, 0.5575259888895455, 0.517260356288425, 0.6613270626788311, 0.7101196352847339, 0.7799975533669873, 0.5981124292558567, 0.5969817945883069, 0.6067850489055193, 0.5417796213675615], "f1": [0.7368421052631579, 0.7368421052631579, 0.7368421052631579, 0.0, 0.7368421052631579, 0.7368421052631579, 0.7368421052631579, 0.7368421052631579, 0.0, 0.0], "auprc": [0.6535923803084631, 0.5425714248202236, 0.5068159083909233, 0.6545449827781773, 0.7015743992070768, 0.7770748983094, 0.5870056815100089, 0.5831283465902117, 0.5881340336006127, 0.5240328903640676]}