{"auroc": [0.6497142857142857, 0.6, 0.6725714285714286, 0.6657142857142857, 0.46171428571428574, 0.6405714285714286, 0.6417142857142857, 0.6245714285714286, 0.6668571428571428, 0.48057142857142865], "acc": [0.4166666666666667, 0.4166666666666667, 0.4166666666666667, 0.4166666666666667, 0.4166666666666667, 0.4166666666666667, 0.4166666666666667, 0.4166666666666667, 0.4166666666666667, 0.5833333333333334], "aps": [0.6916474542282944, 0.6853288309903841, 0.7639108858691759, 0.7417928106472111, 0.5738336426658298, 0.6927293200445528, 0.6827247892440163, 0.6957398838154407, 0.7378458842963641, 0.5737607640994216], "f1": [0.0, 0.0, 0.0, 0.0, 0.0, 0.0, 0.0, 0.0, 0.0, 0.7368421052631579], "auprc": [0.6866360990404247, 0.6778666156552814, 0.7596875605358201, 0.7258686258615211, 0.5624495474015417, 0.6756095896767426, 0.6650116381960902, 0.6785038506920116, 0.7325403783153722, 0.554948642947849]}