{"best_index": [96, 293, 61, 86, 82], "auroc": [0.5349999999999999, 0.54, 0.5449999999999999, 0.5, 0.3825], "acc": [0.55, 0.475, 0.5, 0.55, 0.4], "aps": [0.5759666675175992, 0.6105095360892658, 0.6245980905295423, 0.5635536762766364, 0.4999581259092129], "f1": [0.608695652173913, 0.6181818181818183, 0.6551724137931034, 0.6666666666666667, 0.5555555555555556], "auprc": [0.5576374751021064, 0.593893074567012, 0.6145921159274563, 0.5492464863529738, 0.48169395110558244]}