{"auroc": [0.685142857142857, 0.7022857142857143, 0.6108571428571429, 0.6474285714285715, 0.6782857142857144], "acc": [0.5833333333333334, 0.5833333333333334, 0.5833333333333334, 0.4166666666666667, 0.5833333333333334], "aps": [0.7467794311391657, 0.7760115508401025, 0.640051499044344, 0.7257771080071455, 0.7490213870866561], "f1": [0.7368421052631579, 0.7368421052631579, 0.7368421052631579, 0.0, 0.7368421052631579], "auprc": [0.7407351440386912, 0.7704644371492203, 0.621160052090702, 0.7183234128956304, 0.7425494967613301]}