{"auroc": [0.6908571428571428, 0.7331428571428572, 0.6817142857142857, 0.7091428571428572, 0.685142857142857], "acc": [0.5833333333333334, 0.5833333333333334, 0.5833333333333334, 0.5833333333333334, 0.5833333333333334], "aps": [0.7345541190919372, 0.7938675183991953, 0.7329825531978642, 0.785835544770224, 0.7273713588200006], "f1": [0.7368421052631579, 0.7368421052631579, 0.7368421052631579, 0.7368421052631579, 0.7368421052631579], "auprc": [0.7244506013135091, 0.7894984006163911, 0.7165711206535443, 0.7807311646532894, 0.7194592665492394]}