{"auroc": [0.6942857142857143, 0.6622857142857144, 0.6657142857142857, 0.5468571428571428, 0.6954285714285714], "acc": [0.5833333333333334, 0.4166666666666667, 0.5833333333333334, 0.4166666666666667, 0.5833333333333334], "aps": [0.7684869103876076, 0.7507276240339003, 0.7023847238893894, 0.673543538476558, 0.7594185835352526], "f1": [0.7368421052631579, 0.0, 0.7368421052631579, 0.0, 0.7368421052631579], "auprc": [0.7631927974918221, 0.7449051081019452, 0.6848636280642812, 0.6681376883041005, 0.7533643927208659]}