{"auroc": [0.7285714285714286, 0.6645714285714285, 0.596, 0.708, 0.6748571428571428], "acc": [0.5833333333333334, 0.4166666666666667, 0.43333333333333335, 0.65, 0.5833333333333334], "aps": [0.7450316474338621, 0.7239484223198972, 0.7285494420708368, 0.8011508544883107, 0.7435968211618311], "f1": [0.7368421052631579, 0.0, 0.05555555555555556, 0.6181818181818183, 0.7368421052631579], "auprc": [0.7282326348008352, 0.7075510387678058, 0.7239865813675228, 0.7974442042036762, 0.7344054366862595]}