{"auroc": [0.628, 0.508, 0.5342857142857143, 0.5331428571428571, 0.6028571428571429], "acc": [0.5833333333333334, 0.5666666666666667, 0.4166666666666667, 0.4166666666666667, 0.4166666666666667], "aps": [0.6954520601399046, 0.6003122360388348, 0.633407465749672, 0.662774269819849, 0.668217417976504], "f1": [0.7368421052631579, 0.7173913043478262, 0.0, 0.0, 0.0], "auprc": [0.6849210630837198, 0.5889789914264044, 0.6151297801627755, 0.654452483727663, 0.6501814137654578]}