{"rf": [{"auroc": [0.42742857142857144, 0.4462857142857143, 0.6697142857142857, 0.45714285714285713, 0.4582857142857143, 0.39999999999999997, 0.5497142857142857, 0.48914285714285716, 0.5268571428571428, 0.4148571428571429], "acc": [0.43333333333333335, 0.43333333333333335, 0.6333333333333333, 0.4166666666666667, 0.4166666666666667, 0.4, 0.4166666666666667, 0.4166666666666667, 0.4166666666666667, 0.4166666666666667], "aps": [0.5583321916091062, 0.5570868347338935, 0.696831245394252, 0.5628796567690413, 0.6199785022565795, 0.5699428134437236, 0.6212811200099336, 0.6276986857972155, 0.6205757316266308, 0.5963393405760038], "f1": [0.2916666666666667, 0.34615384615384615, 0.6206896551724138, 0.0, 0.0, 0.39999999999999997, 0.0, 0.0, 0.0, 0.0]}], "enet": [{"auroc": [0.6382857142857143, 0.6405714285714286, 0.636, 0.6451428571428571, 0.6405714285714286, 0.6371428571428571, 0.6405714285714286, 0.636, 0.6451428571428571, 0.6405714285714286], "acc": [0.4166666666666667, 0.4166666666666667, 0.4166666666666667, 0.4166666666666667, 0.4166666666666667, 0.4166666666666667, 0.4166666666666667, 0.4166666666666667, 0.4166666666666667, 0.4166666666666667], "aps": [0.7486083599300483, 0.7493255656275084, 0.7487299160081262, 0.7645559992454836, 0.7493255656275084, 0.7496615930267596, 0.7493255656275084, 0.7478322761104862, 0.7645559992454836, 0.7493255656275084], "f1": [0.0, 0.0, 0.0, 0.0, 0.0, 0.0, 0.0, 0.0, 0.0, 0.0]}]}