{"rf": [{"auroc": [0.41085714285714287, 0.4828571428571429, 0.4097142857142857, 0.3817142857142858, 0.38, 0.4868571428571429, 0.49428571428571433, 0.4085714285714286, 0.4542857142857143, 0.44342857142857145], "acc": [0.4166666666666667, 0.4166666666666667, 0.4166666666666667, 0.4166666666666667, 0.4166666666666667, 0.4166666666666667, 0.4166666666666667, 0.4166666666666667, 0.4166666666666667, 0.4166666666666667], "aps": [0.6063726728340092, 0.5931581965312843, 0.5453293970327586, 0.5303463203463205, 0.5345946262336191, 0.5985846698465487, 0.5813725490196079, 0.5737344456505434, 0.6111547182975754, 0.553388049938785], "f1": [0.0, 0.0, 0.0, 0.0, 0.0, 0.0, 0.0, 0.0, 0.0, 0.0]}], "enet": [{"auroc": [0.6302857142857143, 0.6314285714285715, 0.612, 0.6302857142857143, 0.6314285714285715, 0.6451428571428571, 0.62, 0.6302857142857143, 0.612, 0.6542857142857144], "acc": [0.4166666666666667, 0.4166666666666667, 0.4166666666666667, 0.4166666666666667, 0.4166666666666667, 0.5833333333333334, 0.4166666666666667, 0.4166666666666667, 0.4166666666666667, 0.5833333333333334], "aps": [0.6733997983004865, 0.6743275390543901, 0.6556924686348491, 0.6733997983004865, 0.6743275390543901, 0.7312542312173439, 0.6628150702918956, 0.6733997983004865, 0.6556924686348491, 0.7379876488325849], "f1": [0.0, 0.0, 0.0, 0.0, 0.0, 0.7368421052631579, 0.0, 0.0, 0.0, 0.7368421052631579]}]}