{"auroc": [0.4114285714285714, 0.5125714285714285, 0.5, 0.5148571428571429, 0.4331428571428571, 0.412, 0.6485714285714287, 0.49999999999999994, 0.5222857142857142, 0.5034285714285714], "acc": [0.4166666666666667, 0.4166666666666667, 0.4166666666666667, 0.4166666666666667, 0.4166666666666667, 0.4166666666666667, 0.4166666666666667, 0.4166666666666667, 0.5833333333333334, 0.5833333333333334], "aps": [0.5329183425902655, 0.6228583806936266, 0.6082603048872642, 0.639146370472852, 0.5723714849016137, 0.5723566708921211, 0.6895981579182449, 0.5698406218136919, 0.6627647714658133, 0.6218068950979518], "f1": [0.0, 0.0, 0.0, 0.0, 0.0, 0.0, 0.0, 0.0, 0.7368421052631579, 0.7368421052631579], "auprc": [0.5143043534346274, 0.6141213837133741, 0.5916242238473933, 0.6278515118350477, 0.5601707108186985, 0.562422163080758, 0.6715886213673854, 0.5537274299016899, 0.659269893842046, 0.6130666887026532]}