{"auroc": [0.544, 0.6342857142857142, 0.5405714285714285, 0.4851428571428571, 0.49485714285714283, 0.7308571428571428, 0.6017142857142856, 0.6097142857142857, 0.5897142857142857, 0.592], "acc": [0.4166666666666667, 0.5833333333333334, 0.5833333333333334, 0.4166666666666667, 0.5833333333333334, 0.4166666666666667, 0.5833333333333334, 0.4166666666666667, 0.5833333333333334, 0.4166666666666667], "aps": [0.6707227619865471, 0.7318347203557716, 0.6885491748821925, 0.5990587833144444, 0.6389402482972535, 0.7884195123679035, 0.713975869625111, 0.6959919786548208, 0.673251131874644, 0.6977912226055436], "f1": [0.0, 0.7368421052631579, 0.7368421052631579, 0.0, 0.7368421052631579, 0.0, 0.7368421052631579, 0.0, 0.7368421052631579, 0.0], "auprc": [0.6645479366529877, 0.7205442380898056, 0.686227681137313, 0.5889130293861184, 0.6330077799128453, 0.7816483686138486, 0.7047753153843096, 0.6906305026283608, 0.6645444843887384, 0.6914753231363523]}