{"rf": [{"auroc": [0.5708571428571428], "acc": [0.4166666666666667], "aps": [0.6747124795677655], "f1": [0.0]}], "enet": [{"auroc": [0.44285714285714284], "acc": [0.5833333333333334], "aps": [0.5915386573746542], "f1": [0.7368421052631579]}]}