{"enet": [{"auroc": [0.6005714285714285, 0.5982857142857143, 0.604, 0.6005714285714285, 0.6005714285714285, 0.6028571428571429, 0.6771428571428572, 0.6542857142857144, 0.6028571428571429, 0.6028571428571429], "acc": [0.4166666666666667, 0.4166666666666667, 0.4166666666666667, 0.4166666666666667, 0.4166666666666667, 0.4166666666666667, 0.4166666666666667, 0.4166666666666667, 0.4166666666666667, 0.4166666666666667], "aps": [0.6613714825093824, 0.6563008485227427, 0.6663606972098773, 0.6613714825093824, 0.6613714825093824, 0.6651029580055637, 0.721560607681195, 0.7070271531482023, 0.6651029580055637, 0.6651029580055637], "f1": [0.0, 0.0, 0.0, 0.0, 0.0, 0.0, 0.0, 0.0, 0.0, 0.0], "auprc": [0.6440517028397255, 0.6413268884344075, 0.6490333358694935, 0.6440517028397255, 0.6440517028397255, 0.6477409338560534, 0.7111525875879426, 0.6898436976058433, 0.6477409338560534, 0.6477409338560534]}]}