{"enet": [{"auroc": [0.5594285714285715, 0.5594285714285715, 0.5617142857142857, 0.556, 0.556, 0.556, 0.5594285714285715, 0.5594285714285715, 0.5685714285714286, 0.556], "acc": [0.4166666666666667, 0.4166666666666667, 0.4166666666666667, 0.4166666666666667, 0.4166666666666667, 0.4166666666666667, 0.4166666666666667, 0.4166666666666667, 0.4166666666666667, 0.4166666666666667], "aps": [0.6365584850524912, 0.6395398515121187, 0.6404252469215866, 0.6367750858694781, 0.6367750858694781, 0.6367750858694781, 0.6744224784198986, 0.6395398515121187, 0.6639657644802504, 0.6367750858694781], "f1": [0.0, 0.0, 0.0, 0.0, 0.0, 0.0, 0.0, 0.0, 0.0, 0.0], "auprc": [0.6179957637822153, 0.6212058146009618, 0.6220999276018315, 0.6183858899423897, 0.6183858899423897, 0.6183858899423897, 0.667979387873085, 0.6212058146009618, 0.654786615650629, 0.6183858899423897]}]}