{"rf": [{"auroc": [0.6268571428571428], "acc": [0.4166666666666667], "aps": [0.6914960243006378], "f1": [0.0]}], "enet": [{"auroc": [0.508], "acc": [0.5833333333333334], "aps": [0.6423217981496065], "f1": [0.7368421052631579]}]}