{"enet": [{"auroc": [0.6062857142857143, 0.5948571428571429, 0.6337142857142857, 0.6337142857142857, 0.6337142857142857, 0.6337142857142857, 0.6428571428571428, 0.6337142857142857, 0.5948571428571429, 0.6222857142857142], "acc": [0.4166666666666667, 0.4166666666666667, 0.4166666666666667, 0.4166666666666667, 0.4166666666666667, 0.4166666666666667, 0.4166666666666667, 0.4166666666666667, 0.4166666666666667, 0.4166666666666667], "aps": [0.70971711440426, 0.690456907758514, 0.7054668534949601, 0.7054668534949601, 0.7054668534949601, 0.7054668534949601, 0.7231977782930145, 0.7054668534949601, 0.690456907758514, 0.6966273106168633], "f1": [0.0, 0.0, 0.0, 0.0, 0.0, 0.0, 0.0, 0.0, 0.0, 0.0], "auprc": [0.7019246415618378, 0.6800767963387203, 0.6883916392232217, 0.6883916392232217, 0.6883916392232217, 0.6883916392232217, 0.713463760407092, 0.6883916392232217, 0.6800767963387203, 0.6794622447115888]}]}