{"rf": [{"auroc": [0.6154285714285713], "acc": [0.4166666666666667], "aps": [0.6557570957426938], "f1": [0.0]}], "enet": [{"auroc": [0.38457142857142856], "acc": [0.4166666666666667], "aps": [0.5697010057837645], "f1": [0.0]}]}