{"auroc": [0.6857142857142857, 0.4268571428571428, 0.5142857142857142, 0.6428571428571428, 0.4365714285714285, 0.5142857142857143, 0.5451428571428572, 0.5845714285714286, 0.5971428571428572, 0.5788571428571427], "acc": [0.5833333333333334, 0.4166666666666667, 0.4166666666666667, 0.4166666666666667, 0.4166666666666667, 0.5833333333333334, 0.5833333333333334, 0.4166666666666667, 0.4166666666666667, 0.4166666666666667], "aps": [0.7566136141937574, 0.6268294278302667, 0.6623295880382445, 0.7191455780491826, 0.5731516165031941, 0.6243117055513371, 0.6802413712285648, 0.6650685835163788, 0.6769764241889569, 0.6852420393506108], "f1": [0.7368421052631579, 0.0, 0.0, 0.0, 0.0, 0.7368421052631579, 0.7368421052631579, 0.0, 0.0, 0.0], "auprc": [0.7525734014846279, 0.6209032849991535, 0.6558518962127186, 0.7086181903882888, 0.5518973802042271, 0.6124701666351217, 0.6739358702511989, 0.6536917663295272, 0.6595499716503739, 0.6752935454902601]}