{"enet": [{"auroc": [0.32171428571428573, 0.32399999999999995, 0.35371428571428565, 0.4211428571428571, 0.4142857142857143, 0.3354285714285714, 0.4142857142857143, 0.32399999999999995, 0.4211428571428571, 0.32171428571428573], "acc": [0.5833333333333334, 0.5833333333333334, 0.4166666666666667, 0.4166666666666667, 0.4166666666666667, 0.4166666666666667, 0.4166666666666667, 0.5833333333333334, 0.4166666666666667, 0.5833333333333334], "aps": [0.509319145349202, 0.5014521522405464, 0.5264852981183739, 0.5829662712588775, 0.590314330064248, 0.5096269296134326, 0.590314330064248, 0.5014521522405464, 0.5829662712588775, 0.509319145349202], "f1": [0.7368421052631579, 0.7368421052631579, 0.0, 0.0, 0.0, 0.0, 0.0, 0.7368421052631579, 0.0, 0.7368421052631579], "auprc": [0.4899975285795825, 0.48449950107483275, 0.5069579183114428, 0.5710807354676107, 0.5807166350230956, 0.4902276721348871, 0.5807166350230956, 0.48449950107483275, 0.5710807354676107, 0.4899975285795825]}]}