{"enet": [{"auroc": [0.5045714285714286, 0.5045714285714286, 0.5045714285714286, 0.5045714285714286, 0.5045714285714286, 0.5045714285714286, 0.46228571428571424, 0.5045714285714286, 0.5045714285714286, 0.5045714285714286], "acc": [0.48333333333333334, 0.48333333333333334, 0.48333333333333334, 0.48333333333333334, 0.48333333333333334, 0.48333333333333334, 0.4166666666666667, 0.48333333333333334, 0.48333333333333334, 0.48333333333333334], "aps": [0.6573331442555429, 0.6573331442555429, 0.6573331442555429, 0.6573331442555429, 0.6573331442555429, 0.6573331442555429, 0.6403890033480322, 0.6573331442555429, 0.6573331442555429, 0.6573331442555429], "f1": [0.5633802816901409, 0.5633802816901409, 0.5633802816901409, 0.5633802816901409, 0.5633802816901409, 0.5633802816901409, 0.0, 0.5633802816901409, 0.5633802816901409, 0.5633802816901409], "auprc": [0.650703814904424, 0.650703814904424, 0.650703814904424, 0.650703814904424, 0.650703814904424, 0.650703814904424, 0.6340175518739632, 0.650703814904424, 0.650703814904424, 0.650703814904424]}]}