{"rf": [{"auroc": [0.5542857142857143], "acc": [0.4166666666666667], "aps": [0.6242692950994362], "f1": [0.0]}], "enet": [{"auroc": [0.5514285714285714], "acc": [0.4166666666666667], "aps": [0.6182953798269389], "f1": [0.0]}]}