{"auroc": [0.6062857142857143, 0.6371428571428571, 0.6645714285714286, 0.6325714285714287, 0.5337142857142857, 0.5611428571428572, 0.5251428571428571, 0.6588571428571429, 0.636, 0.5691428571428573], "acc": [0.4166666666666667, 0.4166666666666667, 0.4166666666666667, 0.4166666666666667, 0.4166666666666667, 0.5833333333333334, 0.4166666666666667, 0.4166666666666667, 0.4166666666666667, 0.4166666666666667], "aps": [0.7368068829642637, 0.7274294186390039, 0.7608494296960494, 0.7467208290392101, 0.6303836841124977, 0.6819898761940965, 0.6303999788696351, 0.7709238788366956, 0.6789870503772314, 0.6382524150076152], "f1": [0.0, 0.0, 0.0, 0.0, 0.0, 0.7368421052631579, 0.0, 0.0, 0.0, 0.0], "auprc": [0.7324048933689734, 0.7221545628894709, 0.7561317174703219, 0.7423119902023559, 0.6465927857453282, 0.6815008858610867, 0.6116591871321271, 0.7671832727852512, 0.6825366850963231, 0.6235431967641691]}