{"auroc": [0.2794285714285714, 0.25771428571428573, 0.3091428571428571, 0.6742857142857143, 0.3102857142857143, 0.3628571428571428, 0.3205714285714285, 0.3365714285714285, 0.2954285714285714, 0.30457142857142855], "acc": [0.4166666666666667, 0.4166666666666667, 0.4166666666666667, 0.5833333333333334, 0.4166666666666667, 0.4166666666666667, 0.4166666666666667, 0.4166666666666667, 0.4166666666666667, 0.4166666666666667], "aps": [0.48439343749888014, 0.47828334637520525, 0.48798681334124544, 0.7536152193554598, 0.4842843124806352, 0.5296943999989108, 0.49446389373680405, 0.5127186852826795, 0.47657600573082876, 0.49119529041585963], "f1": [0.0, 0.0, 0.0, 0.7368421052631579, 0.0, 0.0, 0.0, 0.0, 0.0, 0.0], "auprc": [0.46537349053661414, 0.45922417193441895, 0.45209358967720725, 0.7543387336286764, 0.46479759506029383, 0.5108841236673387, 0.4793741892908348, 0.49588569523054427, 0.4580499695484068, 0.4727812795764159]}