{"auroc": [0.484, 0.5388571428571428, 0.3931428571428571, 0.508, 0.43714285714285717, 0.5, 0.3891428571428571, 0.6417142857142858, 0.492, 0.488], "acc": [0.4166666666666667, 0.4166666666666667, 0.4166666666666667, 0.4166666666666667, 0.4166666666666667, 0.4166666666666667, 0.4166666666666667, 0.4166666666666667, 0.4166666666666667, 0.4166666666666667], "aps": [0.6428089414705499, 0.649792268695433, 0.5461541269373307, 0.6171987636668912, 0.5544261079591107, 0.6121610417452598, 0.5425094459345722, 0.7226927335431141, 0.5924556863466282, 0.6027688503789035], "f1": [0.0, 0.0, 0.0, 0.0, 0.0, 0.0, 0.0, 0.0, 0.0, 0.0], "auprc": [0.6348790550878066, 0.6420221706455563, 0.5343169582055526, 0.6060412005306003, 0.5376059514823321, 0.6008131274135741, 0.5254326072484214, 0.7159612709759393, 0.5758966788438904, 0.5849271089422485]}