{"rf": [{"auroc": [0.34571428571428564], "acc": [0.4166666666666667], "aps": [0.5006898491623311], "f1": [0.0], "auprc": [0.47737400348961667]}], "enet": [{"auroc": [0.48971428571428577], "acc": [0.5833333333333334], "aps": [0.6350538234572088], "f1": [0.7368421052631579], "auprc": [0.6277196954965149]}]}