{"enet": [{"auroc": [0.6062857142857143, 0.6062857142857143, 0.6234285714285714, 0.6234285714285714, 0.6062857142857143, 0.6062857142857143, 0.6062857142857143, 0.6062857142857143, 0.6062857142857143, 0.6062857142857143], "acc": [0.4166666666666667, 0.4166666666666667, 0.4166666666666667, 0.4166666666666667, 0.4166666666666667, 0.4166666666666667, 0.4166666666666667, 0.4166666666666667, 0.4166666666666667, 0.4166666666666667], "aps": [0.6970621903439421, 0.6970621903439421, 0.7161254817581082, 0.7161254817581082, 0.6970621903439421, 0.6970621903439421, 0.6970621903439421, 0.6970621903439421, 0.6970621903439421, 0.6970621903439421], "f1": [0.0, 0.0, 0.0, 0.0, 0.0, 0.0, 0.0, 0.0, 0.0, 0.0], "auprc": [0.688670559863351, 0.688670559863351, 0.7091828664019079, 0.7091828664019079, 0.688670559863351, 0.688670559863351, 0.688670559863351, 0.688670559863351, 0.688670559863351, 0.688670559863351]}]}