{"rf": [{"auroc": [0.42571428571428577], "acc": [0.4166666666666667], "aps": [0.5484394061682196], "f1": [0.0], "auprc": [0.5777883679409103]}], "enet": [{"auroc": [0.4108571428571429], "acc": [0.4166666666666667], "aps": [0.6003696904319954], "f1": [0.0], "auprc": [0.5922788802823064]}]}