{"auroc": [0.6057142857142858, 0.6622857142857143, 0.5262857142857142, 0.5760000000000001, 0.6519999999999999, 0.7148571428571429, 0.6925714285714285, 0.5645714285714285, 0.5314285714285714, 0.4622857142857143], "acc": [0.5833333333333334, 0.4166666666666667, 0.4166666666666667, 0.5833333333333334, 0.5833333333333334, 0.5833333333333334, 0.5833333333333334, 0.5833333333333334, 0.4166666666666667, 0.5833333333333334], "aps": [0.7239124927940744, 0.7467230103390857, 0.6580740398356425, 0.7009748606864349, 0.7605291866403008, 0.7899376431981544, 0.7548259896259722, 0.6297875084309211, 0.6556967387357308, 0.5717701032124697], "f1": [0.7368421052631579, 0.0, 0.0, 0.7368421052631579, 0.7368421052631579, 0.7368421052631579, 0.7368421052631579, 0.7368421052631579, 0.0, 0.7368421052631579], "auprc": [0.7187873614156044, 0.7418553989157057, 0.6523427153065632, 0.6964900871945142, 0.757305383109174, 0.7877972233847742, 0.7487263105810689, 0.6100932743679879, 0.6500568277862561, 0.5513423047813902]}