{"auroc": [0.5611428571428572, 0.5880000000000001, 0.572, 0.6142857142857143, 0.5685714285714285, 0.47485714285714287, 0.4897142857142857, 0.5194285714285714, 0.33199999999999996, 0.5331428571428571], "acc": [0.4166666666666667, 0.5833333333333334, 0.5833333333333334, 0.5833333333333334, 0.5833333333333334, 0.5833333333333334, 0.5833333333333334, 0.5833333333333334, 0.4166666666666667, 0.5833333333333334], "aps": [0.6668976441387956, 0.6481245564380375, 0.6812771237091051, 0.6837862128001582, 0.6834230369109359, 0.5891358122442538, 0.6086675456531201, 0.6270578114158276, 0.5269054193547286, 0.6679901021673135], "f1": [0.0, 0.7368421052631579, 0.7368421052631579, 0.7368421052631579, 0.7368421052631579, 0.7368421052631579, 0.7368421052631579, 0.7368421052631579, 0.0, 0.7368421052631579], "auprc": [0.657517705602037, 0.6298995977375961, 0.6734357573687022, 0.6747157972917914, 0.6773323238124902, 0.5721602476902541, 0.5919072158202294, 0.6104771530144724, 0.5149288298931662, 0.6622694994904079]}