{"auroc": [0.5771428571428572, 0.552, 0.5228571428571429, 0.6577142857142856, 0.5874285714285714, 0.6371428571428572, 0.661142857142857, 0.6542857142857144, 0.4971428571428571, 0.6097142857142857], "acc": [0.4166666666666667, 0.4166666666666667, 0.4166666666666667, 0.4166666666666667, 0.5833333333333334, 0.4166666666666667, 0.4166666666666667, 0.4166666666666667, 0.4166666666666667, 0.4166666666666667], "aps": [0.6719789682069462, 0.6874608337539098, 0.6215166074998522, 0.745382749170767, 0.695233582489297, 0.7260956350629592, 0.7327574147764778, 0.7288337094149973, 0.6170870403677633, 0.6789773891057375], "f1": [0.0, 0.0, 0.0, 0.0, 0.7368421052631579, 0.0, 0.0, 0.0, 0.0, 0.0], "auprc": [0.6713259372502862, 0.6822420944042211, 0.6095240403591274, 0.7405812419727607, 0.6914588246016891, 0.7212032769878719, 0.7295126213189673, 0.7197699636682772, 0.6070541921697865, 0.6683819831452424]}