{"auroc": [0.4708571428571428, 0.5651428571428572, 0.40857142857142853, 0.4119999999999999, 0.6285714285714286, 0.41028571428571425, 0.3245714285714285, 0.41657142857142854, 0.5251428571428571, 0.4851428571428571], "acc": [0.5833333333333334, 0.4166666666666667, 0.5833333333333334, 0.4166666666666667, 0.4166666666666667, 0.4166666666666667, 0.4166666666666667, 0.5833333333333334, 0.5833333333333334, 0.4166666666666667], "aps": [0.5377236693613012, 0.649531437156448, 0.5110418089076433, 0.5202875420023534, 0.7322254454913136, 0.5190438497501653, 0.5051565797087118, 0.5230213032941076, 0.6629136182142589, 0.5580542407594119], "f1": [0.7368421052631579, 0.0, 0.7368421052631579, 0.0, 0.0, 0.0, 0.0, 0.7368421052631579, 0.7368421052631579, 0.0], "auprc": [0.5233075522147459, 0.6312101199224298, 0.4976663432054664, 0.5057639667844589, 0.7270951950659009, 0.5045847071390637, 0.490372638324869, 0.5082739050482475, 0.6560918926695937, 0.5440991043302925]}