{"auroc": [0.40514285714285714, 0.42, 0.586857142857143, 0.4177142857142857, 0.6337142857142857, 0.42000000000000004, 0.36857142857142855, 0.40285714285714286, 0.4034285714285714, 0.6291428571428572], "acc": [0.4166666666666667, 0.4166666666666667, 0.5833333333333334, 0.4166666666666667, 0.4166666666666667, 0.4166666666666667, 0.4166666666666667, 0.4166666666666667, 0.5833333333333334, 0.4166666666666667], "aps": [0.557313508443428, 0.5825544182183873, 0.6782637168766358, 0.5769944083640157, 0.7292886174083008, 0.5935469285045958, 0.5515942443679309, 0.5543921631342119, 0.5532350787136223, 0.7230570740444774], "f1": [0.0, 0.0, 0.7368421052631579, 0.0, 0.0, 0.0, 0.0, 0.0, 0.7368421052631579, 0.0], "auprc": [0.5521935842895304, 0.5774476189962834, 0.6674462996993226, 0.5718767816267506, 0.7230317339792619, 0.5885886405462145, 0.5465207096887803, 0.5489962487609484, 0.5430664319939067, 0.7170060448100296]}