{"rf": [{"auroc": [0.436], "acc": [0.4166666666666667], "aps": [0.5645355619325784], "f1": [0.0], "auprc": [0.5687123942474251]}], "enet": [{"auroc": [0.5685714285714285], "acc": [0.4166666666666667], "aps": [0.6697801081411976], "f1": [0.0], "auprc": [0.6608391508301893]}]}