{"rf": [{"auroc": [0.5], "acc": [0.4166666666666667], "aps": [0.5833333333333334], "f1": [0.0]}], "enet": [{"auroc": [0.5902857142857143], "acc": [0.4166666666666667], "aps": [0.6647948173421707], "f1": [0.0]}]}