{"rf": [{"auroc": [0.5531428571428572], "acc": [0.4166666666666667], "aps": [0.6251027403968581], "f1": [0.0], "auprc": [0.6562429727135609]}], "enet": [{"auroc": [0.5594285714285715], "acc": [0.4166666666666667], "aps": [0.6365584850524912], "f1": [0.0], "auprc": [0.6179957637822153]}]}