{"auroc": [0.7102857142857142, 0.7245714285714285, 0.6954285714285714, 0.7205714285714286, 0.6485714285714286, 0.6554285714285715, 0.6954285714285714, 0.7011428571428571, 0.7045714285714285, 0.6565714285714286], "acc": [0.4166666666666667, 0.5833333333333334, 0.4166666666666667, 0.5833333333333334, 0.5833333333333334, 0.4166666666666667, 0.4166666666666667, 0.4166666666666667, 0.4166666666666667, 0.4166666666666667], "aps": [0.7844144228370833, 0.7662831677591382, 0.7640470678880562, 0.7909674214293522, 0.7337444861896129, 0.7242121015880854, 0.7719427456637489, 0.765084991556015, 0.7715101676687903, 0.7250429661161109], "f1": [0.0, 0.7368421052631579, 0.0, 0.7368421052631579, 0.7368421052631579, 0.0, 0.0, 0.0, 0.0, 0.0], "auprc": [0.780373251250415, 0.7608638654696651, 0.7590846350677521, 0.7870550234107002, 0.7277475682681669, 0.7171731522915966, 0.7675364953409828, 0.7601192383463441, 0.7669195027995108, 0.7179133046752972]}