{"enet": [{"auroc": [0.578857142857143, 0.5354285714285714, 0.5754285714285714, 0.6359999999999999, 0.578857142857143, 0.578857142857143, 0.5742857142857143, 0.5754285714285714, 0.6359999999999999, 0.5754285714285714], "acc": [0.4166666666666667, 0.4166666666666667, 0.4166666666666667, 0.4166666666666667, 0.4166666666666667, 0.4166666666666667, 0.4166666666666667, 0.4166666666666667, 0.4166666666666667, 0.4166666666666667], "aps": [0.6658748062447739, 0.6233811416113554, 0.6586573933651063, 0.6803004998244971, 0.6658748062447739, 0.6658748062447739, 0.6678564475976095, 0.6586573933651063, 0.6803004998244971, 0.6586573933651063], "f1": [0.0, 0.0, 0.0, 0.0, 0.0, 0.0, 0.0, 0.0, 0.0, 0.0], "auprc": [0.654688397432973, 0.6115104708359705, 0.6474142665283006, 0.6622457154295698, 0.654688397432973, 0.654688397432973, 0.6569934417049649, 0.6474142665283006, 0.6622457154295698, 0.6474142665283006]}]}