{"enet": [{"auroc": [0.39485714285714285, 0.39485714285714285, 0.3674285714285714, 0.40285714285714286, 0.3674285714285714, 0.5091428571428571, 0.37199999999999994, 0.2657142857142857, 0.29200000000000004, 0.3674285714285714], "acc": [0.4166666666666667, 0.4166666666666667, 0.4166666666666667, 0.4166666666666667, 0.4166666666666667, 0.4166666666666667, 0.4166666666666667, 0.4166666666666667, 0.4166666666666667, 0.4166666666666667], "aps": [0.5622043152421615, 0.5622043152421615, 0.5375621583011253, 0.5632310273838388, 0.5375621583011253, 0.6711914045115445, 0.5531558914686034, 0.46672744380686093, 0.4676997700458864, 0.5375621583011253], "f1": [0.0, 0.0, 0.0, 0.0, 0.0, 0.0, 0.0, 0.0, 0.0, 0.0], "auprc": [0.5500936326620652, 0.5500936326620652, 0.5253950022339153, 0.5513499781064773, 0.5253950022339153, 0.6661842151089241, 0.5415950200753941, 0.4484754483913693, 0.45197975554042163, 0.5253950022339153]}]}