{"enet": [{"auroc": [0.5137142857142858, 0.5102857142857143, 0.5137142857142858, 0.5137142857142858, 0.49657142857142855, 0.5137142857142858, 0.4794285714285715, 0.5068571428571429, 0.5137142857142858, 0.4771428571428571], "acc": [0.4166666666666667, 0.4166666666666667, 0.4166666666666667, 0.4166666666666667, 0.4166666666666667, 0.4166666666666667, 0.4166666666666667, 0.4166666666666667, 0.4166666666666667, 0.4166666666666667], "aps": [0.6381937224030854, 0.6382841394357323, 0.6382334303745238, 0.6381937224030854, 0.6505924091614445, 0.6382334303745238, 0.6276340921046163, 0.6343945782478372, 0.6381937224030854, 0.6395642556146206], "f1": [0.0, 0.0, 0.0, 0.0, 0.0, 0.0, 0.0, 0.0, 0.0, 0.0], "auprc": [0.6289003067527887, 0.6290358495012518, 0.6289469784292793, 0.6289003067527887, 0.6442564558209015, 0.6289469784292793, 0.6187272133617134, 0.6252394592200206, 0.6289003067527887, 0.6335099196761792]}]}