{"auroc": [0.37314285714285716, 0.452, 0.4125714285714286, 0.4177142857142857, 0.45999999999999996, 0.4828571428571428, 0.4554285714285714, 0.476, 0.41200000000000003, 0.45885714285714285], "acc": [0.4166666666666667, 0.4166666666666667, 0.4166666666666667, 0.4166666666666667, 0.4166666666666667, 0.4166666666666667, 0.4166666666666667, 0.4166666666666667, 0.4166666666666667, 0.4166666666666667], "aps": [0.5409071125382233, 0.5762301129879223, 0.5627664680140042, 0.5584570497718154, 0.6043460619008468, 0.5739325452383605, 0.6124391362981437, 0.6010801756177497, 0.5572371307893188, 0.5724570201161729], "f1": [0.0, 0.0, 0.0, 0.0, 0.0, 0.0, 0.0, 0.0, 0.0, 0.0], "auprc": [0.5217197369021024, 0.5638976145068162, 0.5510508853059812, 0.5461395164210675, 0.5949702959403985, 0.5621015692315704, 0.6049713308010478, 0.5892592159698712, 0.5380381830448497, 0.553063863318493]}