{"rf": [{"auroc": [0.5634285714285715], "acc": [0.4166666666666667], "aps": [0.6628052550315812], "f1": [0.0]}], "enet": [{"auroc": [0.48857142857142855], "acc": [0.5833333333333334], "aps": [0.6224456243944094], "f1": [0.7368421052631579]}]}