{"rf": [{"auroc": [0.42], "acc": [0.5833333333333334], "aps": [0.5448708635996772], "f1": [0.7368421052631579]}], "enet": [{"auroc": [0.35942857142857143], "acc": [0.4166666666666667], "aps": [0.5072468329250079], "f1": [0.0]}]}