{"rf": [{"auroc": [0.48457142857142854], "acc": [0.5833333333333334], "aps": [0.6054403004912835], "f1": [0.7368421052631579]}], "enet": [{"auroc": [0.5194285714285715], "acc": [0.5833333333333334], "aps": [0.6555302151668024], "f1": [0.7368421052631579]}]}