{"auroc": [0.528, 0.4971428571428571, 0.4737142857142857, 0.4611428571428572, 0.4337142857142857, 0.4977142857142857, 0.4531428571428571, 0.39942857142857147, 0.5457142857142857, 0.4897142857142857], "acc": [0.5833333333333334, 0.4166666666666667, 0.4166666666666667, 0.4166666666666667, 0.4166666666666667, 0.4166666666666667, 0.4166666666666667, 0.4166666666666667, 0.4166666666666667, 0.4166666666666667], "aps": [0.6035637255513131, 0.6212629060231237, 0.5782470502553078, 0.5836925628742565, 0.5831702148114418, 0.6007872159559945, 0.5742245059073906, 0.5606596139182268, 0.6506396900894197, 0.5985130565672002], "f1": [0.7368421052631579, 0.0, 0.0, 0.0, 0.0, 0.0, 0.0, 0.0, 0.0, 0.0], "auprc": [0.5846992887530114, 0.6104023609380084, 0.5617676777071738, 0.5647784180881221, 0.5685802444901095, 0.5816665705003128, 0.555165517731316, 0.5507364901246752, 0.648723363520458, 0.5796063159176483]}