{"enet": [{"auroc": [0.4897142857142857, 0.4897142857142857, 0.5914285714285714, 0.5559999999999999, 0.49199999999999994, 0.564, 0.45199999999999996, 0.49199999999999994, 0.6005714285714285, 0.6005714285714285], "acc": [0.4166666666666667, 0.4166666666666667, 0.4166666666666667, 0.4166666666666667, 0.4166666666666667, 0.4166666666666667, 0.4166666666666667, 0.4166666666666667, 0.55, 0.55], "aps": [0.6122004711813429, 0.6122004711813429, 0.6727372074479304, 0.63220627201505, 0.5674963215336101, 0.6528794522535105, 0.5459007802854761, 0.5674963215336101, 0.667770269681844, 0.667770269681844], "f1": [0.0, 0.0, 0.0, 0.0, 0.0, 0.0, 0.0, 0.0, 0.5846153846153846, 0.5846153846153846], "auprc": [0.6039467724681502, 0.6039467724681502, 0.6550188537869037, 0.6134059177537228, 0.550733786126935, 0.6350281651290697, 0.5293653714257813, 0.550733786126935, 0.6565344173689717, 0.6565344173689717]}]}