{"enet": [{"auroc": [0.5388571428571428, 0.5, 0.5251428571428571, 0.532, 0.532, 0.5251428571428571, 0.5388571428571428, 0.5388571428571428, 0.5388571428571428, 0.5388571428571428], "acc": [0.4166666666666667, 0.5833333333333334, 0.4166666666666667, 0.4166666666666667, 0.4166666666666667, 0.4166666666666667, 0.4166666666666667, 0.4166666666666667, 0.4166666666666667, 0.4166666666666667], "aps": [0.6516908160771304, 0.5833333333333334, 0.6443457068923334, 0.6422943963126153, 0.6422943963126153, 0.6443457068923334, 0.6488196487240036, 0.6516908160771304, 0.6516908160771304, 0.6520591071021707], "f1": [0.0, 0.7368421052631579, 0.0, 0.0, 0.0, 0.0, 0.0, 0.0, 0.0, 0.0], "auprc": [0.6437470860450353, 0.7916666666666667, 0.6364198119965226, 0.6340551121867527, 0.6340551121867527, 0.6364198119965226, 0.6408365869488895, 0.6437470860450353, 0.6437470860450353, 0.6441272777713407]}]}