{"rf": [{"auroc": [0.7331428571428571], "acc": [0.4166666666666667], "aps": [0.7291926329027039], "f1": [0.0], "auprc": [0.7152642868511159]}], "enet": [{"auroc": [0.5457142857142857], "acc": [0.4166666666666667], "aps": [0.6316505106392075], "f1": [0.0], "auprc": [0.6197229672338777]}]}