{"auroc": [0.5, 0.6028571428571429, 0.5262857142857142, 0.5942857142857143, 0.5, 0.6371428571428571, 0.5, 0.5954285714285714, 0.5, 0.52], "acc": [0.4166666666666667, 0.5833333333333334, 0.4166666666666667, 0.5833333333333334, 0.5833333333333334, 0.5833333333333334, 0.5833333333333334, 0.5833333333333334, 0.5833333333333334, 0.5833333333333334], "aps": [0.5833333333333334, 0.6547619047619048, 0.5963977740962575, 0.6531746031746032, 0.5833333333333334, 0.7534951211426776, 0.5833333333333334, 0.6896334084906566, 0.5833333333333334, 0.5932203389830508], "f1": [0.0, 0.7368421052631579, 0.0, 0.7368421052631579, 0.7368421052631579, 0.7368421052631579, 0.7368421052631579, 0.7368421052631579, 0.7368421052631579, 0.7368421052631579], "auprc": [0.7916666666666667, 0.767857142857143, 0.7924344760205599, 0.7837301587301588, 0.7916666666666667, 0.7535737385030701, 0.7916666666666667, 0.7266660660636343, 0.7916666666666667, 0.7966101694915254]}