{"auroc": [0.26171428571428573, 0.5874285714285714, 0.6057142857142856, 0.2142857142857143, 0.31142857142857144, 0.23142857142857143, 0.23199999999999998, 0.7657142857142857, 0.4017142857142857, 0.2422857142857143], "acc": [0.4166666666666667, 0.5833333333333334, 0.5833333333333334, 0.4166666666666667, 0.4166666666666667, 0.5833333333333334, 0.5833333333333334, 0.4166666666666667, 0.4166666666666667, 0.4166666666666667], "aps": [0.4591833456240787, 0.6499629292499781, 0.697234911131285, 0.43578371232501495, 0.49916243188770226, 0.4390015898530992, 0.4419079720906768, 0.80055926781372, 0.5638603005602713, 0.4436238288236114], "f1": [0.0, 0.7368421052631579, 0.7368421052631579, 0.0, 0.0, 0.7368421052631579, 0.7368421052631579, 0.0, 0.0, 0.0], "auprc": [0.4443400314263518, 0.6430395021616108, 0.6876825857950807, 0.4208475271256206, 0.4787425477266447, 0.4259006987845023, 0.4270886862738783, 0.794929828239733, 0.5573209642906402, 0.43116199662006915]}