{"rf": [{"auroc": [0.548], "acc": [0.4166666666666667], "aps": [0.6124014298706458], "f1": [0.0], "auprc": [0.5932495538864382]}], "enet": [{"auroc": [0.5857142857142857], "acc": [0.4166666666666667], "aps": [0.6844223883187005], "f1": [0.0], "auprc": [0.6769990619680761]}]}