{"auroc": [0.48857142857142855, 0.6325714285714286, 0.3445714285714286, 0.5514285714285715, 0.4005714285714286, 0.5737142857142857, 0.47485714285714287, 0.5377142857142857, 0.5622857142857143, 0.5777142857142856], "acc": [0.4166666666666667, 0.5833333333333334, 0.4166666666666667, 0.5833333333333334, 0.5833333333333334, 0.4166666666666667, 0.4166666666666667, 0.4166666666666667, 0.4166666666666667, 0.5833333333333334], "aps": [0.5715354454426802, 0.7374532147831362, 0.5034474923577955, 0.6491752884208677, 0.5664974812604524, 0.6840286675703674, 0.6152163691308052, 0.6323602845766974, 0.6251076582278524, 0.667394548663069], "f1": [0.0, 0.7368421052631579, 0.0, 0.7368421052631579, 0.7368421052631579, 0.0, 0.0, 0.0, 0.0, 0.7368421052631579], "auprc": [0.5545199108291254, 0.7349299837914163, 0.4864320499701359, 0.6387696252092335, 0.550861802772194, 0.6749058310834927, 0.6034676226482217, 0.6173433683596806, 0.6062046116099509, 0.6602872470426175]}