{"auroc": [0.54, 0.5331428571428571, 0.5045714285714286, 0.6365714285714285, 0.5365714285714286, 0.5399999999999999, 0.45142857142857146, 0.5342857142857143, 0.6394285714285715, 0.6325714285714286], "acc": [0.4166666666666667, 0.4166666666666667, 0.5833333333333334, 0.4166666666666667, 0.4166666666666667, 0.5833333333333334, 0.4166666666666667, 0.4166666666666667, 0.4166666666666667, 0.5833333333333334], "aps": [0.6082101263745294, 0.583004794690978, 0.5775464765307863, 0.7052052787442908, 0.5889224023579677, 0.5955425338768944, 0.5770876708516642, 0.5915060603312925, 0.6554505759755762, 0.755279770997631], "f1": [0.0, 0.0, 0.7368421052631579, 0.0, 0.0, 0.7368421052631579, 0.0, 0.0, 0.0, 0.7368421052631579], "auprc": [0.6051475494609332, 0.579561638661401, 0.5733794171608882, 0.68647760733418, 0.5835049487466926, 0.5917210902253243, 0.5631509884170105, 0.5870833194154272, 0.6506007271209766, 0.7672606216933469]}