{"rf": [{"auroc": [0.40628571428571436], "acc": [0.4166666666666667], "aps": [0.5741041855551519], "f1": [0.0], "auprc": [0.6125210189639243]}], "enet": [{"auroc": [0.5342857142857143], "acc": [0.4166666666666667], "aps": [0.6510120523314742], "f1": [0.0], "auprc": [0.6421011011550884]}]}