{"auroc": [0.42228571428571426, 0.4371428571428571, 0.5828571428571429, 0.5337142857142857, 0.4382857142857143, 0.5708571428571428, 0.7045714285714286, 0.4931428571428571, 0.4394285714285714, 0.52], "acc": [0.4166666666666667, 0.4166666666666667, 0.4166666666666667, 0.4166666666666667, 0.4166666666666667, 0.4166666666666667, 0.4166666666666667, 0.5833333333333334, 0.4166666666666667, 0.4166666666666667], "aps": [0.5317111463325558, 0.5522235271901624, 0.6784084943468491, 0.6570554364421309, 0.5283723639841928, 0.7204585079074136, 0.7560859478841108, 0.6624359848645811, 0.5387478326934574, 0.6847645841556417], "f1": [0.0, 0.0, 0.0, 0.0, 0.0, 0.0, 0.0, 0.7368421052631579, 0.0, 0.0], "auprc": [0.5126730721575999, 0.5404913614344992, 0.6756409046018478, 0.6671298519573047, 0.5091053847675124, 0.7156668811552701, 0.7489071589101658, 0.6568329552820337, 0.5197051738630238, 0.6795768476602647]}