{"rf": [{"auroc": [0.5462857142857143], "acc": [0.4166666666666667], "aps": [0.6095954171142142], "f1": [0.0], "auprc": [0.5177228786251343]}], "enet": [{"auroc": [0.45542857142857146], "acc": [0.4166666666666667], "aps": [0.6091340575174883], "f1": [0.0], "auprc": [0.6008239390795487]}]}