{"rf": [{"auroc": [0.5], "acc": [0.5833333333333334], "aps": [0.5833333333333334], "f1": [0.7368421052631579]}], "enet": [{"auroc": [0.5274285714285715], "acc": [0.4166666666666667], "aps": [0.6391388667766269], "f1": [0.0]}]}