{"auroc": [0.5697788697788697, 0.571990171990172, 0.5508599508599509, 0.5592137592137592, 0.5803439803439804, 0.587960687960688, 0.577886977886978, 0.5466830466830468, 0.5783783783783785, 0.5120393120393121], "acc": [0.40217391304347827, 0.40217391304347827, 0.40217391304347827, 0.40217391304347827, 0.40217391304347827, 0.40217391304347827, 0.40217391304347827, 0.40217391304347827, 0.40217391304347827, 0.40217391304347827], "aps": [0.48925271814991733, 0.4633171039934141, 0.4583437921157487, 0.4483270337684979, 0.4695730515180766, 0.5144837225832309, 0.49405991230875285, 0.4265603186696195, 0.48498161478252705, 0.4161640665526858], "f1": [0.5736434108527132, 0.5736434108527132, 0.5736434108527132, 0.5736434108527132, 0.5736434108527132, 0.5736434108527132, 0.5736434108527132, 0.5736434108527132, 0.5736434108527132, 0.5736434108527132], "auprc": [0.4723853409814118, 0.44536028964813434, 0.4396421204663689, 0.4299062404979276, 0.4533405922051189, 0.5055198439574112, 0.47556843532148085, 0.41578358360562473, 0.47348330990757553, 0.39907419331774996]}