{"enet": [{"auroc": [0.544963144963145, 0.5233415233415233, 0.5, 0.5, 0.5371007371007371, 0.4894348894348895, 0.5, 0.4894348894348895, 0.5, 0.4894348894348895], "acc": [0.5978260869565217, 0.40217391304347827, 0.40217391304347827, 0.40217391304347827, 0.41304347826086957, 0.5978260869565217, 0.40217391304347827, 0.5978260869565217, 0.40217391304347827, 0.5978260869565217], "aps": [0.44117311232682377, 0.4138454611139617, 0.40217391304347827, 0.40217391304347827, 0.42145072074200357, 0.39256399727272756, 0.40217391304347827, 0.39256399727272756, 0.40217391304347827, 0.39256399727272756], "f1": [0.0, 0.5736434108527132, 0.5736434108527132, 0.5736434108527132, 0.578125, 0.0, 0.5736434108527132, 0.0, 0.5736434108527132, 0.0], "auprc": [0.4231006773762089, 0.6989374725717229, 0.7010869565217391, 0.7010869565217391, 0.6947951042722064, 0.3782395225267077, 0.7010869565217391, 0.3782395225267077, 0.7010869565217391, 0.3782395225267077]}]}