{"auroc": [0.5186732186732188, 0.5253071253071253, 0.5127764127764128, 0.49582309582309586, 0.5110565110565111, 0.5068796068796069, 0.5012285012285013, 0.5056511056511057, 0.500982800982801, 0.4901719901719902], "acc": [0.5978260869565217, 0.40217391304347827, 0.5978260869565217, 0.40217391304347827, 0.40217391304347827, 0.40217391304347827, 0.40217391304347827, 0.40217391304347827, 0.40217391304347827, 0.40217391304347827], "aps": [0.4271927712175748, 0.40995623412337956, 0.41677755202593725, 0.41977544846933257, 0.42758430269139114, 0.4284429910021976, 0.4252032800560851, 0.4204703870263278, 0.4291475921519331, 0.41391909508035496], "f1": [0.0, 0.5736434108527132, 0.0, 0.5736434108527132, 0.5736434108527132, 0.5736434108527132, 0.5736434108527132, 0.5736434108527132, 0.5736434108527132, 0.5736434108527132], "auprc": [0.41335129198110565, 0.3930940673910854, 0.4021071958338799, 0.4015746854455491, 0.4091868108583064, 0.410381135091532, 0.4068587643766917, 0.4038167184531483, 0.4103668894299514, 0.4004667137617358]}