{"auroc": [0.5461916461916462, 0.5842751842751843, 0.6481572481572482, 0.658968058968059, 0.6405405405405405, 0.5847665847665847, 0.6501228501228502, 0.5334152334152333, 0.658968058968059, 0.45773955773955777], "acc": [0.40217391304347827, 0.40217391304347827, 0.5978260869565217, 0.40217391304347827, 0.40217391304347827, 0.40217391304347827, 0.40217391304347827, 0.40217391304347827, 0.40217391304347827, 0.40217391304347827], "aps": [0.4532078701497652, 0.4823451173834048, 0.5438943774723937, 0.5381686320123655, 0.5353895985830468, 0.4882692474388996, 0.5446289192272311, 0.47421596280717515, 0.5693046774372696, 0.3726828088218978], "f1": [0.5736434108527132, 0.5736434108527132, 0.0, 0.5736434108527132, 0.5736434108527132, 0.5736434108527132, 0.5736434108527132, 0.5736434108527132, 0.5736434108527132, 0.5736434108527132], "auprc": [0.44164743944542434, 0.4707063116854061, 0.5328166376722032, 0.5261698305631349, 0.5244038758403451, 0.47604912010429673, 0.5348832569207747, 0.4560021638398872, 0.5599288427587918, 0.35887658373917536]}