{"auroc": [0.46879606879606883, 0.5179361179361179, 0.4594594594594595, 0.5314496314496314, 0.49213759213759223, 0.509090909090909, 0.48746928746928747, 0.4636363636363637, 0.41695331695331694, 0.4914004914004914], "acc": [0.40217391304347827, 0.40217391304347827, 0.40217391304347827, 0.40217391304347827, 0.5978260869565217, 0.40217391304347827, 0.5978260869565217, 0.5978260869565217, 0.40217391304347827, 0.40217391304347827], "aps": [0.3865270703258742, 0.40235395591695183, 0.3693791787648436, 0.42447098993861077, 0.3943353665736506, 0.43761458286510546, 0.43127866673526405, 0.39236849757039965, 0.3799963350510082, 0.3903294386292674], "f1": [0.5736434108527132, 0.5736434108527132, 0.5736434108527132, 0.5736434108527132, 0.0, 0.5736434108527132, 0.0, 0.0, 0.5736434108527132, 0.5736434108527132], "auprc": [0.37177380461767867, 0.38762036630552854, 0.3548337178155955, 0.413596083066837, 0.37920119456945717, 0.4286183747468448, 0.4132862238475704, 0.3820391799539941, 0.36987563889948855, 0.3758466690243331]}