{"auroc": [0.5832923832923833, 0.5577395577395579, 0.4371007371007371, 0.5756756756756758, 0.5756756756756757, 0.5434889434889436, 0.5461916461916463, 0.557985257985258, 0.5420147420147421, 0.5533169533169533], "acc": [0.40217391304347827, 0.40217391304347827, 0.40217391304347827, 0.40217391304347827, 0.40217391304347827, 0.40217391304347827, 0.40217391304347827, 0.40217391304347827, 0.40217391304347827, 0.5978260869565217], "aps": [0.4841638698069849, 0.4464258394052057, 0.37455787432864385, 0.45491460902239, 0.48517550279347943, 0.4383212026746349, 0.45430115853411623, 0.48714160664721623, 0.43504133318246807, 0.4546263938489101], "f1": [0.5736434108527132, 0.5736434108527132, 0.5736434108527132, 0.5736434108527132, 0.5736434108527132, 0.5736434108527132, 0.5736434108527132, 0.5736434108527132, 0.5736434108527132, 0.0], "auprc": [0.4654861909136123, 0.4314442657653351, 0.3572758090223633, 0.4413853455225103, 0.4734883561330587, 0.4197985322330011, 0.43622317185326265, 0.47898847160043534, 0.4168172162402965, 0.43951258616114014]}