{"enet": [{"auroc": [0.5174447174447174, 0.514987714987715, 0.514987714987715, 0.547911547911548, 0.5, 0.5, 0.5385749385749385, 0.5, 0.5, 0.5], "acc": [0.40217391304347827, 0.5978260869565217, 0.5978260869565217, 0.5978260869565217, 0.40217391304347827, 0.40217391304347827, 0.42391304347826086, 0.40217391304347827, 0.40217391304347827, 0.40217391304347827], "aps": [0.4494976754449694, 0.4547600615324989, 0.4547600615324989, 0.44320397101745745, 0.40217391304347827, 0.40217391304347827, 0.4257323602213672, 0.40217391304347827, 0.40217391304347827, 0.40217391304347827], "f1": [0.5736434108527132, 0.0, 0.0, 0.0, 0.5736434108527132, 0.5736434108527132, 0.5826771653543308, 0.5736434108527132, 0.5736434108527132, 0.5736434108527132], "auprc": [0.44007386997550596, 0.4452027449987796, 0.4452027449987796, 0.4323978813474752, 0.7010869565217391, 0.7010869565217391, 0.5019240590363707, 0.7010869565217391, 0.7010869565217391, 0.7010869565217391]}]}