{"best_index": [82, 80, 67, 97, 132], "auroc": [0.54, 0.42250000000000004, 0.5625, 0.5125, 0.38], "acc": [0.55, 0.5, 0.525, 0.475, 0.475], "aps": [0.5816787721570706, 0.5110884664212667, 0.5787254431002934, 0.5626378931330206, 0.4893762582374562], "f1": [0.6538461538461537, 0.6296296296296295, 0.6122448979591838, 0.631578947368421, 0.631578947368421], "auprc": [0.5641581190605485, 0.49288346488974427, 0.5645938514341255, 0.5485498558956159, 0.4711612793810299]}