{"best_index": [55, 77, 108, 218, 137], "auroc": [0.6074999999999999, 0.5475000000000001, 0.53, 0.52, 0.48249999999999993], "acc": [0.575, 0.55, 0.525, 0.55, 0.475], "aps": [0.6075031228661261, 0.5802233979256038, 0.5429834404709248, 0.557617622424074, 0.5426701398783942], "f1": [0.6382978723404256, 0.5909090909090908, 0.6122448979591838, 0.6250000000000001, 0.4878048780487805], "auprc": [0.5894571877938618, 0.5660215462489377, 0.5120658646147539, 0.5392094739087523, 0.5242332767030567]}