{"best_index": [125, 101, 126, 105, 116], "auroc": [0.6425000000000001, 0.5775, 0.6000000000000001, 0.5674999999999999, 0.5525], "acc": [0.6, 0.55, 0.475, 0.55, 0.525], "aps": [0.6362117638420084, 0.6172358163657974, 0.6510986754090203, 0.5888359589243358, 0.6206083447656674], "f1": [0.6666666666666666, 0.608695652173913, 0.5116279069767442, 0.64, 0.5128205128205129], "auprc": [0.6186014887420543, 0.6033357019725729, 0.6381632993352003, 0.5706666939608824, 0.6071318014658482]}