{"auroc": [0.6169386169386171, 0.4844599844599845, 0.6013986013986014, 0.47902097902097907, 0.5881895881895882, 0.6087801087801088, 0.583916083916084, 0.6138306138306139, 0.3815073815073815, 0.5648795648795648], "acc": [0.15827338129496402, 0.15827338129496402, 0.15827338129496402, 0.15827338129496402, 0.15827338129496402, 0.15827338129496402, 0.15827338129496402, 0.15827338129496402, 0.15827338129496402, 0.15827338129496402], "aps": [0.8701128731561213, 0.8579063464297609, 0.8722235848037247, 0.8520815657122527, 0.8668560520147875, 0.8960747965338485, 0.8616165317436282, 0.8827236332114965, 0.7878890565260961, 0.857316614189289], "f1": [0.0, 0.0, 0.0, 0.0, 0.0, 0.0, 0.0, 0.0, 0.0, 0.0], "auprc": [0.8645031777171515, 0.8562878571404963, 0.8692475948675498, 0.8504973266302134, 0.8646985050120695, 0.8951630181819332, 0.8590827067789044, 0.8811872318998648, 0.783688505025524, 0.8548621615084627]}