{"auroc": [0.6367521367521367, 0.5644910644910645, 0.6674436674436675, 0.5621600621600621, 0.5796425796425797, 0.6072261072261073, 0.635975135975136, 0.616938616938617, 0.5722610722610723, 0.5652680652680653], "acc": [0.15827338129496402, 0.15827338129496402, 0.15827338129496402, 0.15827338129496402, 0.17266187050359713, 0.15827338129496402, 0.15827338129496402, 0.15827338129496402, 0.15827338129496402, 0.15827338129496402], "aps": [0.8820156082756714, 0.8663722557819995, 0.9028181667963773, 0.8627069718510263, 0.8879176316474942, 0.8746132000439009, 0.9066935293865983, 0.8736525608336861, 0.8774863835550782, 0.8829269156271428], "f1": [0.0, 0.0, 0.0, 0.0, 0.033613445378151266, 0.0, 0.0, 0.0, 0.0, 0.0], "auprc": [0.8787422186055274, 0.864250811521152, 0.9008618142676562, 0.8603624411881706, 0.886947108479264, 0.8727396358587112, 0.9059708141458889, 0.8703090654806029, 0.8757484897433877, 0.8819143105701569]}