{"auroc": [0.5452653485952133, 0.47658688865764826, 0.4901144640998959, 0.44953173777315303, 0.5109261186264308, 0.4786680541103018, 0.4557752341311134, 0.4183142559833507, 0.42872008324661814, 0.5535900104058272], "acc": [0.5, 0.5161290322580645, 0.5, 0.5, 0.5, 0.5, 0.5, 0.5, 0.5, 0.5], "aps": [0.5179587614669832, 0.5400213131830757, 0.515132888630648, 0.4755875670083037, 0.5426900601404447, 0.48331456151824814, 0.459503225300561, 0.45743196105270295, 0.4499500816208314, 0.5247301535993356], "f1": [0.0, 0.0625, 0.0, 0.0, 0.0, 0.0, 0.0, 0.0, 0.0, 0.0], "auprc": [0.4989282236723177, 0.5293330964888701, 0.4934733605219919, 0.4542485542362615, 0.5214079507983927, 0.46481575322529156, 0.44519027739332884, 0.4362581518746919, 0.43328029362493664, 0.50572124189284]}