{"auroc": [0.475, 0.5775, 0.4575, 0.3675, 0.59, 0.2, 0.36249999999999993, 0.48250000000000004, 0.315, 0.38499999999999995], "acc": [0.525, 0.575, 0.5, 0.4, 0.5, 0.3, 0.5, 0.5, 0.5, 0.5], "aps": [0.5158917244211362, 0.5904832624885572, 0.4737982545119969, 0.43198506024198247, 0.6674148088868634, 0.35975490006385036, 0.4673312643631746, 0.5176789856769806, 0.3983196211556111, 0.4838463502384595], "f1": [0.6779661016949152, 0.6909090909090908, 0.6666666666666666, 0.4285714285714286, 0.6666666666666666, 0.41666666666666663, 0.6666666666666666, 0.6153846153846154, 0.6666666666666666, 0.6666666666666666], "auprc": [0.49811964913306633, 0.5723135791495026, 0.4476986434258297, 0.406652835692159, 0.6590114494940538, 0.3433114550247983, 0.4498060022819032, 0.49959927509530244, 0.37814289572966414, 0.4659749593810847]}