{"enet": [{"auroc": [0.5425, 0.7025, 0.5900000000000001, 0.7025, 0.5525, 0.5, 0.5525, 0.5900000000000001, 0.5, 0.5575], "acc": [0.5, 0.675, 0.575, 0.675, 0.5, 0.475, 0.5, 0.575, 0.475, 0.575], "aps": [0.5294557874114763, 0.7025514029215854, 0.5499143645728085, 0.7025514029215854, 0.5759844013115338, 0.48222768512568365, 0.5759844013115338, 0.5499143645728085, 0.48222768512568365, 0.5277998739045735], "f1": [0.6666666666666666, 0.6060606060606061, 0.679245283018868, 0.6060606060606061, 0.6666666666666666, 0.4878048780487805, 0.6666666666666666, 0.679245283018868, 0.4878048780487805, 0.679245283018868], "auprc": [0.49854622480731337, 0.7360853719781838, 0.7408453841580621, 0.7360853719781838, 0.5577243791765116, 0.578663630169232, 0.5577243791765116, 0.7408453841580621, 0.578663630169232, 0.6941054904998707]}]}