{"enet": [{"auroc": [0.64, 0.8187500000000001, 0.7625, 0.62, 0.74, 0.6025, 0.8187500000000001, 0.7625, 0.5, 0.64], "acc": [0.5, 0.725, 0.65, 0.55, 0.675, 0.575, 0.725, 0.65, 0.5, 0.5], "aps": [0.6602026497350078, 0.8210319276311923, 0.6883837292057483, 0.5930018253437808, 0.6633403361344538, 0.565628388452155, 0.8210319276311923, 0.6883837292057483, 0.5, 0.6602026497350078], "f1": [0.6296296296296295, 0.6666666666666667, 0.6111111111111112, 0.5909090909090908, 0.7450980392156863, 0.6666666666666665, 0.6666666666666667, 0.6111111111111112, 0.6666666666666666, 0.6296296296296295], "auprc": [0.6471069122752653, 0.8409817016629522, 0.7532733826915117, 0.7141365931899238, 0.812730774127833, 0.7356730557946165, 0.8409817016629522, 0.7532733826915117, 0.75, 0.6471069122752653]}]}