{"enet": [{"auroc": [0.445, 0.46749999999999997, 0.31, 0.4075, 0.435, 0.3925, 0.34750000000000003, 0.34750000000000003, 0.34750000000000003, 0.545], "acc": [0.5, 0.475, 0.35, 0.375, 0.5, 0.4, 0.325, 0.325, 0.325, 0.5], "aps": [0.5342370608146121, 0.4858664699181941, 0.40096021861434156, 0.4497843789275241, 0.5173463684204598, 0.4366699112982423, 0.42884354887213993, 0.42884354887213993, 0.42884354887213993, 0.5470911858471259], "f1": [0.6666666666666666, 0.6037735849056605, 0.4090909090909091, 0.4897959183673469, 0.6666666666666666, 0.47826086956521735, 0.490566037735849, 0.490566037735849, 0.490566037735849, 0.6666666666666666], "auprc": [0.5202028575023165, 0.6646747509956632, 0.511334435463446, 0.6180422844268089, 0.486866639271784, 0.5686986110518977, 0.6015752720409807, 0.6015752720409807, 0.6015752720409807, 0.5294054323831466]}]}