{"auroc": [0.45, 0.655, 0.5375, 0.52, 0.5375, 0.43000000000000005, 0.6599999999999999, 0.4975, 0.375, 0.49], "acc": [0.55, 0.575, 0.5, 0.45, 0.525, 0.5, 0.5, 0.475, 0.4, 0.475], "aps": [0.5129631071062521, 0.6808071237138422, 0.5035617203490137, 0.6219305696656703, 0.5923738853233739, 0.5198039012561072, 0.7060889318675446, 0.5761418062306036, 0.4873417089848541, 0.564220467678722], "f1": [0.6896551724137931, 0.6909090909090908, 0.6666666666666666, 0.6071428571428571, 0.6415094339622641, 0.6551724137931034, 0.6666666666666666, 0.6037735849056605, 0.5199999999999999, 0.6037735849056605], "auprc": [0.48241785006835924, 0.6698819406255108, 0.47756872911349396, 0.6120528007345707, 0.5753966478911864, 0.5015745072445736, 0.6966051102754949, 0.5586420967235411, 0.4745794005052495, 0.5503738906769726]}