{"auroc": [0.4225, 0.35, 0.44, 0.4325, 0.365, 0.3175, 0.2925, 0.31000000000000005, 0.3675, 0.2725], "acc": [0.525, 0.4, 0.55, 0.5, 0.5, 0.425, 0.5, 0.475, 0.5, 0.5], "aps": [0.4477971208673395, 0.4346428105303679, 0.5127750639016471, 0.46513623867199094, 0.4167596225443606, 0.45870331516759616, 0.3914134113739628, 0.3986927188947096, 0.42146893363839455, 0.381752159253063], "f1": [0.6779661016949152, 0.5384615384615384, 0.6896551724137931, 0.6666666666666666, 0.6428571428571429, 0.5964912280701754, 0.6666666666666666, 0.6037735849056605, 0.6551724137931034, 0.6551724137931034], "auprc": [0.4197071534647535, 0.40560942594950755, 0.494403561396411, 0.43896759015800774, 0.3974420779039388, 0.44114411167951334, 0.3713931049487693, 0.3793052313822221, 0.39907161892714127, 0.3636895480238496]}