{"enet": [{"auroc": [0.385, 0.45375000000000004, 0.53, 0.315, 0.53, 0.45375000000000004, 0.315, 0.53, 0.45375000000000004, 0.27249999999999996], "acc": [0.5, 0.475, 0.5, 0.375, 0.5, 0.475, 0.375, 0.5, 0.475, 0.325], "aps": [0.4836434850959579, 0.47468473193473193, 0.5208280142893572, 0.40872631567617956, 0.5208280142893572, 0.47468473193473193, 0.40872631567617956, 0.5208280142893572, 0.47468473193473193, 0.38507353076057327], "f1": [0.6666666666666666, 0.553191489361702, 0.5652173913043479, 0.5098039215686274, 0.5652173913043479, 0.553191489361702, 0.5098039215686274, 0.5652173913043479, 0.553191489361702, 0.425531914893617], "auprc": [0.46548674967436127, 0.619911113561692, 0.661119266802543, 0.5619001376243136, 0.661119266802543, 0.619911113561692, 0.5619001376243136, 0.661119266802543, 0.619911113561692, 0.5006029132819789]}]}