{"auroc": [0.44, 0.445, 0.405, 0.39249999999999996, 0.38, 0.45, 0.3675, 0.39249999999999996, 0.42500000000000004, 0.3875], "acc": [0.525, 0.45, 0.475, 0.475, 0.475, 0.525, 0.45, 0.5, 0.45, 0.5], "aps": [0.5455170145253164, 0.5738571946213952, 0.45446685150158955, 0.4990542647008164, 0.5047553662986929, 0.5920988269316273, 0.4599751906446953, 0.4840536050673701, 0.5486537244778343, 0.4888927595393112], "f1": [0.6779661016949152, 0.56, 0.6440677966101694, 0.6181818181818183, 0.631578947368421, 0.6779661016949152, 0.6071428571428571, 0.6551724137931034, 0.6071428571428571, 0.6428571428571429], "auprc": [0.5313811715432921, 0.5639716918079589, 0.42871870417449487, 0.4855035025850638, 0.49095274025545926, 0.582716284924846, 0.42939678391828034, 0.46621549848961485, 0.5369812017915648, 0.47103369427264147]}