{"auroc": [0.385, 0.7025, 0.35000000000000003, 0.48, 0.4825, 0.3675, 0.38250000000000006, 0.455, 0.48, 0.305], "acc": [0.45, 0.475, 0.5, 0.475, 0.55, 0.45, 0.525, 0.5, 0.45, 0.45], "aps": [0.5067490227020588, 0.7512479578681405, 0.4847457201889471, 0.560305599921749, 0.5413929755091245, 0.4346504825189288, 0.4377243842394655, 0.49600706860601973, 0.5177499846700614, 0.40151903697114755], "f1": [0.6071428571428571, 0.6440677966101694, 0.6666666666666666, 0.6037735849056605, 0.6896551724137931, 0.5769230769230769, 0.6779661016949152, 0.6551724137931034, 0.5925925925925927, 0.6206896551724138], "auprc": [0.4888809078100344, 0.7437333769534915, 0.4714100238535043, 0.546453331963709, 0.5229711766016372, 0.40570645201529226, 0.41470186048244545, 0.4792031606236302, 0.4998374188109978, 0.38054518076989735]}