{"auroc": [0.705, 0.74, 0.7050000000000001, 0.6074999999999999, 0.6599999999999999, 0.6749999999999999, 0.5499999999999999, 0.5925, 0.59, 0.5775000000000001], "acc": [0.5, 0.6, 0.5, 0.5, 0.5, 0.5, 0.5, 0.5, 0.5, 0.5], "aps": [0.7269989392415863, 0.7428327116067055, 0.7442743070457265, 0.6904490116023871, 0.6941262436092175, 0.7469782012502617, 0.600023312734663, 0.6438171214985731, 0.6850616946916757, 0.6312377116571664], "f1": [0.0, 0.3846153846153846, 0.0, 0.0, 0.0, 0.0, 0.0, 0.0, 0.0, 0.0], "auprc": [0.7158807314260102, 0.7334098905332678, 0.7356018610593453, 0.6825694049674937, 0.6836399806183098, 0.7399504555499745, 0.5859683746677998, 0.6324347667623347, 0.6770869131653476, 0.6196936487735628]}