{"auroc": [0.5629552549427679, 0.5660770031217482, 0.5182101977107181, 0.5296566077003122, 0.5889698231009366, 0.6420395421436004, 0.6285119667013528, 0.4921956295525495, 0.5785639958376692, 0.5078043704474506], "acc": [0.5, 0.5, 0.5, 0.5, 0.5, 0.5, 0.5, 0.5, 0.5, 0.5], "aps": [0.5922285084854821, 0.5351719123943395, 0.575887265320039, 0.5501213015972456, 0.5496282997108285, 0.6007412071414975, 0.612092260089365, 0.5317145067935272, 0.5436092670188557, 0.511799096898948], "f1": [0.0, 0.0, 0.1142857142857143, 0.0, 0.0, 0.0, 0.0, 0.0, 0.0, 0.0], "auprc": [0.5816903104347596, 0.5177991509756963, 0.5653318693928234, 0.5288287323893064, 0.5280311494368336, 0.5793204598245578, 0.5912087309371743, 0.5107040442903263, 0.5221916592207709, 0.49011267841498646]}