{"auroc": [0.4525, 0.5225, 0.36, 0.30750000000000005, 0.4000000000000001, 0.4475, 0.3475, 0.39999999999999997, 0.4225, 0.38250000000000006], "acc": [0.5, 0.5, 0.5, 0.475, 0.5, 0.475, 0.5, 0.475, 0.5, 0.4], "aps": [0.45536975200284924, 0.6169949048423049, 0.4227687529928761, 0.3964480875261236, 0.5225641911692234, 0.5122985528220778, 0.49216729697464123, 0.44168072589792984, 0.4415330485480999, 0.48456798511407284], "f1": [0.6666666666666666, 0.6666666666666666, 0.6551724137931034, 0.6440677966101694, 0.6666666666666666, 0.6440677966101694, 0.6666666666666666, 0.6440677966101694, 0.6428571428571429, 0.5714285714285714], "auprc": [0.4323512124867192, 0.606098216674583, 0.39972505534175234, 0.37699017851906597, 0.5050050058945208, 0.49424104341824704, 0.4784134544211235, 0.41643874820849924, 0.41903301105986157, 0.4666429369721836]}