{"auroc": [0.52, 0.6000000000000001, 0.36, 0.36, 0.5, 0.48, 0.72, 0.6, 0.36, 0.36], "acc": [0.5, 0.5, 0.5, 0.5, 0.5, 0.5, 0.5, 0.5, 0.5, 0.5], "aps": [0.5833333333333334, 0.5977777777777777, 0.5079365079365079, 0.5079365079365079, 0.5, 0.5533333333333333, 0.7944444444444445, 0.6087301587301588, 0.5079365079365079, 0.5079365079365079], "f1": [0.0, 0.0, 0.0, 0.0, 0.0, 0.0, 0.0, 0.0, 0.0, 0.0], "auprc": [0.49563492063492054, 0.5088888888888888, 0.4192460317460317, 0.4192460317460317, 0.75, 0.4639682539682539, 0.7738888888888888, 0.521031746031746, 0.4192460317460317, 0.4192460317460317]}