{"best_index": [173, 116, 51, 105, 96], "auroc": [0.4, 0.35454545454545455, 0.6454545454545454, 0.4636363636363637, 0.5454545454545454], "acc": [0.42857142857142855, 0.47619047619047616, 0.47619047619047616, 0.42857142857142855, 0.5714285714285714], "aps": [0.4447175536881419, 0.4266950666292771, 0.6234649122807018, 0.5052786154334141, 0.5096626984126984], "f1": [0.5, 0.47619047619047616, 0.5925925925925927, 0.5714285714285714, 0.6666666666666667], "auprc": [0.39451379910938733, 0.37699132416431175, 0.5725832964764853, 0.4521423740947735, 0.4583279695450748]}