{"best_index": [71, 65, 66, 175, 114], "auroc": [0.5, 0.6272727272727273, 0.5181818181818182, 0.5, 0.5272727272727272], "acc": [0.47619047619047616, 0.5238095238095238, 0.47619047619047616, 0.47619047619047616, 0.47619047619047616], "aps": [0.6044932385296162, 0.6858333333333333, 0.5972632974180961, 0.5697206061911945, 0.5784171435719423], "f1": [0.6451612903225806, 0.6153846153846154, 0.6451612903225806, 0.6451612903225806, 0.6451612903225806], "auprc": [0.5855676976961806, 0.6679188892462885, 0.5773853036798082, 0.5414551910507793, 0.5502349540294587]}