{"best_index": [208, 381, 37, 227, 94], "auroc": [0.5636363636363637, 0.5363636363636364, 0.41818181818181815, 0.4727272727272728, 0.4272727272727273], "acc": [0.5714285714285714, 0.5714285714285714, 0.47619047619047616, 0.47619047619047616, 0.5238095238095238], "aps": [0.5775576762418868, 0.511584249084249, 0.5218478795026782, 0.47716251069192245, 0.4456801093643199], "f1": [0.5714285714285713, 0.64, 0.6206896551724138, 0.56, 0.5454545454545454], "auprc": [0.5502182320603373, 0.4667099811952753, 0.49439803510043445, 0.42505852807323397, 0.40206899825320874]}