{"best_index": [104, 289, 165, 78, 177], "auroc": [0.4347826086956522, 0.4083175803402646, 0.41965973534971646, 0.40264650283553877, 0.44801512287334594], "acc": [0.45652173913043476, 0.43478260869565216, 0.4782608695652174, 0.45652173913043476, 0.41304347826086957], "aps": [0.44870858704145494, 0.44021090559855663, 0.46283874605469777, 0.44013860742593064, 0.45799456834114544], "f1": [0.07407407407407408, 0.18750000000000003, 0.25, 0.24242424242424243, 0.06896551724137931], "auprc": [0.42809476160393345, 0.42215104980229395, 0.44101983301117353, 0.41977305659356656, 0.43825446562980575]}