{"best_index": [112, 106, 102, 105, 229], "auroc": [0.37996219281663524, 0.5236294896030246, 0.3856332703213611, 0.3799621928166352, 0.41776937618147447], "acc": [0.391304347826087, 0.5, 0.5434782608695652, 0.41304347826086957, 0.391304347826087], "aps": [0.4254224918546522, 0.5071346827421538, 0.4929550683587316, 0.4530433041629931, 0.47020000299208187], "f1": [0.26315789473684204, 0.5106382978723404, 0.16, 0.06896551724137931, 0.06666666666666667], "auprc": [0.4070879921093852, 0.4857131634856571, 0.4804647844010893, 0.43845976252357843, 0.4561786208551565]}