{"best_index": [123, 78, 94, 213, 69], "auroc": [0.3780718336483932, 0.553875236294896, 0.4272211720226843, 0.391304347826087, 0.4423440453686201], "acc": [0.4782608695652174, 0.4782608695652174, 0.43478260869565216, 0.45652173913043476, 0.45652173913043476], "aps": [0.4397532423628566, 0.5485588465220012, 0.45389731643158593, 0.4389305395394587, 0.4840720473399476], "f1": [0.14285714285714285, 0.14285714285714285, 0.07142857142857142, 0.13793103448275862, 0.07407407407407408], "auprc": [0.4131217762996641, 0.5247541395639806, 0.4282188728522314, 0.4163201192128038, 0.46865409708526196]}