{"best_index": [21, 342, 156, 261, 224], "auroc": [0.46313799621928164, 0.42911153119092627, 0.46880907372400754, 0.46313799621928164, 0.446124763705104], "acc": [0.5652173913043478, 0.5217391304347826, 0.4782608695652174, 0.5, 0.5], "aps": [0.5847136825330351, 0.5146334288979634, 0.531688510800962, 0.5438304622540281, 0.5060708580205763], "f1": [0.23076923076923078, 0.26666666666666666, 0.2, 0.20689655172413793, 0.20689655172413793], "auprc": [0.5754166136703479, 0.49831092007563815, 0.5186429060475919, 0.5306470133167567, 0.4893258836926965]}