{"best_index": [169, 113, 82, 104, 125], "auroc": [0.4007561436672968, 0.41776937618147447, 0.42344045368620037, 0.444234404536862, 0.4158790170132325], "acc": [0.45652173913043476, 0.43478260869565216, 0.45652173913043476, 0.41304347826086957, 0.4782608695652174], "aps": [0.43351287218178197, 0.4473050791579954, 0.4527336573271772, 0.46152421484185885, 0.4638711111358884], "f1": [0.13793103448275862, 0.13333333333333333, 0.13793103448275862, 0.12903225806451613, 0.14285714285714285], "auprc": [0.4139387207757349, 0.4245462832226378, 0.4315173956567069, 0.44047672172156493, 0.43658391426891147]}