{"best_index": [54, 370, 119, 110, 92], "auroc": [0.49527410207939515, 0.4858223062381852, 0.4858223062381853, 0.3591682419659735, 0.4536862003780718], "acc": [0.4782608695652174, 0.4782608695652174, 0.5217391304347826, 0.34782608695652173, 0.5], "aps": [0.5078559848159746, 0.49172146514997084, 0.487683185001926, 0.41246000635108754, 0.5031638789090365], "f1": [0.2, 0.0, 0.676470588235294, 0.16666666666666669, 0.0], "auprc": [0.48065001698079296, 0.4645547243521707, 0.46469696209204425, 0.394412309477415, 0.4868883431652037]}