{"auroc": [0.4023668639053254, 0.42011834319526625, 0.43195266272189353, 0.42603550295857984, 0.4378698224852071], "acc": [0.2692307692307692, 0.3076923076923077, 0.3076923076923077, 0.2692307692307692, 0.3076923076923077], "aps": [0.5641990618077575, 0.5558657284744242, 0.5563564770420957, 0.5880085856172812, 0.5593448404555603], "f1": [0.4242424242424242, 0.47058823529411764, 0.47058823529411764, 0.4242424242424242, 0.47058823529411764], "auprc": [0.5464721306192879, 0.5318437034908607, 0.5323332780188967, 0.5707700549172121, 0.53538306224277]}