{"auroc": [0.41420118343195267, 0.4437869822485207, 0.4319526627218935, 0.42011834319526625, 0.4260355029585799], "acc": [0.38461538461538464, 0.5, 0.4230769230769231, 0.34615384615384615, 0.38461538461538464], "aps": [0.5046157341248823, 0.5244791483026777, 0.5215261914529596, 0.5084675110029749, 0.5487475081479607], "f1": [0.5294117647058824, 0.6666666666666666, 0.5945945945945945, 0.5142857142857142, 0.5555555555555555], "auprc": [0.4611710217694173, 0.48162432800220517, 0.4787232937410257, 0.4650344463565261, 0.5252076143739531]}