{"auroc": [0.4319526627218935, 0.3550295857988165, 0.34911242603550297, 0.45562130177514804, 0.4852071005917159], "acc": [0.38461538461538464, 0.34615384615384615, 0.38461538461538464, 0.46153846153846156, 0.4230769230769231], "aps": [0.5235282115545272, 0.4867271866161871, 0.48678919097683393, 0.5253162739195127, 0.5587448668798783], "f1": [0.5555555555555555, 0.5142857142857142, 0.5555555555555555, 0.631578947368421, 0.5945945945945945], "auprc": [0.48094625187759427, 0.4438544551033032, 0.4443343547913477, 0.4820100353791605, 0.5167446830780751]}