{"auroc": [0.455621301775148, 0.485207100591716, 0.485207100591716, 0.5798816568047337, 0.4674556213017752], "acc": [0.5, 0.5, 0.4230769230769231, 0.6153846153846154, 0.5], "aps": [0.5541533775735501, 0.5563545502286869, 0.5268766062996832, 0.5983042542253069, 0.5653158992623876], "f1": [0.6666666666666666, 0.6666666666666666, 0.5714285714285714, 0.6875, 0.6666666666666666], "auprc": [0.5307420472986808, 0.5321561844918596, 0.4833989925031141, 0.5562951668171726, 0.5417214188043682]}