{"auroc": [0.46153846153846156, 0.6094674556213018, 0.37869822485207105, 0.4201183431952663, 0.44970414201183434], "acc": [0.46153846153846156, 0.46153846153846156, 0.3076923076923077, 0.34615384615384615, 0.46153846153846156], "aps": [0.5347240316244841, 0.6004591899328742, 0.5255095461951649, 0.5496544560866812, 0.5732992660186764], "f1": [0.588235294117647, 0.631578947368421, 0.47058823529411764, 0.5142857142857142, 0.588235294117647], "auprc": [0.49195343148159293, 0.558224072109521, 0.5014236118865585, 0.5261498969203573, 0.5506113536558415]}