{"auroc": [0.4497041420118343, 0.3846153846153847, 0.4082840236686391, 0.6035502958579881, 0.3609467455621302], "acc": [0.38461538461538464, 0.38461538461538464, 0.4230769230769231, 0.4230769230769231, 0.38461538461538464], "aps": [0.524934675681282, 0.5370956097043054, 0.48794727202621935, 0.5980637462085426, 0.4791434123290311], "f1": [0.5555555555555555, 0.5555555555555555, 0.5945945945945945, 0.5945945945945945, 0.5555555555555555], "auprc": [0.48149591192356295, 0.5131483062469995, 0.44524507687837206, 0.5556365184589166, 0.43583485123200844]}