{"auroc": [0.4556213017751479, 0.49112426035502965, 0.4556213017751479, 0.3846153846153846, 0.46745562130177515], "acc": [0.46153846153846156, 0.3076923076923077, 0.3076923076923077, 0.38461538461538464, 0.3076923076923077], "aps": [0.6022942999029957, 0.6467082193169149, 0.5941746417833373, 0.5193601400457588, 0.5984481460568416], "f1": [0.631578947368421, 0.47058823529411764, 0.47058823529411764, 0.5555555555555555, 0.47058823529411764], "auprc": [0.5802921792166642, 0.6337820429292, 0.5717944076383974, 0.4952453659309846, 0.5760427736514693]}