{"auroc": [0.79, 0.5275, 0.5549999999999999, 0.5674999999999999, 0.45999999999999996], "acc": [0.55, 0.5, 0.575, 0.6, 0.45], "aps": [0.816043488338885, 0.5160144620735228, 0.5253291072230717, 0.5910509920244575, 0.5412887567082614], "f1": [0.18181818181818182, 0.5454545454545454, 0.6222222222222222, 0.6363636363636365, 0.5], "auprc": [0.8109765067094032, 0.4851451967099289, 0.49468720026477914, 0.5768380647167026, 0.5270534884555431]}