{"auroc": [0.5425, 0.3125, 0.5549999999999999, 0.6875, 0.3775], "acc": [0.475, 0.45, 0.475, 0.5, 0.45], "aps": [0.6299237026030504, 0.3979442718257591, 0.5913364242768016, 0.7625454660429087, 0.44466011697091057], "f1": [0.6440677966101694, 0.6206896551724138, 0.631578947368421, 0.6666666666666666, 0.6206896551724138], "auprc": [0.6201060447481217, 0.37899278855970653, 0.5618138782232864, 0.7571551585146445, 0.41836591531280903]}