{"auroc": [0.7425, 0.5025, 0.5175000000000001, 0.53, 0.48250000000000004], "acc": [0.625, 0.5, 0.5, 0.5, 0.475], "aps": [0.7683656862176038, 0.5558185881277572, 0.5751203060987544, 0.5711663395822878, 0.5503041691758064], "f1": [0.5161290322580645, 0.5833333333333334, 0.5238095238095238, 0.5833333333333334, 0.553191489361702], "auprc": [0.7602049326970679, 0.5415445431443794, 0.5609782120816604, 0.5568753380930265, 0.5360483422671731]}