{"enet": [{"auroc": [0.5, 0.6916299559471366, 0.39349812367433507, 0.4144232338064937, 0.39349812367433507, 0.6916299559471366, 0.39349812367433507, 0.6384402023168543, 0.5, 0.3395741556534508], "acc": [0.8078291814946619, 0.5729537366548043, 0.5729537366548043, 0.6619217081850534, 0.5729537366548043, 0.5729537366548043, 0.5729537366548043, 0.7935943060498221, 0.8078291814946619, 0.501779359430605], "aps": [0.8078291814946619, 0.874978564372489, 0.7706111951175734, 0.7786221809738807, 0.7706111951175734, 0.874978564372489, 0.7706111951175734, 0.8548729941786918, 0.8078291814946619, 0.7450320177918054], "f1": [0.8937007874015748, 0.6666666666666666, 0.7222222222222222, 0.7930283224400873, 0.7222222222222222, 0.6666666666666666, 0.7222222222222222, 0.8755364806866953, 0.8937007874015748, 0.6551724137931034], "auprc": [0.9039145907473309, 0.9141964076874028, 0.8492805954169491, 0.8636479899463809, 0.8492805954169491, 0.9141964076874028, 0.8492805954169491, 0.9170982570474315, 0.9039145907473309, 0.8093059722889432]}]}