{"enet": [{"auroc": [0.5327133300701582, 0.48751835535976507, 0.5327133300701582, 0.48751835535976507, 0.5327133300701582, 0.48751835535976507, 0.5327133300701582, 0.5327133300701582, 0.5327133300701582, 0.48751835535976507], "acc": [0.8078291814946619, 0.8078291814946619, 0.8078291814946619, 0.8078291814946619, 0.8078291814946619, 0.8078291814946619, 0.8078291814946619, 0.8078291814946619, 0.8078291814946619, 0.8078291814946619], "aps": [0.8246467052572883, 0.8007877174506521, 0.8246467052572883, 0.8007877174506521, 0.8246467052572883, 0.8007877174506521, 0.8246467052572883, 0.8246467052572883, 0.8246467052572883, 0.8007877174506521], "f1": [0.8937007874015748, 0.8937007874015748, 0.8937007874015748, 0.8937007874015748, 0.8937007874015748, 0.8937007874015748, 0.8937007874015748, 0.8937007874015748, 0.8937007874015748, 0.8937007874015748], "auprc": [0.8232080543280607, 0.7993105492530506, 0.8232080543280607, 0.7993105492530506, 0.8232080543280607, 0.7993105492530506, 0.8232080543280607, 0.8232080543280607, 0.8232080543280607, 0.7993105492530506]}]}