{"enet": [{"auroc": [0.7427802251590798, 0.7356420296948931, 0.7297275248817099, 0.7297275248817099, 0.48458149779735676, 0.48458149779735676, 0.48025779083047804, 0.7297275248817099, 0.7394354707130038, 0.7394354707130038], "acc": [0.8078291814946619, 0.6263345195729537, 0.6725978647686833, 0.6725978647686833, 0.7722419928825622, 0.7722419928825622, 0.7686832740213523, 0.6725978647686833, 0.6156583629893239, 0.6156583629893239], "aps": [0.9086796664571894, 0.9013736924277371, 0.8957376216624464, 0.8957376216624464, 0.8030393069452448, 0.8030393069452448, 0.8016447380132867, 0.8957376216624464, 0.9013634404291591, 0.9013634404291591], "f1": [0.8937007874015748, 0.72, 0.766497461928934, 0.766497461928934, 0.8714859437751004, 0.8714859437751004, 0.869215291750503, 0.766497461928934, 0.7065217391304348, 0.7065217391304348], "auprc": [0.9081651115713313, 0.9255496401630499, 0.9259510659019303, 0.9259510659019303, 0.8967613149548245, 0.8967613149548245, 0.8951912043507639, 0.9259510659019303, 0.9233879259659498, 0.9233879259659498]}]}