{"enet": [{"auroc": [0.7053760809267416, 0.7053760809267416, 0.6669114047968674, 0.5492331538587046, 0.6098058410833742, 0.7226301191058899, 0.7053760809267416, 0.5359357154511339, 0.6098058410833742, 0.7226301191058899], "acc": [0.6298932384341637, 0.6298932384341637, 0.7117437722419929, 0.7473309608540926, 0.7651245551601423, 0.7793594306049823, 0.6298932384341637, 0.7330960854092526, 0.7651245551601423, 0.7793594306049823], "aps": [0.8898554872310547, 0.8898554872310547, 0.8704371054361915, 0.8233871067004637, 0.8454835626248911, 0.8929501425218953, 0.8898554872310547, 0.8205537136793404, 0.8454835626248911, 0.8929501425218953], "f1": [0.7248677248677249, 0.7248677248677249, 0.8066825775656324, 0.8466522678185745, 0.8565217391304348, 0.8634361233480177, 0.7248677248677249, 0.8387096774193549, 0.8565217391304348, 0.8634361233480177], "auprc": [0.9116077524975603, 0.9116077524975603, 0.9129074285431005, 0.8683882929874589, 0.9088998223633726, 0.9246960990098299, 0.9116077524975603, 0.8945994321655186, 0.9088998223633726, 0.9246960990098299]}]}