{"enet": [{"auroc": [0.7196116821667483, 0.5, 0.7080682003589494, 0.5, 0.5, 0.7162261380323054, 0.5, 0.5, 0.7089247838146517, 0.7093734703866863], "acc": [0.8185053380782918, 0.8078291814946619, 0.7224199288256228, 0.8078291814946619, 0.8078291814946619, 0.604982206405694, 0.8078291814946619, 0.8078291814946619, 0.7686832740213523, 0.7259786476868327], "aps": [0.8852055136252903, 0.8078291814946619, 0.8809831502809709, 0.8078291814946619, 0.8078291814946619, 0.8846532454971403, 0.8078291814946619, 0.8078291814946619, 0.8815975014305169, 0.8817930886704077], "f1": [0.8907922912205567, 0.8937007874015748, 0.8142857142857143, 0.8937007874015748, 0.8937007874015748, 0.7040000000000001, 0.8937007874015748, 0.8937007874015748, 0.850574712643678, 0.8171021377672207], "auprc": [0.8841265714895034, 0.9039145907473309, 0.9217705546616551, 0.9039145907473309, 0.9039145907473309, 0.9163997374467668, 0.9039145907473309, 0.9039145907473309, 0.9263411927163246, 0.9226424324287646]}]}