{"auroc": [0.7538750203948441, 0.753711861641377, 0.7538750203948441, 0.753711861641377, 0.7546908141621798, 0.7538750203948441, 0.7537934410181106, 0.7537934410181106, 0.7537934410181106, 0.7538750203948441], "acc": [0.8113879003558719, 0.8149466192170819, 0.8220640569395018, 0.8113879003558719, 0.8078291814946619, 0.8113879003558719, 0.8113879003558719, 0.8149466192170819, 0.8113879003558719, 0.8185053380782918], "aps": [0.9190482490902036, 0.918983907840821, 0.9190482490902036, 0.918983907840821, 0.9194048824729152, 0.9190482490902036, 0.91901254458845, 0.9190196123425745, 0.91901254458845, 0.9190482490902036], "f1": [0.8954635108481263, 0.8972332015810277, 0.8975409836065573, 0.8946322067594433, 0.8937007874015748, 0.8954635108481263, 0.8954635108481263, 0.8930041152263374, 0.8879492600422833, 0.8952772073921972], "auprc": [0.9186180862518838, 0.9185535065578985, 0.9186180862518838, 0.9185535065578985, 0.9189769370156418, 0.9186180862518838, 0.9185822363918821, 0.9185893564179002, 0.9185822363918821, 0.9186180862518838]}