{"enet": [{"auroc": [0.7187958883994127, 0.7331946483928862, 0.7344591287322565, 0.4189916789035732, 0.4189916789035732, 0.42302985805188453, 0.7331946483928862, 0.4189916789035732, 0.46263664545602873, 0.7331946483928862], "acc": [0.797153024911032, 0.7188612099644128, 0.7508896797153025, 0.6476868327402135, 0.6476868327402135, 0.6761565836298933, 0.7188612099644128, 0.6476868327402135, 0.7615658362989324, 0.7188612099644128], "aps": [0.9134649974867964, 0.8945452674406991, 0.8954396384283229, 0.7803285604537469, 0.7803285604537469, 0.7818425931268989, 0.8945452674406991, 0.7803285604537469, 0.7955256295168767, 0.8945452674406991], "f1": [0.8862275449101796, 0.8068459657701712, 0.8341232227488152, 0.7833698030634574, 0.7833698030634574, 0.8051391862955032, 0.8068459657701712, 0.7833698030634574, 0.8635437881873728, 0.8068459657701712], "auprc": [0.9131118751955105, 0.9282439671001541, 0.9311761340195364, 0.8640043049829625, 0.8640043049829625, 0.8691828855868152, 0.9282439671001541, 0.8640043049829625, 0.8864794331631142, 0.9282439671001541]}]}