{"auroc": [0.5380567792462065, 0.5339370207211617, 0.5305922662750857, 0.5869228259096101, 0.4319627998042095, 0.552496328928047, 0.545969978789362, 0.5526186979931473, 0.5669766682982542, 0.5663240332843857], "acc": [0.8078291814946619, 0.8078291814946619, 0.19217081850533807, 0.19217081850533807, 0.8078291814946619, 0.19217081850533807, 0.8078291814946619, 0.19217081850533807, 0.19217081850533807, 0.8078291814946619], "aps": [0.824052775637874, 0.8229908719211723, 0.8204418827591282, 0.8447520617357028, 0.7782142936906683, 0.8254383760028626, 0.8264511236115164, 0.8246477053924196, 0.8363878777655673, 0.833110406694254], "f1": [0.8937007874015748, 0.8937007874015748, 0.0, 0.0, 0.8937007874015748, 0.0, 0.8937007874015748, 0.0, 0.0, 0.8937007874015748], "auprc": [0.822027825445548, 0.8209130978139956, 0.8183166650174807, 0.8430271061169219, 0.7760477045954919, 0.824291965126694, 0.8243504575460158, 0.8220284911892208, 0.8347682109435115, 0.8310501334754083]}