{"auroc": [0.6833904388970469, 0.6811470060368738, 0.677761461902431, 0.6869799314733235, 0.6935062816120083, 0.4842551802904226, 0.6727851199216838, 0.6644640234948604, 0.6650350791319954, 0.6621798009463208], "acc": [0.298932384341637, 0.19217081850533807, 0.8078291814946619, 0.35231316725978645, 0.19217081850533807, 0.8078291814946619, 0.2491103202846975, 0.8078291814946619, 0.8078291814946619, 0.19217081850533807], "aps": [0.8874934994965477, 0.8795159459521712, 0.8828919519399112, 0.8865411933053506, 0.8865962345625742, 0.8392130040029057, 0.8794025729050141, 0.8795149952469346, 0.8770476493233496, 0.8763039741781168], "f1": [0.2676579925650558, 0.0, 0.8937007874015748, 0.35915492957746475, 0.0, 0.8937007874015748, 0.13877551020408166, 0.8937007874015748, 0.8937007874015748, 0.0], "auprc": [0.886877261862159, 0.8780027289730664, 0.8822205574272155, 0.8858498324943156, 0.8857285982083647, 0.83858905608357, 0.8782484203480385, 0.8788833519092267, 0.8763329942407145, 0.875511214020105]}