{"enet": [{"auroc": [0.4822972752488171, 0.48237885462555063, 0.4822972752488171, 0.48629466470876165, 0.4822972752488171, 0.4822972752488171, 0.4862130853320281, 0.48629466470876165, 0.4822972752488171, 0.4822972752488171], "acc": [0.7900355871886121, 0.8078291814946619, 0.7900355871886121, 0.7864768683274022, 0.7864768683274022, 0.7900355871886121, 0.7864768683274022, 0.7864768683274022, 0.7793594306049823, 0.7900355871886121], "aps": [0.8016181492146657, 0.8016310698288918, 0.8016181492146657, 0.801665291262623, 0.8016183177842487, 0.8016181492146657, 0.8016521663149271, 0.801665291262623, 0.8016183177842487, 0.8016181492146657], "f1": [0.8827037773359842, 0.8937007874015748, 0.8827037773359842, 0.8804780876494024, 0.8804780876494024, 0.8827037773359842, 0.8804780876494024, 0.8804780876494024, 0.8755020080321284, 0.8827037773359842], "auprc": [0.7036458371723137, 0.7036587756684831, 0.7036458371723137, 0.7344868330513271, 0.7036460062357058, 0.7036458371723137, 0.73447368963891, 0.7344868330513271, 0.7036460062357058, 0.7036458371723137]}]}