{"auroc": [0.46499999999999997, 0.38, 0.5325, 0.4975, 0.4075], "acc": [0.475, 0.4, 0.475, 0.55, 0.5], "aps": [0.5353696899711331, 0.4309761203251478, 0.6056055743797034, 0.4850138287124782, 0.4433840638756985], "f1": [0.553191489361702, 0.5199999999999999, 0.631578947368421, 0.6666666666666667, 0.6296296296296295], "auprc": [0.5214110898887073, 0.40779325513598397, 0.5921651493754897, 0.459223556473347, 0.41972521626857506]}