{"rf": [{"auroc": [0.7773616734143051], "acc": [0.7377892030848329], "aps": [0.8986826600001838], "f1": [0.8482142857142857], "auprc": [0.8992450013772977]}], "enet": [{"auroc": [0.7407894736842104], "acc": [0.7557840616966581], "aps": [0.8622801214449405], "f1": [0.8513302034428796], "auprc": [0.8608931541401523]}]}