{"enet": [{"auroc": [0.7157894736842105, 0.7025472334682861, 0.6238529014844805, 0.6520917678812417, 0.701197705802969, 0.701197705802969, 0.6328272604588394, 0.7025472334682861, 0.6289811066126856, 0.6413798920377868], "acc": [0.7686375321336761, 0.7557840616966581, 0.7352185089974294, 0.7532133676092545, 0.7557840616966581, 0.7557840616966581, 0.7557840616966581, 0.7557840616966581, 0.7506426735218509, 0.7583547557840618], "aps": [0.833967944920446, 0.8416571603262786, 0.7863012166485681, 0.8011301469199626, 0.8405419698657315, 0.8405419698657315, 0.7903024964035219, 0.8416571603262786, 0.7885575513414499, 0.7939902396996509], "f1": [0.8628048780487806, 0.8475120385232745, 0.8286189683860233, 0.8446601941747574, 0.8460291734197731, 0.8460291734197731, 0.8440065681444991, 0.8475120385232745, 0.8407224958949097, 0.84640522875817], "auprc": [0.8314324844217662, 0.8721569919336706, 0.8782656911796743, 0.8829540685761395, 0.8569735600442121, 0.8569735600442121, 0.8837944635305035, 0.8721569919336706, 0.8821178317727485, 0.8870896078817331]}]}