{"rf": [{"auroc": [0.8549763832658569], "acc": [0.794344473007712], "aps": [0.9336437496012097], "f1": [0.8734177215189873], "auprc": [0.9342235723978592]}], "enet": [{"auroc": [0.9201754385964912], "acc": [0.87146529562982], "aps": [0.9662506997711426], "f1": [0.9166666666666667], "auprc": [0.9661735612276733]}]}