{"rf": [{"auroc": [0.8308704453441295], "acc": [0.7892030848329049], "aps": [0.9210000284458206], "f1": [0.8726708074534162], "auprc": [0.9224361952399391]}], "enet": [{"auroc": [0.8564102564102565], "acc": [0.8200514138817481], "aps": [0.9395387801053454], "f1": [0.8813559322033898], "auprc": [0.9393962780867147]}]}