{"enet": [{"auroc": [0.5700404858299595, 0.5704790823211875, 0.5700404858299595, 0.5708839406207827, 0.5759109311740891, 0.5759109311740891, 0.5711201079622132, 0.5715249662618084, 0.5711875843454791, 0.5759109311740891], "acc": [0.7326478149100257, 0.7326478149100257, 0.7326478149100257, 0.7326478149100257, 0.7326478149100257, 0.7326478149100257, 0.7326478149100257, 0.7326478149100257, 0.7326478149100257, 0.7326478149100257], "aps": [0.7276454246904138, 0.72783418866294, 0.7276454246904138, 0.7279559972983242, 0.7301758831319791, 0.7301758831319791, 0.7278928008433578, 0.7282807603400897, 0.7280318038981752, 0.7301758831319791], "f1": [0.8456973293768546, 0.8456973293768546, 0.8456973293768546, 0.8456973293768546, 0.8456973293768546, 0.8456973293768546, 0.8456973293768546, 0.8456973293768546, 0.8456973293768546, 0.8456973293768546], "auprc": [0.7254373358593205, 0.7256265430461504, 0.7254373358593205, 0.725749648154461, 0.7279680552228506, 0.7279680552228506, 0.7256883386526299, 0.7260742503254607, 0.7258255130805783, 0.7279680552228506]}]}