{"enet": [{"auroc": [0.805195681511471, 0.9084176788124156, 0.9173076923076923, 0.9010121457489879, 0.9173076923076923, 0.8911268556005397, 0.9173076923076923, 0.9173076923076923, 0.9173076923076923, 0.8706477732793522], "acc": [0.8431876606683805, 0.8483290488431876, 0.8431876606683805, 0.8406169665809768, 0.8431876606683805, 0.8586118251928021, 0.8431876606683805, 0.8431876606683805, 0.8431876606683805, 0.8406169665809768], "aps": [0.8787273222208469, 0.9558808914815756, 0.9603413431906642, 0.9435354226815711, 0.9603413431906642, 0.9323956353859535, 0.9603413431906642, 0.9603413431906642, 0.9603413431906642, 0.9205396544633591], "f1": [0.8995057660626028, 0.9037520391517128, 0.9001636661211129, 0.8996763754045307, 0.9001636661211129, 0.9102773246329527, 0.9001636661211129, 0.9001636661211129, 0.9001636661211129, 0.8996763754045307], "auprc": [0.9343911545397462, 0.9626694045517139, 0.9636320445302395, 0.943110244918247, 0.9636320445302395, 0.9316128293138832, 0.9636320445302395, 0.9636320445302395, 0.9636320445302395, 0.9199520139913077]}]}