{"enet": [{"auroc": [0.6192139001349528, 0.6237516869095816, 0.7715924426450743, 0.5808873144399459, 0.6442307692307693, 0.6442307692307693, 0.8124156545209177, 0.5808873144399459, 0.6192139001349528, 0.6430836707152496], "acc": [0.7686375321336761, 0.7789203084832905, 0.7634961439588689, 0.7583547557840618, 0.7583547557840618, 0.7583547557840618, 0.7712082262210797, 0.7583547557840618, 0.7686375321336761, 0.7789203084832905], "aps": [0.7833226946071645, 0.7855372748978628, 0.89669357214343, 0.7663348407544999, 0.7963155867036719, 0.7963155867036719, 0.9173946682352571, 0.7663348407544999, 0.7833226946071645, 0.7949387170597846], "f1": [0.8571428571428571, 0.8647798742138365, 0.853035143769968, 0.8553846153846153, 0.8503184713375797, 0.8503184713375797, 0.862015503875969, 0.8553846153846153, 0.8571428571428571, 0.8660436137071651], "auprc": [0.8837104437748933, 0.887826453847555, 0.9033417812961722, 0.8779855603828229, 0.8845558919436795, 0.8845558919436795, 0.9171634087028999, 0.8779855603828229, 0.8837104437748933, 0.8899275935159636]}]}