{"auroc": [0.4895748987854251, 0.5553137651821862, 0.4604419703103914, 0.6316295546558703, 0.7521255060728745, 0.5700404858299595, 0.5073886639676113, 0.7870107962213225, 0.5437921727395412, 0.5691801619433199], "acc": [0.7326478149100257, 0.7326478149100257, 0.26735218508997427, 0.7326478149100257, 0.7326478149100257, 0.26735218508997427, 0.7326478149100257, 0.7506426735218509, 0.26735218508997427, 0.7326478149100257], "aps": [0.7299834905033062, 0.76158437096489, 0.7226220115611854, 0.8163903765098004, 0.8887581438792979, 0.7916058625062666, 0.7566247555485334, 0.9047247865963663, 0.7704041613616535, 0.7722780322431553], "f1": [0.8456973293768546, 0.8456973293768546, 0.0, 0.8456973293768546, 0.8456973293768546, 0.0, 0.8456973293768546, 0.8528072837632776, 0.0, 0.8456973293768546], "auprc": [0.7282936878302604, 0.759971969992213, 0.7212653920973408, 0.8154491958554975, 0.8884324351723792, 0.7901392937391236, 0.7555839134400727, 0.9044707241822751, 0.7693292311376568, 0.7703476819874288]}