{"auroc": [0.5248650472334683, 0.7107793522267207, 0.6856612685560054, 0.7302294197031038, 0.7477395411605938, 0.868353576248313, 0.7050607287449393, 0.718421052631579, 0.7428137651821862, 0.6692645074224022], "acc": [0.7326478149100257, 0.7326478149100257, 0.7326478149100257, 0.7377892030848329, 0.7326478149100257, 0.8149100257069408, 0.26735218508997427, 0.7326478149100257, 0.7326478149100257, 0.7326478149100257], "aps": [0.733846541939898, 0.8646951894795797, 0.8338756780139378, 0.8707629657306871, 0.8658810150110414, 0.9371912593053282, 0.8473495264506785, 0.8479743133861586, 0.8868335209469899, 0.8480483221145099], "f1": [0.8456973293768546, 0.8456973293768546, 0.8456973293768546, 0.8482142857142857, 0.8456973293768546, 0.8871473354231976, 0.0, 0.8456973293768546, 0.8456973293768546, 0.8456973293768546], "auprc": [0.7319784962369411, 0.8642480596861979, 0.8328710570378947, 0.8702671796369131, 0.8645797800348143, 0.9370113293229094, 0.8464983038046195, 0.845699818768734, 0.8865363121557415, 0.8475894439754025]}