{"enet": [{"auroc": [0.8451079622132255, 0.8467948717948718, 0.8453441295546559, 0.8426450742240216, 0.8439608636977057, 0.8467948717948718, 0.8467948717948718, 0.8474696356275303, 0.8464237516869096, 0.8453441295546559], "acc": [0.8149100257069408, 0.8200514138817481, 0.8200514138817481, 0.8097686375321337, 0.8226221079691517, 0.8200514138817481, 0.8200514138817481, 0.8329048843187661, 0.8097686375321337, 0.8200514138817481], "aps": [0.9126394517970078, 0.9172153579694831, 0.9134420444838158, 0.9124658115243461, 0.9137854149524783, 0.9172153579694831, 0.9172153579694831, 0.9084227270330729, 0.9113596219729831, 0.9134420444838158], "f1": [0.8853503184713375, 0.8817567567567567, 0.887459807073955, 0.8825396825396826, 0.8885298869143781, 0.8817567567567567, 0.8817567567567567, 0.8936170212765958, 0.8829113924050633, 0.887459807073955], "auprc": [0.9119398568495345, 0.9165694969024151, 0.9127484727001483, 0.9119000566548183, 0.9131036355164757, 0.9165694969024151, 0.9165694969024151, 0.9074921332695125, 0.9104938767274402, 0.9127484727001483]}]}