{"auroc": [0.8965249662618084, 0.6235661268556005, 0.6159244264507422, 0.6160087719298245, 0.5753711201079622, 0.6187921727395411, 0.7958502024291498, 0.5882928475033739, 0.6209682860998651, 0.7758097165991904], "acc": [0.7326478149100257, 0.7326478149100257, 0.26735218508997427, 0.26735218508997427, 0.7326478149100257, 0.7326478149100257, 0.7326478149100257, 0.26735218508997427, 0.7326478149100257, 0.7763496143958869], "aps": [0.9525568604789806, 0.8207337235700077, 0.833257745632987, 0.7972378782798895, 0.770868441048661, 0.8135039166322936, 0.9011481870992615, 0.7937209617301663, 0.8097241230554617, 0.8921369436044735], "f1": [0.8456973293768546, 0.8456973293768546, 0.0, 0.0, 0.8456973293768546, 0.8456973293768546, 0.8456973293768546, 0.0, 0.8456973293768546, 0.8667687595712098], "auprc": [0.9524284255327491, 0.8201472472789146, 0.8328282503912744, 0.7964497988410512, 0.769527724985924, 0.8125391090150049, 0.9008140435203539, 0.7926201023531506, 0.8073370642477844, 0.8917277116261298]}