{"enet": [{"auroc": [0.7885627530364372, 0.7980431848852902, 0.7891700404858301, 0.7980431848852902, 0.7894062078272605, 0.7980431848852902, 0.7894062078272605, 0.7933198380566803, 0.7792510121457491, 0.7885627530364372], "acc": [0.7737789203084833, 0.7712082262210797, 0.7789203084832905, 0.7712082262210797, 0.7506426735218509, 0.7712082262210797, 0.7506426735218509, 0.7634961439588689, 0.7480719794344473, 0.7737789203084833], "aps": [0.9007688427178446, 0.9015839222941789, 0.9020322955894479, 0.9015839222941789, 0.8949922734392189, 0.9015839222941789, 0.8949922734392189, 0.9069877950693572, 0.8850729576445188, 0.9007688427178446], "f1": [0.8508474576271186, 0.8557536466774718, 0.8542372881355932, 0.8557536466774718, 0.8541353383458646, 0.8557536466774718, 0.8541353383458646, 0.847682119205298, 0.8532934131736527, 0.8508474576271186], "auprc": [0.900414809219399, 0.9011222098906569, 0.9016966805479264, 0.9011222098906569, 0.8944327163421162, 0.9011222098906569, 0.8944327163421162, 0.9066834880038975, 0.8843865041988938, 0.900414809219399]}]}