{"enet": [{"auroc": [0.7955465587044535, 0.7766869095816464, 0.8340755735492578, 0.7754892037786774, 0.7876518218623482, 0.8515519568151148, 0.83778677462888, 0.8486842105263159, 0.8515519568151148, 0.8515519568151148], "acc": [0.8586118251928021, 0.8354755784061697, 0.8534704370179949, 0.8329048843187661, 0.8431876606683805, 0.8406169665809768, 0.8251928020565553, 0.8354755784061697, 0.8406169665809768, 0.8406169665809768], "aps": [0.8723842658192039, 0.8627945298704198, 0.8965038274516703, 0.8626701651968167, 0.8700301401021899, 0.9197454557826259, 0.9094737833048748, 0.9181986698083842, 0.9197454557826259, 0.9197454557826259], "f1": [0.9075630252100839, 0.8922558922558922, 0.9054726368159204, 0.8888888888888888, 0.8985024958402662, 0.8986928104575164, 0.8877887788778878, 0.893687707641196, 0.8986928104575164, 0.8986928104575164], "auprc": [0.9308482697224156, 0.9251133265494813, 0.9422926252226972, 0.9236702408372495, 0.9267200411854482, 0.9193933941867871, 0.918830681280448, 0.9246619093585697, 0.9193933941867871, 0.9193933941867871]}]}