{"auroc": [0.5413967611336032, 0.5672739541160594, 0.582810391363023, 0.8076248313090417, 0.5764844804318489, 0.5891025641025641, 0.5232962213225371, 0.5506410256410257, 0.5470141700404858, 0.6147098515519569], "acc": [0.2802056555269923, 0.7326478149100257, 0.7275064267352185, 0.7866323907455013, 0.7326478149100257, 0.7326478149100257, 0.2853470437017995, 0.26735218508997427, 0.7326478149100257, 0.26735218508997427], "aps": [0.7647069656020935, 0.7511880717394601, 0.7780258437984535, 0.909366040371309, 0.7737400901351763, 0.7851122613011641, 0.755491911693943, 0.758904326199767, 0.7497621364565318, 0.8001227086323304], "f1": [0.047619047619047616, 0.8456973293768546, 0.832807570977918, 0.8680445151033387, 0.8456973293768546, 0.8456973293768546, 0.04794520547945205, 0.0, 0.8456973293768546, 0.0], "auprc": [0.7628682207668755, 0.7494623842568828, 0.77683422526856, 0.9090400648620951, 0.7726288340871612, 0.7839858728506034, 0.7543346882442543, 0.7574110105043151, 0.7483768182986513, 0.7976754938868962]}