{"rf": [{"auroc": [0.7463900134952767], "acc": [0.7377892030848329], "aps": [0.882675826309613], "f1": [0.8477611940298508], "auprc": [0.8832623442294492]}], "enet": [{"auroc": [0.716312415654521], "acc": [0.7403598971722365], "aps": [0.836638857789108], "f1": [0.849478390461997], "auprc": [0.8358603246731532]}]}