{"enet": [{"auroc": [0.5153171390013496, 0.5173076923076922, 0.5322874493927126, 0.5351889338731444, 0.5351889338731444, 0.5153171390013496, 0.5224696356275303, 0.5322874493927126, 0.5260796221322537, 0.5224696356275303], "acc": [0.7326478149100257, 0.7326478149100257, 0.7326478149100257, 0.7326478149100257, 0.7326478149100257, 0.7326478149100257, 0.7326478149100257, 0.7326478149100257, 0.7326478149100257, 0.7326478149100257], "aps": [0.7095397146641829, 0.7104654888343644, 0.7158243116864513, 0.7210814703256918, 0.7210814703256918, 0.7095397146641829, 0.7135010911428699, 0.7158243116864513, 0.7165281125281787, 0.7135010911428699], "f1": [0.8456973293768546, 0.8456973293768546, 0.8456973293768546, 0.8456973293768546, 0.8456973293768546, 0.8456973293768546, 0.8456973293768546, 0.8456973293768546, 0.8456973293768546, 0.8456973293768546], "auprc": [0.7073199342435776, 0.7082309237920403, 0.7135863965982134, 0.7188668866290093, 0.7188668866290093, 0.7073199342435776, 0.7112676788921692, 0.7135863965982134, 0.7143007895819287, 0.7112676788921692]}]}