{"enet": [{"auroc": [0.6623144399460189, 0.6551956815114709, 0.6551956815114709, 0.6585695006747638, 0.6605263157894736, 0.6457489878542509, 0.6457489878542509, 0.6468623481781377, 0.6605263157894736, 0.6457489878542509], "acc": [0.7609254498714653, 0.7634961439588689, 0.7634961439588689, 0.7609254498714653, 0.7763496143958869, 0.7480719794344473, 0.7480719794344473, 0.7686375321336761, 0.7763496143958869, 0.7480719794344473], "aps": [0.8042650761615455, 0.8018496834873868, 0.8018496834873868, 0.8026901826823425, 0.8046938099787563, 0.7969674353480669, 0.7969674353480669, 0.7972838219153546, 0.8046938099787563, 0.7969674353480669], "f1": [0.8452579034941763, 0.8486842105263158, 0.8486842105263158, 0.8472906403940885, 0.8603531300160515, 0.8350168350168351, 0.8350168350168351, 0.8524590163934427, 0.8603531300160515, 0.8350168350168351], "auprc": [0.8892755149407623, 0.8850942814811379, 0.8850942814811379, 0.8903604167231601, 0.886860128470748, 0.8829251166491189, 0.8829251166491189, 0.8841885447061267, 0.886860128470748, 0.8829251166491189]}]}