{"enet": [{"auroc": [0.7746963562753035, 0.6052800269905534, 0.596187584345479, 0.7461538461538462, 0.6313427800269906, 0.7746963562753035, 0.7820006747638327, 0.7817813765182187, 0.7817813765182187, 0.7817813765182187], "acc": [0.7557840616966581, 0.7789203084832905, 0.7660668380462725, 0.7455012853470437, 0.7789203084832905, 0.7557840616966581, 0.7634961439588689, 0.7557840616966581, 0.7557840616966581, 0.7557840616966581], "aps": [0.8963273959017828, 0.7767346500256977, 0.7726709898495061, 0.8804392260025312, 0.7888341717040304, 0.8963273959017828, 0.8860868863074072, 0.8958568501985151, 0.8958568501985151, 0.8958568501985151], "f1": [0.8536209553158706, 0.8668730650154799, 0.8584758942457231, 0.852017937219731, 0.865203761755486, 0.8536209553158706, 0.8575851393188855, 0.8536209553158706, 0.8536209553158706, 0.8536209553158706], "auprc": [0.8960074478572864, 0.8858401694839082, 0.8826103574722021, 0.8800633206158257, 0.8899493691773469, 0.8960074478572864, 0.8986360384951197, 0.8955152934175243, 0.8955152934175243, 0.8955152934175243]}]}