{"rf": [{"auroc": [0.8239035087719297], "acc": [0.7506426735218509], "aps": [0.9241787016245978], "f1": [0.8545727136431783], "auprc": [0.9247212195760545]}], "enet": [{"auroc": [0.7817476383265858], "acc": [0.7686375321336761], "aps": [0.8975913486069681], "f1": [0.8453608247422681], "auprc": [0.8971989956317168]}]}