{"enet": [{"auroc": [0.7690114709851552, 0.9194838056680162, 0.9253373819163294, 0.9194838056680162, 0.9253373819163294, 0.9253373819163294, 0.9253373819163294, 0.9194838056680162, 0.9194838056680162, 0.9194838056680162], "acc": [0.8380462724935732, 0.8560411311053985, 0.8483290488431876, 0.8560411311053985, 0.8483290488431876, 0.8483290488431876, 0.8483290488431876, 0.8560411311053985, 0.8560411311053985, 0.8560411311053985], "aps": [0.8583367155121573, 0.9660553593332659, 0.9679710687644888, 0.9660553593332659, 0.9679710687644888, 0.9679710687644888, 0.9679710687644888, 0.9660553593332659, 0.9660553593332659, 0.9660553593332659], "f1": [0.8944723618090453, 0.9066666666666667, 0.9024793388429753, 0.9066666666666667, 0.9024793388429753, 0.9024793388429753, 0.9024793388429753, 0.9066666666666667, 0.9066666666666667, 0.9066666666666667], "auprc": [0.9236344331887913, 0.9677712949343615, 0.9713712562386003, 0.9677712949343615, 0.9713712562386003, 0.9713712562386003, 0.9713712562386003, 0.9677712949343615, 0.9677712949343615, 0.9677712949343615]}]}