{"rf": [{"auroc": [0.8306005398110661], "acc": [0.7763496143958869], "aps": [0.9302873624615624], "f1": [0.8663594470046082], "auprc": [0.9302708263266816]}], "enet": [{"auroc": [0.7654858299595143], "acc": [0.7737789203084833], "aps": [0.8706469657429419], "f1": [0.8637770897832818], "auprc": [0.8700479826474643]}]}