{"enet": [{"auroc": [0.63415991902834, 0.6157219973009447, 0.63415991902834, 0.63415991902834, 0.675033738191633, 0.7296558704453442, 0.728272604588394, 0.7378879892037786, 0.6244939271255061, 0.675033738191633], "acc": [0.7429305912596401, 0.7532133676092545, 0.7429305912596401, 0.7429305912596401, 0.7557840616966581, 0.7403598971722365, 0.7455012853470437, 0.7532133676092545, 0.7686375321336761, 0.7557840616966581], "aps": [0.7925149172714527, 0.7828723452362549, 0.7925149172714527, 0.7925149172714527, 0.8174495375759145, 0.8604510633558513, 0.8651660559471066, 0.8688193948441303, 0.7865376386264036, 0.8174495375759145], "f1": [0.8442367601246106, 0.8490566037735849, 0.8442367601246106, 0.8442367601246106, 0.8508634222919937, 0.8462709284627092, 0.8460342146189735, 0.8490566037735849, 0.8580441640378549, 0.8508634222919937], "auprc": [0.8831971431855038, 0.8833417986824912, 0.8831971431855038, 0.8831971431855038, 0.8797851571700924, 0.8598637867210002, 0.8646375169207197, 0.8683021581508142, 0.8846755367495172, 0.8797851571700924]}]}