{"enet": [{"auroc": [0.7578272604588394, 0.7997807017543861, 0.7997807017543861, 0.810391363022942, 0.809919028340081, 0.8060222672064777, 0.8060222672064777, 0.7997807017543861, 0.8060222672064777, 0.8060222672064777], "acc": [0.7840616966580977, 0.7892030848329049, 0.7892030848329049, 0.7737789203084833, 0.7866323907455013, 0.7712082262210797, 0.7712082262210797, 0.7892030848329049, 0.7712082262210797, 0.7712082262210797], "aps": [0.8588415905413629, 0.8930561324931001, 0.8930561324931001, 0.9202854811134534, 0.9168401225234866, 0.9074431325374144, 0.9074431325374144, 0.8930561324931001, 0.9074431325374144, 0.9074431325374144], "f1": [0.8640776699029127, 0.8668831168831167, 0.8668831168831167, 0.8557377049180327, 0.8692913385826772, 0.8552845528455284, 0.8552845528455284, 0.8668831168831167, 0.8552845528455284, 0.8552845528455284], "auprc": [0.9135587698826162, 0.9202912431816962, 0.9202912431816962, 0.9200878449973803, 0.9165966869911278, 0.9155519144965343, 0.9155519144965343, 0.9202912431816962, 0.9155519144965343, 0.9155519144965343]}]}