{"enet": [{"auroc": [0.7746288798920378, 0.7743927125506072, 0.7836707152496626, 0.7862685560053981, 0.7862685560053981, 0.7862685560053981, 0.7746288798920378, 0.7862010796221323, 0.7862685560053981, 0.7746288798920378], "acc": [0.781491002570694, 0.7840616966580977, 0.7737789203084833, 0.7737789203084833, 0.7737789203084833, 0.7737789203084833, 0.781491002570694, 0.7609254498714653, 0.7737789203084833, 0.781491002570694], "aps": [0.896924165990983, 0.8973942751064712, 0.9018622966896999, 0.9032388377152613, 0.9032388377152613, 0.9032388377152613, 0.896924165990983, 0.9040788960627937, 0.9032388377152613, 0.896924165990983], "f1": [0.8686244204018546, 0.869158878504673, 0.8658536585365854, 0.8650306748466258, 0.8650306748466258, 0.8650306748466258, 0.8686244204018546, 0.8597285067873303, 0.8650306748466258, 0.8686244204018546], "auprc": [0.8966283905239019, 0.8971031112351358, 0.9015820436400311, 0.9029643160166307, 0.9029643160166307, 0.9029643160166307, 0.8966283905239019, 0.9038157386372943, 0.9029643160166307, 0.8966283905239019]}]}