{"enet": [{"auroc": [0.73859649122807, 0.6691295546558704, 0.714574898785425, 0.7267206477732793, 0.7267206477732793, 0.7030701754385964, 0.7267206477732793, 0.6691295546558704, 0.7159919028340082, 0.73859649122807], "acc": [0.7609254498714653, 0.7763496143958869, 0.7634961439588689, 0.7506426735218509, 0.7506426735218509, 0.7609254498714653, 0.7506426735218509, 0.7763496143958869, 0.7455012853470437, 0.7609254498714653], "aps": [0.8831832584297286, 0.8088138071271156, 0.845279116755765, 0.8781950685237832, 0.8781950685237832, 0.8366388887235549, 0.8781950685237832, 0.8088138071271156, 0.87498241219051, 0.8831832584297286], "f1": [0.8512, 0.8580750407830342, 0.8501628664495113, 0.8438003220611916, 0.8438003220611916, 0.8482871125611746, 0.8438003220611916, 0.8580750407830342, 0.8374384236453202, 0.8512], "auprc": [0.8828721065706303, 0.8885497856170476, 0.8847428232257917, 0.8778535123426293, 0.8778535123426293, 0.8800237166400194, 0.8778535123426293, 0.8885497856170476, 0.8782070735158047, 0.8828721065706303]}]}