{"enet": [{"auroc": [0.7437246963562754, 0.7268893387314441, 0.7437246963562754, 0.7284412955465587, 0.7018724696356275, 0.7284412955465587, 0.7437246963562754, 0.7387989203778678, 0.7428475033738191, 0.7463562753036438], "acc": [0.7609254498714653, 0.7506426735218509, 0.7609254498714653, 0.7480719794344473, 0.7660668380462725, 0.7480719794344473, 0.7609254498714653, 0.7557840616966581, 0.7557840616966581, 0.7506426735218509], "aps": [0.873349906404295, 0.8556138720183548, 0.873349906404295, 0.8649295875585291, 0.8268486188589507, 0.8649295875585291, 0.873349906404295, 0.8697536143736966, 0.8796778117759577, 0.862406676219893], "f1": [0.8507223113964687, 0.8427876823338736, 0.8507223113964687, 0.8434504792332268, 0.8460236886632826, 0.8434504792332268, 0.8507223113964687, 0.8475120385232745, 0.8470209339774557, 0.8532526475037822], "auprc": [0.8725441195329797, 0.8850418372966742, 0.8725441195329797, 0.8640846487102464, 0.8998458291150261, 0.8640846487102464, 0.8725441195329797, 0.8688785944488379, 0.8843864553522266, 0.8610073173317219]}]}