{"enet": [{"auroc": [0.7601889338731445, 0.7609649122807018, 0.7509784075573549, 0.7509784075573549, 0.7601889338731445, 0.7509784075573549, 0.7509784075573549, 0.7859311740890689, 0.7814271255060729, 0.8013326585695008], "acc": [0.8174807197943444, 0.8149100257069408, 0.8354755784061697, 0.8354755784061697, 0.8174807197943444, 0.8354755784061697, 0.8354755784061697, 0.8226221079691517, 0.8071979434447301, 0.8251928020565553], "aps": [0.8552060779378459, 0.8564258223383621, 0.8489440055605123, 0.8489440055605123, 0.8552060779378459, 0.8489440055605123, 0.8489440055605123, 0.8703290568739331, 0.8685664049058822, 0.8816468862221074], "f1": [0.8794567062818337, 0.8783783783783784, 0.8929765886287626, 0.8929765886287626, 0.8794567062818337, 0.8929765886287626, 0.8929765886287626, 0.8812392426850257, 0.8681898066783831, 0.8819444444444444], "auprc": [0.9184778294537911, 0.9183289055915332, 0.9177880632273343, 0.9177880632273343, 0.9184778294537911, 0.9177880632273343, 0.9177880632273343, 0.9264939763121842, 0.9226291532423091, 0.9299783894834072]}]}