{"enet": [{"auroc": [0.7368083670715251, 0.8027665317139001, 0.8274460188933874, 0.8307017543859648, 0.826636302294197, 0.8307017543859648, 0.8307017543859648, 0.8307017543859648, 0.8274460188933874, 0.8307017543859648], "acc": [0.7994858611825193, 0.794344473007712, 0.7866323907455013, 0.794344473007712, 0.7866323907455013, 0.794344473007712, 0.794344473007712, 0.794344473007712, 0.7866323907455013, 0.794344473007712], "aps": [0.8434552333188637, 0.8913632027562366, 0.9194431105943015, 0.923313912050144, 0.9240932489274111, 0.923313912050144, 0.923313912050144, 0.923313912050144, 0.9194431105943015, 0.923313912050144], "f1": [0.8717105263157896, 0.8692810457516339, 0.8637110016420362, 0.8717948717948717, 0.8628099173553719, 0.8717948717948717, 0.8717948717948717, 0.8717948717948717, 0.8637110016420362, 0.8717948717948717], "auprc": [0.9118354676584263, 0.9183888605177354, 0.924494601493052, 0.9230631594343282, 0.9240865970303166, 0.9230631594343282, 0.9230631594343282, 0.9230631594343282, 0.924494601493052, 0.9230631594343282]}]}