{"enet": [{"auroc": [0.6903171390013495, 0.8103238866396761, 0.662972334682861, 0.8103238866396761, 0.6696524966261809, 0.8160256410256409, 0.8103238866396761, 0.722385290148448, 0.8183198380566802, 0.6866734143049933], "acc": [0.8046272493573264, 0.8046272493573264, 0.8123393316195373, 0.8046272493573264, 0.8149100257069408, 0.7917737789203085, 0.8046272493573264, 0.7892030848329049, 0.8071979434447301, 0.8174807197943444], "aps": [0.8160038571648354, 0.8981027268981463, 0.8027294212508113, 0.8981027268981463, 0.8060661246042256, 0.914932707580115, 0.8981027268981463, 0.8336606509910942, 0.9116933243838624, 0.8142022614679495], "f1": [0.881619937694704, 0.8819875776397517, 0.8854003139717426, 0.8819875776397517, 0.8864353312302838, 0.8744186046511628, 0.8819875776397517, 0.8730650154798761, 0.8837209302325582, 0.8878357030015798], "auprc": [0.9062244162117676, 0.9143656335350705, 0.8999133310573274, 0.9143656335350705, 0.9008424671199223, 0.9152890614145186, 0.9143656335350705, 0.9039741406790907, 0.9114097658038924, 0.9056500205864957]}]}