{"rf": [{"auroc": [0.792408906882591], "acc": [0.7429305912596401], "aps": [0.9105703142737502], "f1": [0.8507462686567165], "auprc": [0.9108925785972029]}], "enet": [{"auroc": [0.8045209176788124], "acc": [0.781491002570694], "aps": [0.9025803731151447], "f1": [0.8673946957878316], "auprc": [0.9019320173144737]}]}