{"enet": [{"auroc": [0.7531376518218623, 0.7531376518218623, 0.7147604588394063, 0.7531376518218623, 0.796255060728745, 0.7257759784075574, 0.7414304993252362, 0.7531376518218623, 0.6685560053981106, 0.7531376518218623], "acc": [0.8020565552699229, 0.8020565552699229, 0.8046272493573264, 0.8020565552699229, 0.7712082262210797, 0.7634961439588689, 0.8020565552699229, 0.8020565552699229, 0.7069408740359897, 0.8020565552699229], "aps": [0.8546028122638434, 0.8546028122638434, 0.8322208218525212, 0.8546028122638434, 0.9020487191612628, 0.8445346244002047, 0.8469819759071425, 0.8546028122638434, 0.8177940406026802, 0.8546028122638434], "f1": [0.8683760683760683, 0.8683760683760683, 0.8733333333333334, 0.8683760683760683, 0.8509212730318259, 0.8424657534246576, 0.8714524207011686, 0.8683760683760683, 0.7985865724381624, 0.8683760683760683], "auprc": [0.9119743851130053, 0.9119743851130053, 0.9071651210995066, 0.9119743851130053, 0.9012679473006473, 0.8985580168898245, 0.9097253358563868, 0.9119743851130053, 0.868845364520979, 0.9119743851130053]}]}