{"enet": [{"auroc": [0.7692307692307692, 0.9010121457489879, 0.7893724696356276, 0.8913630229419705, 0.9010121457489879, 0.9010121457489879, 0.9010121457489879, 0.9010121457489879, 0.9010121457489879, 0.9010121457489879], "acc": [0.8457583547557841, 0.8303341902313625, 0.8200514138817481, 0.8174807197943444, 0.8303341902313625, 0.8303341902313625, 0.8303341902313625, 0.8303341902313625, 0.8303341902313625, 0.8303341902313625], "aps": [0.857978396876507, 0.9573240404881606, 0.8724070953416009, 0.9531071116271113, 0.9573240404881606, 0.9573240404881606, 0.9573240404881606, 0.9573240404881606, 0.9573240404881606, 0.9573240404881606], "f1": [0.9019607843137255, 0.8942307692307692, 0.8837209302325583, 0.8864, 0.8942307692307692, 0.8942307692307692, 0.8942307692307692, 0.8942307692307692, 0.8942307692307692, 0.8942307692307692], "auprc": [0.9243408492556012, 0.9572080701240635, 0.927806192077079, 0.9529816464815983, 0.9572080701240635, 0.9572080701240635, 0.9572080701240635, 0.9572080701240635, 0.9572080701240635, 0.9572080701240635]}]}