{"enet": [{"auroc": [0.7517712550607287, 0.843100539811066, 0.843100539811066, 0.8621288798920378, 0.8621288798920378, 0.843100539811066, 0.8621288798920378, 0.843100539811066, 0.8442645074224022, 0.8621288798920378], "acc": [0.8303341902313625, 0.8251928020565553, 0.8251928020565553, 0.8303341902313625, 0.8303341902313625, 0.8251928020565553, 0.8303341902313625, 0.8251928020565553, 0.8277634961439588, 0.8303341902313625], "aps": [0.848848449681937, 0.9155987032897174, 0.9155987032897174, 0.9398021517747628, 0.9398021517747628, 0.9155987032897174, 0.9398021517747628, 0.9155987032897174, 0.9332441818225895, 0.9398021517747628], "f1": [0.890728476821192, 0.8903225806451612, 0.8903225806451612, 0.8925081433224755, 0.8925081433224755, 0.8903225806451612, 0.8925081433224755, 0.8903225806451612, 0.8907014681892332, 0.8925081433224755], "auprc": [0.9193059139910887, 0.933534619350914, 0.933534619350914, 0.9413384016993902, 0.9413384016993902, 0.933534619350914, 0.9413384016993902, 0.933534619350914, 0.9330780833415381, 0.9413384016993902]}]}