{"enet": [{"auroc": [0.8512145748987854, 0.8480431848852901, 0.8396761133603239, 0.8396761133603239, 0.8507422402159245, 0.8480431848852901, 0.8480431848852901, 0.8498650472334683, 0.8498650472334683, 0.8396761133603239], "acc": [0.7737789203084833, 0.8354755784061697, 0.7712082262210797, 0.7712082262210797, 0.8200514138817481, 0.8354755784061697, 0.8354755784061697, 0.7866323907455013, 0.7866323907455013, 0.7712082262210797], "aps": [0.929098872901458, 0.9269789316520562, 0.924445334890892, 0.924445334890892, 0.9291334330441643, 0.9269789316520562, 0.9269789316520562, 0.9286752792857977, 0.9286752792857977, 0.924445334890892], "f1": [0.8654434250764527, 0.8964401294498382, 0.8645357686453577, 0.8645357686453577, 0.887459807073955, 0.8964401294498382, 0.8964401294498382, 0.8713178294573644, 0.8713178294573644, 0.8645357686453577], "auprc": [0.9288932239357921, 0.9267569521691918, 0.9242253493272131, 0.9242253493272131, 0.9289229217606579, 0.9267569521691918, 0.9267569521691918, 0.9284677569016714, 0.9284677569016714, 0.9242253493272131]}]}