{"enet": [{"auroc": [0.7773448043184885, 0.838731443994602, 0.857085020242915, 0.857085020242915, 0.838731443994602, 0.8791497975708501, 0.8791497975708501, 0.8750168690958164, 0.7788798920377868, 0.8669871794871795], "acc": [0.8354755784061697, 0.8277634961439588, 0.8200514138817481, 0.8200514138817481, 0.8277634961439588, 0.8303341902313625, 0.8303341902313625, 0.8226221079691517, 0.8277634961439588, 0.8251928020565553], "aps": [0.8644117796962594, 0.9054668651927956, 0.9205644726711993, 0.9205644726711993, 0.9054668651927956, 0.9387420025097042, 0.9387420025097042, 0.9395010328142251, 0.8668269610849514, 0.9379901072427146], "f1": [0.8907849829351536, 0.8873949579831932, 0.8837209302325583, 0.8837209302325583, 0.8873949579831932, 0.8910891089108911, 0.8910891089108911, 0.8851913477537438, 0.8870151770657673, 0.8859060402684563], "auprc": [0.924445269901291, 0.9423611671473517, 0.9434368703837507, 0.9434368703837507, 0.9423611671473517, 0.9384361924893858, 0.9384361924893858, 0.9462533462666369, 0.9249387855564243, 0.9395480607072191]}]}