{"enet": [{"auroc": [0.7431511470985155, 0.7648110661268556, 0.742189608636977, 0.7494433198380568, 0.742189608636977, 0.7648110661268556, 0.7520242914979757, 0.7520242914979757, 0.696255060728745, 0.7439608636977059], "acc": [0.8200514138817481, 0.8071979434447301, 0.8097686375321337, 0.8226221079691517, 0.8097686375321337, 0.8071979434447301, 0.8251928020565553, 0.8251928020565553, 0.7840616966580977, 0.8046272493573264], "aps": [0.8451031569565063, 0.8588458911091903, 0.8444127480309473, 0.8488368219539725, 0.8444127480309473, 0.8588458911091903, 0.849691021651088, 0.849691021651088, 0.8224051208526535, 0.8478083666149729], "f1": [0.8833333333333334, 0.8739495798319329, 0.8750000000000001, 0.8870703764320785, 0.8750000000000001, 0.8739495798319329, 0.8874172185430463, 0.8874172185430463, 0.8585858585858587, 0.8745874587458746], "auprc": [0.914995086468672, 0.9088131855010043, 0.9128262912626528, 0.9160730555834351, 0.9128262912626528, 0.9088131855010043, 0.9169668365149386, 0.9169668365149386, 0.89997935773998, 0.909121752882939]}]}