{"enet": [{"auroc": [0.7480769230769231, 0.7647773279352227, 0.7177462887989203, 0.6447537112010797, 0.7724358974358976, 0.7177462887989203, 0.7412280701754387, 0.7177462887989203, 0.7647773279352227, 0.7647773279352227], "acc": [0.7660668380462725, 0.7686375321336761, 0.7532133676092545, 0.7455012853470437, 0.7763496143958869, 0.7532133676092545, 0.7712082262210797, 0.7532133676092545, 0.7686375321336761, 0.7686375321336761], "aps": [0.8880234875573265, 0.8985519296824845, 0.8704557506170023, 0.7974317228156977, 0.9020736819288033, 0.8704557506170023, 0.8844639640549161, 0.8704557506170023, 0.8985519296824845, 0.8985519296824845], "f1": [0.8548644338118023, 0.8557692307692308, 0.8471337579617835, 0.8363636363636364, 0.865533230293663, 0.8471337579617835, 0.8580542264752793, 0.8471337579617835, 0.8557692307692308, 0.8557692307692308], "auprc": [0.8877217296454364, 0.8982931405251909, 0.8700703133031027, 0.8830699852274075, 0.9018273387478171, 0.8700703133031027, 0.8841531584261118, 0.8700703133031027, 0.8982931405251909, 0.8982931405251909]}]}