{"enet": [{"auroc": [0.8458164642375169, 0.8618421052631579, 0.854031713900135, 0.8728407557354927, 0.8510121457489879, 0.8757422402159244, 0.854031713900135, 0.8728407557354927, 0.854031713900135, 0.8510121457489879], "acc": [0.7866323907455013, 0.7892030848329049, 0.7892030848329049, 0.8226221079691517, 0.8071979434447301, 0.8354755784061697, 0.7892030848329049, 0.8226221079691517, 0.7892030848329049, 0.8071979434447301], "aps": [0.9196252278117224, 0.9245306539666942, 0.9213191585417859, 0.9390589676363664, 0.9194752571388332, 0.9373420166276305, 0.9213191585417859, 0.9390589676363664, 0.9213191585417859, 0.9194752571388332], "f1": [0.8705148205928237, 0.8738461538461539, 0.8714733542319749, 0.8885298869143781, 0.8811410459587956, 0.8947368421052632, 0.8714733542319749, 0.8885298869143781, 0.8714733542319749, 0.8811410459587956], "auprc": [0.9194595468611568, 0.9241120178239866, 0.9213622761902451, 0.9388626632771013, 0.9188767649788008, 0.9370836178665751, 0.9213622761902451, 0.9388626632771013, 0.9213622761902451, 0.9188767649788008]}]}