{"enet": [{"auroc": [0.7142206477732793, 0.6394736842105263, 0.6432017543859649, 0.7509278002699055, 0.6508097165991902, 0.6432017543859649, 0.6548582995951417, 0.6394736842105263, 0.6267037786774629, 0.6241902834008097], "acc": [0.7532133676092545, 0.7660668380462725, 0.7686375321336761, 0.7660668380462725, 0.7763496143958869, 0.7686375321336761, 0.7532133676092545, 0.7660668380462725, 0.7455012853470437, 0.7763496143958869], "aps": [0.861479285582394, 0.7934578252483754, 0.7952233601224358, 0.876667948511632, 0.7984519056768091, 0.7952233601224358, 0.8027170500988695, 0.7934578252483754, 0.7875037069111384, 0.7855908792443942], "f1": [0.8461538461538461, 0.8529886914378029, 0.8571428571428571, 0.8553259141494435, 0.8580750407830342, 0.8571428571428571, 0.8451612903225805, 0.8529886914378029, 0.8369028006589786, 0.8612440191387559], "auprc": [0.8625718210571516, 0.8868876727634238, 0.8888776488926391, 0.882805386982551, 0.8896935725068467, 0.8888776488926391, 0.8861584511999565, 0.8868876727634238, 0.880789679255513, 0.884897112879664]}]}