{"auroc": [0.8144062078272605, 0.5055499325236168, 0.7943994601889339, 0.5335357624831308, 0.5040317139001349, 0.5062753036437248, 0.5313765182186235, 0.6497638326585695, 0.7774628879892038, 0.6106950067476383], "acc": [0.7712082262210797, 0.7326478149100257, 0.7660668380462725, 0.26735218508997427, 0.7326478149100257, 0.7326478149100257, 0.7326478149100257, 0.7326478149100257, 0.7326478149100257, 0.7326478149100257], "aps": [0.9104684461970616, 0.7326848444946092, 0.8940604265102637, 0.7567891931303558, 0.7342899626870518, 0.7411069128142216, 0.7368679534939873, 0.8373103804940394, 0.8857424976084842, 0.7984553338054952], "f1": [0.8641221374045801, 0.8456973293768546, 0.8614916286149162, 0.0, 0.8456973293768546, 0.8456973293768546, 0.8456973293768546, 0.8456973293768546, 0.8456973293768546, 0.8456973293768546], "auprc": [0.9101437334791067, 0.7308252369469533, 0.8936630991806918, 0.7555538518137707, 0.7323355328629841, 0.7385262681627881, 0.7341363701358851, 0.8366716487706842, 0.8851308059322468, 0.7973919726756868]}