{"enet": [{"auroc": [0.7942645074224022, 0.7379892037786775, 0.7198043184885289, 0.7204453441295546, 0.6728070175438596, 0.7765519568151147, 0.7942645074224022, 0.7765519568151147, 0.7379892037786775, 0.7942645074224022], "acc": [0.8046272493573264, 0.8174807197943444, 0.8071979434447301, 0.8020565552699229, 0.7917737789203085, 0.7969151670951157, 0.8046272493573264, 0.7969151670951157, 0.8174807197943444, 0.8046272493573264], "aps": [0.8854942435596299, 0.8439286099205724, 0.8332389821296211, 0.8329501751630768, 0.809084046478531, 0.8688362247984396, 0.8854942435596299, 0.8688362247984396, 0.8439286099205724, 0.8854942435596299], "f1": [0.880503144654088, 0.8814691151919867, 0.8780487804878049, 0.8701517706576728, 0.867430441898527, 0.8715447154471545, 0.880503144654088, 0.8715447154471545, 0.8814691151919867, 0.880503144654088], "auprc": [0.88476745958189, 0.9108454397570057, 0.9094816682154826, 0.9078274587556469, 0.8964499890264229, 0.9165036762435674, 0.88476745958189, 0.9165036762435674, 0.9108454397570057, 0.88476745958189]}]}