{"enet": [{"auroc": [0.8169534412955465, 0.9123144399460189, 0.904942645074224, 0.9123144399460189, 0.904942645074224, 0.9131578947368422, 0.904942645074224, 0.8973684210526316, 0.904942645074224, 0.9123144399460189], "acc": [0.8740359897172236, 0.87146529562982, 0.8380462724935732, 0.87146529562982, 0.8380462724935732, 0.8740359897172236, 0.8380462724935732, 0.8637532133676092, 0.8380462724935732, 0.87146529562982], "aps": [0.8860789004176297, 0.9558387386588407, 0.9581049737112655, 0.9558387386588407, 0.9581049737112655, 0.9564910591528212, 0.9581049737112655, 0.9429544817880218, 0.9581049737112655, 0.9558387386588407], "f1": [0.9165247018739352, 0.9163879598662208, 0.8923076923076922, 0.9163879598662208, 0.8923076923076922, 0.9168081494057725, 0.8923076923076922, 0.9106239460370995, 0.8923076923076922, 0.9163879598662208], "auprc": [0.9381876672540906, 0.9625900916771326, 0.9598170120015523, 0.9625900916771326, 0.9598170120015523, 0.956298589507603, 0.9598170120015523, 0.9596708255803028, 0.9598170120015523, 0.9625900916771326]}]}