{"enet": [{"auroc": [0.7026653171390013, 0.7026653171390013, 0.7046558704453442, 0.7048582995951418, 0.7046558704453442, 0.7046558704453442, 0.7038798920377868, 0.7026653171390013, 0.7038798920377868, 0.7046558704453442], "acc": [0.7326478149100257, 0.7326478149100257, 0.7300771208226221, 0.7300771208226221, 0.7300771208226221, 0.7300771208226221, 0.7352185089974294, 0.7326478149100257, 0.7352185089974294, 0.7300771208226221], "aps": [0.8565057349908508, 0.8565057349908508, 0.8591358657328153, 0.8596482667206831, 0.8591358657328153, 0.8591358657328153, 0.8578833361610518, 0.8565057349908508, 0.8578833361610518, 0.8591358657328153], "f1": [0.8456973293768546, 0.8456973293768546, 0.8435171385991059, 0.8435171385991059, 0.8435171385991059, 0.8435171385991059, 0.8469539375928677, 0.8456973293768546, 0.8469539375928677, 0.8435171385991059], "auprc": [0.8559702712317787, 0.8559702712317787, 0.8586225413546736, 0.8591407006220488, 0.8586225413546736, 0.8586225413546736, 0.8573611961748293, 0.8559702712317787, 0.8573611961748293, 0.8586225413546736]}]}