{"enet": [{"auroc": [0.5274966261808367, 0.5211875843454791, 0.5194669365721998, 0.523110661268556, 0.5232118758434547, 0.5240215924426451, 0.5194669365721998, 0.5194669365721998, 0.5274966261808367, 0.5211875843454791], "acc": [0.7326478149100257, 0.7326478149100257, 0.7326478149100257, 0.7326478149100257, 0.7326478149100257, 0.7326478149100257, 0.7326478149100257, 0.7326478149100257, 0.7326478149100257, 0.7326478149100257], "aps": [0.7047440349504418, 0.7022599291518369, 0.7019971370858579, 0.7027346212185298, 0.7027459553684847, 0.7033579654948181, 0.7019971370858579, 0.7019971370858579, 0.7047440349504418, 0.7022599291518369], "f1": [0.8456973293768546, 0.8456973293768546, 0.8456973293768546, 0.8456973293768546, 0.8456973293768546, 0.8456973293768546, 0.8456973293768546, 0.8456973293768546, 0.8456973293768546, 0.8456973293768546], "auprc": [0.7024740676303767, 0.6999703006453328, 0.6997044309413473, 0.7005091840663349, 0.7004736034525785, 0.7010811797986792, 0.6997044309413473, 0.6997044309413473, 0.7024740676303767, 0.6999703006453328]}]}