{"auroc": [0.5221659919028341, 0.5331646423751687, 0.5238022941970311, 0.8332658569500676, 0.5380398110661267, 0.740114709851552, 0.4520242914979757, 0.7721322537112011, 0.4387820512820513, 0.5504217273954116], "acc": [0.7326478149100257, 0.7326478149100257, 0.26735218508997427, 0.7326478149100257, 0.7326478149100257, 0.7326478149100257, 0.26735218508997427, 0.7326478149100257, 0.7326478149100257, 0.26735218508997427], "aps": [0.7621546608917984, 0.772039871124694, 0.7601631765221816, 0.9078387035862538, 0.748329125254645, 0.8845752539828923, 0.7227509289767756, 0.8900141545277521, 0.7103391762771577, 0.820714624552696], "f1": [0.8456973293768546, 0.8456973293768546, 0.0, 0.8456973293768546, 0.8456973293768546, 0.8456973293768546, 0.0, 0.8456973293768546, 0.8456973293768546, 0.0], "auprc": [0.7612284001709296, 0.7707910752760885, 0.7574470141299762, 0.9068723905369211, 0.7457215746721544, 0.8842545534176834, 0.721347111513944, 0.8896460659443985, 0.7084829182203282, 0.8202798240392633]}