{"enet": [{"auroc": [0.5036099865047233, 0.5034412955465587, 0.5037112010796222, 0.5037786774628881, 0.49915654520917674, 0.49915654520917674, 0.5027665317139002, 0.5036099865047233, 0.5036099865047233, 0.49915654520917674], "acc": [0.7352185089974294, 0.7326478149100257, 0.7326478149100257, 0.7352185089974294, 0.7326478149100257, 0.7326478149100257, 0.7326478149100257, 0.7352185089974294, 0.7352185089974294, 0.7326478149100257], "aps": [0.696900208816431, 0.6971646496536241, 0.6967743226989407, 0.6967749461679624, 0.6940339574796226, 0.6940339574796226, 0.6962203269063726, 0.696900208816431, 0.696900208816431, 0.6940339574796226], "f1": [0.8469539375928677, 0.8456973293768546, 0.8456973293768546, 0.8469539375928677, 0.8456973293768546, 0.8456973293768546, 0.8456973293768546, 0.8469539375928677, 0.8469539375928677, 0.8456973293768546], "auprc": [0.6940930276125928, 0.6943451551900156, 0.6939679744792087, 0.693979445489947, 0.6912412671169449, 0.6912412671169449, 0.6934129105126349, 0.6940930276125928, 0.6940930276125928, 0.6912412671169449]}]}