{"enet": [{"auroc": [0.8806342780026991, 0.8840755735492578, 0.8840755735492578, 0.8806342780026991, 0.8840755735492578, 0.880195681511471, 0.880195681511471, 0.8840755735492578, 0.880195681511471, 0.880195681511471], "acc": [0.8277634961439588, 0.8329048843187661, 0.8329048843187661, 0.8277634961439588, 0.8329048843187661, 0.8483290488431876, 0.8483290488431876, 0.8329048843187661, 0.8483290488431876, 0.8483290488431876], "aps": [0.9318655647184652, 0.9367115144978901, 0.9367115144978901, 0.9318655647184652, 0.9367115144978901, 0.942250475271028, 0.942250475271028, 0.9367115144978901, 0.942250475271028, 0.942250475271028], "f1": [0.8941548183254344, 0.8963317384370016, 0.8963317384370016, 0.8941548183254344, 0.8963317384370016, 0.9028006589785832, 0.9028006589785832, 0.8963317384370016, 0.9028006589785832, 0.9028006589785832], "auprc": [0.9312439580187353, 0.9362361651393336, 0.9362361651393336, 0.9312439580187353, 0.9362361651393336, 0.9420313219848409, 0.9420313219848409, 0.9362361651393336, 0.9420313219848409, 0.9420313219848409]}]}