{"auroc": [0.674460188933873, 0.5825404858299595, 0.5470647773279352, 0.5873650472334684, 0.5949898785425101, 0.5732793522267206, 0.5569838056680162, 0.5334345479082321, 0.6789979757085021, 0.5155195681511471], "acc": [0.7352185089974294, 0.7326478149100257, 0.7326478149100257, 0.7326478149100257, 0.7326478149100257, 0.7326478149100257, 0.7326478149100257, 0.7326478149100257, 0.26735218508997427, 0.26735218508997427], "aps": [0.8371347657178212, 0.8227734688071543, 0.7699296849856594, 0.8049275250118973, 0.799610899270404, 0.8170366178729681, 0.7408341508567553, 0.7546396750356836, 0.8451074849795618, 0.7330656273794156], "f1": [0.8469539375928677, 0.8456973293768546, 0.8456973293768546, 0.8456973293768546, 0.8456973293768546, 0.8456973293768546, 0.8456973293768546, 0.8456973293768546, 0.0, 0.0], "auprc": [0.8365387572884462, 0.8222370556208461, 0.7688215481401798, 0.8042982285403667, 0.79876282831383, 0.8165132326524434, 0.7378176689018239, 0.7532846237223412, 0.8445706841664347, 0.7310285267079916]}