{"enet": [{"auroc": [0.6930668016194331, 0.7130566801619433, 0.8164642375168691, 0.7509952766531713, 0.6684716599190283, 0.7497975708502024, 0.6930668016194331, 0.7130566801619433, 0.7509952766531713, 0.6930668016194331], "acc": [0.794344473007712, 0.7763496143958869, 0.781491002570694, 0.8071979434447301, 0.781491002570694, 0.7917737789203085, 0.794344473007712, 0.7763496143958869, 0.8071979434447301, 0.794344473007712], "aps": [0.8206473673222744, 0.83305181227351, 0.9212359380271861, 0.8523966540306059, 0.8076755687443635, 0.8535844325650015, 0.8206473673222744, 0.83305181227351, 0.8523966540306059, 0.8206473673222744], "f1": [0.8679867986798679, 0.8547579298831387, 0.8608837970540097, 0.8743718592964824, 0.8604269293924467, 0.867430441898527, 0.8679867986798679, 0.8547579298831387, 0.8743718592964824, 0.8679867986798679], "auprc": [0.9018572234688751, 0.9007257366120318, 0.9210465897605412, 0.9140905299071376, 0.8946830453415456, 0.9139750489190197, 0.9018572234688751, 0.9007257366120318, 0.9140905299071376, 0.9018572234688751]}]}