{"enet": [{"auroc": [0.8286774628879892, 0.8252024291497976, 0.8173414304993253, 0.8252024291497976, 0.8184547908232119, 0.8252024291497976, 0.8086369770580297, 0.8225033738191633, 0.8173414304993253, 0.8086369770580297], "acc": [0.8226221079691517, 0.8097686375321337, 0.8020565552699229, 0.8097686375321337, 0.8226221079691517, 0.8097686375321337, 0.8251928020565553, 0.8200514138817481, 0.8020565552699229, 0.8251928020565553], "aps": [0.9105278418255384, 0.9142933825347612, 0.907597118142554, 0.9142933825347612, 0.9073064337537275, 0.9142933825347612, 0.8965565209509025, 0.9126115853317617, 0.907597118142554, 0.8965565209509025], "f1": [0.8899521531100479, 0.8821656050955413, 0.8783570300157978, 0.8821656050955413, 0.8859504132231405, 0.8821656050955413, 0.889967637540453, 0.8870967741935484, 0.8783570300157978, 0.889967637540453], "auprc": [0.9102106121236986, 0.9140295569610581, 0.9072809022251666, 0.9140295569610581, 0.9069918661598172, 0.9140295569610581, 0.8961542270187779, 0.9123443954444794, 0.9072809022251666, 0.8961542270187779]}]}