{"auroc": [0.5289473684210526, 0.5480769230769231, 0.5318825910931174, 0.5872975708502024, 0.8539473684210526, 0.5422739541160593, 0.513006072874494, 0.6664136302294197, 0.9250674763832658, 0.8970647773279352], "acc": [0.26735218508997427, 0.7326478149100257, 0.7326478149100257, 0.7326478149100257, 0.7660668380462725, 0.7326478149100257, 0.26735218508997427, 0.26735218508997427, 0.8688946015424165, 0.8277634961439588], "aps": [0.7882992766338555, 0.7943969030984902, 0.7727846681012104, 0.7969763616987382, 0.9269164699768574, 0.7970475457945574, 0.7611690376450874, 0.8138268731939222, 0.9681363583365079, 0.9545431688435946], "f1": [0.0, 0.8456973293768546, 0.8456973293768546, 0.8456973293768546, 0.8623298033282906, 0.8456973293768546, 0.0, 0.0, 0.9162561576354681, 0.8914100486223663], "auprc": [0.7873124078136671, 0.7936612503306485, 0.7716201233987929, 0.7959537097907685, 0.9265888006363062, 0.7962761897529114, 0.7598236505786349, 0.811305713826248, 0.9680481402405727, 0.9543492123479256]}