{"enet": [{"auroc": [0.6154520917678812, 0.645529689608637, 0.6070344129554656, 0.638478407557355, 0.6352564102564102, 0.645529689608637, 0.5875843454790823, 0.6043522267206477, 0.638478407557355, 0.6161268556005398], "acc": [0.7352185089974294, 0.7377892030848329, 0.7146529562982005, 0.7352185089974294, 0.7455012853470437, 0.7377892030848329, 0.6760925449871465, 0.712082262210797, 0.7352185089974294, 0.7017994858611826], "aps": [0.7842574730842736, 0.8102350373144813, 0.7787947089197633, 0.8006856748564208, 0.798373082986685, 0.8102350373144813, 0.7688281236762088, 0.7781266721350064, 0.8006856748564208, 0.7822775161723596], "f1": [0.8308702791461413, 0.8344155844155844, 0.814070351758794, 0.833063209076175, 0.8405797101449276, 0.8344155844155844, 0.7827586206896552, 0.8108108108108109, 0.833063209076175, 0.8], "auprc": [0.8615742875166418, 0.8409264766966345, 0.8677368792377185, 0.8590740765784921, 0.8422369108707235, 0.8409264766966345, 0.8597561485964635, 0.8601724707476497, 0.8590740765784921, 0.8683425574535444]}]}