{"rf": [{"auroc": [0.8492240215924427], "acc": [0.781491002570694], "aps": [0.9313002510098362], "f1": [0.8698315467075038], "auprc": [0.9318519793641851]}], "enet": [{"auroc": [0.8623819163292847], "acc": [0.8097686375321337], "aps": [0.9309953919972122], "f1": [0.884375], "auprc": [0.9307669905814427]}]}