{"enet": [{"auroc": [0.8072031039136303, 0.7830128205128205, 0.8706477732793523, 0.8713731443994601, 0.8682186234817814, 0.8682186234817814, 0.8547739541160594, 0.8682186234817814, 0.8682186234817814, 0.8719973009446693], "acc": [0.8457583547557841, 0.8457583547557841, 0.8483290488431876, 0.8431876606683805, 0.8329048843187661, 0.8329048843187661, 0.8483290488431876, 0.8329048843187661, 0.8329048843187661, 0.8457583547557841], "aps": [0.879739012533685, 0.8657958967157804, 0.9220647391599162, 0.9312130051093374, 0.9328757756695669, 0.9328757756695669, 0.9221772473377277, 0.9328757756695669, 0.9328757756695669, 0.9263067319401822], "f1": [0.9009900990099011, 0.898989898989899, 0.9037520391517128, 0.8998357963875205, 0.8929159802306424, 0.8929159802306424, 0.90311986863711, 0.8929159802306424, 0.8929159802306424, 0.9029126213592232], "auprc": [0.9339111250818861, 0.9269783173862619, 0.9200618511040402, 0.9461598243374334, 0.9359430795503652, 0.9359430795503652, 0.9336363210968421, 0.9359430795503652, 0.9359430795503652, 0.9243802298124378]}]}