{"enet": [{"auroc": [0.6243927125506072, 0.6087381916329284, 0.6087381916329284, 0.6245614035087719, 0.625910931174089, 0.625910931174089, 0.6269230769230769, 0.6245614035087719, 0.6245614035087719, 0.6245614035087719], "acc": [0.7326478149100257, 0.7326478149100257, 0.7326478149100257, 0.7326478149100257, 0.7326478149100257, 0.7326478149100257, 0.7326478149100257, 0.7326478149100257, 0.7326478149100257, 0.7326478149100257], "aps": [0.803542947912733, 0.7906559417799767, 0.7906559417799767, 0.8036491378649797, 0.8044063029605069, 0.8044063029605069, 0.8057090218532104, 0.8036491378649797, 0.8036491378649797, 0.8036491378649797], "f1": [0.8456973293768546, 0.8456973293768546, 0.8456973293768546, 0.8456973293768546, 0.8456973293768546, 0.8456973293768546, 0.8456973293768546, 0.8456973293768546, 0.8456973293768546, 0.8456973293768546], "auprc": [0.801139682600937, 0.788132454775227, 0.788132454775227, 0.8012275235972997, 0.8020138357969728, 0.8020138357969728, 0.8033270829941938, 0.8012275235972997, 0.8012275235972997, 0.8012275235972997]}]}