{"auroc": [0.7711875843454792, 0.5886808367071525, 0.8026653171390014, 0.8217948717948718, 0.6003205128205129, 0.5476551956815114, 0.8951417004048584, 0.8323886639676112, 0.6888326585695006, 0.6238529014844804], "acc": [0.7326478149100257, 0.7326478149100257, 0.7326478149100257, 0.7326478149100257, 0.7326478149100257, 0.26735218508997427, 0.7326478149100257, 0.7326478149100257, 0.7326478149100257, 0.7069408740359897], "aps": [0.9006072620922627, 0.79580170450031, 0.9100484591915559, 0.916560672514084, 0.7984712620887378, 0.7312512370008287, 0.951385837745006, 0.9235673351760683, 0.8563716550056928, 0.7966161368177251], "f1": [0.8456973293768546, 0.8456973293768546, 0.8456973293768546, 0.8456973293768546, 0.8456973293768546, 0.0, 0.8456973293768546, 0.8456973293768546, 0.8456973293768546, 0.8061224489795918], "auprc": [0.9002766233451643, 0.7947117309678533, 0.9097915025508676, 0.9162830139286633, 0.7975145956689057, 0.7288823371311912, 0.9512381088057673, 0.9233457213494694, 0.8557360642803296, 0.7953983245314786]}