{"enet": [{"auroc": [0.8267375168690958, 0.8267375168690958, 0.9017712550607287, 0.8312921727395413, 0.8240384615384615, 0.9000506072874495, 0.9000506072874495, 0.9068825910931174, 0.8715755735492579, 0.8475708502024292], "acc": [0.8457583547557841, 0.8457583547557841, 0.8508997429305912, 0.8457583547557841, 0.8663239074550129, 0.8611825192802056, 0.8611825192802056, 0.8688946015424165, 0.8534704370179949, 0.8637532133676092], "aps": [0.8921668974183248, 0.8921668974183248, 0.949232938793721, 0.8980953347940863, 0.890233840511369, 0.9491644148521156, 0.9491644148521156, 0.9572150872795534, 0.9240971124270152, 0.9051330923987233], "f1": [0.8947368421052632, 0.8947368421052632, 0.9013605442176872, 0.8961937716262977, 0.9106529209621994, 0.909090909090909, 0.909090909090909, 0.9145728643216081, 0.902229845626072, 0.9094017094017094], "auprc": [0.9386298888706359, 0.9386298888706359, 0.9610944391582316, 0.9377772819110765, 0.9398390007521015, 0.9540674459276439, 0.9540674459276439, 0.9570937894733302, 0.9518924450731364, 0.9466109634919575]}]}