{"enet": [{"auroc": [0.6876686909581646, 0.749055330634278, 0.6408738191632928, 0.8369770580296896, 0.6842105263157895, 0.6876686909581646, 0.7427462887989204, 0.7427462887989204, 0.749055330634278, 0.6876686909581646], "acc": [0.8046272493573264, 0.8071979434447301, 0.7403598971722365, 0.794344473007712, 0.7866323907455013, 0.8046272493573264, 0.7789203084832905, 0.7789203084832905, 0.8071979434447301, 0.8046272493573264], "aps": [0.8152146486961194, 0.8500878739527367, 0.7939084720400678, 0.9196269204594283, 0.815846137598098, 0.8152146486961194, 0.8518720109294078, 0.8518720109294078, 0.8500878739527367, 0.8152146486961194], "f1": [0.8770226537216829, 0.8776508972267537, 0.8308207705192631, 0.8738170347003156, 0.8671999999999999, 0.8770226537216829, 0.8571428571428572, 0.8571428571428572, 0.8776508972267537, 0.8770226537216829], "auprc": [0.9027072093924756, 0.9175164693371045, 0.8822723878613605, 0.919083508773062, 0.8991325396008137, 0.9027072093924756, 0.9077306021167146, 0.9077306021167146, 0.9175164693371045, 0.9027072093924756]}]}