{"enet": [{"auroc": [0.7631916329284749, 0.7631916329284749, 0.7914473684210526, 0.7435222672064778, 0.7910931174089068, 0.7647773279352227, 0.7910931174089068, 0.7914473684210526, 0.7860661268556005, 0.7910931174089068], "acc": [0.8586118251928021, 0.8586118251928021, 0.8611825192802056, 0.8457583547557841, 0.8586118251928021, 0.8560411311053985, 0.8586118251928021, 0.8611825192802056, 0.8586118251928021, 0.8586118251928021], "aps": [0.8534110314156108, 0.8534110314156108, 0.8698667557010105, 0.8440002256322735, 0.869928157719021, 0.8553213679611682, 0.869928157719021, 0.8698667557010105, 0.8670384279140244, 0.869928157719021], "f1": [0.9096880131362891, 0.9096880131362891, 0.909090909090909, 0.9016393442622951, 0.9093904448105437, 0.9078947368421053, 0.9093904448105437, 0.909090909090909, 0.9099836333878888, 0.9093904448105437], "auprc": [0.9241054546699098, 0.9241054546699098, 0.930130919363561, 0.9186163928643897, 0.9310953804744079, 0.9246301696323735, 0.9310953804744079, 0.930130919363561, 0.9310446436656379, 0.9310953804744079]}]}