{"auroc": [0.4654858299595142, 0.5676619433198381, 0.5532219973009447, 0.668825910931174, 0.5967273954116059, 0.7394062078272604, 0.6960863697705804, 0.683974358974359, 0.8256072874493927, 0.5947031039136302], "acc": [0.7326478149100257, 0.7326478149100257, 0.7326478149100257, 0.7326478149100257, 0.7326478149100257, 0.7326478149100257, 0.7326478149100257, 0.7326478149100257, 0.8277634961439588, 0.7326478149100257], "aps": [0.6964252430307905, 0.7747878020630331, 0.7583442489777728, 0.8579520528104734, 0.8097517209088596, 0.8802819695211751, 0.8606135007684391, 0.8566890995854461, 0.9124031000855051, 0.8112804899634574], "f1": [0.8456973293768546, 0.8456973293768546, 0.8456973293768546, 0.8456973293768546, 0.8456973293768546, 0.8456973293768546, 0.8456973293768546, 0.8456973293768546, 0.8907014681892332, 0.8456973293768546], "auprc": [0.6933704223051319, 0.772205255590546, 0.7556348757467686, 0.8575937078047925, 0.8090534964567485, 0.8798956533849253, 0.8602170268740813, 0.8562553735116302, 0.9121105365094554, 0.8105100338726858]}