{"enet": [{"auroc": [0.6800269905533063, 0.792476383265857, 0.7884784075573549, 0.6593960863697705, 0.7609986504723347, 0.7884784075573549, 0.8054318488529015, 0.8061403508771929, 0.7352395411605938, 0.8061403508771929], "acc": [0.7892030848329049, 0.8046272493573264, 0.794344473007712, 0.7789203084832905, 0.7892030848329049, 0.794344473007712, 0.8071979434447301, 0.8020565552699229, 0.8046272493573264, 0.8020565552699229], "aps": [0.8124920308175965, 0.8956734748590206, 0.8812953474047104, 0.8022339237217485, 0.8787719315627458, 0.8812953474047104, 0.9051765887928807, 0.9059798795450587, 0.8419105697842262, 0.9059798795450587], "f1": [0.8660130718954248, 0.8774193548387097, 0.8726114649681529, 0.8594771241830066, 0.8660130718954248, 0.8726114649681529, 0.8803827751196173, 0.8767999999999999, 0.8745874587458746, 0.8767999999999999], "auprc": [0.8989551024807828, 0.8953247581540246, 0.9097268031564528, 0.8929832848386219, 0.8783337725545615, 0.9097268031564528, 0.9048814173536655, 0.9056797906099117, 0.9101273463628226, 0.9056797906099117]}]}