{"enet": [{"auroc": [0.8707658569500675, 0.8708502024291498, 0.7340587044534413, 0.8617240215924425, 0.703778677462888, 0.8708502024291498, 0.8815114709851551, 0.7362010796221323, 0.8708502024291498, 0.8144230769230769], "acc": [0.8123393316195373, 0.8123393316195373, 0.8174807197943444, 0.8226221079691517, 0.8149100257069408, 0.8123393316195373, 0.8226221079691517, 0.8226221079691517, 0.8123393316195373, 0.8200514138817481], "aps": [0.9300207898713951, 0.9387390867646604, 0.8391085308029729, 0.9257896742955831, 0.823283862739871, 0.9387390867646604, 0.9432402768364615, 0.8403754212494425, 0.9387390867646604, 0.8879607108750258], "f1": [0.8831999999999999, 0.884310618066561, 0.8871224165341813, 0.8881685575364668, 0.8838709677419354, 0.884310618066561, 0.8899521531100479, 0.8878048780487805, 0.884310618066561, 0.8867313915857604], "auprc": [0.939848938539078, 0.9385528145286544, 0.9143052353571799, 0.9304969937717625, 0.9071412204967226, 0.9385528145286544, 0.943061014362076, 0.9157498123213459, 0.9385528145286544, 0.935010859509266]}]}