{"enet": [{"auroc": [0.7512314439946018, 0.7563596491228071, 0.7725371120107962, 0.7609649122807017, 0.7609649122807017, 0.7645411605937923, 0.7645411605937923, 0.7512314439946018, 0.7609649122807017, 0.7531039136302293], "acc": [0.8277634961439588, 0.8226221079691517, 0.8277634961439588, 0.8406169665809768, 0.8406169665809768, 0.8303341902313625, 0.8303341902313625, 0.8277634961439588, 0.8406169665809768, 0.8303341902313625], "aps": [0.8497219306048043, 0.8517845347776788, 0.861854691142312, 0.8542567198485276, 0.8542567198485276, 0.8571352837846833, 0.8571352837846833, 0.8497219306048043, 0.8542567198485276, 0.8511355789751172], "f1": [0.8892561983471075, 0.8828522920203735, 0.8892561983471075, 0.8959731543624162, 0.8959731543624162, 0.8892617449664431, 0.8892617449664431, 0.8892561983471075, 0.8959731543624162, 0.8903654485049834], "auprc": [0.9187370536977629, 0.9180487753259138, 0.9240952275654332, 0.9209561089298015, 0.9209561089298015, 0.9205273113983082, 0.9205273113983082, 0.9187370536977629, 0.9209561089298015, 0.9190801103321042]}]}