{"auroc": [0.628997975708502, 0.6400303643724696, 0.6572874493927126, 0.5417678812415654, 0.5869264507422403, 0.8058704453441295, 0.6240384615384615, 0.6940452091767882, 0.735391363022942, 0.6687921727395412], "acc": [0.7326478149100257, 0.7326478149100257, 0.26735218508997427, 0.26735218508997427, 0.7326478149100257, 0.7352185089974294, 0.26735218508997427, 0.7326478149100257, 0.7326478149100257, 0.7326478149100257], "aps": [0.8161810020708025, 0.8110738477339404, 0.820738430438104, 0.7653366407384263, 0.7793184119291288, 0.898964184733823, 0.8154260230975291, 0.8588533785555479, 0.8612436870706086, 0.8333170631815704], "f1": [0.8456973293768546, 0.8456973293768546, 0.0, 0.0, 0.8456973293768546, 0.8469539375928677, 0.0, 0.8456973293768546, 0.8456973293768546, 0.8456973293768546], "auprc": [0.8152222734718879, 0.8101459842450829, 0.8194902828952461, 0.7641550644980298, 0.7782208374693292, 0.8983373691927197, 0.8147563414578514, 0.8584507235236448, 0.8600224136705839, 0.8317750040265617]}