{"enet": [{"auroc": [0.6448717948717949, 0.6554318488529014, 0.6527327935222672, 0.6571524966261808, 0.6448717948717949, 0.6271423751686911, 0.6571524966261808, 0.6571524966261808, 0.6478070175438596, 0.6478070175438596], "acc": [0.7326478149100257, 0.7377892030848329, 0.7377892030848329, 0.7455012853470437, 0.7326478149100257, 0.7480719794344473, 0.7455012853470437, 0.7455012853470437, 0.7377892030848329, 0.7377892030848329], "aps": [0.7992338413537903, 0.804583225019881, 0.8009255442983295, 0.8068295223189712, 0.7992338413537903, 0.7895298494435805, 0.8068295223189712, 0.8068295223189712, 0.7998539020715073, 0.7998539020715073], "f1": [0.8219178082191781, 0.8300000000000001, 0.8277027027027027, 0.8369028006589786, 0.8219178082191781, 0.8382838283828383, 0.8369028006589786, 0.8369028006589786, 0.8253424657534246, 0.8253424657534246], "auprc": [0.8802770349816563, 0.8841252652717135, 0.8849048926352108, 0.8680959200391383, 0.8802770349816563, 0.8785113442842545, 0.8680959200391383, 0.8680959200391383, 0.8823955029529829, 0.8823955029529829]}]}