{"enet": [{"auroc": [0.7661605937921726, 0.7661605937921726, 0.7714912280701754, 0.776889338731444, 0.7714912280701754, 0.7693657219973009, 0.7661605937921726, 0.7714912280701754, 0.7693657219973009, 0.7698380566801619], "acc": [0.794344473007712, 0.794344473007712, 0.781491002570694, 0.7480719794344473, 0.781491002570694, 0.7866323907455013, 0.794344473007712, 0.781491002570694, 0.7866323907455013, 0.781491002570694], "aps": [0.8849322776966795, 0.8849322776966795, 0.8896951936256132, 0.8946966877781103, 0.8896951936256132, 0.8893765563269247, 0.8849322776966795, 0.8896951936256132, 0.8893765563269247, 0.8883071176372821], "f1": [0.8692810457516339, 0.8692810457516339, 0.8590381426202321, 0.8524096385542168, 0.8590381426202321, 0.8628099173553719, 0.8692810457516339, 0.8590381426202321, 0.8628099173553719, 0.8599670510708401], "auprc": [0.8844626840537172, 0.8844626840537172, 0.8892592697609848, 0.894288179596073, 0.8892592697609848, 0.8889837671989256, 0.8844626840537172, 0.8892592697609848, 0.8889837671989256, 0.8878618925212765]}]}