{"enet": [{"auroc": [0.7906882591093117, 0.814608636977058, 0.814608636977058, 0.8063765182186236, 0.8063765182186236, 0.8063765182186236, 0.814608636977058, 0.8063765182186236, 0.814608636977058, 0.8063765182186236], "acc": [0.7429305912596401, 0.7223650385604113, 0.7223650385604113, 0.7480719794344473, 0.7480719794344473, 0.7480719794344473, 0.7223650385604113, 0.7480719794344473, 0.7223650385604113, 0.7480719794344473], "aps": [0.8987545113744182, 0.9106583697516819, 0.9106583697516819, 0.9067798056655001, 0.9067798056655001, 0.9067798056655001, 0.9106583697516819, 0.9067798056655001, 0.9106583697516819, 0.9067798056655001], "f1": [0.8502994011976047, 0.7848605577689244, 0.7848605577689244, 0.8528528528528528, 0.8528528528528528, 0.8528528528528528, 0.7848605577689244, 0.8528528528528528, 0.7848605577689244, 0.8528528528528528], "auprc": [0.8983283529632683, 0.9100337234304997, 0.9100337234304997, 0.9063062967372152, 0.9063062967372152, 0.9063062967372152, 0.9100337234304997, 0.9063062967372152, 0.9100337234304997, 0.9063062967372152]}]}