{"rf": [{"auroc": [0.8010121457489879], "acc": [0.7506426735218509], "aps": [0.9176908780405633], "f1": [0.8541353383458646], "auprc": [0.9177838297458415]}], "enet": [{"auroc": [0.7670715249662619], "acc": [0.794344473007712], "aps": [0.8851565417210978], "f1": [0.8753894080996885], "auprc": [0.8847568751965116]}]}