{"auroc": [0.5388326585695007, 0.42338056680161945, 0.5451585695006748, 0.7668690958164643, 0.6397098515519568, 0.7407557354925776, 0.8258434547908231, 0.508282726045884, 0.5634278002699056, 0.5843792172739541], "acc": [0.7326478149100257, 0.7326478149100257, 0.26735218508997427, 0.7737789203084833, 0.7326478149100257, 0.7609254498714653, 0.781491002570694, 0.26735218508997427, 0.26735218508997427, 0.7326478149100257], "aps": [0.7796519651264024, 0.6742012188077117, 0.7679637476555006, 0.8896883105564806, 0.8288879683314491, 0.8740411309062134, 0.9158780587352541, 0.7410402265119838, 0.7701580106015369, 0.7995175548505449], "f1": [0.8456973293768546, 0.8456973293768546, 0.0, 0.8633540372670807, 0.8456973293768546, 0.8575803981623278, 0.8682170542635659, 0.0, 0.0, 0.8456973293768546], "auprc": [0.7787854037722572, 0.6710505741343813, 0.7653246352784484, 0.8893408512595928, 0.8282817881306517, 0.873620505115233, 0.9156212047251675, 0.7389987670476796, 0.7690429819845711, 0.7987404304615164]}