{"enet": [{"auroc": [0.7424089068825911, 0.722132253711201, 0.7300438596491228, 0.796288798920378, 0.722132253711201, 0.7300438596491228, 0.6599865047233469, 0.722132253711201, 0.7378542510121457, 0.7582658569500674], "acc": [0.8020565552699229, 0.8071979434447301, 0.8046272493573264, 0.794344473007712, 0.8071979434447301, 0.8046272493573264, 0.7789203084832905, 0.8071979434447301, 0.794344473007712, 0.8123393316195373], "aps": [0.8472067266274017, 0.8353059701350701, 0.8388893731595104, 0.906931354939819, 0.8353059701350701, 0.8388893731595104, 0.8030554373714875, 0.8353059701350701, 0.8442599347641527, 0.8548613308381247], "f1": [0.8705882352941177, 0.876847290640394, 0.8707482993197279, 0.8709677419354839, 0.876847290640394, 0.8707482993197279, 0.8612903225806452, 0.876847290640394, 0.864406779661017, 0.8743545611015491], "auprc": [0.9114614151734416, 0.9059171873440525, 0.9084662816247884, 0.9066744591917419, 0.9059171873440525, 0.9084662816247884, 0.893449579301623, 0.9059171873440525, 0.909743571295986, 0.9170653826539158]}]}