{"enet": [{"auroc": [0.7186572199730095, 0.7512820512820513, 0.7186572199730095, 0.8435897435897436, 0.727614709851552, 0.7660931174089067, 0.7660256410256411, 0.7512820512820513, 0.7660931174089067, 0.7512820512820513], "acc": [0.8149100257069408, 0.8251928020565553, 0.8149100257069408, 0.8406169665809768, 0.8149100257069408, 0.8406169665809768, 0.8406169665809768, 0.8251928020565553, 0.8406169665809768, 0.8251928020565553], "aps": [0.8315216630469814, 0.8488766113481089, 0.8315216630469814, 0.9169851189974865, 0.8355513537351661, 0.8562187242211603, 0.8566779106189717, 0.8488766113481089, 0.8562187242211603, 0.8488766113481089], "f1": [0.8827361563517916, 0.8888888888888888, 0.8827361563517916, 0.8976897689768977, 0.8811881188118812, 0.8980263157894738, 0.8976897689768977, 0.8888888888888888, 0.8980263157894738, 0.8888888888888888], "auprc": [0.91050908413479, 0.9175440205542384, 0.91050908413479, 0.9199766492473821, 0.9119871993839397, 0.9239469166646423, 0.9229688933859482, 0.9175440205542384, 0.9239469166646423, 0.9175440205542384]}]}