{"enet": [{"auroc": [0.7335526315789475, 0.7335526315789475, 0.6407557354925777, 0.7335526315789475, 0.7288292847503374, 0.7288292847503374, 0.6638663967611336, 0.6347503373819163, 0.7100539811066126, 0.6584008097165992], "acc": [0.7326478149100257, 0.7326478149100257, 0.7326478149100257, 0.7326478149100257, 0.7480719794344473, 0.7480719794344473, 0.7403598971722365, 0.7377892030848329, 0.7377892030848329, 0.7223650385604113], "aps": [0.8609111494052685, 0.8609111494052685, 0.7961575538274277, 0.8609111494052685, 0.8520122541571148, 0.8520122541571148, 0.8086849235503937, 0.792990391000352, 0.8406579246642213, 0.8052320874233152], "f1": [0.8231292517006802, 0.8231292517006802, 0.8219178082191781, 0.8231292517006802, 0.8292682926829268, 0.8292682926829268, 0.8261617900172116, 0.8282828282828283, 0.8241379310344829, 0.8091872791519436], "auprc": [0.8919362577304581, 0.8919362577304581, 0.8793605829740643, 0.8919362577304581, 0.8916055238082279, 0.8916055238082279, 0.8829053355533532, 0.8802383827926828, 0.8872443453806207, 0.8803580045631498]}]}