{"enet": [{"auroc": [0.7701754385964912, 0.7540823211875844, 0.7701754385964912, 0.7540823211875844, 0.7560391363022942, 0.7538798920377868, 0.7704790823211877, 0.7538798920377868, 0.7701754385964912, 0.7701754385964912], "acc": [0.781491002570694, 0.7892030848329049, 0.781491002570694, 0.7892030848329049, 0.7789203084832905, 0.7737789203084833, 0.7609254498714653, 0.7737789203084833, 0.781491002570694, 0.781491002570694], "aps": [0.8860948742067991, 0.8739981481557989, 0.8860948742067991, 0.8739981481557989, 0.8761389535925503, 0.8760632223862468, 0.8838343819809719, 0.8760632223862468, 0.8860948742067991, 0.8860948742067991], "f1": [0.8682170542635659, 0.8694267515923566, 0.8682170542635659, 0.8694267515923566, 0.8626198083067091, 0.8594249201277955, 0.8575803981623278, 0.8594249201277955, 0.8682170542635659, 0.8682170542635659], "auprc": [0.885726269613788, 0.8735303150887467, 0.885726269613788, 0.8735303150887467, 0.8756673457914813, 0.880832159203557, 0.883345087074596, 0.880832159203557, 0.885726269613788, 0.885726269613788]}]}