{"rf": [{"auroc": [0.8085695006747639], "acc": [0.7866323907455013], "aps": [0.9046131237444959], "f1": [0.8717156105100463], "auprc": [0.9059331148320122]}], "enet": [{"auroc": [0.8283738191632928], "acc": [0.7506426735218509], "aps": [0.9262153953469664], "f1": [0.8532526475037822], "auprc": [0.926020845281612]}]}