{"enet": [{"auroc": [0.8887989203778679, 0.8887989203778679, 0.7843454790823211, 0.8887989203778679, 0.8671221322537112, 0.8887989203778679, 0.8912280701754386, 0.8887989203778679, 0.8887989203778679, 0.8887989203778679], "acc": [0.8046272493573264, 0.8046272493573264, 0.8406169665809768, 0.8046272493573264, 0.8200514138817481, 0.8046272493573264, 0.8046272493573264, 0.8046272493573264, 0.8046272493573264, 0.8046272493573264], "aps": [0.9559208574630043, 0.9559208574630043, 0.8692627576537516, 0.9559208574630043, 0.9388507604249983, 0.9559208574630043, 0.9574231516122995, 0.9559208574630043, 0.9559208574630043, 0.9559208574630043], "f1": [0.8749999999999999, 0.8749999999999999, 0.8938356164383562, 0.8749999999999999, 0.8833333333333334, 0.8749999999999999, 0.8770226537216829, 0.8749999999999999, 0.8749999999999999, 0.8749999999999999], "auprc": [0.955824007764649, 0.955824007764649, 0.9269622454004611, 0.955824007764649, 0.9455683104248873, 0.955824007764649, 0.957331735539084, 0.955824007764649, 0.955824007764649, 0.955824007764649]}]}