{"enet": [{"auroc": [0.7842105263157894, 0.7897773279352225, 0.7814777327935222, 0.7135796221322538, 0.7547570850202429, 0.7842105263157894, 0.7983130904183536, 0.7957489878542511, 0.7957489878542511, 0.7957489878542511], "acc": [0.7506426735218509, 0.7609254498714653, 0.7557840616966581, 0.7609254498714653, 0.7583547557840618, 0.7506426735218509, 0.7557840616966581, 0.7583547557840618, 0.7583547557840618, 0.7583547557840618], "aps": [0.8963020123128531, 0.8935551177571467, 0.8996098013728184, 0.8329212449728136, 0.8581106424877135, 0.8963020123128531, 0.905813770364891, 0.8951921896828565, 0.8951921896828565, 0.8951921896828565], "f1": [0.8528072837632776, 0.8584474885844748, 0.8562783661119516, 0.8584474885844748, 0.8567073170731706, 0.8528072837632776, 0.8558421851289834, 0.857142857142857, 0.857142857142857, 0.857142857142857], "auprc": [0.904523827400076, 0.8930362727636707, 0.8993092068938578, 0.9049578139778585, 0.9113109654348641, 0.904523827400076, 0.9055243184315197, 0.8946035495614852, 0.8946035495614852, 0.8946035495614852]}]}