{"auroc": [0.5708164642375169, 0.5354251012145749, 0.5627867746288799, 0.5542510121457489, 0.5773279352226721, 0.5584514170040485, 0.5605937921727396, 0.5336707152496627, 0.6306511470985154, 0.5873819163292847], "acc": [0.7326478149100257, 0.7326478149100257, 0.7326478149100257, 0.7326478149100257, 0.6041131105398457, 0.7326478149100257, 0.7326478149100257, 0.7326478149100257, 0.7326478149100257, 0.7326478149100257], "aps": [0.7841495918174789, 0.7649241941485783, 0.7674526924960506, 0.7659722136643397, 0.768500404896942, 0.789247286519102, 0.7630999232838714, 0.7467718219987558, 0.7881565286649138, 0.7875717410954295], "f1": [0.8456973293768546, 0.8456973293768546, 0.8456973293768546, 0.8456973293768546, 0.717948717948718, 0.8456973293768546, 0.8456973293768546, 0.8456973293768546, 0.8456973293768546, 0.8456973293768546], "auprc": [0.7829146322120127, 0.763526539812947, 0.7658111687566371, 0.7635301468103184, 0.7656933240350874, 0.7884997675318475, 0.7607117299277942, 0.743943329748097, 0.7865314000874328, 0.7865292294227477]}