{"enet": [{"auroc": [0.8290485829959515, 0.8221491228070176, 0.7705465587044533, 0.8480094466936571, 0.8298582995951417, 0.8480094466936571, 0.8419703103913628, 0.7463562753036438, 0.8419703103913628, 0.8419703103913628], "acc": [0.8123393316195373, 0.7994858611825193, 0.8251928020565553, 0.8149100257069408, 0.8097686375321337, 0.8149100257069408, 0.8277634961439588, 0.8354755784061697, 0.8277634961439588, 0.8277634961439588], "aps": [0.9217594570095007, 0.9116222137849214, 0.8604036811196513, 0.9310935606796995, 0.9237414362038555, 0.9310935606796995, 0.9255818497586727, 0.8463770444857158, 0.9255818497586727, 0.9255818497586727], "f1": [0.882825040128411, 0.8753993610223642, 0.8885245901639344, 0.8849840255591053, 0.8810289389067524, 0.8849840255591053, 0.892109500805153, 0.8947368421052632, 0.892109500805153, 0.892109500805153], "auprc": [0.9215490270065261, 0.9197319814686208, 0.9225127914964748, 0.930915596665657, 0.923759340931801, 0.930915596665657, 0.9253719883955034, 0.9178209670579641, 0.9253719883955034, 0.9253719883955034]}]}