{"best_index": [85, 95, 123, 86, 104], "auroc": [0.4575000000000001, 0.49250000000000005, 0.425, 0.4125, 0.365], "acc": [0.4, 0.475, 0.45, 0.475, 0.375], "aps": [0.5340747200781594, 0.48040160923014286, 0.49909150817491443, 0.54428183131163, 0.49289864420004], "f1": [0.47826086956521735, 0.5116279069767442, 0.5416666666666667, 0.553191489361702, 0.3243243243243243], "auprc": [0.5041418403463145, 0.4548619061037785, 0.48089214334669295, 0.5327046141072136, 0.47926212870388263]}