{"best_index": [36, 49, 210, 75, 102], "auroc": [0.49499999999999994, 0.4375, 0.5275, 0.4275, 0.37250000000000005], "acc": [0.45, 0.475, 0.55, 0.475, 0.375], "aps": [0.5514497947173447, 0.5138492506403489, 0.5885698858439296, 0.542023631043393, 0.5028861731609556], "f1": [0.45, 0.6181818181818183, 0.6896551724137931, 0.6440677966101694, 0.5098039215686274], "auprc": [0.533415669062602, 0.49576945614465057, 0.571005582341559, 0.5279981466122181, 0.4851253986626492]}