{"best_index": [179, 93, 72, 142, 221], "auroc": [0.6225, 0.395, 0.21000000000000002, 0.595, 0.5525], "acc": [0.575, 0.475, 0.325, 0.6, 0.55], "aps": [0.5957617105650599, 0.501525117220894, 0.40231838956618593, 0.5343205513559054, 0.5217497052299432], "f1": [0.7017543859649124, 0.553191489361702, 0.47058823529411764, 0.7037037037037037, 0.6785714285714285], "auprc": [0.5656378495600903, 0.4839564088612817, 0.3882707284001037, 0.5085100914197829, 0.4951010479976696]}