{"rf": [{"auroc": [0.44742857142857145, 0.5325714285714285, 0.6291428571428572, 0.6382857142857142, 0.4228571428571429, 0.46799999999999997, 0.5782857142857143, 0.5542857142857144, 0.48571428571428565, 0.592], "acc": [0.4166666666666667, 0.5666666666666667, 0.45, 0.4166666666666667, 0.5833333333333334, 0.5833333333333334, 0.6, 0.5, 0.55, 0.4666666666666667], "aps": [0.5575577958149113, 0.5923929263094744, 0.7318064151483521, 0.6788050314465408, 0.5691409904165702, 0.5727529328297372, 0.6651430269077329, 0.65672111035323, 0.5764339250080389, 0.6609751289678434], "f1": [0.0, 0.6486486486486486, 0.1081081081081081, 0.0, 0.7368421052631579, 0.7368421052631579, 0.7209302325581395, 0.48275862068965525, 0.6301369863013698, 0.15789473684210528]}], "enet": [{"auroc": [0.6668571428571429, 0.6668571428571429, 0.6668571428571429, 0.6211428571428572, 0.6668571428571429, 0.6211428571428572, 0.5285714285714286, 0.6211428571428572, 0.5285714285714286, 0.6668571428571429], "acc": [0.4166666666666667, 0.4166666666666667, 0.4166666666666667, 0.4166666666666667, 0.4166666666666667, 0.4166666666666667, 0.4166666666666667, 0.4166666666666667, 0.4166666666666667, 0.4166666666666667], "aps": [0.7525044669615675, 0.7525044669615675, 0.7525044669615675, 0.7405766971894668, 0.7525044669615675, 0.7405766971894668, 0.6500358753134414, 0.7405766971894668, 0.6500358753134414, 0.7525044669615675], "f1": [0.0, 0.0, 0.0, 0.0, 0.0, 0.0, 0.0, 0.0, 0.0, 0.0]}]}