{"auroc": [0.41999999999999993, 0.5445714285714286, 0.40857142857142853, 0.44285714285714284, 0.4028571428571428, 0.45542857142857146, 0.49771428571428566, 0.4645714285714285, 0.4942857142857143, 0.42228571428571426], "acc": [0.4166666666666667, 0.4166666666666667, 0.4166666666666667, 0.4166666666666667, 0.4166666666666667, 0.4166666666666667, 0.4166666666666667, 0.4166666666666667, 0.4166666666666667, 0.4166666666666667], "aps": [0.5240779335614321, 0.6370994446381866, 0.5103303267101301, 0.5330199776417948, 0.5091083785117456, 0.5372425114696537, 0.5732003710740399, 0.5460909046420805, 0.5593557367871295, 0.512666309380444], "f1": [0.0, 0.0, 0.0, 0.0, 0.0, 0.0, 0.0, 0.0, 0.0, 0.0], "auprc": [0.5086109379923459, 0.6253026158250429, 0.49718847465072336, 0.5177316173867842, 0.49384448769566014, 0.5220785859259254, 0.5540428143916973, 0.5304724330982832, 0.5427361520583527, 0.4998029159879006]}