{"auroc": [0.32171428571428573, 0.38342857142857145, 0.3457142857142857, 0.33885714285714286, 0.35942857142857143, 0.34457142857142853, 0.36514285714285716, 0.3411428571428571, 0.3251428571428571, 0.3628571428571429], "acc": [0.4166666666666667, 0.4166666666666667, 0.4166666666666667, 0.4166666666666667, 0.4166666666666667, 0.4166666666666667, 0.4166666666666667, 0.4166666666666667, 0.4166666666666667, 0.4166666666666667], "aps": [0.4800683527463657, 0.5071494241146427, 0.48568617591909524, 0.487766105948475, 0.500825427149406, 0.4888867295003126, 0.5041086669385498, 0.4906331586339231, 0.4841428044858254, 0.49917951359146984], "f1": [0.0, 0.0, 0.0, 0.0, 0.0, 0.0, 0.0, 0.0, 0.0, 0.0], "auprc": [0.46553437616506754, 0.4937622002469777, 0.4719114251453196, 0.47388992524513884, 0.4863109327982288, 0.47504356850993273, 0.4893932993905099, 0.4757741443701646, 0.46960122697020057, 0.4850355945256697]}