{"enet": [{"auroc": [0.6542857142857142, 0.6542857142857142, 0.6542857142857142, 0.669142857142857, 0.669142857142857, 0.6542857142857142, 0.6542857142857142, 0.6542857142857142, 0.6542857142857142, 0.6394285714285715], "acc": [0.4166666666666667, 0.4166666666666667, 0.4166666666666667, 0.4166666666666667, 0.4166666666666667, 0.4166666666666667, 0.4166666666666667, 0.4166666666666667, 0.4166666666666667, 0.4166666666666667], "aps": [0.7336441761986663, 0.7336441761986663, 0.7336441761986663, 0.738111176033953, 0.738111176033953, 0.7336441761986663, 0.7336441761986663, 0.7336441761986663, 0.7336441761986663, 0.7626562267187976], "f1": [0.0, 0.0, 0.0, 0.0, 0.0, 0.0, 0.0, 0.0, 0.0, 0.0], "auprc": [0.7270499198198954, 0.7270499198198954, 0.7270499198198954, 0.731403995105322, 0.731403995105322, 0.7270499198198954, 0.7270499198198954, 0.7270499198198954, 0.7270499198198954, 0.7585199050668189]}]}