{"auroc": [0.48628571428571427, 0.3891428571428572, 0.5114285714285715, 0.5217142857142857, 0.4942857142857142, 0.46228571428571424, 0.46685714285714286, 0.49657142857142855, 0.27714285714285714, 0.4634285714285714], "acc": [0.5833333333333334, 0.5833333333333334, 0.5833333333333334, 0.4166666666666667, 0.5833333333333334, 0.5833333333333334, 0.4166666666666667, 0.5833333333333334, 0.5833333333333334, 0.5833333333333334], "aps": [0.589879476429673, 0.5619140084673373, 0.6448092165727488, 0.5946308840551423, 0.6780709024160056, 0.620150742533199, 0.6327615013613341, 0.6203070781109163, 0.4601940996795179, 0.6452629987573985], "f1": [0.7368421052631579, 0.7368421052631579, 0.7368421052631579, 0.0, 0.7368421052631579, 0.7368421052631579, 0.0, 0.7368421052631579, 0.7368421052631579, 0.7368421052631579], "auprc": [0.5743897996668139, 0.5497101884092342, 0.6368605136339713, 0.578487991579248, 0.6728763116854464, 0.61280456202399, 0.6259073368992224, 0.610885410651544, 0.44706942479752876, 0.6392989362157101]}