{"enet": [{"auroc": [0.5788571428571428, 0.5788571428571428, 0.5788571428571428, 0.5788571428571428, 0.5788571428571428, 0.5788571428571428, 0.5788571428571428, 0.5788571428571428, 0.5788571428571428, 0.5788571428571428], "acc": [0.4166666666666667, 0.4166666666666667, 0.4166666666666667, 0.4166666666666667, 0.4166666666666667, 0.4166666666666667, 0.4166666666666667, 0.4166666666666667, 0.4166666666666667, 0.4166666666666667], "aps": [0.7203205313119908, 0.7203205313119908, 0.7203205313119908, 0.7203205313119908, 0.7203205313119908, 0.7203205313119908, 0.7203205313119908, 0.7203205313119908, 0.7203205313119908, 0.7203205313119908], "f1": [0.0, 0.0, 0.0, 0.0, 0.0, 0.0, 0.0, 0.0, 0.0, 0.0], "auprc": [0.7156696781673691, 0.7156696781673691, 0.7156696781673691, 0.7156696781673691, 0.7156696781673691, 0.7156696781673691, 0.7156696781673691, 0.7156696781673691, 0.7156696781673691, 0.7156696781673691]}]}