{"enet": [{"auroc": [0.5137142857142857, 0.5, 0.5, 0.5, 0.6634285714285715, 0.5, 0.5, 0.5, 0.5, 0.5], "acc": [0.4166666666666667, 0.4166666666666667, 0.4166666666666667, 0.4166666666666667, 0.4166666666666667, 0.4166666666666667, 0.4166666666666667, 0.4166666666666667, 0.4166666666666667, 0.4166666666666667], "aps": [0.6011280633964661, 0.5833333333333334, 0.5833333333333334, 0.5833333333333334, 0.7036805342263024, 0.5833333333333334, 0.5833333333333334, 0.5833333333333334, 0.5833333333333334, 0.5833333333333334], "f1": [0.0, 0.0, 0.0, 0.0, 0.0, 0.0, 0.0, 0.0, 0.0, 0.0], "auprc": [0.5892609032512263, 0.7916666666666667, 0.7916666666666667, 0.7916666666666667, 0.6929728913381569, 0.7916666666666667, 0.7916666666666667, 0.7916666666666667, 0.7916666666666667, 0.7916666666666667]}]}