{"enet": [{"auroc": [0.5902857142857143, 0.5902857142857143, 0.5662857142857143, 0.5662857142857143, 0.5902857142857143, 0.5662857142857143, 0.48857142857142855, 0.5902857142857143, 0.5662857142857143, 0.5971428571428571], "acc": [0.4166666666666667, 0.4166666666666667, 0.4166666666666667, 0.4166666666666667, 0.4166666666666667, 0.4166666666666667, 0.4166666666666667, 0.4166666666666667, 0.4166666666666667, 0.4166666666666667], "aps": [0.7142091891869556, 0.7142091891869556, 0.6841740844572262, 0.6841740844572262, 0.7142091891869556, 0.6841740844572262, 0.6051166779859484, 0.7142091891869556, 0.6841740844572262, 0.7264063811083887], "f1": [0.0, 0.0, 0.0, 0.0, 0.0, 0.0, 0.0, 0.0, 0.0, 0.0], "auprc": [0.7090012136041867, 0.7090012136041867, 0.6777534788660027, 0.6777534788660027, 0.7090012136041867, 0.6777534788660027, 0.5932472655619817, 0.7090012136041867, 0.6777534788660027, 0.7217729749860128]}]}