{"enet": [{"auroc": [0.5571428571428572, 0.5571428571428572, 0.5571428571428572, 0.5571428571428572, 0.5571428571428572, 0.5571428571428572, 0.5571428571428572, 0.5571428571428572, 0.5571428571428572, 0.5571428571428572], "acc": [0.4166666666666667, 0.4166666666666667, 0.4166666666666667, 0.4166666666666667, 0.4166666666666667, 0.4166666666666667, 0.4166666666666667, 0.4166666666666667, 0.4166666666666667, 0.4166666666666667], "aps": [0.6855400364918367, 0.6855400364918367, 0.6855400364918367, 0.6855400364918367, 0.6855400364918367, 0.6855400364918367, 0.6855400364918367, 0.6855400364918367, 0.6855400364918367, 0.6855400364918367], "f1": [0.0, 0.0, 0.0, 0.0, 0.0, 0.0, 0.0, 0.0, 0.0, 0.0], "auprc": [0.6787244143697391, 0.6787244143697391, 0.6787244143697391, 0.6787244143697391, 0.6787244143697391, 0.6787244143697391, 0.6787244143697391, 0.6787244143697391, 0.6787244143697391, 0.6787244143697391]}]}