{"auroc": [0.36628571428571427, 0.3594285714285714, 0.3765714285714286, 0.33085714285714285, 0.34685714285714286, 0.3742857142857143, 0.35028571428571426, 0.3388571428571428, 0.35714285714285715, 0.356], "acc": [0.4166666666666667, 0.4166666666666667, 0.4166666666666667, 0.4166666666666667, 0.4166666666666667, 0.4166666666666667, 0.4166666666666667, 0.4166666666666667, 0.4166666666666667, 0.4166666666666667], "aps": [0.4978136486125141, 0.4912364785444425, 0.50451003204508, 0.4814416751730451, 0.48497968288371796, 0.5015977977098652, 0.4842602403696789, 0.48625858525936555, 0.49144229782573595, 0.48935161324248844], "f1": [0.0, 0.0, 0.0, 0.0, 0.0, 0.0, 0.0, 0.0, 0.0, 0.0], "auprc": [0.48146513522210976, 0.47756589898585455, 0.4886794995135939, 0.46716184958424245, 0.47080779038194126, 0.4851872895995724, 0.4705843322440145, 0.4729321052882238, 0.4779205262208208, 0.4754216708197201]}