{"auroc": [0.31599999999999995, 0.4885714285714286, 0.308, 0.3914285714285714, 0.3388571428571428, 0.3182857142857143, 0.33199999999999996, 0.3365714285714285, 0.34457142857142853, 0.35371428571428576], "acc": [0.4166666666666667, 0.4166666666666667, 0.4166666666666667, 0.4166666666666667, 0.4166666666666667, 0.4166666666666667, 0.4166666666666667, 0.4166666666666667, 0.4166666666666667, 0.4166666666666667], "aps": [0.4800971225686761, 0.6125431062006815, 0.48581201118699996, 0.5275610243372558, 0.5295584125197407, 0.4905382269391957, 0.4885664549329716, 0.5008004099091392, 0.4906790350602114, 0.5308738480813849], "f1": [0.0, 0.0, 0.0, 0.0, 0.0, 0.0, 0.0, 0.0, 0.0, 0.0], "auprc": [0.4653517272887079, 0.6052218663428558, 0.47016634066149676, 0.5084389044688005, 0.5175237323762374, 0.4733836067093045, 0.4733038531885818, 0.4815697680348803, 0.4757445066318452, 0.51916223735265]}