{"auroc": [0.30800000000000005, 0.41085714285714275, 0.33885714285714286, 0.32399999999999995, 0.3788571428571429, 0.3274285714285714, 0.32857142857142857, 0.3262857142857143, 0.3354285714285714, 0.33885714285714286], "acc": [0.4166666666666667, 0.4166666666666667, 0.4166666666666667, 0.4166666666666667, 0.4166666666666667, 0.4166666666666667, 0.4166666666666667, 0.4166666666666667, 0.4166666666666667, 0.4166666666666667], "aps": [0.47411331791706723, 0.5681289040795566, 0.5170778818707369, 0.47578529930893537, 0.5201499638657167, 0.48413648429691, 0.47929666207351773, 0.494994325736845, 0.48151444772593033, 0.4843942518655793], "f1": [0.0, 0.0, 0.0, 0.0, 0.0, 0.0, 0.0, 0.0, 0.0, 0.0], "auprc": [0.45970119456282676, 0.5584516370513978, 0.5050852536092948, 0.46221337950255786, 0.5092652943148726, 0.46965048180521063, 0.464893091451449, 0.4843502458260882, 0.4672313522345945, 0.469990071033634]}