{"auroc": [0.5454545454545454, 0.6363636363636365, 0.4636363636363636, 0.6, 0.44545454545454544], "acc": [0.5714285714285714, 0.38095238095238093, 0.47619047619047616, 0.47619047619047616, 0.5238095238095238], "aps": [0.5236874236874237, 0.626017316017316, 0.45887191240132413, 0.5726839826839827, 0.4647619047619048], "f1": [0.64, 0.5517241379310345, 0.15384615384615383, 0.6451612903225806, 0.5], "auprc": [0.47037435045174986, 0.5753239158502317, 0.4158353901000959, 0.520149180884475, 0.4248260150582132]}