{"auroc": [0.6000000000000001, 0.5363636363636364, 0.5818181818181818, 0.44545454545454544, 0.5909090909090908], "acc": [0.5714285714285714, 0.42857142857142855, 0.5714285714285714, 0.42857142857142855, 0.5238095238095238], "aps": [0.5697970983265102, 0.5205646692488798, 0.5535616670910789, 0.5009147869674185, 0.6645256132756132], "f1": [0.6666666666666667, 0.6, 0.64, 0.5384615384615384, 0.5], "auprc": [0.5166157208804267, 0.4672955991377044, 0.5004102596749656, 0.4480026990553307, 0.6496744227994228]}