{"auroc": [0.5909090909090909, 0.4, 0.6636363636363636, 0.6363636363636364, 0.4545454545454546], "acc": [0.47619047619047616, 0.47619047619047616, 0.6190476190476191, 0.5238095238095238, 0.5238095238095238], "aps": [0.599404761904762, 0.4469651233699221, 0.6266971916971917, 0.6823809523809523, 0.5239417170376922], "f1": [0.5925925925925927, 0.3529411764705882, 0.6363636363636365, 0.6153846153846154, 0.16666666666666669], "auprc": [0.5714156921509863, 0.40245447062397527, 0.5750922933275875, 0.663469887955182, 0.47126941127328126]}