{"auroc": [0.6181818181818182, 0.6454545454545455, 0.6090909090909091, 0.5545454545454546, 0.5272727272727273], "acc": [0.6666666666666666, 0.5714285714285714, 0.5238095238095238, 0.47619047619047616, 0.6190476190476191], "aps": [0.6882414369256473, 0.6636679935131947, 0.6356745593587698, 0.5841883116883118, 0.549516499582289], "f1": [0.588235294117647, 0.6896551724137931, 0.6153846153846154, 0.6206896551724138, 0.6923076923076923], "auprc": [0.6702690661591589, 0.6372918722144727, 0.6085164397006502, 0.5559561297835292, 0.5215346678175625]}