{"best_index": [94, 79, 231, 90, 90], "auroc": [0.4575, 0.5825, 0.575, 0.59, 0.4725], "acc": [0.475, 0.55, 0.65, 0.65, 0.5], "aps": [0.5071291082212135, 0.5543760380833436, 0.5500543697440398, 0.5341854650388179, 0.4924729122490782], "f1": [0.631578947368421, 0.6250000000000001, 0.7200000000000001, 0.7200000000000001, 0.5454545454545454], "auprc": [0.4894052741838768, 0.527937394525167, 0.5330605487060396, 0.5045941544232585, 0.4619737025951122]}