{"best_index": [55, 162, 51, 294, 66], "auroc": [0.5349999999999999, 0.49, 0.465, 0.5775, 0.47750000000000004], "acc": [0.5, 0.5, 0.5, 0.55, 0.5], "aps": [0.5080445324524272, 0.5726377201176114, 0.5286334127671786, 0.6062029595527529, 0.5766375173399167], "f1": [0.6666666666666666, 0.6666666666666666, 0.6666666666666666, 0.64, 0.6666666666666666], "auprc": [0.4824258816035973, 0.559309309771525, 0.5101782353554123, 0.5924589264005231, 0.5635129749540914]}