{"best_index": [97, 74, 399, 162, 166], "auroc": [0.6275000000000002, 0.64, 0.4625, 0.6099999999999999, 0.585], "acc": [0.5, 0.5, 0.475, 0.575, 0.525], "aps": [0.6243612517253176, 0.6726093850418289, 0.48782588051750897, 0.6469582072143641, 0.6150413987966934], "f1": [0.6666666666666666, 0.6666666666666666, 0.553191489361702, 0.679245283018868, 0.6666666666666667], "auprc": [0.6064440980420349, 0.6621435358767815, 0.4574981159901799, 0.6343586878425809, 0.5975678726672401]}