{"best_index": [68, 88, 51, 44, 316], "auroc": [0.395, 0.44999999999999996, 0.3925, 0.48749999999999993, 0.44499999999999995], "acc": [0.5, 0.5, 0.5, 0.5, 0.5], "aps": [0.44194169339828604, 0.5449529653965137, 0.44643000127902877, 0.5898776813306846, 0.49783128693281525], "f1": [0.6666666666666666, 0.6666666666666666, 0.6666666666666666, 0.6666666666666666, 0.6153846153846154], "auprc": [0.4199209476884174, 0.5308426103925121, 0.42245115457359805, 0.5770745934245964, 0.4801345471302977]}