{"best_index": [69, 107, 84, 142, 70], "auroc": [0.4525, 0.45, 0.48, 0.5025, 0.4575], "acc": [0.5, 0.45, 0.5, 0.5, 0.475], "aps": [0.5348625941684418, 0.5317126291085769, 0.559321274109505, 0.5366695875223139, 0.5626860225766342], "f1": [0.6666666666666666, 0.5769230769230769, 0.6666666666666666, 0.6428571428571429, 0.6440677966101694], "auprc": [0.5206100341067079, 0.5175732739598254, 0.5454666334991928, 0.5183082376076333, 0.5508995342716976]}