{"auroc": [0.39854318418314255, 0.578563995837669, 0.49947970863683655, 0.47034339229968786, 0.5629552549427679, 0.6077003121748179, 0.5879292403746098, 0.5608740894901144, 0.5983350676378771, 0.48283038501560877], "acc": [0.5, 0.5, 0.5, 0.5, 0.5, 0.5, 0.5, 0.5, 0.5, 0.5], "aps": [0.5002026982397599, 0.6219135273102622, 0.5720632502199926, 0.559371730321385, 0.5750871294188643, 0.6662319898407916, 0.658063888576913, 0.644445129650176, 0.6476214059009708, 0.5658042857735501], "f1": [0.0, 0.0, 0.0, 0.0, 0.0, 0.0, 0.0, 0.0, 0.0, 0.0], "auprc": [0.48687415773138476, 0.6141356157802188, 0.5628924544198024, 0.5471634703003687, 0.5616311530655973, 0.6597483266700974, 0.6513264202610161, 0.6375357333311473, 0.6399314597737092, 0.5569125458559704]}