{"auroc": [0.576, 0.517142857142857, 0.5845714285714285, 0.5485714285714286, 0.6274285714285714, 0.6474285714285715, 0.5131428571428571, 0.372, 0.5537142857142857, 0.5314285714285714], "acc": [0.4166666666666667, 0.4166666666666667, 0.4166666666666667, 0.4166666666666667, 0.4166666666666667, 0.4166666666666667, 0.4166666666666667, 0.4166666666666667, 0.4166666666666667, 0.4166666666666667], "aps": [0.6681457489475999, 0.6071263724860823, 0.7138815827824535, 0.6608379725060263, 0.7713707652234905, 0.7182625699179754, 0.6197188293717373, 0.5184090728558008, 0.6228697469855328, 0.655853079882074], "f1": [0.0, 0.0, 0.0, 0.0, 0.0, 0.0, 0.0, 0.0, 0.0, 0.0], "auprc": [0.653879420258954, 0.5885742524437049, 0.7072816126883286, 0.6455572295036776, 0.7688932760468778, 0.7042253796053644, 0.6014974234332544, 0.5013609129985903, 0.606570080582483, 0.6388229679035067]}