{"auroc": [0.4234285714285714, 0.3685714285714286, 0.5268571428571429, 0.416, 0.4531428571428571, 0.5188571428571428, 0.6314285714285715, 0.624, 0.4851428571428572, 0.35714285714285715], "acc": [0.4166666666666667, 0.4166666666666667, 0.4166666666666667, 0.5833333333333334, 0.4166666666666667, 0.4166666666666667, 0.4166666666666667, 0.5833333333333334, 0.4166666666666667, 0.4166666666666667], "aps": [0.5521876831817886, 0.5129073302689533, 0.6706535886095866, 0.5779184974568371, 0.582971378313019, 0.6626009648793135, 0.6911499897574338, 0.710451261193931, 0.6178388305931303, 0.5000137640737063], "f1": [0.0, 0.0, 0.0, 0.7368421052631579, 0.0, 0.0, 0.0, 0.7368421052631579, 0.0, 0.0], "auprc": [0.5327424641751699, 0.49540958280414754, 0.6634718855476932, 0.564959657544282, 0.5640429122985473, 0.6556399082341514, 0.6735322160400056, 0.7008725249574103, 0.606371902198528, 0.4823351230275441]}