{"enet": [{"auroc": [0.3011428571428571, 0.5, 0.40742857142857136, 0.5, 0.40742857142857136, 0.5, 0.40742857142857136, 0.5, 0.5, 0.5], "acc": [0.4166666666666667, 0.4166666666666667, 0.4166666666666667, 0.4166666666666667, 0.4166666666666667, 0.4166666666666667, 0.4166666666666667, 0.4166666666666667, 0.4166666666666667, 0.4166666666666667], "aps": [0.47525356649776246, 0.5833333333333334, 0.5262158291908177, 0.5833333333333334, 0.5262158291908177, 0.5833333333333334, 0.5262158291908177, 0.5833333333333334, 0.5833333333333334, 0.5833333333333334], "f1": [0.0, 0.0, 0.0, 0.0, 0.0, 0.0, 0.0, 0.0, 0.0, 0.0], "auprc": [0.45731385449430695, 0.7916666666666667, 0.5107981762927749, 0.7916666666666667, 0.5107981762927749, 0.7916666666666667, 0.5107981762927749, 0.7916666666666667, 0.7916666666666667, 0.7916666666666667]}]}