{"enet": [{"auroc": [0.5184275184275184, 0.5, 0.5, 0.5, 0.4766584766584766, 0.5, 0.5, 0.4766584766584766, 0.5, 0.4766584766584766], "acc": [0.40217391304347827, 0.40217391304347827, 0.40217391304347827, 0.40217391304347827, 0.4782608695652174, 0.40217391304347827, 0.40217391304347827, 0.4782608695652174, 0.40217391304347827, 0.4782608695652174], "aps": [0.39033270820768884, 0.40217391304347827, 0.40217391304347827, 0.40217391304347827, 0.3767684660970933, 0.40217391304347827, 0.40217391304347827, 0.3767684660970933, 0.40217391304347827, 0.3767684660970933], "f1": [0.5736434108527132, 0.5736434108527132, 0.5736434108527132, 0.5736434108527132, 0.25, 0.5736434108527132, 0.5736434108527132, 0.25, 0.5736434108527132, 0.25], "auprc": [0.37782143671117696, 0.7010869565217391, 0.7010869565217391, 0.7010869565217391, 0.4074698047976507, 0.7010869565217391, 0.7010869565217391, 0.4074698047976507, 0.7010869565217391, 0.4074698047976507]}]}