{"auroc": [0.5201474201474201, 0.5513513513513514, 0.5400491400491401, 0.5324324324324325, 0.5442260442260443, 0.5078624078624079, 0.5361179361179361, 0.5144963144963146, 0.5331695331695332, 0.5125307125307126], "acc": [0.40217391304347827, 0.40217391304347827, 0.40217391304347827, 0.40217391304347827, 0.40217391304347827, 0.40217391304347827, 0.40217391304347827, 0.40217391304347827, 0.40217391304347827, 0.5978260869565217], "aps": [0.39950968149991134, 0.4085627584910474, 0.4066215371036457, 0.40750420583096875, 0.44933534842845335, 0.419042331030116, 0.41000814674668723, 0.45466943723731035, 0.4076315647044756, 0.40924579460332683], "f1": [0.5736434108527132, 0.5736434108527132, 0.5736434108527132, 0.5736434108527132, 0.5736434108527132, 0.5736434108527132, 0.5736434108527132, 0.5736434108527132, 0.5736434108527132, 0.0], "auprc": [0.3861927703286224, 0.3974939200024463, 0.39521206708314943, 0.3952716263436724, 0.4353730789012167, 0.4010401997664946, 0.39781843661709515, 0.44235331481102075, 0.3957326232394822, 0.39295892088471496]}