{"enet": [{"auroc": [0.5194103194103195, 0.5, 0.5, 0.5, 0.5292383292383293, 0.5, 0.5, 0.5, 0.5277641277641277, 0.4727272727272728], "acc": [0.40217391304347827, 0.40217391304347827, 0.40217391304347827, 0.40217391304347827, 0.40217391304347827, 0.40217391304347827, 0.40217391304347827, 0.40217391304347827, 0.40217391304347827, 0.5978260869565217], "aps": [0.39864000142898304, 0.40217391304347827, 0.40217391304347827, 0.40217391304347827, 0.4163598423236433, 0.40217391304347827, 0.40217391304347827, 0.40217391304347827, 0.39948493442171823, 0.38078550176084347], "f1": [0.5736434108527132, 0.5736434108527132, 0.5736434108527132, 0.5736434108527132, 0.5736434108527132, 0.5736434108527132, 0.5736434108527132, 0.5736434108527132, 0.5736434108527132, 0.0], "auprc": [0.3852127429980041, 0.7010869565217391, 0.7010869565217391, 0.7010869565217391, 0.3984188455819561, 0.7010869565217391, 0.7010869565217391, 0.7010869565217391, 0.3869746004848541, 0.3665625599783882]}]}