{"auroc": [0.5267813267813268, 0.5257985257985258, 0.5253071253071253, 0.5262899262899263, 0.5262899262899263, 0.5243243243243244, 0.5277641277641277, 0.5262899262899263, 0.5277641277641277, 0.49877149877149884], "acc": [0.40217391304347827, 0.40217391304347827, 0.40217391304347827, 0.40217391304347827, 0.40217391304347827, 0.40217391304347827, 0.5978260869565217, 0.40217391304347827, 0.40217391304347827, 0.40217391304347827], "aps": [0.40200889141464813, 0.4015422248632942, 0.4017029077843412, 0.40247550620307965, 0.40203208027634685, 0.40109655758449503, 0.40195034955418196, 0.4018571091271457, 0.4027501096136421, 0.3979623387150976], "f1": [0.5736434108527132, 0.5736434108527132, 0.5736434108527132, 0.5736434108527132, 0.5736434108527132, 0.5736434108527132, 0.0, 0.5736434108527132, 0.5736434108527132, 0.5736434108527132], "auprc": [0.38955053294604425, 0.3890797839447534, 0.3891801334830379, 0.3899485312667528, 0.38950828781493485, 0.3885829143390708, 0.3894334537441312, 0.38934139980697113, 0.3902247930743217, 0.38192186679948403]}