{"auroc": [0.5796068796068796, 0.5968058968058969, 0.5584766584766585, 0.558968058968059, 0.5818181818181818, 0.5832923832923834, 0.5805896805896806, 0.6103194103194103, 0.5891891891891892, 0.5626535626535627], "acc": [0.40217391304347827, 0.40217391304347827, 0.40217391304347827, 0.5978260869565217, 0.40217391304347827, 0.40217391304347827, 0.40217391304347827, 0.40217391304347827, 0.40217391304347827, 0.40217391304347827], "aps": [0.42909876824063, 0.4661802860689579, 0.4506773548125141, 0.4371174684769328, 0.44962371706786824, 0.4591746912592565, 0.43764793327747464, 0.49516838213910774, 0.48393468743486323, 0.43585131384697473], "f1": [0.5736434108527132, 0.5736434108527132, 0.5736434108527132, 0.0, 0.5736434108527132, 0.5736434108527132, 0.5736434108527132, 0.5736434108527132, 0.5736434108527132, 0.5736434108527132], "auprc": [0.41662478440616735, 0.4449467653754532, 0.43841474187234375, 0.4179882260921006, 0.4333326011968163, 0.44052683066478776, 0.4221053364393935, 0.4834979335196139, 0.47248033991948774, 0.4175261707639412]}