{"auroc": [0.4368550368550369, 0.5353808353808354, 0.49803439803439803, 0.52997542997543, 0.42383292383292387, 0.5923832923832925, 0.4574938574938575, 0.48108108108108105, 0.518918918918919, 0.4823095823095824], "acc": [0.40217391304347827, 0.40217391304347827, 0.40217391304347827, 0.40217391304347827, 0.40217391304347827, 0.40217391304347827, 0.40217391304347827, 0.40217391304347827, 0.40217391304347827, 0.40217391304347827], "aps": [0.34939015461472017, 0.508149726035696, 0.4084316470569354, 0.4344050478347211, 0.3457955478206113, 0.47256057674617824, 0.379182946285732, 0.39330449293647185, 0.42701765259659963, 0.39337660288477666], "f1": [0.5736434108527132, 0.5736434108527132, 0.5736434108527132, 0.5736434108527132, 0.5736434108527132, 0.5736434108527132, 0.5736434108527132, 0.5736434108527132, 0.5736434108527132, 0.5736434108527132], "auprc": [0.33750709459259814, 0.4977478173384943, 0.3981034146933461, 0.4229081985843834, 0.3323373491274518, 0.454292960486089, 0.37024989809722214, 0.38347611808995996, 0.4086845232432168, 0.3836824208976138]}