{"enet": [{"auroc": [0.44275184275184276, 0.43341523341523347, 0.44275184275184276, 0.5, 0.5, 0.5, 0.5, 0.44275184275184276, 0.5, 0.44275184275184276], "acc": [0.40217391304347827, 0.40217391304347827, 0.40217391304347827, 0.40217391304347827, 0.40217391304347827, 0.40217391304347827, 0.40217391304347827, 0.40217391304347827, 0.40217391304347827, 0.40217391304347827], "aps": [0.38741937574466984, 0.37683021899383634, 0.38741937574466984, 0.40217391304347827, 0.40217391304347827, 0.40217391304347827, 0.40217391304347827, 0.38741937574466984, 0.40217391304347827, 0.38741937574466984], "f1": [0.5736434108527132, 0.5736434108527132, 0.5736434108527132, 0.5736434108527132, 0.5736434108527132, 0.5736434108527132, 0.5736434108527132, 0.5736434108527132, 0.5736434108527132, 0.5736434108527132], "auprc": [0.37779115721657436, 0.36754498292388565, 0.37779115721657436, 0.7010869565217391, 0.7010869565217391, 0.7010869565217391, 0.7010869565217391, 0.37779115721657436, 0.7010869565217391, 0.37779115721657436]}]}