{"auroc": [0.6597051597051596, 0.5891891891891892, 0.5719901719901721, 0.6285012285012286, 0.40049140049140053, 0.5282555282555282, 0.6031941031941033, 0.528009828009828, 0.5601965601965602, 0.5164619164619164], "acc": [0.40217391304347827, 0.40217391304347827, 0.40217391304347827, 0.40217391304347827, 0.40217391304347827, 0.40217391304347827, 0.40217391304347827, 0.5978260869565217, 0.5978260869565217, 0.40217391304347827], "aps": [0.5739780555157745, 0.5057286153368141, 0.4682366826220561, 0.5559668436323026, 0.3831286567372527, 0.46131947449650645, 0.5157952663593097, 0.4222550753500113, 0.4743415223174802, 0.4193930176587008], "f1": [0.5736434108527132, 0.5736434108527132, 0.5736434108527132, 0.5736434108527132, 0.5736434108527132, 0.5736434108527132, 0.5736434108527132, 0.0, 0.0, 0.5736434108527132], "auprc": [0.5654331767242884, 0.493446567337712, 0.4497204522975343, 0.5466224628008087, 0.37223174063732795, 0.4431714159078527, 0.5041255937364916, 0.4063512152530627, 0.46216315085216275, 0.4047820416949675]}