{"auroc": [0.4147420147420148, 0.4864864864864865, 0.5036855036855037, 0.491891891891892, 0.48181818181818187, 0.49287469287469293, 0.49582309582309586, 0.4287469287469288, 0.49508599508599516, 0.5113022113022114], "acc": [0.40217391304347827, 0.40217391304347827, 0.40217391304347827, 0.40217391304347827, 0.40217391304347827, 0.40217391304347827, 0.40217391304347827, 0.40217391304347827, 0.40217391304347827, 0.40217391304347827], "aps": [0.37017161260846554, 0.39366724770851835, 0.3952020126735081, 0.3932177622650683, 0.3966714609324792, 0.3929554160651, 0.40167059597185195, 0.3727856825162406, 0.3939476900572386, 0.40557966152107355], "f1": [0.5736434108527132, 0.5736434108527132, 0.5736434108527132, 0.5736434108527132, 0.5736434108527132, 0.5736434108527132, 0.5736434108527132, 0.5736434108527132, 0.5736434108527132, 0.5736434108527132], "auprc": [0.3572780280313987, 0.37657100492394074, 0.38271221900770924, 0.3809853617742569, 0.3793748869911701, 0.37970322534814505, 0.3877219837669125, 0.35955785280755187, 0.3806171012476204, 0.39226086791006354]}