{"auroc": [0.44889434889434887, 0.46437346437346444, 0.4636363636363636, 0.4707616707616708, 0.4545454545454546, 0.4432432432432433, 0.4732186732186733, 0.45651105651105656, 0.45626535626535625, 0.5027027027027028], "acc": [0.40217391304347827, 0.40217391304347827, 0.40217391304347827, 0.5978260869565217, 0.40217391304347827, 0.40217391304347827, 0.40217391304347827, 0.40217391304347827, 0.40217391304347827, 0.40217391304347827], "aps": [0.37285060975967227, 0.37509197917935766, 0.38654963519143193, 0.3750181936663896, 0.3690343588933853, 0.3716344061850042, 0.38638665087214663, 0.37542573610746166, 0.38122609710373173, 0.4347585798318048], "f1": [0.5736434108527132, 0.5736434108527132, 0.5736434108527132, 0.0, 0.5736434108527132, 0.5736434108527132, 0.5736434108527132, 0.5736434108527132, 0.5736434108527132, 0.5736434108527132], "auprc": [0.3602668235354276, 0.36149551301644295, 0.3691843212516943, 0.3617029772335508, 0.35705010618795724, 0.35641422606569007, 0.3707004908830593, 0.36224553687217564, 0.36357653643683824, 0.42322860393573375]}