{"auroc": [0.5085995085995086, 0.516953316953317, 0.4805896805896806, 0.5164619164619164, 0.5292383292383293, 0.4852579852579853, 0.514987714987715, 0.5110565110565111, 0.5125307125307126, 0.5066339066339067], "acc": [0.40217391304347827, 0.40217391304347827, 0.40217391304347827, 0.40217391304347827, 0.40217391304347827, 0.40217391304347827, 0.40217391304347827, 0.40217391304347827, 0.40217391304347827, 0.40217391304347827], "aps": [0.3965786389199647, 0.39935919211857096, 0.3696501454761534, 0.3992620824903241, 0.4184258245710962, 0.3981742404623657, 0.3989035110973913, 0.39851358659512803, 0.3990726275134132, 0.4004443509006078], "f1": [0.5736434108527132, 0.5736434108527132, 0.5736434108527132, 0.5736434108527132, 0.5736434108527132, 0.5736434108527132, 0.5736434108527132, 0.5736434108527132, 0.5736434108527132, 0.5736434108527132], "auprc": [0.38395458314911124, 0.3867361222729858, 0.35819081801632835, 0.3866302407728791, 0.40075870583572376, 0.38059584893926046, 0.3862509304967923, 0.38585834060550195, 0.38641705937477483, 0.38736164651872246]}