{"auroc": [0.4766584766584767, 0.46977886977886985, 0.4100737100737101, 0.5051597051597052, 0.4972972972972974, 0.4132678132678133, 0.44496314496314493, 0.4275184275184275, 0.4916461916461918, 0.47420147420147424], "acc": [0.40217391304347827, 0.40217391304347827, 0.40217391304347827, 0.40217391304347827, 0.40217391304347827, 0.40217391304347827, 0.40217391304347827, 0.40217391304347827, 0.40217391304347827, 0.40217391304347827], "aps": [0.4066420130950087, 0.38580348362281597, 0.36884719062009375, 0.4624658042386953, 0.4053946662939888, 0.3694167177804731, 0.38730063688472716, 0.3838781094576205, 0.4640226756879198, 0.43212009891721204], "f1": [0.5736434108527132, 0.5736434108527132, 0.5736434108527132, 0.5736434108527132, 0.5736434108527132, 0.5736434108527132, 0.5736434108527132, 0.5736434108527132, 0.5736434108527132, 0.5736434108527132], "auprc": [0.3884739493193575, 0.36856847471606224, 0.35916095143379567, 0.4528536077573402, 0.3907698974044812, 0.35976439368971186, 0.3682071540830452, 0.3732166265413582, 0.45469727516528713, 0.42053907033608506]}