{"auroc": [0.5759213759213759, 0.49754299754299763, 0.573955773955774, 0.49066339066339076, 0.5402948402948402, 0.5813267813267814, 0.5577395577395577, 0.5513513513513514, 0.5388206388206388, 0.528009828009828], "acc": [0.40217391304347827, 0.40217391304347827, 0.40217391304347827, 0.5978260869565217, 0.5978260869565217, 0.40217391304347827, 0.40217391304347827, 0.40217391304347827, 0.40217391304347827, 0.40217391304347827], "aps": [0.43472636695574735, 0.4051299561591749, 0.4445506418200701, 0.3915681333758446, 0.4140329785439603, 0.44741071791640546, 0.43676031934777393, 0.43692179817038734, 0.4229643491344732, 0.42112222590548676], "f1": [0.5736434108527132, 0.5736434108527132, 0.5736434108527132, 0.0, 0.0, 0.5736434108527132, 0.5736434108527132, 0.5736434108527132, 0.5736434108527132, 0.5736434108527132], "auprc": [0.4208538038833597, 0.3875587477126254, 0.4282775105452557, 0.3861109613430511, 0.4016438653358169, 0.4311606191805795, 0.4185514021203055, 0.4182112629605941, 0.4070361075276725, 0.4032082152298889]}