{"auroc": [0.5218673218673219, 0.5218673218673219, 0.5218673218673219, 0.5216216216216216, 0.5218673218673219, 0.5218673218673219, 0.5218673218673219, 0.5218673218673219, 0.5218673218673219, 0.5218673218673219], "acc": [0.40217391304347827, 0.40217391304347827, 0.40217391304347827, 0.40217391304347827, 0.40217391304347827, 0.40217391304347827, 0.40217391304347827, 0.40217391304347827, 0.40217391304347827, 0.40217391304347827], "aps": [0.3998717535765385, 0.3998717535765385, 0.3998717535765385, 0.39956172695072245, 0.3998717535765385, 0.3998717535765385, 0.3998717535765385, 0.3998717535765385, 0.3998717535765385, 0.3998717535765385], "f1": [0.5736434108527132, 0.5736434108527132, 0.5736434108527132, 0.5736434108527132, 0.5736434108527132, 0.5736434108527132, 0.5736434108527132, 0.5736434108527132, 0.5736434108527132, 0.5736434108527132], "auprc": [0.3873816128880186, 0.3873816128880186, 0.3873816128880186, 0.3872265995751105, 0.3873816128880186, 0.3873816128880186, 0.3873816128880186, 0.3873816128880186, 0.3873816128880186, 0.3873816128880186]}