{"enet": [{"auroc": [0.5493857493857494, 0.5484029484029485, 0.5493857493857494, 0.5449631449631449, 0.5012285012285012, 0.5493857493857494, 0.5, 0.5493857493857494, 0.5493857493857494, 0.5449631449631449], "acc": [0.40217391304347827, 0.40217391304347827, 0.40217391304347827, 0.40217391304347827, 0.5978260869565217, 0.40217391304347827, 0.40217391304347827, 0.40217391304347827, 0.40217391304347827, 0.40217391304347827], "aps": [0.4116144717186203, 0.4262466303110824, 0.4116144717186203, 0.42077482043964565, 0.43448883666274973, 0.4116144717186203, 0.40217391304347827, 0.4116144717186203, 0.4116144717186203, 0.42077482043964565], "f1": [0.5736434108527132, 0.5736434108527132, 0.5736434108527132, 0.5736434108527132, 0.0, 0.5736434108527132, 0.5736434108527132, 0.5736434108527132, 0.5736434108527132, 0.5736434108527132], "auprc": [0.39899296777191273, 0.4122142821909749, 0.39899296777191273, 0.4070019212039784, 0.4334606345475911, 0.39899296777191273, 0.7010869565217391, 0.39899296777191273, 0.39899296777191273, 0.4070019212039784]}]}