{"enet": [{"auroc": [0.5302211302211303, 0.5, 0.5, 0.5, 0.4520884520884521, 0.4520884520884521, 0.5, 0.4520884520884521, 0.5, 0.5], "acc": [0.40217391304347827, 0.40217391304347827, 0.40217391304347827, 0.40217391304347827, 0.5978260869565217, 0.5978260869565217, 0.40217391304347827, 0.5978260869565217, 0.40217391304347827, 0.40217391304347827], "aps": [0.40312509722568163, 0.40217391304347827, 0.40217391304347827, 0.40217391304347827, 0.36895345100767263, 0.36895345100767263, 0.40217391304347827, 0.36895345100767263, 0.40217391304347827, 0.40217391304347827], "f1": [0.5736434108527132, 0.5736434108527132, 0.5736434108527132, 0.5736434108527132, 0.0, 0.0, 0.5736434108527132, 0.0, 0.5736434108527132, 0.5736434108527132], "auprc": [0.3905157842453073, 0.7010869565217391, 0.7010869565217391, 0.7010869565217391, 0.35259903313596913, 0.35259903313596913, 0.7010869565217391, 0.35259903313596913, 0.7010869565217391, 0.7010869565217391]}]}