{"enet": [{"auroc": [0.542997542997543, 0.5, 0.5, 0.5, 0.5, 0.5, 0.5921375921375922, 0.5, 0.5, 0.5921375921375922], "acc": [0.40217391304347827, 0.40217391304347827, 0.40217391304347827, 0.40217391304347827, 0.40217391304347827, 0.40217391304347827, 0.5978260869565217, 0.40217391304347827, 0.40217391304347827, 0.5978260869565217], "aps": [0.4111791308192612, 0.40217391304347827, 0.40217391304347827, 0.40217391304347827, 0.40217391304347827, 0.40217391304347827, 0.4572562446862678, 0.40217391304347827, 0.40217391304347827, 0.4572562446862678], "f1": [0.5736434108527132, 0.5736434108527132, 0.5736434108527132, 0.5736434108527132, 0.5736434108527132, 0.5736434108527132, 0.0, 0.5736434108527132, 0.5736434108527132, 0.0], "auprc": [0.3989282329710295, 0.7010869565217391, 0.7010869565217391, 0.7010869565217391, 0.7010869565217391, 0.7010869565217391, 0.43912725627040056, 0.7010869565217391, 0.7010869565217391, 0.43912725627040056]}]}