{"enet": [{"auroc": [0.5538083538083539, 0.5, 0.5, 0.5, 0.485012285012285, 0.4648648648648649, 0.4648648648648649, 0.5, 0.5, 0.5], "acc": [0.40217391304347827, 0.40217391304347827, 0.40217391304347827, 0.40217391304347827, 0.5978260869565217, 0.5760869565217391, 0.5760869565217391, 0.40217391304347827, 0.40217391304347827, 0.40217391304347827], "aps": [0.43428213017035683, 0.40217391304347827, 0.40217391304347827, 0.40217391304347827, 0.43434019084874376, 0.3796461712155004, 0.3796461712155004, 0.40217391304347827, 0.40217391304347827, 0.40217391304347827], "f1": [0.5736434108527132, 0.5736434108527132, 0.5736434108527132, 0.5736434108527132, 0.0, 0.1702127659574468, 0.1702127659574468, 0.5736434108527132, 0.5736434108527132, 0.5736434108527132], "auprc": [0.4183566630744289, 0.7010869565217391, 0.7010869565217391, 0.7010869565217391, 0.41587167965937466, 0.38866193140924765, 0.38866193140924765, 0.7010869565217391, 0.7010869565217391, 0.7010869565217391]}]}