{"auroc": [0.5267813267813268, 0.5275184275184275, 0.5270270270270271, 0.5267813267813268, 0.5262899262899263, 0.5272727272727273, 0.5267813267813268, 0.5272727272727273, 0.5272727272727273, 0.5270270270270271], "acc": [0.40217391304347827, 0.40217391304347827, 0.40217391304347827, 0.40217391304347827, 0.40217391304347827, 0.40217391304347827, 0.40217391304347827, 0.40217391304347827, 0.40217391304347827, 0.40217391304347827], "aps": [0.4017857148455678, 0.40247668832756517, 0.4022264734034372, 0.40244399474771914, 0.4017857148455678, 0.4024584279915525, 0.40158251678955437, 0.40240755485238305, 0.40206323466157656, 0.4019632768756969], "f1": [0.5736434108527132, 0.5736434108527132, 0.5736434108527132, 0.5736434108527132, 0.5736434108527132, 0.5736434108527132, 0.5736434108527132, 0.5736434108527132, 0.5736434108527132, 0.5736434108527132], "auprc": [0.3896263422357864, 0.38987119688061034, 0.3896506550010781, 0.38958923622880937, 0.389322164716419, 0.3899879559408799, 0.3891421232695997, 0.389937262239194, 0.389616482439611, 0.389515924135037]}