{"enet": [{"auroc": [0.5081081081081081, 0.5248157248157248, 0.5248157248157248, 0.5248157248157248, 0.5248157248157248, 0.5248157248157248, 0.5248157248157248, 0.5081081081081081, 0.518918918918919, 0.5174447174447174], "acc": [0.40217391304347827, 0.40217391304347827, 0.40217391304347827, 0.40217391304347827, 0.40217391304347827, 0.40217391304347827, 0.40217391304347827, 0.40217391304347827, 0.40217391304347827, 0.40217391304347827], "aps": [0.38981415585863, 0.39916963201964195, 0.39916963201964195, 0.39916963201964195, 0.39916963201964195, 0.39916963201964195, 0.39916963201964195, 0.38981415585863, 0.39039205367676383, 0.39196233029168914], "f1": [0.5736434108527132, 0.5736434108527132, 0.5736434108527132, 0.5736434108527132, 0.5736434108527132, 0.5736434108527132, 0.5736434108527132, 0.5736434108527132, 0.5736434108527132, 0.5736434108527132], "auprc": [0.3784866308567819, 0.38767530503053105, 0.38767530503053105, 0.38767530503053105, 0.38767530503053105, 0.38767530503053105, 0.38767530503053105, 0.3784866308567819, 0.3789915411676266, 0.380391712744664]}]}