{"auroc": [0.51007371007371, 0.5616707616707617, 0.43464373464373474, 0.48968058968058964, 0.4921375921375922, 0.4808353808353808, 0.5616707616707617, 0.5157248157248158, 0.4624078624078624, 0.5366093366093367], "acc": [0.40217391304347827, 0.5978260869565217, 0.5978260869565217, 0.40217391304347827, 0.40217391304347827, 0.5978260869565217, 0.40217391304347827, 0.5978260869565217, 0.5978260869565217, 0.40217391304347827], "aps": [0.41115322477161853, 0.42768536829257886, 0.38044948242669996, 0.3890827381842489, 0.4074445839580325, 0.3847777600037777, 0.4568205118995494, 0.4281202513127723, 0.374095158116225, 0.45442965422555437], "f1": [0.5736434108527132, 0.0, 0.0, 0.5736434108527132, 0.5736434108527132, 0.0, 0.5736434108527132, 0.0, 0.0, 0.5736434108527132], "auprc": [0.3924859125100207, 0.411291595304878, 0.36232176415460887, 0.3784510553069815, 0.3913947169178139, 0.3696178287602914, 0.4450920493279169, 0.4167940363455828, 0.34974637619783533, 0.4455154195672524]}