{"auroc": [0.5468571428571429, 0.5468571428571429, 0.5, 0.5468571428571429, 0.6371428571428571], "acc": [0.5833333333333334, 0.5833333333333334, 0.5833333333333334, 0.5833333333333334, 0.5833333333333334], "aps": [0.6129133220935303, 0.6129133220935303, 0.5833333333333334, 0.6129133220935303, 0.7166344611843705], "f1": [0.7368421052631579, 0.7368421052631579, 0.7368421052631579, 0.7368421052631579, 0.7368421052631579], "auprc": [0.5940021067972805, 0.5940021067972805, 0.7916666666666667, 0.5940021067972805, 0.7100391115898992]}