{"auroc": [0.5454545454545454, 0.5056511056511057, 0.6068796068796068, 0.49287469287469293, 0.5208845208845209], "acc": [0.40217391304347827, 0.5978260869565217, 0.40217391304347827, 0.40217391304347827, 0.5760869565217391], "aps": [0.44820610437703357, 0.4059294111487308, 0.46825183046472524, 0.3923793103676774, 0.44058832906018885], "f1": [0.5669291338582677, 0.0, 0.5736434108527132, 0.5736434108527132, 0.5063291139240507], "auprc": [0.43174332836955204, 0.3913556926900771, 0.4542224848338007, 0.37697927602993403, 0.4223387935124112]}