{"auroc": [0.5267813267813268, 0.4972972972972973, 0.5395577395577396, 0.5636363636363636, 0.5257985257985257], "acc": [0.5760869565217391, 0.40217391304347827, 0.40217391304347827, 0.40217391304347827, 0.5869565217391305], "aps": [0.4271888500559173, 0.4124732717266927, 0.45962611273273934, 0.4320432380464567, 0.44877854105446907], "f1": [0.13333333333333333, 0.5736434108527132, 0.5736434108527132, 0.5736434108527132, 0.17391304347826086], "auprc": [0.4111564534024488, 0.3984266373940556, 0.44778592091807845, 0.41413559718273474, 0.4369452047399021]}