{"rf": [{"auroc": [0.9716919562734541], "acc": [0.9359430604982206], "aps": [0.9922037973370179], "f1": [0.961864406779661], "auprc": [0.9923965287972856]}], "enet": [{"auroc": [0.8912954805025289], "acc": [0.8825622775800712], "aps": [0.9606059902537818], "f1": [0.9251700680272109], "auprc": [0.9604866327341818]}]}