{"enet": [{"auroc": [0.9149127100668951, 0.9149127100668951, 0.9103442649698156, 0.9149127100668951, 0.9149127100668951, 0.9149127100668951, 0.9103442649698156, 0.9149127100668951, 0.9149127100668951, 0.9149127100668951], "acc": [0.8469750889679716, 0.8469750889679716, 0.8612099644128114, 0.8469750889679716, 0.8469750889679716, 0.8469750889679716, 0.8612099644128114, 0.8469750889679716, 0.8469750889679716, 0.8469750889679716], "aps": [0.9791640414620493, 0.9791640414620493, 0.9771667278996201, 0.9791640414620493, 0.9791640414620493, 0.9791640414620493, 0.9771667278996201, 0.9791640414620493, 0.9791640414620493, 0.9791640414620493], "f1": [0.9011494252873563, 0.9011494252873563, 0.9099307159353348, 0.9011494252873563, 0.9011494252873563, 0.9011494252873563, 0.9099307159353348, 0.9011494252873563, 0.9011494252873563, 0.9011494252873563], "auprc": [0.979114424035326, 0.979114424035326, 0.9771086360676053, 0.979114424035326, 0.979114424035326, 0.979114424035326, 0.9771086360676053, 0.979114424035326, 0.979114424035326, 0.979114424035326]}]}