{"auroc": [0.9501550008157938, 0.95717082721488, 0.9655735030184369, 0.956436612824278, 0.9312285854136074, 0.9476260401370533, 0.9287812041116006, 0.6341980747267091, 0.9585576766193507, 0.5522923804862131], "acc": [0.9395017793594306, 0.9323843416370107, 0.9395017793594306, 0.9252669039145908, 0.9359430604982206, 0.9466192170818505, 0.8256227758007118, 0.8078291814946619, 0.9359430604982206, 0.5800711743772242], "aps": [0.9848177499764013, 0.9879082024002879, 0.9907766055449962, 0.9819192408598596, 0.9785598034689547, 0.9832653002412235, 0.9785827779777759, 0.8676163469696689, 0.9884438363240399, 0.8675653642645198], "f1": [0.9626373626373627, 0.9580573951434879, 0.9626373626373627, 0.955032119914347, 0.9601769911504425, 0.9670329670329672, 0.9025844930417496, 0.8937007874015748, 0.9608695652173913, 0.700507614213198], "auprc": [0.984769003687946, 0.9878750907438655, 0.9907530404974411, 0.9817680268127117, 0.9784898809258876, 0.9832088004212584, 0.9785009644535468, 0.8667257135839272, 0.988412339118176, 0.8671226520723427]}