{"auroc": [0.9442812856909774, 0.9432207537934411, 0.9437102300538425, 0.7403328438570729, 0.9552945015500082, 0.9464839288627834, 0.9561102953173437, 0.7440854951868168, 0.9623103279490944, 0.9375101974220917], "acc": [0.9217081850533808, 0.9288256227758007, 0.9501779359430605, 0.8078291814946619, 0.9359430604982206, 0.9252669039145908, 0.9252669039145908, 0.8078291814946619, 0.9217081850533808, 0.8861209964412812], "aps": [0.9816479448696721, 0.9817924624744931, 0.978104241757644, 0.9155492878355664, 0.9878572831407036, 0.984252781548927, 0.9882683435824199, 0.8831590381077583, 0.9908233392770722, 0.9683988933005172], "f1": [0.950892857142857, 0.9555555555555557, 0.9696969696969696, 0.8937007874015748, 0.9601769911504425, 0.9534368070953437, 0.954248366013072, 0.8937007874015748, 0.9517543859649122, 0.9338842975206612], "auprc": [0.9815801258540656, 0.9817308767800488, 0.9779936537883083, 0.9151848122326811, 0.987825082832553, 0.9842063121485655, 0.9882380998457523, 0.8801803457410888, 0.9908022222378206, 0.9672770533936602]}