{"enet": [{"auroc": [0.8491189427312776, 0.8937020721161691, 0.8839125469081417, 0.8875020394844183, 0.8835862294012073, 0.8839125469081417, 0.8954968184043073, 0.8835862294012073, 0.8839125469081417, 0.8839125469081417], "acc": [0.8932384341637011, 0.8790035587188612, 0.8861209964412812, 0.8932384341637011, 0.8861209964412812, 0.8861209964412812, 0.8790035587188612, 0.8861209964412812, 0.8861209964412812, 0.8861209964412812], "aps": [0.9372154564890146, 0.9683907790812112, 0.9649619595461054, 0.9650814046970941, 0.9650091899959217, 0.9649619595461054, 0.9619424003305049, 0.9650091899959217, 0.9649619595461054, 0.9649619595461054], "f1": [0.9333333333333333, 0.9257641921397379, 0.9298245614035089, 0.9336283185840709, 0.9295154185022027, 0.9298245614035089, 0.9237668161434976, 0.9295154185022027, 0.9298245614035089, 0.9298245614035089], "auprc": [0.9644864407880271, 0.9682912001672248, 0.964847263552521, 0.9649638165877, 0.9648938445036213, 0.964847263552521, 0.9704490485337917, 0.9648938445036213, 0.964847263552521, 0.964847263552521]}]}