{"enet": [{"auroc": [0.8812204274759342, 0.9065100342633381, 0.808451623429597, 0.8862783488334149, 0.8862783488334149, 0.8862783488334149, 0.8862783488334149, 0.8828928046989721, 0.8828928046989721, 0.8828928046989721], "acc": [0.8434163701067615, 0.8540925266903915, 0.7793594306049823, 0.8469750889679716, 0.8469750889679716, 0.8469750889679716, 0.8469750889679716, 0.8505338078291815, 0.8505338078291815, 0.8505338078291815], "aps": [0.9564139343652118, 0.9696797902354133, 0.9297289995416872, 0.9511514071849103, 0.9511514071849103, 0.9511514071849103, 0.9511514071849103, 0.9556820335082994, 0.9556820335082994, 0.9556820335082994], "f1": [0.8995433789954338, 0.9061784897025171, 0.8571428571428571, 0.9016018306636155, 0.9016018306636155, 0.9016018306636155, 0.9016018306636155, 0.9032258064516129, 0.9032258064516129, 0.9032258064516129], "auprc": [0.969141847366523, 0.973955437413554, 0.9273868121673869, 0.9499639371783339, 0.9499639371783339, 0.9499639371783339, 0.9499639371783339, 0.957568201253894, 0.957568201253894, 0.957568201253894]}]}