{"auroc": [0.9307391091532061, 0.9220916952194484, 0.5853320280633055, 0.5476423560124001, 0.9154021863272965, 0.919970631424376, 0.9283733072279328, 0.9278022515907977, 0.9224995921031164, 0.9424049600261055], "acc": [0.9252669039145908, 0.9217081850533808, 0.19217081850533807, 0.19217081850533807, 0.9110320284697508, 0.900355871886121, 0.9110320284697508, 0.9039145907473309, 0.9252669039145908, 0.9323843416370107], "aps": [0.9732533104852148, 0.9718333232236893, 0.8541505637048894, 0.8455076451702189, 0.9674603245002086, 0.9708150888531932, 0.9772097475220481, 0.9764241644140405, 0.9685847409369178, 0.9791696147124891], "f1": [0.9544468546637744, 0.9515418502202643, 0.0, 0.0, 0.946236559139785, 0.9383259911894273, 0.9460043196544276, 0.9421841541755889, 0.9538461538461538, 0.9578713968957872], "auprc": [0.9731058464239453, 0.9717136568969584, 0.8530057901895407, 0.8448286832094802, 0.9672790313221664, 0.9706691745444247, 0.9771316081832212, 0.9763305036665078, 0.9684072269836289, 0.979068155787506]}