{"auroc": [0.9118126937510198, 0.6582639908631098, 0.908223201174743, 0.6530429107521619, 0.9444444444444444, 0.9301680535160711, 0.5283080437265459, 0.9641866536139664, 0.8880730951215532, 0.9345733398596835], "acc": [0.9181494661921709, 0.8078291814946619, 0.9181494661921709, 0.8078291814946619, 0.9501779359430605, 0.9145907473309609, 0.5907473309608541, 0.9395017793594306, 0.900355871886121, 0.9323843416370107], "aps": [0.9601301799159148, 0.8576243171441718, 0.9547552051086117, 0.8555148259073885, 0.9746048802549439, 0.9701043213000621, 0.8217411418779086, 0.9897854732887752, 0.9425390188414496, 0.9708800691753477], "f1": [0.9501084598698482, 0.8937007874015748, 0.9487750556792872, 0.8937007874015748, 0.9692982456140351, 0.9478260869565217, 0.7088607594936709, 0.9635974304068523, 0.9377777777777777, 0.958963282937365], "auprc": [0.9597331440480432, 0.8545467338124161, 0.9541939225493667, 0.8539697494791814, 0.9743565224337283, 0.9697074609716178, 0.8185307719924684, 0.989755915305876, 0.9414804770847902, 0.9704163453361048]}