{"enet": [{"auroc": [0.8317833251753958, 0.8032305433186491, 0.8280306738456518, 0.8317833251753958, 0.8280306738456518, 0.8539729156469246, 0.8280306738456518, 0.8178740414423233, 0.8126937510197422, 0.7672540381791484], "acc": [0.8362989323843416, 0.8149466192170819, 0.8149466192170819, 0.8362989323843416, 0.8149466192170819, 0.8185053380782918, 0.8149466192170819, 0.7935943060498221, 0.8327402135231317, 0.7900355871886121], "aps": [0.9162916879080188, 0.9207809831437572, 0.9325842398970472, 0.9162916879080188, 0.9325842398970472, 0.944416273738198, 0.9325842398970472, 0.9303920088255531, 0.9267928054666492, 0.9032806836518804], "f1": [0.8959276018099548, 0.8823529411764706, 0.8823529411764706, 0.8959276018099548, 0.8823529411764706, 0.8827586206896552, 0.8823529411764706, 0.867579908675799, 0.8953229398663698, 0.8649885583524028], "auprc": [0.9164412740996127, 0.9452309007033413, 0.9318690102048371, 0.9164412740996127, 0.9318690102048371, 0.950441426381841, 0.9318690102048371, 0.9469092287262696, 0.9262921678937702, 0.9391539280056838]}]}