{"enet": [{"auroc": [0.9074889867841409, 0.9036547560776635, 0.9074889867841409, 0.9036547560776635, 0.9036547560776635, 0.9036547560776635, 0.9074889867841409, 0.9036547560776635, 0.9036547560776635, 0.9074889867841409], "acc": [0.8647686832740213, 0.8718861209964412, 0.8647686832740213, 0.8718861209964412, 0.8718861209964412, 0.8718861209964412, 0.8647686832740213, 0.8718861209964412, 0.8718861209964412, 0.8647686832740213], "aps": [0.9657086210117254, 0.9632263585145593, 0.9657086210117254, 0.9632263585145593, 0.9632263585145593, 0.9632263585145593, 0.9657086210117254, 0.9632263585145593, 0.9632263585145593, 0.9657086210117254], "f1": [0.9132420091324202, 0.9189189189189189, 0.9132420091324202, 0.9189189189189189, 0.9189189189189189, 0.9189189189189189, 0.9132420091324202, 0.9189189189189189, 0.9189189189189189, 0.9132420091324202], "auprc": [0.9655071929055132, 0.9630295658278276, 0.9655071929055132, 0.9630295658278276, 0.9630295658278276, 0.9630295658278276, 0.9655071929055132, 0.9630295658278276, 0.9630295658278276, 0.9655071929055132]}]}