{"enet": [{"auroc": [0.9473813020068527, 0.8704519497471039, 0.9346957089247838, 0.9473813020068527, 0.9498286833088595, 0.9366128242780225, 0.9346957089247838, 0.9498286833088595, 0.9498286833088595, 0.9473813020068527], "acc": [0.8790035587188612, 0.8078291814946619, 0.8540925266903915, 0.8790035587188612, 0.900355871886121, 0.8647686832740213, 0.8540925266903915, 0.900355871886121, 0.900355871886121, 0.8790035587188612], "aps": [0.9860583306538342, 0.9667380677058985, 0.980627616777057, 0.9860583306538342, 0.9854548094453706, 0.9829478687654949, 0.980627616777057, 0.9854548094453706, 0.9854548094453706, 0.9860583306538342], "f1": [0.9209302325581395, 0.8755760368663594, 0.9044289044289044, 0.9209302325581395, 0.9360730593607306, 0.9120370370370371, 0.9044289044289044, 0.9360730593607306, 0.9360730593607306, 0.9209302325581395], "auprc": [0.9860217140278712, 0.9666539235919909, 0.982776763207393, 0.9860217140278712, 0.9854119541784121, 0.9829012799157582, 0.982776763207393, 0.9854119541784121, 0.9854119541784121, 0.9860217140278712]}]}