{"rf": [{"auroc": [0.9724261706640561], "acc": [0.9074733096085409], "aps": [0.9933756771773246], "f1": [0.9456066945606695], "auprc": [0.9933607289987931]}], "enet": [{"auroc": [0.8697177353565019], "acc": [0.8576512455516014], "aps": [0.9506161423136125], "f1": [0.9082568807339448], "auprc": [0.9674813931130637]}]}