{"auroc": [0.9470549844999184, 0.5771740903899495, 0.9461576113558493, 0.6238374938815467, 0.8340675477239354, 0.9231522271169847, 0.9140969162995596, 0.9422825909610051, 0.5730135421765378, 0.6833904388970469], "acc": [0.9395017793594306, 0.8078291814946619, 0.9359430604982206, 0.7046263345195729, 0.8078291814946619, 0.9252669039145908, 0.9217081850533808, 0.9501779359430605, 0.8078291814946619, 0.8078291814946619], "aps": [0.9628042085606655, 0.8346024004941255, 0.9658542309600093, 0.8758740718356679, 0.9287457062199072, 0.9510502222146805, 0.966253376172544, 0.9697211026626343, 0.8588453090683769, 0.8645747031439612], "f1": [0.9626373626373627, 0.8937007874015748, 0.9605263157894737, 0.8143176733780761, 0.8937007874015748, 0.9540481400437637, 0.9517543859649122, 0.9696969696969696, 0.8937007874015748, 0.8937007874015748], "auprc": [0.9604509811781816, 0.8332932521293286, 0.9652283706611544, 0.8752589580920676, 0.9277084201962, 0.9484665213992183, 0.9660505486016524, 0.9702114485139918, 0.8581018612827764, 0.8618746890466339]}