{"auroc": [0.9371838799151574, 0.6127426986457823, 0.9703051068689835, 0.951786588350465, 0.954397128405939, 0.9434654919236417, 0.8972099853157122, 0.9650024473813021, 0.9624734867025616, 0.9401207374775657], "acc": [0.8825622775800712, 0.8078291814946619, 0.9252669039145908, 0.9110320284697508, 0.9252669039145908, 0.9074733096085409, 0.8078291814946619, 0.9537366548042705, 0.9359430604982206, 0.9252669039145908], "aps": [0.9760685189044989, 0.8561737570708723, 0.9926464662139154, 0.9866826790942851, 0.988755656900567, 0.9830241751102204, 0.9613542898507808, 0.9898382505067935, 0.9902813069829676, 0.9831028398284296], "f1": [0.9313929313929314, 0.8937007874015748, 0.9540481400437637, 0.9457700650759219, 0.954248366013072, 0.9427312775330396, 0.8937007874015748, 0.9715536105032823, 0.961038961038961, 0.9546436285097192], "auprc": [0.9758998870006668, 0.8548220020235824, 0.9926292391615845, 0.9866433859358537, 0.9887288887601001, 0.9829626864037322, 0.9608652805983443, 0.9898052075061415, 0.9902571781497006, 0.9830531969074927]}