{"enet": [{"auroc": [0.8491597324196444, 0.9168706151085005, 0.9168706151085005, 0.9168706151085005, 0.9168706151085005, 0.9168706151085005, 0.9090389949420786, 0.9090389949420786, 0.9090389949420786, 0.9073258280306739], "acc": [0.8576512455516014, 0.8718861209964412, 0.8718861209964412, 0.8718861209964412, 0.8718861209964412, 0.8718861209964412, 0.8469750889679716, 0.8469750889679716, 0.8469750889679716, 0.8861209964412812], "aps": [0.9393731967223004, 0.9760532836909706, 0.9760532836909706, 0.9760532836909706, 0.9760532836909706, 0.9760532836909706, 0.9762890325390938, 0.9762890325390938, 0.9762890325390938, 0.9748509329034486], "f1": [0.9099099099099099, 0.9189189189189189, 0.9189189189189189, 0.9189189189189189, 0.9189189189189189, 0.9189189189189189, 0.9006928406466513, 0.9006928406466513, 0.9006928406466513, 0.9285714285714286], "auprc": [0.9622448991063652, 0.9759747099459142, 0.9759747099459142, 0.9759747099459142, 0.9759747099459142, 0.9759747099459142, 0.976227471673818, 0.976227471673818, 0.976227471673818, 0.9747810645627102]}]}