{"auroc": [0.9620655898188938, 0.9433839125469081, 0.5572279327785936, 0.9516234295969979, 0.6372165116658509, 0.5500081579376733, 0.953091858378202, 0.9360417686408876, 0.9574971447218144, 0.9464839288627834], "acc": [0.9288256227758007, 0.8896797153024911, 0.8078291814946619, 0.9181494661921709, 0.33451957295373663, 0.8078291814946619, 0.900355871886121, 0.9039145907473309, 0.9395017793594306, 0.9252669039145908], "aps": [0.9872228254447433, 0.9786214964980737, 0.8382685799530019, 0.9870462824561951, 0.8529094191792781, 0.8306948285844257, 0.9879729279090673, 0.9834653255865868, 0.9872537827766577, 0.984951519906007], "f1": [0.9553571428571429, 0.9341825902335457, 0.8937007874015748, 0.949671772428884, 0.3484320557491289, 0.8937007874015748, 0.9380530973451328, 0.9409190371991247, 0.9632829373650108, 0.9544468546637744], "auprc": [0.9871656499887027, 0.978453367821813, 0.8365206127484552, 0.9870116335219661, 0.8515243734618161, 0.829538423910859, 0.9879433261892299, 0.9834240909970546, 0.9872130196507103, 0.9849082466934529]}