{"enet": [{"auroc": [0.5048076923076923, 0.5671390013495277, 0.5270242914979757, 0.5301113360323886, 0.5270242914979757, 0.5301113360323886, 0.5048076923076923, 0.5270242914979757, 0.5301113360323886, 0.5270242914979757], "acc": [0.7352185089974294, 0.7326478149100257, 0.7352185089974294, 0.7377892030848329, 0.7352185089974294, 0.7377892030848329, 0.7352185089974294, 0.7352185089974294, 0.7377892030848329, 0.7352185089974294], "aps": [0.7345360824742269, 0.7600158939680184, 0.7434242011895394, 0.7446899285195848, 0.7434242011895394, 0.7446899285195848, 0.7345360824742269, 0.7434242011895394, 0.7446899285195848, 0.7434242011895394], "f1": [0.8469539375928677, 0.8456973293768546, 0.8464977645305514, 0.8477611940298508, 0.8464977645305514, 0.8477611940298508, 0.8469539375928677, 0.8464977645305514, 0.8477611940298508, 0.8464977645305514], "auprc": [0.8672680412371134, 0.8787030748586792, 0.8712451709968732, 0.8714234570933321, 0.8712451709968732, 0.8714234570933321, 0.8672680412371134, 0.8712451709968732, 0.8714234570933321, 0.8712451709968732]}]}