{"enet": [{"auroc": [0.522199730094467, 0.522199730094467, 0.5109143049932524, 0.522199730094467, 0.5252192982456141, 0.8259109311740891, 0.5109143049932524, 0.522199730094467, 0.522199730094467, 0.5174257759784076], "acc": [0.7377892030848329, 0.7377892030848329, 0.7377892030848329, 0.7352185089974294, 0.7403598971722365, 0.7352185089974294, 0.7377892030848329, 0.7377892030848329, 0.7352185089974294, 0.7403598971722365], "aps": [0.7414832496276904, 0.7414832496276904, 0.7369663660324176, 0.7414832496276904, 0.7427219234793391, 0.9122477139660292, 0.7369663660324176, 0.7414832496276904, 0.7414832496276904, 0.7395589981809709], "f1": [0.8477611940298508, 0.8477611940298508, 0.8477611940298508, 0.8464977645305514, 0.8485757121439281, 0.8460388639760837, 0.8477611940298508, 0.8477611940298508, 0.8464977645305514, 0.8490284005979073], "auprc": [0.8702713770294358, 0.8702713770294358, 0.8675514951733198, 0.8702713770294358, 0.8704292337822377, 0.9119298106970911, 0.8675514951733198, 0.8702713770294358, 0.8702713770294358, 0.869312569492589]}]}