{"enet": [{"auroc": [0.7665317139001349, 0.7780026990553307, 0.8451248313090418, 0.8535087719298247, 0.8535087719298247, 0.8403508771929826, 0.8403508771929826, 0.7780026990553307, 0.7665317139001349, 0.7780026990553307], "acc": [0.8097686375321337, 0.7969151670951157, 0.8277634961439588, 0.8200514138817481, 0.8200514138817481, 0.8046272493573264, 0.8046272493573264, 0.7969151670951157, 0.8097686375321337, 0.7969151670951157], "aps": [0.861534404545648, 0.8751240801857538, 0.928473767299342, 0.9375763130370494, 0.9375763130370494, 0.9327310395135904, 0.9327310395135904, 0.8751240801857538, 0.861534404545648, 0.8751240801857538], "f1": [0.8741496598639455, 0.8658743633276741, 0.8866328257191202, 0.8829431438127089, 0.8829431438127089, 0.8716216216216217, 0.8716216216216217, 0.8658743633276741, 0.8741496598639455, 0.8658743633276741], "auprc": [0.9193705433000654, 0.9156159008817755, 0.9369103479772992, 0.9374210823998635, 0.9374210823998635, 0.9325618408720244, 0.9325618408720244, 0.9156159008817755, 0.9193705433000654, 0.9156159008817755]}]}