{"enet": [{"auroc": [0.7273279352226721, 0.7235829959514171, 0.6811234817813766, 0.5350539811066126, 0.541497975708502, 0.5350539811066126, 0.7273279352226721, 0.5384615384615384, 0.5543859649122806, 0.5350539811066126], "acc": [0.7455012853470437, 0.7506426735218509, 0.7532133676092545, 0.7403598971722365, 0.7480719794344473, 0.7403598971722365, 0.7455012853470437, 0.7532133676092545, 0.7506426735218509, 0.7403598971722365], "aps": [0.8423683520366161, 0.8412956578577834, 0.8135753566565082, 0.7466746164514915, 0.7493085075365314, 0.7466746164514915, 0.8423683520366161, 0.7480314960629921, 0.7546316036352976, 0.7466746164514915], "f1": [0.852017937219731, 0.8545727136431783, 0.855421686746988, 0.849478390461997, 0.8528528528528528, 0.849478390461997, 0.852017937219731, 0.8558558558558559, 0.8536953242835597, 0.849478390461997], "auprc": [0.8440275848394955, 0.8402669013095181, 0.817231540655103, 0.8724325652652971, 0.8741973824232364, 0.8724325652652971, 0.8440275848394955, 0.8740157480314961, 0.8764351309721582, 0.8724325652652971]}]}