{"enet": [{"auroc": [0.8051450742240216, 0.8681511470985155, 0.8500506072874493, 0.8681511470985155, 0.8681511470985155, 0.8366734143049933, 0.8585526315789475, 0.8605937921727396, 0.8585526315789475, 0.8585526315789475], "acc": [0.8483290488431876, 0.8483290488431876, 0.8277634961439588, 0.8483290488431876, 0.8483290488431876, 0.8586118251928021, 0.8354755784061697, 0.8406169665809768, 0.8354755784061697, 0.8354755784061697], "aps": [0.8783329202337562, 0.9328322100539742, 0.9183713599545087, 0.9328322100539742, 0.9328322100539742, 0.8984231872609295, 0.9248928118433717, 0.9307853371613284, 0.9248928118433717, 0.9248928118433717], "f1": [0.9011725293132329, 0.9028006589785832, 0.8881469115191987, 0.9028006589785832, 0.9028006589785832, 0.9096880131362891, 0.8926174496644295, 0.8963210702341137, 0.8926174496644295, 0.8926174496644295], "auprc": [0.9293438700781971, 0.9325549067970031, 0.934759880470616, 0.9325549067970031, 0.9325549067970031, 0.9395806348276539, 0.9296563489752354, 0.9305066816699517, 0.9296563489752354, 0.9296563489752354]}]}