{"auroc": [0.6786099865047233, 0.6378542510121457, 0.6270580296896087, 0.5665991902834008, 0.594804318488529, 0.9161099865047233, 0.5882591093117409, 0.6584345479082321, 0.5604925775978408, 0.6387314439946019], "acc": [0.7326478149100257, 0.7326478149100257, 0.29048843187660667, 0.7326478149100257, 0.7326478149100257, 0.8354755784061697, 0.7095115681233933, 0.7326478149100257, 0.6041131105398457, 0.7326478149100257], "aps": [0.7736383450670713, 0.7825670283872934, 0.8049670806589218, 0.7858589203711475, 0.7661871412339689, 0.9425162538500778, 0.7804342833019824, 0.769934274816272, 0.7935665004892081, 0.7681187681210994], "f1": [0.8452380952380952, 0.8456973293768546, 0.061224489795918366, 0.8456973293768546, 0.8456973293768546, 0.8980891719745223, 0.8269525267993875, 0.8456973293768546, 0.7083333333333335, 0.8456973293768546], "auprc": [0.7710408098608187, 0.7805317235860527, 0.8041101464319824, 0.7850050696969761, 0.7647415260941562, 0.9421004625704811, 0.7777881740501462, 0.7673863358842576, 0.7928673438983783, 0.7654067155246622]}