{"auroc": [0.5379217273954116, 0.5310391363022942, 0.591464237516869, 0.6168690958164642, 0.9482118758434548, 0.6343792172739541, 0.6470479082321188, 0.6370107962213225, 0.9267543859649123, 0.605668016194332], "acc": [0.36246786632390743, 0.26735218508997427, 0.7326478149100257, 0.7326478149100257, 0.8354755784061697, 0.7326478149100257, 0.7300771208226221, 0.7326478149100257, 0.8251928020565553, 0.7326478149100257], "aps": [0.7418890738410926, 0.7864807779440113, 0.7683590278799526, 0.770891950019729, 0.9742681526034446, 0.7583392093236396, 0.7790846244215697, 0.7663205531700146, 0.9643870315482406, 0.7513869947873641], "f1": [0.3439153439153439, 0.0, 0.8456973293768546, 0.8456973293768546, 0.8984126984126983, 0.8456973293768546, 0.8439821693907874, 0.8456973293768546, 0.892063492063492, 0.8456973293768546], "auprc": [0.7401040907434482, 0.7858449104360348, 0.766622513588765, 0.7688473741565464, 0.9741679598738001, 0.7553262790240705, 0.7762105961956398, 0.7641634629316487, 0.9644122700752444, 0.7486470182810945]}