{"auroc": [0.691970310391363, 0.5617071524966262, 0.9194331983805668, 0.9383940620782727, 0.6568488529014844, 0.5962550607287449, 0.5982793522267207, 0.6945006747638326, 0.6878036437246964, 0.6218286099865047], "acc": [0.7326478149100257, 0.7326478149100257, 0.8946015424164524, 0.884318766066838, 0.7326478149100257, 0.7326478149100257, 0.7326478149100257, 0.7326478149100257, 0.26735218508997427, 0.7326478149100257], "aps": [0.7995531144855681, 0.7914588098794415, 0.9470355349655192, 0.9656598271810426, 0.7775239652692134, 0.8135051789010477, 0.8000249283571993, 0.8337234741972057, 0.8364564977454862, 0.7807157615098969], "f1": [0.8456973293768546, 0.8456973293768546, 0.9313232830820771, 0.9253731343283582, 0.8456973293768546, 0.8456973293768546, 0.8456973293768546, 0.8456973293768546, 0.0, 0.8456973293768546], "auprc": [0.7975406204194997, 0.7906387481857353, 0.9474712920670152, 0.9653189946337185, 0.7754975879822706, 0.8128405979370734, 0.798951471938822, 0.8326804929595883, 0.835756536833444, 0.7790743611710335]}