{"enet": [{"auroc": [0.5394905533063429, 0.5218286099865047, 0.5297908232118758, 0.5215587044534412, 0.5169871794871795, 0.5157219973009446, 0.5218286099865047, 0.5436234817813764, 0.5091430499325237, 0.5215587044534412], "acc": [0.7326478149100257, 0.7352185089974294, 0.7403598971722365, 0.7300771208226221, 0.7326478149100257, 0.7403598971722365, 0.7352185089974294, 0.7377892030848329, 0.7352185089974294, 0.7300771208226221], "aps": [0.7485689800693698, 0.7413677554271642, 0.7446008455265756, 0.7413137860382335, 0.7394193830965676, 0.7388838306058102, 0.7413677554271642, 0.7504169179030649, 0.736269261573491, 0.7413137860382335], "f1": [0.844776119402985, 0.8460388639760837, 0.8485757121439281, 0.8430493273542601, 0.8438438438438438, 0.8490284005979073, 0.8460388639760837, 0.847305389221557, 0.8460388639760837, 0.8430493273542601], "auprc": [0.8733461029902082, 0.8688359859014314, 0.8700148018081291, 0.8687819711585305, 0.8678536809293544, 0.8685136032978918, 0.8688359859014314, 0.8728886592911785, 0.8667357074038012, 0.8687819711585305]}]}