{"enet": [{"auroc": [0.7706815114709851, 0.8649291497975709, 0.8268049932523617, 0.8861673414304994, 0.8848684210526316, 0.8861673414304994, 0.8861673414304994, 0.8848684210526316, 0.8861673414304994, 0.8861673414304994], "acc": [0.8431876606683805, 0.8483290488431876, 0.8277634961439588, 0.8380462724935732, 0.8354755784061697, 0.8380462724935732, 0.8380462724935732, 0.8354755784061697, 0.8380462724935732, 0.8380462724935732], "aps": [0.8593446354272699, 0.924189659230444, 0.8973862193371807, 0.9466861089533574, 0.944112422504454, 0.9466861089533574, 0.9466861089533574, 0.944112422504454, 0.9466861089533574, 0.9466861089533574], "f1": [0.8998357963875205, 0.9037520391517128, 0.8910569105691056, 0.8982229402261713, 0.8967741935483872, 0.8982229402261713, 0.8982229402261713, 0.8967741935483872, 0.8982229402261713, 0.8982229402261713], "auprc": [0.9243371281160091, 0.9455810474060096, 0.9371084696845704, 0.9499821831018005, 0.945657927806404, 0.9499821831018005, 0.9499821831018005, 0.945657927806404, 0.9499821831018005, 0.9499821831018005]}]}