{"enet": [{"auroc": [0.5048076923076923, 0.7424089068825911, 0.5048076923076923, 0.5048076923076923, 0.5096153846153846, 0.5, 0.5048076923076923, 0.5048076923076923, 0.5048076923076923, 0.7278340080971659], "acc": [0.7326478149100257, 0.7377892030848329, 0.7326478149100257, 0.7326478149100257, 0.7326478149100257, 0.7326478149100257, 0.7326478149100257, 0.7326478149100257, 0.7326478149100257, 0.7557840616966581], "aps": [0.7345360824742269, 0.8399827054359571, 0.7345360824742269, 0.7345360824742269, 0.7364341085271318, 0.7326478149100257, 0.7345360824742269, 0.7345360824742269, 0.7345360824742269, 0.8311710106723533], "f1": [0.8456973293768546, 0.8482142857142857, 0.8456973293768546, 0.8456973293768546, 0.8456973293768546, 0.8456973293768546, 0.8456973293768546, 0.8456973293768546, 0.8456973293768546, 0.856711915535445], "auprc": [0.8672680412371134, 0.8385573494290983, 0.8672680412371134, 0.8672680412371134, 0.8682170542635659, 0.8663239074550129, 0.8672680412371134, 0.8672680412371134, 0.8672680412371134, 0.829656772847172]}]}