{"enet": [{"auroc": [0.8149291497975709, 0.7574224021592443, 0.8038124156545209, 0.8559379217273955, 0.8559379217273955, 0.8521086369770581, 0.8296558704453442, 0.8149291497975709, 0.8521086369770581, 0.8117408906882592], "acc": [0.8380462724935732, 0.8277634961439588, 0.8380462724935732, 0.8483290488431876, 0.8483290488431876, 0.8406169665809768, 0.8483290488431876, 0.8380462724935732, 0.8406169665809768, 0.8406169665809768], "aps": [0.8875125368691975, 0.8518032626568576, 0.8799311491659737, 0.9180175126614429, 0.9180175126614429, 0.9210284671760476, 0.8962604962639553, 0.8875125368691975, 0.9210284671760476, 0.8862245691590542], "f1": [0.8951747088186357, 0.8877721943048578, 0.8930390492359933, 0.9018302828618968, 0.9018302828618968, 0.8938356164383562, 0.899830220713073, 0.8951747088186357, 0.8938356164383562, 0.8966666666666667], "auprc": [0.9329310665520417, 0.9192335169967589, 0.9311217603907779, 0.9173828767023178, 0.9173828767023178, 0.9257743051029237, 0.9373982495810196, 0.9329310665520417, 0.9257743051029237, 0.9284836927623483]}]}