{"enet": [{"auroc": [0.8062584345479082, 0.766565452091768, 0.7671052631578947, 0.6088562753036437, 0.8042004048582996, 0.8062584345479082, 0.7841093117408907, 0.7400641025641026, 0.8062584345479082, 0.8062584345479082], "acc": [0.8226221079691517, 0.8277634961439588, 0.8149100257069408, 0.7583547557840618, 0.8277634961439588, 0.8226221079691517, 0.8174807197943444, 0.8174807197943444, 0.8226221079691517, 0.8226221079691517], "aps": [0.8838141292432589, 0.8594885112850397, 0.8600734134247424, 0.7792040259588479, 0.8883695358453867, 0.8838141292432589, 0.8735281970427463, 0.843840796574301, 0.8838141292432589, 0.8838141292432589], "f1": [0.8885298869143781, 0.8907014681892332, 0.8831168831168831, 0.8558282208588959, 0.8914100486223663, 0.8885298869143781, 0.8822553897180764, 0.883415435139573, 0.8885298869143781, 0.8885298869143781], "auprc": [0.8830082317804517, 0.9185936354259118, 0.9192386882794908, 0.8804998273705532, 0.8911964649475548, 0.8830082317804517, 0.8728142317740668, 0.9106699982101221, 0.8830082317804517, 0.8830082317804517]}]}