{"enet": [{"auroc": [0.4964912280701754, 0.5121794871794871, 0.5109143049932524, 0.5121794871794871, 0.7072537112010796, 0.5090080971659919, 0.5121794871794871, 0.5109143049932524, 0.49952766531713894, 0.5090080971659919], "acc": [0.7300771208226221, 0.7326478149100257, 0.7352185089974294, 0.7326478149100257, 0.7300771208226221, 0.7300771208226221, 0.7326478149100257, 0.7352185089974294, 0.7300771208226221, 0.7300771208226221], "aps": [0.7312734280394152, 0.737496405731983, 0.7369663660324176, 0.737496405731983, 0.8444283748051946, 0.7362467981741251, 0.737496405731983, 0.7369663660324176, 0.7324688117733419, 0.7362467981741251], "f1": [0.8439821693907874, 0.8452380952380952, 0.8464977645305514, 0.8452380952380952, 0.8439821693907874, 0.8439821693907874, 0.8452380952380952, 0.8464977645305514, 0.8435171385991059, 0.8439821693907874], "auprc": [0.8646950033403347, 0.866883291975101, 0.8675514951733198, 0.866883291975101, 0.8456287182877505, 0.8667090041062624, 0.866883291975101, 0.8675514951733198, 0.8648233400011007, 0.8667090041062624]}]}