{"auroc": [0.5748987854251013, 0.8996626180836707, 0.647385290148448, 0.5685222672064777, 0.9162112010796222, 0.5884615384615385, 0.5489203778677463, 0.5775303643724697, 0.6524966261808366, 0.9265688259109313], "acc": [0.7326478149100257, 0.8380462724935732, 0.7352185089974294, 0.7326478149100257, 0.8611825192802056, 0.7326478149100257, 0.7326478149100257, 0.7326478149100257, 0.7326478149100257, 0.8766066838046273], "aps": [0.7527060036276382, 0.9441667009218639, 0.7744076014742316, 0.7705513771093414, 0.9531616856322352, 0.7627286444222936, 0.7883372292376454, 0.7708330156720739, 0.7912615660046374, 0.9503584333891613], "f1": [0.8456973293768546, 0.8991999999999999, 0.8469539375928677, 0.8456973293768546, 0.9123376623376623, 0.8456973293768546, 0.8456973293768546, 0.8456973293768546, 0.8456973293768546, 0.921311475409836], "auprc": [0.7505830109454303, 0.9438936210286925, 0.7715280511038036, 0.7687120631488724, 0.9529667708988506, 0.7606598448384989, 0.7875949388351293, 0.7688563276679571, 0.78969770742887, 0.950056792581564]}