{"auroc": [0.592442645074224, 0.621187584345479, 0.9409412955465587, 0.6449392712550607, 0.6828272604588395, 0.623178137651822, 0.5192307692307692, 0.5819500674763833, 0.6786774628879892, 0.6248987854251011], "acc": [0.7326478149100257, 0.7326478149100257, 0.8431876606683805, 0.7326478149100257, 0.7326478149100257, 0.7146529562982005, 0.7326478149100257, 0.7326478149100257, 0.7326478149100257, 0.7429305912596401], "aps": [0.7646829772925636, 0.7737061458541803, 0.9666172711066056, 0.7892047261678481, 0.7931018924156686, 0.8052594352273081, 0.7773044257111305, 0.7771354507833107, 0.7812479170120888, 0.7837586695358927], "f1": [0.8456973293768546, 0.8456973293768546, 0.9030206677265501, 0.8456973293768546, 0.8456973293768546, 0.8240887480190173, 0.8456973293768546, 0.8456973293768546, 0.8452380952380952, 0.8507462686567165], "auprc": [0.7626136826943885, 0.7716191773240538, 0.9689094043157924, 0.7875022299803269, 0.7913969462518463, 0.8042830720381196, 0.7764903352578914, 0.7751901580551637, 0.7792894002296331, 0.7822195795925427]}