{"enet": [{"auroc": [0.7612685560053982, 0.8689271255060729, 0.8689271255060729, 0.8370107962213226, 0.8201585695006748, 0.8201585695006748, 0.8503711201079622, 0.7612685560053982, 0.8629554655870444, 0.8201585695006748], "acc": [0.8251928020565553, 0.8406169665809768, 0.8406169665809768, 0.8200514138817481, 0.8329048843187661, 0.8329048843187661, 0.8251928020565553, 0.8251928020565553, 0.8200514138817481, 0.8329048843187661], "aps": [0.8560480459464492, 0.9251500491623388, 0.9251500491623388, 0.9112855329460126, 0.8920616210662867, 0.8920616210662867, 0.9198092594190896, 0.8560480459464492, 0.9309464936764994, 0.8920616210662867], "f1": [0.8892508143322475, 0.8956228956228955, 0.8956228956228955, 0.882154882154882, 0.8936170212765958, 0.8936170212765958, 0.8859060402684563, 0.8892508143322475, 0.8825503355704698, 0.8936170212765958], "auprc": [0.9193907858354393, 0.9245613624926645, 0.9245613624926645, 0.9107787990339988, 0.9362122570871632, 0.9362122570871632, 0.9193995338012705, 0.9193907858354393, 0.930663347572441, 0.9362122570871632]}]}