{"enet": [{"auroc": [0.5078272604588394, 0.5078272604588394, 0.5078272604588394, 0.7693488529014845, 0.5078272604588394, 0.5192307692307692, 0.5078272604588394, 0.7935222672064778, 0.5030701754385964, 0.7693488529014845], "acc": [0.7326478149100257, 0.7326478149100257, 0.7326478149100257, 0.7326478149100257, 0.7326478149100257, 0.7429305912596401, 0.7326478149100257, 0.7326478149100257, 0.7352185089974294, 0.7326478149100257], "aps": [0.7357404059317814, 0.7357404059317814, 0.7357404059317814, 0.8675351284443107, 0.7357404059317814, 0.7402597402597403, 0.7357404059317814, 0.874850211490966, 0.7338525360525638, 0.8675351284443107], "f1": [0.8452380952380952, 0.8452380952380952, 0.8452380952380952, 0.8452380952380952, 0.8452380952380952, 0.8507462686567165, 0.8452380952380952, 0.8452380952380952, 0.8469539375928677, 0.8452380952380952], "auprc": [0.8673999551814812, 0.8673999551814812, 0.8673999551814812, 0.9045714555963281, 0.8673999551814812, 0.8701298701298701, 0.8673999551814812, 0.9008002466961393, 0.8664593384283854, 0.9045714555963281]}]}