{"enet": [{"auroc": [0.7879385964912281, 0.7879385964912281, 0.8738529014844804, 0.7963562753036438, 0.8757085020242915, 0.8748650472334683, 0.872638326585695, 0.7987516869095816, 0.7963562753036438, 0.8738529014844804], "acc": [0.8406169665809768, 0.8406169665809768, 0.8431876606683805, 0.8406169665809768, 0.8406169665809768, 0.8560411311053985, 0.8534704370179949, 0.8483290488431876, 0.8406169665809768, 0.8431876606683805], "aps": [0.869585038672516, 0.869585038672516, 0.9318437653694761, 0.8752662451866011, 0.9285206536237189, 0.9308292304560802, 0.9270234154024726, 0.8772755121947607, 0.8752662451866011, 0.9318437653694761], "f1": [0.8986928104575164, 0.8986928104575164, 0.901453957996769, 0.8983606557377047, 0.9, 0.9087947882736156, 0.90671031096563, 0.9034369885433715, 0.8983606557377047, 0.901453957996769], "auprc": [0.9292762528326008, 0.9292762528326008, 0.9333051360045126, 0.9307739209414483, 0.9347806307998218, 0.9305215344132443, 0.9450917808185575, 0.9252157154705616, 0.9307739209414483, 0.9333051360045126]}]}