{"enet": [{"auroc": [0.4575, 0.4975, 0.5, 0.4975, 0.45499999999999996, 0.5, 0.5, 0.5, 0.5, 0.5], "acc": [0.45, 0.525, 0.5, 0.525, 0.45, 0.5, 0.5, 0.5, 0.5, 0.5], "aps": [0.4784453369035912, 0.5350811976476326, 0.5, 0.5350811976476326, 0.4719844551927095, 0.5, 0.5, 0.5, 0.5, 0.5], "f1": [0.56, 0.4242424242424242, 0.6666666666666666, 0.4242424242424242, 0.47619047619047616, 0.6666666666666666, 0.6666666666666666, 0.6666666666666666, 0.6666666666666666, 0.6666666666666666], "auprc": [0.45417374437708197, 0.5042355182153082, 0.75, 0.5042355182153082, 0.577402155589041, 0.75, 0.75, 0.75, 0.75, 0.75]}]}