{"auroc": [0.6000000000000001, 0.615, 0.54, 0.625, 0.65625, 0.5425, 0.6124999999999999, 0.6349999999999999, 0.6475000000000001, 0.6], "acc": [0.5, 0.5, 0.5, 0.5, 0.5, 0.5, 0.5, 0.5, 0.5, 0.5], "aps": [0.6247721565512762, 0.635417207226163, 0.5909297438213487, 0.63631347275302, 0.6795269480516473, 0.6572298800846861, 0.6798483870012595, 0.6544987685463473, 0.6701939051445631, 0.6764943132703622], "f1": [0.6666666666666666, 0.0, 0.6666666666666666, 0.0, 0.0, 0.0, 0.6666666666666666, 0.0, 0.6666666666666666, 0.0], "auprc": [0.6092753808236444, 0.6237437006975206, 0.5782704592728641, 0.6246646316615792, 0.6662236345588871, 0.6497419882274658, 0.6707241840180116, 0.6430285757488847, 0.6545939304412354, 0.6674291263813164]}