{"auroc": [0.514004914004914, 0.46535626535626534, 0.4594594594594595, 0.4594594594594595, 0.45995085995086, 0.3653562653562654, 0.5262899262899263, 0.5272727272727273, 0.5287469287469287, 0.48943488943488944], "acc": [0.40217391304347827, 0.40217391304347827, 0.40217391304347827, 0.40217391304347827, 0.4673913043478261, 0.40217391304347827, 0.40217391304347827, 0.40217391304347827, 0.40217391304347827, 0.5978260869565217], "aps": [0.39562590692655575, 0.37357424414645224, 0.3703999751072876, 0.368632646963355, 0.3836891288887728, 0.36185061794853496, 0.4037319980933367, 0.40251613522472385, 0.40024633651476854, 0.40852135657997934], "f1": [0.5736434108527132, 0.5736434108527132, 0.5736434108527132, 0.5736434108527132, 0.5242718446601942, 0.5736434108527132, 0.5736434108527132, 0.5736434108527132, 0.5736434108527132, 0.0], "auprc": [0.3829961525947716, 0.35987913250603615, 0.35581313693087524, 0.35543691524997306, 0.3661216415406154, 0.35158775621748667, 0.39119083297635165, 0.38970393341738085, 0.3876585097869554, 0.39027412375699294]}