{"auroc": [0.5257985257985258, 0.5036855036855038, 0.5562653562653563, 0.49041769041769046, 0.5154791154791155], "acc": [0.40217391304347827, 0.40217391304347827, 0.40217391304347827, 0.40217391304347827, 0.40217391304347827], "aps": [0.40142654839910996, 0.39220950976255736, 0.419200091835559, 0.3904033342805603, 0.39991728090589995], "f1": [0.5736434108527132, 0.5736434108527132, 0.5736434108527132, 0.5736434108527132, 0.5736434108527132], "auprc": [0.3891219256166788, 0.3784023163635259, 0.4060105020324203, 0.3760723021554141, 0.3858557976492973]}