{"auroc": [0.52, 0.52, 0.44000000000000006, 0.44, 0.4, 0.32000000000000006, 0.4, 0.4, 0.52, 0.44], "acc": [0.5, 0.5, 0.5, 0.5, 0.5, 0.5, 0.5, 0.5, 0.5, 0.5], "aps": [0.5833333333333334, 0.6192857142857142, 0.5009523809523809, 0.5053968253968254, 0.46928571428571425, 0.4442857142857143, 0.49111111111111116, 0.4777777777777778, 0.5587301587301587, 0.5053968253968254], "f1": [0.0, 0.0, 0.0, 0.0, 0.0, 0.0, 0.0, 0.0, 0.28571428571428575, 0.0], "auprc": [0.49563492063492054, 0.5817857142857144, 0.4282539682539682, 0.4176984126984127, 0.4067857142857143, 0.3815873015873016, 0.4034126984126984, 0.40507936507936504, 0.4693650793650793, 0.4176984126984127]}