{"best_index": [1999, 1999, 713, 456, 217], "auroc": [0.45, 0.5, 0.5, 0.5, 0.5318181818181819], "acc": [0.47619047619047616, 0.47619047619047616, 0.47619047619047616, 0.5238095238095238, 0.47619047619047616], "aps": [0.45261904761904764, 0.47619047619047616, 0.47619047619047616, 0.47619047619047616, 0.4976190476190476], "f1": [0.6451612903225806, 0.6451612903225806, 0.6451612903225806, 0.0, 0.6451612903225806], "auprc": [0.6988095238095238, 0.7380952380952381, 0.7380952380952381, 0.7380952380952381, 0.7213095238095238]}