{"best_index": [1999, 1999, 1999, 1999, 506], "auroc": [0.4909090909090909, 0.5272727272727272, 0.5454545454545454, 0.5, 0.45454545454545453], "acc": [0.47619047619047616, 0.47619047619047616, 0.47619047619047616, 0.47619047619047616, 0.5238095238095238], "aps": [0.4739348370927318, 0.4828571428571428, 0.5, 0.47619047619047616, 0.47619047619047616], "f1": [0.6451612903225806, 0.0, 0.6451612903225806, 0.6451612903225806, 0.0], "auprc": [0.7094674185463659, 0.4703571428571428, 0.75, 0.7380952380952381, 0.23809523809523808]}