{"best_index": [124, 201, 242, 94, 163], "auroc": [0.6818181818181818, 0.6363636363636364, 0.5909090909090908, 0.6181818181818182, 0.6045454545454546], "acc": [0.47619047619047616, 0.47619047619047616, 0.47619047619047616, 0.5714285714285714, 0.5238095238095238], "aps": [0.6696012759170653, 0.6790601503759398, 0.5291021671826626, 0.6737254901960783, 0.6049525964231847], "f1": [0.6451612903225806, 0.6451612903225806, 0.6451612903225806, 0.608695652173913, 0.5833333333333334], "auprc": [0.7383300497232386, 0.6601840290772178, 0.7395510835913313, 0.6571169149477972, 0.6277616623572505]}