{"auroc": [0.34547346514047866, 0.37460978147762747, 0.37044745057232054, 0.39021852237252863, 0.32986472424557756, 0.3225806451612903, 0.3756503642039542, 0.31009365244536946, 0.3652445369406868, 0.38709677419354843], "acc": [0.5, 0.5, 0.5, 0.5, 0.5, 0.5, 0.5, 0.5, 0.5, 0.5], "aps": [0.43551484876145563, 0.42686169138729446, 0.43046730488731755, 0.4417308712776734, 0.4006680959362827, 0.4123095850089394, 0.4246055599306496, 0.4065033067101208, 0.43354747077911393, 0.4287123113781354], "f1": [0.0, 0.0, 0.0, 0.6666666666666666, 0.0, 0.0, 0.0, 0.0, 0.0, 0.0], "auprc": [0.42346352864607184, 0.40888777925129305, 0.41226173150161627, 0.4235115750288604, 0.3873078050392226, 0.39435331512998856, 0.40691397339467217, 0.3864669901380157, 0.4150230203966513, 0.41105613378045286]}