{"auroc": [0.42351716961498437, 0.6971904266389177, 0.31321540062434966, 0.4308012486992716, 0.32986472424557756, 0.3537981269510926, 0.5046826222684704, 0.37252861602497395, 0.7320499479708638, 0.42039542143600417], "acc": [0.5, 0.5, 0.5, 0.5, 0.5, 0.5, 0.4838709677419355, 0.5, 0.5, 0.5], "aps": [0.49799164290405357, 0.6720730345096309, 0.409321359632403, 0.49477170704079504, 0.4307371019324584, 0.4601207792011385, 0.5349729209744366, 0.4627562884891465, 0.6988955912951342, 0.48949726986271663], "f1": [0.0, 0.0, 0.6666666666666666, 0.0, 0.0, 0.0, 0.0, 0.0, 0.0, 0.0], "auprc": [0.477009533485306, 0.6527338985559159, 0.39128490223463896, 0.4733816692145082, 0.4096908262100196, 0.4380852290765945, 0.5135954350722369, 0.44151649351038313, 0.6799980749683917, 0.46813017537909163]}