{"auroc": [0.5608740894901144, 0.5088449531737773, 0.6087408949011446, 0.5764828303850156, 0.46618106139438087, 0.5972944849115505, 0.3548387096774193, 0.5556711758584808, 0.41623309053069724, 0.5254942767950052], "acc": [0.5, 0.5, 0.5, 0.5, 0.5, 0.5, 0.5, 0.5, 0.5, 0.5], "aps": [0.5461187494779114, 0.5388316504297128, 0.6489534710504847, 0.5905620541464711, 0.5415359411291392, 0.6248125396856042, 0.4468520300618427, 0.6223841797020164, 0.45905269546407057, 0.5526750144464431], "f1": [0.0, 0.0, 0.0, 0.0, 0.0, 0.0, 0.6666666666666666, 0.0, 0.6666666666666666, 0.0], "auprc": [0.5273345355962067, 0.5174558946970028, 0.6419024845066704, 0.5701200777991925, 0.5286923553170538, 0.6146987428079725, 0.4343413440495344, 0.6149074717300727, 0.43788916050798155, 0.539468181892534]}