{"auroc": [0.4474505723204995, 0.3876170655567117, 0.40894901144641005, 0.4318418314255983, 0.4443288241415193, 0.542143600416233, 0.4120707596253902, 0.4973985431841832, 0.449531737773153, 0.413111342351717], "acc": [0.5, 0.5, 0.5, 0.5, 0.5, 0.5, 0.5, 0.5, 0.5, 0.5], "aps": [0.46472702410794153, 0.46598359582989196, 0.4575805240753533, 0.5158504051783248, 0.4789367235520536, 0.5945037102739528, 0.48498971958878906, 0.5123360130483623, 0.47139325623140804, 0.47973839112612254], "f1": [0.0, 0.0, 0.0, 0.0, 0.0, 0.0, 0.0, 0.6666666666666666, 0.20512820512820512, 0.0], "auprc": [0.44780711193305106, 0.4460651511718128, 0.4388120821305148, 0.4950413332390273, 0.45990099820322555, 0.5855890802039545, 0.4660351548231233, 0.4987836622206604, 0.45514617662286716, 0.4580422067047554]}