{"best_index": [181, 272, 169, 217, 246], "auroc": [0.6918714555765595, 0.6332703213610587, 0.6824196597353498, 0.6748582230623819, 0.6880907372400755], "acc": [0.5869565217391305, 0.5, 0.4782608695652174, 0.4782608695652174, 0.5], "aps": [0.660441811475982, 0.6373413415126413, 0.6308958185436278, 0.7247134749082338, 0.7154731282170678], "f1": [0.6666666666666667, 0.6567164179104478, 0.6470588235294117, 0.6470588235294117, 0.6567164179104478], "auprc": [0.6344156281914777, 0.6246757574564954, 0.6081044965751511, 0.718593466990145, 0.7074470988972666]}