{"best_index": [46, 145, 156, 300, 159], "auroc": [0.4201183431952663, 0.4437869822485207, 0.4615384615384615, 0.4437869822485207, 0.46153846153846156], "acc": [0.5, 0.34615384615384615, 0.5, 0.34615384615384615, 0.3076923076923077], "aps": [0.5668242144329101, 0.5890159116246072, 0.5737865581581476, 0.591854739463435, 0.5979902705989661], "f1": [0.6666666666666666, 0.5142857142857142, 0.6666666666666666, 0.5142857142857142, 0.47058823529411764], "auprc": [0.5435641411728369, 0.5665559154804006, 0.5498672495530443, 0.5695268536740108, 0.5755385994630846]}