{"auroc": [0.3274285714285714, 0.4234285714285715, 0.5, 0.5034285714285714, 0.44171428571428567, 0.35485714285714287, 0.388, 0.4268571428571428, 0.476, 0.37085714285714283], "acc": [0.4166666666666667, 0.4166666666666667, 0.4166666666666667, 0.4166666666666667, 0.4166666666666667, 0.4166666666666667, 0.4166666666666667, 0.4166666666666667, 0.4166666666666667, 0.4166666666666667], "aps": [0.47507754694362253, 0.5768122428526049, 0.602876396379682, 0.6055415918929082, 0.5584895579658069, 0.5043448790772622, 0.5065972365612229, 0.5263249708052744, 0.6099232170281447, 0.5012313131080754], "f1": [0.0, 0.0, 0.0, 0.0, 0.0, 0.0, 0.0, 0.0, 0.0, 0.0], "auprc": [0.4627094728001615, 0.5672125168905893, 0.5934899913008705, 0.5961567916609215, 0.5468716240058089, 0.48600479352145604, 0.49273339710727815, 0.5122984435258896, 0.6009000251668428, 0.4862550632235385]}