{"auroc": [0.30800000000000005, 0.4508571428571429, 0.562857142857143, 0.5217142857142857, 0.4108571428571428, 0.42571428571428566, 0.3742857142857142, 0.48971428571428566, 0.4188571428571428, 0.372], "acc": [0.4166666666666667, 0.4166666666666667, 0.4166666666666667, 0.4166666666666667, 0.4166666666666667, 0.4166666666666667, 0.4166666666666667, 0.4166666666666667, 0.4166666666666667, 0.4166666666666667], "aps": [0.4708400610995945, 0.5480323663242549, 0.6286986318436402, 0.6200922757922864, 0.5681870949033273, 0.5372254950411948, 0.4995038550999133, 0.5776121090234337, 0.5430774789116047, 0.5072120508844173], "f1": [0.0, 0.0, 0.0, 0.0, 0.0, 0.0, 0.0, 0.0, 0.0, 0.0], "auprc": [0.45772211648528205, 0.5291610707272367, 0.617276603117265, 0.6110019144513678, 0.558554663840617, 0.5210843829218115, 0.48563479698442047, 0.5664314996670974, 0.5316889532173003, 0.48850856810848586]}