{"auroc": [0.3377142857142857, 0.47028571428571425, 0.4714285714285714, 0.49314285714285716, 0.40857142857142853, 0.356, 0.4382857142857143, 0.5011428571428571, 0.4268571428571428, 0.3422857142857143], "acc": [0.4166666666666667, 0.4166666666666667, 0.4166666666666667, 0.4166666666666667, 0.4166666666666667, 0.4166666666666667, 0.4166666666666667, 0.4166666666666667, 0.4166666666666667, 0.4166666666666667], "aps": [0.4836242548967864, 0.6048874064586022, 0.571440306328901, 0.573589550558034, 0.5658415628269924, 0.4875535740204915, 0.5289532978742427, 0.5848485092323313, 0.5332265917846144, 0.4807368063259134], "f1": [0.0, 0.0, 0.0, 0.0, 0.0, 0.0, 0.0, 0.0, 0.0, 0.0], "auprc": [0.4703979373903027, 0.5953885214440204, 0.5600780285312325, 0.5549270317178885, 0.556305789831697, 0.4738144772360334, 0.5143211201180408, 0.5731077349181032, 0.5149325942779313, 0.46709125687532194]}