{"auroc": [0.33885714285714286, 0.43714285714285706, 0.48971428571428566, 0.5045714285714286, 0.43257142857142855, 0.4828571428571429, 0.3697142857142858, 0.5, 0.4188571428571428, 0.4337142857142857], "acc": [0.4166666666666667, 0.4166666666666667, 0.4166666666666667, 0.4166666666666667, 0.4166666666666667, 0.4166666666666667, 0.4166666666666667, 0.4166666666666667, 0.4166666666666667, 0.4166666666666667], "aps": [0.4806849685261725, 0.5607212963107104, 0.5972312812563436, 0.6174307100561507, 0.5784672035149377, 0.5786689700636152, 0.49497861593224735, 0.6132895801199942, 0.5258339406826156, 0.5281516375113152], "f1": [0.0, 0.0, 0.0, 0.0, 0.0, 0.0, 0.0, 0.0, 0.0, 0.0], "auprc": [0.4675701424360046, 0.5491521181122335, 0.5878917794671321, 0.6080524133437011, 0.5687316247896355, 0.5670090069250401, 0.48046829905419397, 0.603688079190284, 0.5112902994560674, 0.5139152537501235]}