{"best_index": [45, 62, 36, 134, 68], "auroc": [0.4933660933660934, 0.514987714987715, 0.5375921375921376, 0.5090909090909091, 0.49041769041769046], "acc": [0.5978260869565217, 0.5978260869565217, 0.41304347826086957, 0.5978260869565217, 0.5978260869565217], "aps": [0.3855810124813692, 0.4122890857990445, 0.44299921628612293, 0.41437902026003803, 0.39928059799500104], "f1": [0.0, 0.0, 0.578125, 0.0, 0.0], "auprc": [0.37179672617356707, 0.39747327871741445, 0.42663528385289384, 0.39618549114367474, 0.38375383840827626]}