{"best_index": [44, 128, 139, 116, 64], "auroc": [0.4707616707616708, 0.48943488943488944, 0.5518427518427519, 0.4678132678132678, 0.47469287469287474], "acc": [0.5978260869565217, 0.5978260869565217, 0.5978260869565217, 0.5978260869565217, 0.5978260869565217], "aps": [0.41753431578998146, 0.4345537427244596, 0.4630246368189193, 0.39122086887737584, 0.4158272201246835], "f1": [0.0, 0.0, 0.0, 0.0, 0.0], "auprc": [0.39937279677408605, 0.42291093716985817, 0.4535525786526406, 0.37371107001592224, 0.40443516477287245]}