{"auroc": [0.34249999999999997, 0.43500000000000005, 0.4375, 0.49250000000000005, 0.3725, 0.495, 0.4575, 0.355, 0.43999999999999995, 0.4275], "acc": [0.525, 0.5, 0.525, 0.575, 0.525, 0.575, 0.525, 0.475, 0.575, 0.525], "aps": [0.412335555084833, 0.5715339572432477, 0.468002700461063, 0.5041586728937735, 0.42579019419971353, 0.5018560856583005, 0.459729563030548, 0.4186022471779869, 0.44887603209113225, 0.4445872827069147], "f1": [0.6779661016949152, 0.6666666666666666, 0.6779661016949152, 0.7017543859649124, 0.6666666666666667, 0.7017543859649124, 0.6415094339622641, 0.6440677966101694, 0.7017543859649124, 0.6666666666666667], "auprc": [0.3899417161176237, 0.5603520519498624, 0.4382484310597347, 0.47999460176267195, 0.4039718501194903, 0.47102987533788593, 0.43798834149470256, 0.3958880377461257, 0.42714424583918964, 0.42415261066921384]}