{"auroc": [0.45, 0.495, 0.43, 0.39999999999999997, 0.5800000000000001, 0.34750000000000003, 0.41250000000000003, 0.40249999999999997, 0.4, 0.445], "acc": [0.525, 0.5, 0.575, 0.575, 0.475, 0.525, 0.5, 0.525, 0.5, 0.475], "aps": [0.48174101480910925, 0.5476315484166833, 0.47564567475592523, 0.4562348404147192, 0.5316708362633233, 0.4174356497244182, 0.5583225926542741, 0.44466312713712347, 0.4442745518636378, 0.4598841401253743], "f1": [0.6545454545454545, 0.6666666666666666, 0.7017543859649124, 0.7017543859649124, 0.6181818181818183, 0.6666666666666667, 0.0, 0.6666666666666667, 0.6296296296296295, 0.6181818181818183], "auprc": [0.4512767771485583, 0.5298587673235697, 0.44489018011981907, 0.4298659510678886, 0.509588017536435, 0.3943237931211504, 0.5472421744631623, 0.41922564794964434, 0.41573128520852903, 0.4363252856352776]}