{"auroc": [0.5641277641277642, 0.5253071253071253, 0.5434889434889435, 0.52997542997543, 0.5513513513513514, 0.536117936117936, 0.4987714987714988, 0.5606879606879606, 0.5577395577395579, 0.5331695331695332], "acc": [0.40217391304347827, 0.40217391304347827, 0.40217391304347827, 0.40217391304347827, 0.40217391304347827, 0.40217391304347827, 0.40217391304347827, 0.40217391304347827, 0.40217391304347827, 0.40217391304347827], "aps": [0.430676207535629, 0.40104832663692025, 0.4166052514030452, 0.40829920444722967, 0.4219743204372105, 0.4100546729934256, 0.39041581304822914, 0.4231844017719296, 0.4183828752055348, 0.41907784477278415], "f1": [0.5736434108527132, 0.5736434108527132, 0.5736434108527132, 0.5736434108527132, 0.5736434108527132, 0.5736434108527132, 0.5736434108527132, 0.5736434108527132, 0.5736434108527132, 0.5736434108527132], "auprc": [0.4162159239689371, 0.3872901668078378, 0.4024194787135368, 0.39509063117418736, 0.40758177541796947, 0.3961107546534301, 0.37769719026310367, 0.4098901348112833, 0.4045301547388879, 0.6242487141453641]}