{"auroc": [0.48108108108108116, 0.5105651105651106, 0.4535626535626536, 0.5007371007371008, 0.4737100737100738, 0.4766584766584767, 0.45945945945945943, 0.51007371007371, 0.4987714987714988, 0.4633906633906634], "acc": [0.40217391304347827, 0.40217391304347827, 0.40217391304347827, 0.40217391304347827, 0.40217391304347827, 0.40217391304347827, 0.40217391304347827, 0.40217391304347827, 0.40217391304347827, 0.40217391304347827], "aps": [0.38863549839392064, 0.39685385295510184, 0.3655676573967084, 0.3938153665746239, 0.373263437780928, 0.37659122201473333, 0.3773563335990999, 0.3957016497269216, 0.3970600830030848, 0.36827657671339376], "f1": [0.5736434108527132, 0.5736434108527132, 0.5736434108527132, 0.5736434108527132, 0.5736434108527132, 0.5736434108527132, 0.5736434108527132, 0.5736434108527132, 0.5736434108527132, 0.5736434108527132], "auprc": [0.3750527636792336, 0.3822052965390826, 0.35381878619821117, 0.380339891341792, 0.3614659987342714, 0.36258176793310853, 0.36314765204053934, 0.3810815399684178, 0.3832979047516496, 0.35666240036128366]}