{"auroc": [0.5297297297297298, 0.5302211302211303, 0.5257985257985258, 0.5277641277641277, 0.5302211302211302, 0.5233415233415234, 0.5233415233415234, 0.5287469287469287, 0.5292383292383293, 0.5230958230958231], "acc": [0.40217391304347827, 0.40217391304347827, 0.40217391304347827, 0.40217391304347827, 0.40217391304347827, 0.40217391304347827, 0.40217391304347827, 0.40217391304347827, 0.40217391304347827, 0.40217391304347827], "aps": [0.40360109172987496, 0.4025767498757003, 0.40184939409870446, 0.40304053988207433, 0.40366729577360483, 0.4027037724474986, 0.4008966219891671, 0.40457351002040876, 0.40312468493506926, 0.3964612040460629], "f1": [0.5736434108527132, 0.5736434108527132, 0.5736434108527132, 0.5736434108527132, 0.5736434108527132, 0.5736434108527132, 0.5736434108527132, 0.5736434108527132, 0.5736434108527132, 0.5736434108527132], "auprc": [0.3905663319788105, 0.3906530382577371, 0.3892773802036532, 0.39039693418358457, 0.3910887273247877, 0.39004129590921627, 0.38846511387207106, 0.3918980999965487, 0.3905558878673917, 0.3868064007215455]}