{"auroc": [0.5, 0.5316953316953317, 0.5, 0.47542997542997545, 0.5321867321867322, 0.528992628992629, 0.5319410319410319, 0.45847665847665847, 0.5304668304668305, 0.5287469287469287], "acc": [0.40217391304347827, 0.40217391304347827, 0.40217391304347827, 0.40217391304347827, 0.40217391304347827, 0.40217391304347827, 0.40217391304347827, 0.40217391304347827, 0.40217391304347827, 0.40217391304347827], "aps": [0.40217391304347827, 0.4033334222237833, 0.40217391304347827, 0.3947565015339951, 0.40446571937386466, 0.40199902672212723, 0.40450950446999845, 0.3875717149374439, 0.402805562599043, 0.40341806969231764], "f1": [0.5736434108527132, 0.5736434108527132, 0.5736434108527132, 0.5736434108527132, 0.5736434108527132, 0.5736434108527132, 0.5736434108527132, 0.5736434108527132, 0.5736434108527132, 0.5736434108527132], "auprc": [0.7010869565217391, 0.39088293967577903, 0.7010869565217391, 0.36596086052607785, 0.39185088785950356, 0.38987355342954383, 0.392189142029178, 0.38853943457524026, 0.3909645113830944, 0.39082255132398314]}