{"auroc": [0.5469287469287469, 0.5400491400491401, 0.5385749385749387, 0.5213759213759214, 0.5459459459459459, 0.5464373464373464, 0.5410319410319411, 0.5538083538083538, 0.5361179361179361, 0.5277641277641277], "acc": [0.40217391304347827, 0.40217391304347827, 0.40217391304347827, 0.40217391304347827, 0.40217391304347827, 0.40217391304347827, 0.40217391304347827, 0.40217391304347827, 0.40217391304347827, 0.40217391304347827], "aps": [0.4124030385021682, 0.40877786188899173, 0.4134581020788482, 0.4022617214220239, 0.40905099455906924, 0.4142458857513259, 0.41475425377655784, 0.4158473194240092, 0.40881612892515673, 0.4052298765166831], "f1": [0.5736434108527132, 0.5736434108527132, 0.5736434108527132, 0.5736434108527132, 0.5736434108527132, 0.5736434108527132, 0.5736434108527132, 0.5736434108527132, 0.5736434108527132, 0.5736434108527132], "auprc": [0.39969501231803606, 0.3961094972811391, 0.40085234351191024, 0.38936868706450023, 0.39669406213051484, 0.4014013728555549, 0.40139709454134953, 0.4023933139589039, 0.3954122762459016, 0.39192127242710606]}