{"auroc": [0.5331695331695332, 0.5336609336609337, 0.5307125307125308, 0.5341523341523342, 0.5361179361179361, 0.5314496314496314, 0.5304668304668305, 0.5, 0.5324324324324324, 0.5], "acc": [0.40217391304347827, 0.40217391304347827, 0.40217391304347827, 0.40217391304347827, 0.40217391304347827, 0.40217391304347827, 0.40217391304347827, 0.40217391304347827, 0.40217391304347827, 0.40217391304347827], "aps": [0.4064037317411865, 0.4061092181559873, 0.40218467586987033, 0.40716623572219407, 0.4068249223337922, 0.40481234986621817, 0.40423661809897415, 0.40217391304347827, 0.4066868072278332, 0.40217391304347827], "f1": [0.5736434108527132, 0.5736434108527132, 0.5736434108527132, 0.5736434108527132, 0.5736434108527132, 0.5736434108527132, 0.5736434108527132, 0.5736434108527132, 0.5736434108527132, 0.5736434108527132], "auprc": [0.39353392065020704, 0.3933424769908457, 0.3921453330185358, 0.3944939364544567, 0.394077089345678, 0.3921366046480209, 0.39151874442505913, 0.7010869565217391, 0.39340424112930006, 0.7010869565217391]}