{"auroc": [0.5090909090909091, 0.5110565110565111, 0.48550368550368556, 0.4727272727272727, 0.4697788697788698, 0.4501228501228502, 0.47125307125307125, 0.4491400491400492, 0.39754299754299754, 0.5125307125307126], "acc": [0.40217391304347827, 0.40217391304347827, 0.40217391304347827, 0.40217391304347827, 0.40217391304347827, 0.40217391304347827, 0.40217391304347827, 0.40217391304347827, 0.40217391304347827, 0.40217391304347827], "aps": [0.39468672281830014, 0.39404426356546385, 0.38620841984481635, 0.40492244915249376, 0.39356514039482526, 0.3721316709003681, 0.3775021853168258, 0.3627186892114975, 0.34492780223212116, 0.4056376263165996], "f1": [0.5736434108527132, 0.5736434108527132, 0.5736434108527132, 0.5736434108527132, 0.5736434108527132, 0.5736434108527132, 0.5736434108527132, 0.5736434108527132, 0.5736434108527132, 0.5736434108527132], "auprc": [0.3824603539933449, 0.3778440798976964, 0.3694253843131661, 0.3943626029010171, 0.378676383826496, 0.3598606188908954, 0.3630874742251546, 0.34987747466552876, 0.33218153684595353, 0.3924747844740145]}