{"auroc": [0.5562653562653562, 0.5321867321867322, 0.5314496314496315, 0.5321867321867323, 0.5, 0.5326781326781327, 0.52997542997543, 0.5321867321867322, 0.530958230958231, 0.5], "acc": [0.40217391304347827, 0.40217391304347827, 0.40217391304347827, 0.40217391304347827, 0.40217391304347827, 0.40217391304347827, 0.40217391304347827, 0.40217391304347827, 0.40217391304347827, 0.40217391304347827], "aps": [0.4325130757355821, 0.40424101061155815, 0.4030933084711197, 0.40405862733750114, 0.40217391304347827, 0.4048585531712837, 0.4020098568306681, 0.4037151020278325, 0.40472412842856065, 0.40217391304347827], "f1": [0.5736434108527132, 0.5736434108527132, 0.5736434108527132, 0.5736434108527132, 0.5736434108527132, 0.5736434108527132, 0.5736434108527132, 0.5736434108527132, 0.5736434108527132, 0.5736434108527132], "auprc": [0.6123879634109812, 0.3917799770923576, 0.390800043333001, 0.3915992351236493, 0.7010869565217391, 0.39206335387490465, 0.39052626653201794, 0.3912609803197221, 0.3912180560160508, 0.7010869565217391]}