{"enet": [{"auroc": [0.48992628992628995, 0.5528255528255529, 0.5, 0.5, 0.5528255528255529, 0.49926289926289924, 0.5, 0.5528255528255529, 0.5228501228501229, 0.49926289926289924], "acc": [0.40217391304347827, 0.40217391304347827, 0.40217391304347827, 0.40217391304347827, 0.40217391304347827, 0.40217391304347827, 0.40217391304347827, 0.40217391304347827, 0.40217391304347827, 0.40217391304347827], "aps": [0.3980258823738538, 0.504830668704658, 0.40217391304347827, 0.40217391304347827, 0.504830668704658, 0.41378887905004635, 0.40217391304347827, 0.504830668704658, 0.4370610513716109, 0.41378887905004635], "f1": [0.5736434108527132, 0.5736434108527132, 0.5736434108527132, 0.5736434108527132, 0.5736434108527132, 0.5736434108527132, 0.5736434108527132, 0.5736434108527132, 0.5736434108527132, 0.5736434108527132], "auprc": [0.38227775881277437, 0.4978220238390284, 0.7010869565217391, 0.7010869565217391, 0.4978220238390284, 0.39758414599789427, 0.7010869565217391, 0.4978220238390284, 0.41854204755771085, 0.39758414599789427]}]}