{"auroc": [0.5287469287469289, 0.5262899262899263, 0.5316953316953317, 0.5272727272727273, 0.5267813267813268, 0.5307125307125308, 0.5287469287469287, 0.5243243243243243, 0.5277641277641277, 0.5282555282555282], "acc": [0.40217391304347827, 0.40217391304347827, 0.40217391304347827, 0.40217391304347827, 0.40217391304347827, 0.40217391304347827, 0.40217391304347827, 0.40217391304347827, 0.40217391304347827, 0.40217391304347827], "aps": [0.40388978629449224, 0.40324342545882025, 0.404173823743263, 0.40341289600800323, 0.40276936971262634, 0.406221217863212, 0.40452460890529496, 0.40246782777455103, 0.4040511494735779, 0.40304190726604294], "f1": [0.5736434108527132, 0.5736434108527132, 0.5736434108527132, 0.5736434108527132, 0.5736434108527132, 0.5736434108527132, 0.5736434108527132, 0.5736434108527132, 0.5736434108527132, 0.5736434108527132], "auprc": [0.3911926001628106, 0.3904855919678665, 0.39157176642707514, 0.3907178223932438, 0.3900794887698615, 0.3933773417359212, 0.3917623080036997, 0.3897115630598263, 0.3912902102716024, 0.39090823748358816]}