{"auroc": [0.5, 0.47616707616707615, 0.5, 0.5, 0.518918918918919, 0.5302211302211303, 0.5594594594594595, 0.5, 0.5336609336609337, 0.5], "acc": [0.40217391304347827, 0.5978260869565217, 0.40217391304347827, 0.40217391304347827, 0.40217391304347827, 0.40217391304347827, 0.40217391304347827, 0.40217391304347827, 0.40217391304347827, 0.40217391304347827], "aps": [0.40217391304347827, 0.3953553554039736, 0.40217391304347827, 0.40217391304347827, 0.3995210935456035, 0.40295502566261077, 0.4387217652435044, 0.40217391304347827, 0.40471979442317796, 0.40217391304347827], "f1": [0.5736434108527132, 0.0, 0.5736434108527132, 0.5736434108527132, 0.5736434108527132, 0.5736434108527132, 0.5736434108527132, 0.5736434108527132, 0.5736434108527132, 0.5736434108527132], "auprc": [0.7010869565217391, 0.3774886172832278, 0.7010869565217391, 0.7010869565217391, 0.38697330511556294, 0.39025839187135586, 0.3967783000391696, 0.7010869565217391, 0.3926305763277397, 0.7010869565217391]}