{"auroc": [0.5366093366093365, 0.5351351351351351, 0.5366093366093366, 0.5272727272727273, 0.5267813267813268, 0.5439803439803439, 0.5307125307125307, 0.5203931203931205, 0.538083538083538, 0.5184275184275184], "acc": [0.40217391304347827, 0.40217391304347827, 0.40217391304347827, 0.40217391304347827, 0.40217391304347827, 0.40217391304347827, 0.40217391304347827, 0.40217391304347827, 0.40217391304347827, 0.40217391304347827], "aps": [0.404614539399746, 0.40652438104998223, 0.4094409050726675, 0.40390597067851575, 0.40402640713578786, 0.41058335540865853, 0.4040078667657364, 0.3983074539832006, 0.4083295320994767, 0.40113262311868125], "f1": [0.5736434108527132, 0.5736434108527132, 0.5736434108527132, 0.5736434108527132, 0.5736434108527132, 0.5736434108527132, 0.5736434108527132, 0.5736434108527132, 0.5736434108527132, 0.5736434108527132], "auprc": [0.39195126968278093, 0.3932760035524221, 0.3968964198335535, 0.3911937271399004, 0.3915338987607408, 0.39793282784293393, 0.3913260043818747, 0.3857879551814197, 0.3958970051253702, 0.3883720287096497]}