{"enet": [{"auroc": [0.485995085995086, 0.5, 0.47174447174447176, 0.509090909090909, 0.485995085995086, 0.47174447174447176, 0.48943488943488944, 0.47174447174447176, 0.47174447174447176, 0.5], "acc": [0.40217391304347827, 0.40217391304347827, 0.40217391304347827, 0.40217391304347827, 0.40217391304347827, 0.40217391304347827, 0.40217391304347827, 0.40217391304347827, 0.40217391304347827, 0.40217391304347827], "aps": [0.3752851944838731, 0.40217391304347827, 0.3712866517497976, 0.4065934065934066, 0.3752851944838731, 0.3712866517497976, 0.38572224054175563, 0.3712866517497976, 0.3712866517497976, 0.40217391304347827], "f1": [0.5736434108527132, 0.5736434108527132, 0.5736434108527132, 0.5736434108527132, 0.5736434108527132, 0.5736434108527132, 0.5736434108527132, 0.5736434108527132, 0.5736434108527132, 0.5736434108527132], "auprc": [0.36377344794827843, 0.7010869565217391, 0.3596531355685919, 0.7032967032967032, 0.36377344794827843, 0.3596531355685919, 0.37285891663821114, 0.3596531355685919, 0.3596531355685919, 0.7010869565217391]}]}