{"auroc": [0.548894348894349, 0.5262899262899263, 0.5307125307125308, 0.5331695331695332, 0.5321867321867322, 0.5341523341523342, 0.5262899262899263, 0.5326781326781327, 0.5312039312039312, 0.539066339066339], "acc": [0.40217391304347827, 0.40217391304347827, 0.40217391304347827, 0.40217391304347827, 0.40217391304347827, 0.40217391304347827, 0.40217391304347827, 0.40217391304347827, 0.40217391304347827, 0.40217391304347827], "aps": [0.4128155929178722, 0.402735668653808, 0.40684501513681065, 0.40477151933748623, 0.4062239373035582, 0.40758338426541374, 0.40244773957841684, 0.40496937084583773, 0.4067832276533986, 0.4087007753795594], "f1": [0.5736434108527132, 0.5736434108527132, 0.5736434108527132, 0.5736434108527132, 0.5736434108527132, 0.5736434108527132, 0.5736434108527132, 0.5736434108527132, 0.5736434108527132, 0.5736434108527132], "auprc": [0.4002144377367547, 0.3897315784739973, 0.3937278376456068, 0.39181204732658137, 0.39317872635263745, 0.39458592674445725, 0.389394727442935, 0.39198898507429947, 0.39367124313125107, 0.39567080026457907]}