{"auroc": [0.5316953316953317, 0.5262899262899263, 0.5307125307125308, 0.5, 0.5287469287469287, 0.5267813267813267, 0.5287469287469287, 0.5287469287469287, 0.5262899262899263, 0.5312039312039313], "acc": [0.40217391304347827, 0.40217391304347827, 0.40217391304347827, 0.40217391304347827, 0.40217391304347827, 0.40217391304347827, 0.40217391304347827, 0.40217391304347827, 0.40217391304347827, 0.40217391304347827], "aps": [0.40497798318768236, 0.40238806843193536, 0.4043387212532658, 0.40217391304347827, 0.4022656040477903, 0.40313475643344066, 0.40296933947723645, 0.4047126605017195, 0.4020537023166535, 0.4033915589322931], "f1": [0.5736434108527132, 0.5736434108527132, 0.5736434108527132, 0.5736434108527132, 0.5736434108527132, 0.5736434108527132, 0.5736434108527132, 0.5736434108527132, 0.5736434108527132, 0.5736434108527132], "auprc": [0.39228087150511093, 0.38985375124256655, 0.39166291259837394, 0.7010869565217391, 0.3898212209592289, 0.3899181055010439, 0.39045401958591774, 0.39160643379196414, 0.3895242444016392, 0.39099224797634746]}