{"auroc": [0.5041769041769042, 0.4884520884520885, 0.5022113022113022, 0.5223587223587224, 0.5115479115479116, 0.5085995085995086, 0.5316953316953317, 0.49631449631449637, 0.4879606879606879, 0.5159705159705159], "acc": [0.40217391304347827, 0.40217391304347827, 0.40217391304347827, 0.40217391304347827, 0.40217391304347827, 0.40217391304347827, 0.40217391304347827, 0.40217391304347827, 0.40217391304347827, 0.40217391304347827], "aps": [0.3895611441221559, 0.3903603533676727, 0.3874678406555883, 0.3956694641011764, 0.3892984537529409, 0.3889259447314475, 0.40206457153117614, 0.3839629989947413, 0.3799835202143411, 0.3944201365147885], "f1": [0.5736434108527132, 0.5736434108527132, 0.5736434108527132, 0.5736434108527132, 0.5736434108527132, 0.5736434108527132, 0.5736434108527132, 0.5736434108527132, 0.5736434108527132, 0.5736434108527132], "auprc": [0.3776524937332539, 0.3782460947418594, 0.37566108744175086, 0.3839428150456784, 0.3775343186797786, 0.37711450762368187, 0.39048214226817146, 0.37217310124689423, 0.3682794015218655, 0.38246849439825825]}