{"enet": [{"auroc": [0.5316953316953318, 0.5287469287469289, 0.5326781326781327, 0.5316953316953318, 0.5312039312039312, 0.5297297297297299, 0.5316953316953318, 0.5326781326781327, 0.5326781326781327, 0.5312039312039312], "acc": [0.40217391304347827, 0.40217391304347827, 0.40217391304347827, 0.40217391304347827, 0.40217391304347827, 0.40217391304347827, 0.40217391304347827, 0.40217391304347827, 0.40217391304347827, 0.40217391304347827], "aps": [0.4052446074640277, 0.40335027754579467, 0.4057539395910803, 0.4052446074640277, 0.40484817276874197, 0.403106861500206, 0.4052446074640277, 0.4057539395910803, 0.4057539395910803, 0.40484817276874197], "f1": [0.5736434108527132, 0.5736434108527132, 0.5736434108527132, 0.5736434108527132, 0.5736434108527132, 0.5736434108527132, 0.5736434108527132, 0.5736434108527132, 0.5736434108527132, 0.5736434108527132], "auprc": [0.3925401896255394, 0.3906653501199524, 0.3930481927200098, 0.3925401896255394, 0.3921499203645199, 0.39043143020016, 0.3925401896255394, 0.3930481927200098, 0.3930481927200098, 0.3921499203645199]}]}