{"auroc": [0.5547911547911548, 0.576904176904177, 0.5410319410319411, 0.5533169533169533, 0.6039312039312039, 0.5562653562653562, 0.5501228501228501, 0.5503685503685504, 0.542997542997543, 0.5538083538083538], "acc": [0.40217391304347827, 0.40217391304347827, 0.40217391304347827, 0.40217391304347827, 0.40217391304347827, 0.40217391304347827, 0.40217391304347827, 0.40217391304347827, 0.40217391304347827, 0.40217391304347827], "aps": [0.41844041467206017, 0.43811718996683635, 0.4127990159883876, 0.41636460317356244, 0.45335663590555364, 0.41950134807246175, 0.41763020988887356, 0.4165586710432111, 0.4103922959356794, 0.4192406557923303], "f1": [0.5736434108527132, 0.5736434108527132, 0.5736434108527132, 0.5736434108527132, 0.5736434108527132, 0.5736434108527132, 0.5736434108527132, 0.5736434108527132, 0.5736434108527132, 0.5736434108527132], "auprc": [0.4052787645861644, 0.4225979387732762, 0.39943668055402326, 0.40327585505025254, 0.4378018654035279, 0.4064582691264238, 0.40399794732107175, 0.4038809980125685, 0.3975366070881431, 0.4059749144999566]}