{"auroc": [0.5324324324324325, 0.5346437346437346, 0.5343980343980345, 0.5375921375921376, 0.5385749385749385, 0.5321867321867322, 0.5, 0.5366093366093366, 0.5351351351351352, 0.5371007371007371], "acc": [0.40217391304347827, 0.40217391304347827, 0.40217391304347827, 0.40217391304347827, 0.40217391304347827, 0.40217391304347827, 0.40217391304347827, 0.40217391304347827, 0.40217391304347827, 0.40217391304347827], "aps": [0.40266013474015483, 0.40656655677558307, 0.40615970716038274, 0.40755117317772815, 0.4078447014076674, 0.40656373765792697, 0.40217391304347827, 0.4070850732998303, 0.4066676964784113, 0.40759364665817366], "f1": [0.5736434108527132, 0.5736434108527132, 0.5736434108527132, 0.5736434108527132, 0.5736434108527132, 0.5736434108527132, 0.5736434108527132, 0.5736434108527132, 0.5736434108527132, 0.5736434108527132], "auprc": [0.3923223249167423, 0.39414751824548494, 0.3935723517065073, 0.3949191300857356, 0.3952116952845952, 0.3938923142620192, 0.7010869565217391, 0.39465426103893225, 0.39403531766003314, 0.39495934990231146]}