{"enet": [{"auroc": [0.5262899262899263, 0.5253071253071254, 0.5253071253071254, 0.5, 0.5, 0.5307125307125308, 0.5, 0.5218673218673219, 0.5272727272727273, 0.5444717444717444], "acc": [0.40217391304347827, 0.40217391304347827, 0.40217391304347827, 0.40217391304347827, 0.40217391304347827, 0.40217391304347827, 0.40217391304347827, 0.4782608695652174, 0.45652173913043476, 0.40217391304347827], "aps": [0.4029632328376158, 0.4027352952403498, 0.4027352952403498, 0.40217391304347827, 0.40217391304347827, 0.40431661044758416, 0.40217391304347827, 0.41182421352095144, 0.4717676916221471, 0.41443480114531817], "f1": [0.5736434108527132, 0.5736434108527132, 0.5736434108527132, 0.5736434108527132, 0.5736434108527132, 0.5736434108527132, 0.5736434108527132, 0.5862068965517242, 0.5901639344262295, 0.5736434108527132], "auprc": [0.3902391034013576, 0.39001753227127534, 0.39001753227127534, 0.7010869565217391, 0.7010869565217391, 0.39158980612632743, 0.7010869565217391, 0.6428455623890316, 0.46367263254263424, 0.4002746444293729]}]}