{"auroc": [0.486977886977887, 0.5046683046683047, 0.5336609336609337, 0.5243243243243243, 0.5076167076167076, 0.5557739557739557, 0.5233415233415234, 0.5051597051597052, 0.5302211302211303, 0.5371007371007371], "acc": [0.40217391304347827, 0.40217391304347827, 0.40217391304347827, 0.40217391304347827, 0.40217391304347827, 0.40217391304347827, 0.40217391304347827, 0.40217391304347827, 0.40217391304347827, 0.40217391304347827], "aps": [0.3869730837275927, 0.4011068240788889, 0.41481266776432957, 0.399580916160758, 0.39966360472652757, 0.4311875871108356, 0.40278581238396316, 0.399244829313352, 0.41200583160657167, 0.4110615570067219], "f1": [0.5736434108527132, 0.5736434108527132, 0.5736434108527132, 0.5736434108527132, 0.5736434108527132, 0.5736434108527132, 0.5736434108527132, 0.5736434108527132, 0.5736434108527132, 0.5736434108527132], "auprc": [0.37431528256197644, 0.38703122528036776, 0.400653153851657, 0.38710218874220714, 0.3862052400679025, 0.4152634079525558, 0.38988381700185304, 0.38513389957898625, 0.3979184160393052, 0.39742025032816447]}