{"auroc": [0.45307125307125307, 0.4142506142506143, 0.4727272727272728, 0.428992628992629, 0.3950859950859952, 0.4977886977886978, 0.4265356265356266, 0.4363636363636364, 0.39361179361179366, 0.49434889434889434], "acc": [0.40217391304347827, 0.40217391304347827, 0.40217391304347827, 0.40217391304347827, 0.40217391304347827, 0.40217391304347827, 0.40217391304347827, 0.40217391304347827, 0.40217391304347827, 0.40217391304347827], "aps": [0.3664059157187718, 0.35078757026854984, 0.37669569015140086, 0.36126210547849824, 0.3667236133354872, 0.3885086477926111, 0.364318183444183, 0.36124327514698745, 0.3536655933704096, 0.38752359980654916], "f1": [0.5736434108527132, 0.5736434108527132, 0.5736434108527132, 0.5736434108527132, 0.5736434108527132, 0.5736434108527132, 0.5736434108527132, 0.5736434108527132, 0.5736434108527132, 0.5736434108527132], "auprc": [0.3544142441699199, 0.33816310418247597, 0.3637848749555058, 0.347869475660597, 0.34942622986919175, 0.37534619967334915, 0.3492971540695717, 0.34852261193661715, 0.3387800457417634, 0.37599195864968016]}