{"auroc": [0.5081081081081081, 0.45601965601965605, 0.5115479115479116, 0.5071253071253072, 0.45257985257985256, 0.5321867321867322, 0.5375921375921376, 0.4864864864864865, 0.5140049140049141, 0.4874692874692875], "acc": [0.40217391304347827, 0.40217391304347827, 0.40217391304347827, 0.40217391304347827, 0.40217391304347827, 0.40217391304347827, 0.40217391304347827, 0.40217391304347827, 0.40217391304347827, 0.40217391304347827], "aps": [0.3922039654226097, 0.37116645042865026, 0.39673029572991186, 0.3936356818636434, 0.37173332399737935, 0.40631982268422356, 0.40793751687389423, 0.38184119490632357, 0.394257928273527, 0.389879211259496], "f1": [0.5736434108527132, 0.5736434108527132, 0.5736434108527132, 0.5736434108527132, 0.5736434108527132, 0.5736434108527132, 0.5736434108527132, 0.5736434108527132, 0.5736434108527132, 0.5736434108527132], "auprc": [0.37981118889183507, 0.35749124557227135, 0.38400880359730316, 0.38094571550599116, 0.3577059981912697, 0.3936360767431379, 0.3952748575766548, 0.3689150066479242, 0.38203566563196817, 0.3745334047548699]}