{"auroc": [0.542014742014742, 0.49631449631449637, 0.5223587223587224, 0.516953316953317, 0.4776412776412776, 0.5218673218673219, 0.44963144963144963, 0.5120393120393121, 0.5248157248157248, 0.5449631449631449], "acc": [0.40217391304347827, 0.40217391304347827, 0.40217391304347827, 0.40217391304347827, 0.40217391304347827, 0.40217391304347827, 0.40217391304347827, 0.40217391304347827, 0.40217391304347827, 0.5217391304347826], "aps": [0.41072814903434396, 0.38705603646802367, 0.40265851192898316, 0.397120761337433, 0.3806832392686621, 0.3961993219286643, 0.3763906850669385, 0.39479593163589094, 0.40233566066935433, 0.40235014392104795], "f1": [0.5736434108527132, 0.5736434108527132, 0.5736434108527132, 0.5736434108527132, 0.5736434108527132, 0.5736434108527132, 0.5736434108527132, 0.5736434108527132, 0.5736434108527132, 0.40540540540540543], "auprc": [0.39836225982517914, 0.37466543301876365, 0.3903802300967199, 0.38464917628927087, 0.36761699594162733, 0.38431898905217815, 0.3610393780906244, 0.3828051805614132, 0.390124900090438, 0.3914271063312767]}