{"enet": [{"auroc": [0.4103194103194103, 0.4383292383292383, 0.39459459459459456, 0.4353808353808354, 0.4383292383292383, 0.39459459459459456, 0.44127764127764135, 0.4383292383292383, 0.39459459459459456, 0.43341523341523347], "acc": [0.40217391304347827, 0.40217391304347827, 0.40217391304347827, 0.40217391304347827, 0.40217391304347827, 0.40217391304347827, 0.5978260869565217, 0.40217391304347827, 0.40217391304347827, 0.5978260869565217], "aps": [0.3952934277461121, 0.38709057364238325, 0.3493993727914375, 0.3788027368994003, 0.38709057364238325, 0.3493993727914375, 0.3784416716914998, 0.38709057364238325, 0.3493993727914375, 0.3807918786575018], "f1": [0.5736434108527132, 0.5736434108527132, 0.5736434108527132, 0.5736434108527132, 0.5736434108527132, 0.5736434108527132, 0.0, 0.5736434108527132, 0.5736434108527132, 0.0], "auprc": [0.38668863967911893, 0.3695382734098105, 0.33353105426496366, 0.36870665789428075, 0.3695382734098105, 0.33353105426496366, 0.3685974155326742, 0.3695382734098105, 0.33353105426496366, 0.3702442497480326]}]}