{"auroc": [0.5587223587223588, 0.566093366093366, 0.5783783783783784, 0.572972972972973, 0.4442260442260443, 0.5257985257985258, 0.5621621621621622, 0.5493857493857495, 0.5415233415233415, 0.5371007371007371], "acc": [0.40217391304347827, 0.40217391304347827, 0.40217391304347827, 0.40217391304347827, 0.5978260869565217, 0.40217391304347827, 0.40217391304347827, 0.40217391304347827, 0.40217391304347827, 0.40217391304347827], "aps": [0.4201459519560081, 0.4238674881055269, 0.4331467246666494, 0.42871445970869165, 0.3927206973323414, 0.40532921143330475, 0.42147947859226537, 0.4186937426613695, 0.409568884093117, 0.4079877908185735], "f1": [0.5736434108527132, 0.5736434108527132, 0.5736434108527132, 0.5736434108527132, 0.0, 0.5736434108527132, 0.5736434108527132, 0.5736434108527132, 0.5736434108527132, 0.5736434108527132], "auprc": [0.4077547291854616, 0.41152858642624907, 0.42031409741272396, 0.4158435154877006, 0.37668123896883965, 0.3931564071972412, 0.40898799049176404, 0.4059783972099087, 0.3972297801132702, 0.3955128531878535]}