{"enet": [{"auroc": [0.4850122850122851, 0.5331695331695332, 0.5, 0.5341523341523342, 0.5331695331695332, 0.4850122850122851, 0.5, 0.5, 0.4850122850122851, 0.5], "acc": [0.5978260869565217, 0.40217391304347827, 0.40217391304347827, 0.40217391304347827, 0.40217391304347827, 0.5978260869565217, 0.40217391304347827, 0.40217391304347827, 0.5978260869565217, 0.40217391304347827], "aps": [0.3875860637046239, 0.4070203072488423, 0.40217391304347827, 0.40676384393197357, 0.4070203072488423, 0.3875860637046239, 0.40217391304347827, 0.40217391304347827, 0.3875860637046239, 0.40217391304347827], "f1": [0.0, 0.5736434108527132, 0.5736434108527132, 0.5736434108527132, 0.5736434108527132, 0.0, 0.5736434108527132, 0.5736434108527132, 0.0, 0.5736434108527132], "auprc": [0.3724473715486179, 0.3941650458266849, 0.7010869565217391, 0.3933377151306794, 0.3941650458266849, 0.3724473715486179, 0.7010869565217391, 0.7010869565217391, 0.3724473715486179, 0.7010869565217391]}]}