{"enet": [{"auroc": [0.5380835380835381, 0.5380835380835381, 0.5, 0.5, 0.5, 0.5, 0.5, 0.5267813267813268, 0.5, 0.5380835380835381], "acc": [0.40217391304347827, 0.40217391304347827, 0.40217391304347827, 0.40217391304347827, 0.40217391304347827, 0.40217391304347827, 0.40217391304347827, 0.40217391304347827, 0.40217391304347827, 0.40217391304347827], "aps": [0.41519967529747903, 0.41519967529747903, 0.40217391304347827, 0.40217391304347827, 0.40217391304347827, 0.40217391304347827, 0.40217391304347827, 0.4072898570096507, 0.40217391304347827, 0.41519967529747903], "f1": [0.5736434108527132, 0.5736434108527132, 0.5736434108527132, 0.5736434108527132, 0.5736434108527132, 0.5736434108527132, 0.5736434108527132, 0.5736434108527132, 0.5736434108527132, 0.5736434108527132], "auprc": [0.4006905682565029, 0.4006905682565029, 0.7010869565217391, 0.7010869565217391, 0.7010869565217391, 0.7010869565217391, 0.7010869565217391, 0.3928999377231085, 0.7010869565217391, 0.4006905682565029]}]}