{"enet": [{"auroc": [0.5115479115479116, 0.5243243243243243, 0.5115479115479116, 0.5115479115479116, 0.5130221130221131, 0.5243243243243243, 0.5, 0.5341523341523342, 0.5174447174447174, 0.5130221130221131], "acc": [0.40217391304347827, 0.40217391304347827, 0.40217391304347827, 0.40217391304347827, 0.40217391304347827, 0.40217391304347827, 0.40217391304347827, 0.40217391304347827, 0.40217391304347827, 0.40217391304347827], "aps": [0.42296886787500754, 0.46059943277062965, 0.42296886787500754, 0.42296886787500754, 0.430645130075605, 0.46059943277062965, 0.40217391304347827, 0.4192439694576816, 0.4196113761669944, 0.430645130075605], "f1": [0.5736434108527132, 0.5736434108527132, 0.5736434108527132, 0.5736434108527132, 0.5736434108527132, 0.5736434108527132, 0.5736434108527132, 0.5736434108527132, 0.5736434108527132, 0.5736434108527132], "auprc": [0.40677283861953784, 0.44868660450339964, 0.40677283861953784, 0.40677283861953784, 0.41222381018774934, 0.44868660450339964, 0.7010869565217391, 0.4035525601329535, 0.4036323058908311, 0.41222381018774934]}]}