{"auroc": [0.541031941031941, 0.5488943488943488, 0.5297297297297298, 0.5395577395577396, 0.5484029484029483, 0.5275184275184276, 0.5459459459459459, 0.5287469287469287, 0.5233415233415234, 0.5257985257985258], "acc": [0.40217391304347827, 0.40217391304347827, 0.40217391304347827, 0.40217391304347827, 0.40217391304347827, 0.40217391304347827, 0.40217391304347827, 0.40217391304347827, 0.40217391304347827, 0.40217391304347827], "aps": [0.41577701695368685, 0.41746954121323804, 0.4062639231307974, 0.41352261751442787, 0.42132845100980176, 0.41098918978465193, 0.41562779571057545, 0.4106911999938269, 0.4110597268548718, 0.40666186145197825], "f1": [0.5736434108527132, 0.5736434108527132, 0.5736434108527132, 0.5736434108527132, 0.5736434108527132, 0.5736434108527132, 0.5736434108527132, 0.5736434108527132, 0.5736434108527132, 0.5736434108527132], "auprc": [0.40224934796229816, 0.40352993740301474, 0.3932736769489936, 0.400133576235849, 0.4078231904581843, 0.39717809486886546, 0.40230186666418405, 0.3969388963330628, 0.39599647161160695, 0.3935828971561587]}