{"auroc": [0.5336609336609337, 0.5341523341523341, 0.5307125307125307, 0.5326781326781327, 0.5, 0.5351351351351351, 0.5282555282555284, 0.5341523341523342, 0.5292383292383293, 0.5238329238329238], "acc": [0.40217391304347827, 0.40217391304347827, 0.40217391304347827, 0.40217391304347827, 0.40217391304347827, 0.40217391304347827, 0.40217391304347827, 0.40217391304347827, 0.40217391304347827, 0.40217391304347827], "aps": [0.4051337860783357, 0.40212699363731436, 0.4046047380374587, 0.4058292090399105, 0.40217391304347827, 0.40641619420902353, 0.40511945657758786, 0.4063507159465488, 0.4039266633569958, 0.40334534668949207], "f1": [0.5736434108527132, 0.5736434108527132, 0.5736434108527132, 0.5736434108527132, 0.5736434108527132, 0.5736434108527132, 0.5736434108527132, 0.5736434108527132, 0.5736434108527132, 0.5736434108527132], "auprc": [0.39254399265971274, 0.3914425099370745, 0.39197908052214436, 0.3931971868457832, 0.7010869565217391, 0.3939387548257687, 0.3923721456443755, 0.3935839572548253, 0.39146131359712844, 0.39060304117384115]}