{"enet": [{"auroc": [0.45700245700245706, 0.5375921375921376, 0.5277641277641278, 0.5282555282555284, 0.5282555282555284, 0.45700245700245706, 0.5282555282555284, 0.5282555282555284, 0.5287469287469289, 0.5282555282555284], "acc": [0.40217391304347827, 0.40217391304347827, 0.40217391304347827, 0.40217391304347827, 0.40217391304347827, 0.40217391304347827, 0.40217391304347827, 0.40217391304347827, 0.40217391304347827, 0.40217391304347827], "aps": [0.3903103629463073, 0.4089442747830883, 0.40997605403817244, 0.4072545151858814, 0.4072545151858814, 0.3903103629463073, 0.4072545151858814, 0.4072545151858814, 0.4046565096315153, 0.4072545151858814], "f1": [0.5736434108527132, 0.5736434108527132, 0.5736434108527132, 0.5736434108527132, 0.5736434108527132, 0.5736434108527132, 0.5736434108527132, 0.5736434108527132, 0.5736434108527132, 0.5736434108527132], "auprc": [0.3757888542365161, 0.3952401701683562, 0.3960288021511718, 0.3941369245794569, 0.3941369245794569, 0.3757888542365161, 0.3941369245794569, 0.3941369245794569, 0.39162972938040375, 0.3941369245794569]}]}