{"best_index": [0, 313, 515, 79, 66], "auroc": [0.5, 0.672, 0.6771428571428572, 0.5, 0.5], "acc": [0.4166666666666667, 0.4166666666666667, 0.4166666666666667, 0.4166666666666667, 0.5833333333333334], "aps": [0.5833333333333334, 0.7308952162533057, 0.7532204906039396, 0.5833333333333334, 0.5833333333333334], "f1": [0.0, 0.0, 0.0, 0.0, 0.7368421052631579], "auprc": [0.7916666666666667, 0.7450020472919141, 0.75250416984748, 0.7916666666666667, 0.7916666666666667]}