{"best_index": [430, 796, 153, 180, 241], "auroc": [0.5405714285714286, 0.6302857142857142, 0.5617142857142856, 0.5388571428571428, 0.5474285714285715], "acc": [0.4166666666666667, 0.5833333333333334, 0.5833333333333334, 0.4166666666666667, 0.5833333333333334], "aps": [0.6458082777285521, 0.7192619999981928, 0.627708964146046, 0.6313980425418834, 0.6200619521007268], "f1": [0.0, 0.7368421052631579, 0.7368421052631579, 0.0, 0.7368421052631579], "auprc": [0.63683013762815, 0.7133444980140149, 0.6088607265166899, 0.6128243312745028, 0.6020577581343602]}