{"enet": [{"auroc": [0.56, 0.5, 0.64, 0.5800000000000001, 0.64, 0.64, 0.5, 0.72, 0.5, 0.72], "acc": [0.5, 0.5, 0.5, 0.7, 0.6, 0.5, 0.5, 0.7, 0.5, 0.7], "aps": [0.6833333333333333, 0.5, 0.5992857142857143, 0.6499999999999999, 0.5992857142857143, 0.5992857142857143, 0.5, 0.6361904761904762, 0.5, 0.6361904761904762], "f1": [0.5454545454545454, 0.0, 0.5454545454545454, 0.6666666666666665, 0.6, 0.5454545454545454, 0.0, 0.7272727272727272, 0.0, 0.7272727272727272], "auprc": [0.6456349206349206, 0.75, 0.7067857142857142, 0.7123015873015873, 0.7067857142857142, 0.7067857142857142, 0.75, 0.7447619047619047, 0.75, 0.7447619047619047]}]}