{"auroc": [0.4800000000000001, 0.52, 0.44, 0.31999999999999995, 0.4, 0.56, 0.52, 0.4800000000000001, 0.52, 0.56], "acc": [0.5, 0.5, 0.5, 0.5, 0.4, 0.5, 0.5, 0.5, 0.5, 0.5], "aps": [0.5476190476190476, 0.525952380952381, 0.5053968253968254, 0.45555555555555555, 0.5222222222222221, 0.6587301587301588, 0.5676190476190476, 0.5476190476190476, 0.6476190476190475, 0.5726190476190476], "f1": [0.0, 0.0, 0.0, 0.0, 0.0, 0.0, 0.28571428571428575, 0.0, 0.0, 0.0], "auprc": [0.4582539682539682, 0.45345238095238094, 0.4176984126984127, 0.38305555555555554, 0.43305555555555547, 0.6193650793650793, 0.4782539682539682, 0.4582539682539682, 0.6082539682539683, 0.48345238095238097]}