{"auroc": [0.6824196597353498, 0.6899810964083175, 0.6918714555765595, 0.6862003780718336, 0.6805293005671077], "acc": [0.5, 0.4782608695652174, 0.4782608695652174, 0.5, 0.4782608695652174], "aps": [0.6851333195130047, 0.6924215096792843, 0.6790586219313851, 0.6896567536028666, 0.6572358613586246], "f1": [0.6666666666666666, 0.6470588235294117, 0.6470588235294117, 0.6666666666666666, 0.6470588235294117], "auprc": [0.6708745945692418, 0.6781933972167444, 0.6544209097350002, 0.6754932108272513, 0.6315556097272859]}