{"auroc": [0.5671077504725898, 0.6294896030245746, 0.5803402646502835, 0.499054820415879, 0.5160680529300566], "acc": [0.5, 0.5869565217391305, 0.6086956521739131, 0.5, 0.4782608695652174], "aps": [0.5365113812917705, 0.5811885852739266, 0.5507638072855464, 0.5, 0.5106515847767173], "f1": [0.6666666666666666, 0.6885245901639344, 0.6999999999999998, 0.6567164179104478, 0.6470588235294117], "auprc": [0.7579037237721793, 0.7604983675251314, 0.7432453204192335, 0.7388888888888889, 0.7328510449136112]}