{"auroc": [0.6616257088846881, 0.6748582230623819, 0.6880907372400755, 0.6937618147448016, 0.6956521739130435], "acc": [0.5434782608695652, 0.6086956521739131, 0.6521739130434783, 0.5869565217391305, 0.6086956521739131], "aps": [0.6187079954679138, 0.6304159881288944, 0.6553663530408341, 0.63883117357806, 0.6769014744589719], "f1": [0.6865671641791045, 0.6785714285714286, 0.7037037037037037, 0.6984126984126985, 0.6399999999999999], "auprc": [0.5916817852967297, 0.6035092396537456, 0.6427284212120623, 0.6122452517548962, 0.6619703527979995]}