{"auroc": [0.5850661625708885, 0.6568998109640831, 0.611531190926276, 0.670132325141777, 0.6512287334593573], "acc": [0.5, 0.5217391304347826, 0.5652173913043478, 0.5652173913043478, 0.5652173913043478], "aps": [0.5502288329519451, 0.6083095600258746, 0.5702163236627712, 0.6335565330674483, 0.6001731171455132], "f1": [0.6666666666666666, 0.6666666666666667, 0.6875000000000001, 0.6875000000000001, 0.6875000000000001], "auprc": [0.753969860548808, 0.7558798498789366, 0.744786466618386, 0.7341563830310311, 0.7437655822481193]}