{"auroc": [0.6313799621928167, 0.6937618147448015, 0.6862003780718336, 0.6918714555765595, 0.6729678638941399], "acc": [0.5, 0.4782608695652174, 0.4782608695652174, 0.4782608695652174, 0.4782608695652174], "aps": [0.6069251821462387, 0.6460367692916144, 0.7167620048398081, 0.6956889572490597, 0.6404380381149604], "f1": [0.6666666666666666, 0.6470588235294117, 0.6470588235294117, 0.6470588235294117, 0.6470588235294117], "auprc": [0.5800742134218323, 0.6193723444862027, 0.7083565513614247, 0.6817695691276529, 0.6141380632011869]}