{"auroc": [0.6465028355387523, 0.6843100189035918, 0.6247637051039697, 0.6521739130434783, 0.6323251417769375], "acc": [0.5, 0.5, 0.5869565217391305, 0.4782608695652174, 0.5434782608695652], "aps": [0.5956228365082762, 0.6493077787801749, 0.5788931775728907, 0.6028289876569721, 0.5863936026819658], "f1": [0.6666666666666666, 0.6666666666666666, 0.6779661016949152, 0.6470588235294117, 0.6769230769230768], "auprc": [0.7241544013536113, 0.721919658541484, 0.7139439950117377, 0.7616934851143422, 0.7531677482684516]}