{"best_index": [190, 147, 110, 198, 145], "auroc": [0.5982857142857143, 0.5491428571428572, 0.5228571428571428, 0.5468571428571428, 0.5651428571428571], "acc": [0.5833333333333334, 0.5833333333333334, 0.5833333333333334, 0.5833333333333334, 0.4166666666666667], "aps": [0.6546770614054349, 0.6128687150247686, 0.6317174895645447, 0.5990891402284162, 0.635299587568864], "f1": [0.7368421052631579, 0.7368421052631579, 0.7368421052631579, 0.7368421052631579, 0.0], "auprc": [0.6362978464435882, 0.5938499846759664, 0.6135389263067756, 0.5802624096587876, 0.6174736673408403]}