{"best_index": [119, 173, 171, 783, 90], "auroc": [0.6668571428571429, 0.7308571428571429, 0.6405714285714286, 0.44399999999999995, 0.7091428571428572], "acc": [0.5833333333333334, 0.5833333333333334, 0.5833333333333334, 0.5833333333333334, 0.5833333333333334], "aps": [0.7351812931068104, 0.7748088903107148, 0.7503812325398541, 0.5892774754955217, 0.7219581262004447], "f1": [0.7368421052631579, 0.7368421052631579, 0.7368421052631579, 0.7368421052631579, 0.7368421052631579], "auprc": [0.7292288239178721, 0.7688811647777098, 0.7460155488823285, 0.5802305952855962, 0.7132031348605437]}