{"best_index": [223, 427, 91, 232, 81], "auroc": [0.6542857142857144, 0.6497142857142857, 0.7262857142857143, 0.6497142857142857, 0.6451428571428571], "acc": [0.5833333333333334, 0.5833333333333334, 0.5833333333333334, 0.5833333333333334, 0.5833333333333334], "aps": [0.6982883002593215, 0.6995389354747305, 0.7544358299763798, 0.681979569611326, 0.6847004668297278], "f1": [0.7368421052631579, 0.7368421052631579, 0.7368421052631579, 0.7368421052631579, 0.7368421052631579], "auprc": [0.6872769827672086, 0.6889272546711852, 0.7444184378167745, 0.6637689374415692, 0.6667956020407161]}