{"enet": [{"auroc": [0.8699561403508772, 0.8684885290148449, 0.7558367071524966, 0.8362516869095816, 0.8362516869095816, 0.8684885290148449, 0.8362516869095816, 0.8056174089068826, 0.8572199730094467, 0.8056174089068826], "acc": [0.8380462724935732, 0.8303341902313625, 0.8226221079691517, 0.8354755784061697, 0.8354755784061697, 0.8303341902313625, 0.8354755784061697, 0.8251928020565553, 0.8354755784061697, 0.8251928020565553], "aps": [0.9456326634917315, 0.9399152125571515, 0.8524330986625619, 0.9085902550797371, 0.9085902550797371, 0.9399152125571515, 0.9085902550797371, 0.8817831792181329, 0.9270294591622797, 0.8817831792181329], "f1": [0.8962108731466227, 0.892156862745098, 0.8859504132231405, 0.8950819672131147, 0.8950819672131147, 0.892156862745098, 0.8950819672131147, 0.8888888888888888, 0.8950819672131147, 0.8888888888888888], "auprc": [0.9455319027841338, 0.9432201093825222, 0.9184768972376871, 0.9312269507813311, 0.9312269507813311, 0.9432201093825222, 0.9312269507813311, 0.9284386887704121, 0.9352551631694941, 0.9284386887704121]}]}