{"enet": [{"auroc": [0.8694669365721999, 0.8578947368421053, 0.7840418353576248, 0.804284750337382, 0.8009952766531714, 0.8694669365721999, 0.8578947368421053, 0.8694669365721999, 0.7840418353576248, 0.8183704453441295], "acc": [0.8483290488431876, 0.8303341902313625, 0.8380462724935732, 0.8303341902313625, 0.8354755784061697, 0.8483290488431876, 0.8303341902313625, 0.8483290488431876, 0.8380462724935732, 0.8200514138817481], "aps": [0.927513112484386, 0.9174232223145655, 0.8680313757182547, 0.8814300572692373, 0.8779656632947137, 0.927513112484386, 0.9174232223145655, 0.927513112484386, 0.8680313757182547, 0.8894130315292562], "f1": [0.9011725293132329, 0.890728476821192, 0.8934010152284264, 0.8885135135135135, 0.8947368421052632, 0.9011725293132329, 0.890728476821192, 0.9011725293132329, 0.8934010152284264, 0.8881789137380192], "auprc": [0.9271007741804409, 0.9199863230016151, 0.9262820911638325, 0.931215560329691, 0.9321177366268489, 0.9271007741804409, 0.9199863230016151, 0.9271007741804409, 0.9262820911638325, 0.9349460354091043]}]}