{"rf": [{"auroc": [0.9224696356275303], "acc": [0.8020565552699229], "aps": [0.9677223080971626], "f1": [0.8806201550387597], "auprc": [0.9676462490625334]}], "enet": [{"auroc": [0.7826248313090418], "acc": [0.8200514138817481], "aps": [0.8679440556257811], "f1": [0.8870967741935484], "auprc": [0.9275977162543686]}]}