{"enet": [{"auroc": [0.7171052631578947, 0.7297908232118758, 0.5593454790823212, 0.5593454790823212, 0.5593454790823212, 0.7171052631578947, 0.7297908232118758, 0.7297908232118758, 0.6923414304993253, 0.7171052631578947], "acc": [0.6863753213367609, 0.7583547557840618, 0.7069408740359897, 0.7069408740359897, 0.7069408740359897, 0.6863753213367609, 0.7583547557840618, 0.7583547557840618, 0.7789203084832905, 0.6863753213367609], "aps": [0.8348335480791852, 0.8410543751305106, 0.761731294116572, 0.761731294116572, 0.761731294116572, 0.8348335480791852, 0.8410543751305106, 0.8410543751305106, 0.8206252483759722, 0.8348335480791852], "f1": [0.7715355805243445, 0.8567073170731706, 0.8246153846153846, 0.8246153846153846, 0.8246153846153846, 0.7715355805243445, 0.8567073170731706, 0.8567073170731706, 0.8603896103896104, 0.7715355805243445], "auprc": [0.8715038802039421, 0.9004387422618972, 0.8477349313632835, 0.8477349313632835, 0.8477349313632835, 0.8715038802039421, 0.9004387422618972, 0.9004387422618972, 0.8189341581453166, 0.8715038802039421]}]}