{"enet": [{"auroc": [0.7435053981106613, 0.7654520917678812, 0.8586369770580298, 0.8586369770580298, 0.7579453441295546, 0.8402159244264509, 0.7579116059379217, 0.754942645074224, 0.8697031039136303, 0.8586369770580298], "acc": [0.8380462724935732, 0.8354755784061697, 0.8329048843187661, 0.8329048843187661, 0.794344473007712, 0.8303341902313625, 0.8303341902313625, 0.8251928020565553, 0.8277634961439588, 0.8329048843187661], "aps": [0.8450077642662488, 0.8578458077456914, 0.922939445477972, 0.922939445477972, 0.8553864011791678, 0.9060122575305277, 0.8530285730229349, 0.8517065448628955, 0.9316885811901868, 0.922939445477972], "f1": [0.896551724137931, 0.8947368421052632, 0.8949919224555736, 0.8949919224555736, 0.8722044728434504, 0.8914473684210525, 0.8928571428571428, 0.8896103896103896, 0.8917609046849757, 0.8949919224555736], "auprc": [0.9181591239033903, 0.9228060168464824, 0.9410236930654012, 0.9410236930654012, 0.9172538900449728, 0.9412885699209437, 0.9205720418285064, 0.9176704279768255, 0.9448904926938945, 0.9410236930654012]}]}