{"enet": [{"auroc": [0.7045040485829959, 0.7066295546558704, 0.7418184885290149, 0.6956309041835358, 0.6920546558704453, 0.7344804318488529, 0.7814102564102564, 0.7176788124156546, 0.7045040485829959, 0.6956309041835358], "acc": [0.7712082262210797, 0.781491002570694, 0.7737789203084833, 0.7609254498714653, 0.7763496143958869, 0.7506426735218509, 0.7634961439588689, 0.781491002570694, 0.7712082262210797, 0.7609254498714653], "aps": [0.8295214386002203, 0.8291054727431411, 0.8525438219761239, 0.8260821938931178, 0.8233873207431982, 0.8603617682776703, 0.8912877907378596, 0.8368291290233262, 0.8295214386002203, 0.8260821938931178], "f1": [0.850420168067227, 0.8556876061120543, 0.8482758620689654, 0.8462809917355373, 0.853781512605042, 0.8380634390651085, 0.8501628664495113, 0.8580968280467446, 0.850420168067227, 0.8462809917355373], "auprc": [0.8999005242672427, 0.9016065314784337, 0.9039765334066762, 0.8918601267836616, 0.894675534303515, 0.8596310906169029, 0.889299467971914, 0.9019280319639416, 0.8999005242672427, 0.8918601267836616]}]}