{"auroc": [0.6984817813765181, 0.7837044534412955, 0.6934547908232118, 0.7054318488529016, 0.6855600539811066, 0.6933535762483132, 0.6876180836707152, 0.6885964912280702, 0.7005060728744938, 0.6972672064777329], "acc": [0.7326478149100257, 0.7609254498714653, 0.7326478149100257, 0.7326478149100257, 0.7326478149100257, 0.7326478149100257, 0.7326478149100257, 0.7326478149100257, 0.7326478149100257, 0.7326478149100257], "aps": [0.8384747695828172, 0.8510438423260738, 0.8305133243942042, 0.839766164010038, 0.8366014089891738, 0.8271567359380225, 0.831234163173409, 0.8306192974770061, 0.8356046866285645, 0.8384183736378831], "f1": [0.8456973293768546, 0.8593040847201211, 0.8456973293768546, 0.8456973293768546, 0.8456973293768546, 0.8456973293768546, 0.8456973293768546, 0.8456973293768546, 0.8456973293768546, 0.8456973293768546], "auprc": [0.8375925721490018, 0.8483994194598954, 0.8290544556807393, 0.8386523204485832, 0.8357908824358051, 0.8256071275375646, 0.8302172115454871, 0.8296898254844369, 0.8344653174018227, 0.8375487559048038]}