{"enet": [{"auroc": [0.8351551956815115, 0.8052125506072876, 0.7701923076923076, 0.814389338731444, 0.828306342780027, 0.8196018893387315, 0.7701923076923076, 0.8196018893387315, 0.8351551956815115, 0.8196018893387315], "acc": [0.8251928020565553, 0.8406169665809768, 0.8251928020565553, 0.8457583547557841, 0.8329048843187661, 0.8508997429305912, 0.8251928020565553, 0.8508997429305912, 0.8251928020565553, 0.8508997429305912], "aps": [0.9051570367559323, 0.8789461559537632, 0.8616831041803813, 0.8867671583660202, 0.8975407215821238, 0.8900923142541023, 0.8616831041803813, 0.8900923142541023, 0.9051570367559323, 0.8900923142541023], "f1": [0.8819444444444444, 0.8904593639575972, 0.8835616438356164, 0.8939929328621907, 0.8903878583473862, 0.8993055555555555, 0.8835616438356164, 0.8993055555555555, 0.8819444444444444, 0.8993055555555555], "auprc": [0.938897131213297, 0.9335384846933072, 0.9217676530025087, 0.9356585106026353, 0.9403966319963921, 0.9378652038597093, 0.9217676530025087, 0.9378652038597093, 0.938897131213297, 0.9378652038597093]}]}