{"enet": [{"auroc": [0.8228576248313091, 0.8200910931174089, 0.8148785425101214, 0.8191295546558705, 0.8228576248313091, 0.8148785425101214, 0.8200910931174089, 0.8228576248313091, 0.8228576248313091, 0.8228576248313091], "acc": [0.794344473007712, 0.794344473007712, 0.8046272493573264, 0.8071979434447301, 0.794344473007712, 0.8046272493573264, 0.794344473007712, 0.794344473007712, 0.794344473007712, 0.794344473007712], "aps": [0.9019795021377383, 0.906116668632392, 0.8962557390826134, 0.9055218363741011, 0.9019795021377383, 0.8962557390826134, 0.906116668632392, 0.9019795021377383, 0.9019795021377383, 0.9019795021377383], "f1": [0.8709677419354839, 0.8713826366559485, 0.8774193548387097, 0.8784440842787683, 0.8709677419354839, 0.8774193548387097, 0.8713826366559485, 0.8709677419354839, 0.8709677419354839, 0.8709677419354839], "auprc": [0.9062807775703989, 0.9123203226965759, 0.9234068456541153, 0.9049852696819778, 0.9062807775703989, 0.9234068456541153, 0.9123203226965759, 0.9062807775703989, 0.9062807775703989, 0.9062807775703989]}]}