{"enet": [{"auroc": [0.6241734143049932, 0.7117746288798921, 0.7223852901484481, 0.7223852901484481, 0.7223852901484481, 0.676636302294197, 0.4940283400809717, 0.7097165991902833, 0.6608805668016194, 0.676636302294197], "acc": [0.7712082262210797, 0.7609254498714653, 0.8071979434447301, 0.8071979434447301, 0.8071979434447301, 0.7609254498714653, 0.6966580976863753, 0.7634961439588689, 0.7969151670951157, 0.7609254498714653], "aps": [0.7856821195478546, 0.8359417489848959, 0.8364520607763383, 0.8364520607763383, 0.8364520607763383, 0.8192558000550724, 0.7302010394380964, 0.835000954955947, 0.8023137932760186, 0.8192558000550724], "f1": [0.8611544461778471, 0.8567026194144839, 0.8756218905472637, 0.8756218905472637, 0.8756218905472637, 0.8507223113964687, 0.8184615384615385, 0.8440677966101695, 0.8751974723538706, 0.8507223113964687], "auprc": [0.8863956265706746, 0.892338002540711, 0.8910001492251463, 0.8910001492251463, 0.8910001492251463, 0.8571009722360257, 0.8556895137767276, 0.871944969520691, 0.8966820167752562, 0.8571009722360257]}]}