{"auroc": [0.7532388663967611, 0.658468286099865, 0.9363529014844805, 0.6422739541160594, 0.8169365721997301, 0.8750674763832658, 0.6714237516869096, 0.6479757085020244, 0.6359986504723347, 0.6683198380566802], "acc": [0.7326478149100257, 0.7326478149100257, 0.897172236503856, 0.7326478149100257, 0.7429305912596401, 0.8303341902313625, 0.7326478149100257, 0.7326478149100257, 0.7326478149100257, 0.7326478149100257], "aps": [0.8423712239461287, 0.8051966269645674, 0.9686885544609256, 0.7988745093703827, 0.8867266414298856, 0.9188915710973339, 0.8238004442800239, 0.7924697618233949, 0.8230464586469006, 0.8085399764669301], "f1": [0.8456973293768546, 0.8456973293768546, 0.9333333333333333, 0.8456973293768546, 0.8502994011976047, 0.8952380952380952, 0.8456973293768546, 0.8456973293768546, 0.8456973293768546, 0.8456973293768546], "auprc": [0.841086111014163, 0.8036052738666835, 0.9686133063938182, 0.7970770417097918, 0.8858088923824134, 0.9179991532565293, 0.8214627299320025, 0.7897530310649641, 0.8222687466647229, 0.8069599234559957]}