{"auroc": [0.9290823211875843, 0.6817476383265857, 0.6774291497975707, 0.6505735492577598, 0.8953778677462887, 0.7295546558704453, 0.6804655870445344, 0.8916666666666666, 0.48373819163292847, 0.6658906882591094], "acc": [0.8688946015424165, 0.7326478149100257, 0.7326478149100257, 0.7326478149100257, 0.8329048843187661, 0.7300771208226221, 0.7326478149100257, 0.7609254498714653, 0.2853470437017995, 0.7326478149100257], "aps": [0.9682330528333414, 0.8077016865496255, 0.7914648575917606, 0.8116386084635987, 0.9452425860417683, 0.8304566983808609, 0.8045446419257762, 0.9459528747297579, 0.7586920715991298, 0.7940752348430783], "f1": [0.9151414309484192, 0.8456973293768546, 0.8456973293768546, 0.8456973293768546, 0.8963317384370016, 0.8439821693907874, 0.8456973293768546, 0.8593040847201211, 0.054421768707483, 0.8456973293768546], "auprc": [0.9681494247725783, 0.8050415709744363, 0.7885286282307453, 0.8104189668082538, 0.9450015961921027, 0.82782101682596, 0.8018268570949206, 0.9457497030006057, 0.7575959134324906, 0.791297650761729]}