{"auroc": [0.6655195681511471, 0.6684547908232118, 0.6990890688259108, 0.6817139001349527, 0.6890350877192981, 0.6523954116059378, 0.7002024291497976, 0.6940958164642375, 0.7010796221322537, 0.5985155195681511], "acc": [0.7326478149100257, 0.7326478149100257, 0.7326478149100257, 0.7326478149100257, 0.7326478149100257, 0.7326478149100257, 0.7326478149100257, 0.7352185089974294, 0.7326478149100257, 0.7326478149100257], "aps": [0.823769918752983, 0.8237174193615768, 0.8383071700132687, 0.8312128274882997, 0.83116771596543, 0.8221270171305234, 0.837739187641894, 0.8394206988317928, 0.8238164247559103, 0.8070405872155367], "f1": [0.8456973293768546, 0.8456973293768546, 0.8456973293768546, 0.8456973293768546, 0.8456973293768546, 0.8456973293768546, 0.8456973293768546, 0.8469539375928677, 0.8456973293768546, 0.8456973293768546], "auprc": [0.8230663819749805, 0.822848220629043, 0.8374637305352564, 0.8300823452965582, 0.829675302083767, 0.8214716711725314, 0.8354760209291487, 0.8382516066655663, 0.8221154345979342, 0.80642529729997]}