{"enet": [{"auroc": [0.7807692307692308, 0.7807692307692308, 0.7807692307692308, 0.8359649122807017, 0.7974865047233469, 0.8310222672064778, 0.7230600539811065, 0.8307354925775979, 0.8310222672064778, 0.83582995951417], "acc": [0.8329048843187661, 0.8329048843187661, 0.8329048843187661, 0.7994858611825193, 0.8123393316195373, 0.8123393316195373, 0.7557840616966581, 0.8329048843187661, 0.8123393316195373, 0.8149100257069408], "aps": [0.8676310197868062, 0.8676310197868062, 0.8676310197868062, 0.909494424463748, 0.8816301183875225, 0.9056177325606694, 0.8415588932252698, 0.9013646574918743, 0.9056177325606694, 0.9083660101268523], "f1": [0.8914858096828048, 0.8914858096828048, 0.8914858096828048, 0.8695652173913044, 0.8760611205432938, 0.8785357737104825, 0.8455284552845528, 0.8900169204737732, 0.8785357737104825, 0.8811881188118812], "auprc": [0.9257728381760185, 0.9257728381760185, 0.9257728381760185, 0.9089765912965863, 0.9238208173490132, 0.9084800032859568, 0.9027256824149907, 0.938103643962303, 0.9084800032859568, 0.9077314973194748]}]}