{"enet": [{"auroc": [0.84084008097166, 0.8572368421052632, 0.8451079622132254, 0.8451079622132254, 0.84084008097166, 0.84084008097166, 0.84084008097166, 0.8451079622132254, 0.8414473684210526, 0.8451079622132254], "acc": [0.8303341902313625, 0.8277634961439588, 0.8251928020565553, 0.8251928020565553, 0.8303341902313625, 0.8303341902313625, 0.8303341902313625, 0.8251928020565553, 0.8329048843187661, 0.8251928020565553], "aps": [0.9064313250304202, 0.922932549177171, 0.9139378250162201, 0.9139378250162201, 0.9064313250304202, 0.9064313250304202, 0.9064313250304202, 0.9139378250162201, 0.9101061731771393, 0.9139378250162201], "f1": [0.890728476821192, 0.8892561983471075, 0.888157894736842, 0.888157894736842, 0.890728476821192, 0.890728476821192, 0.890728476821192, 0.888157894736842, 0.8918469217970051, 0.888157894736842], "auprc": [0.9385725449352151, 0.922698216068023, 0.926786866410217, 0.926786866410217, 0.9385725449352151, 0.9385725449352151, 0.9385725449352151, 0.926786866410217, 0.9144324685596512, 0.926786866410217]}]}