{"auroc": [0.6265856950067477, 0.9283738191632929, 0.6339068825910931, 0.561302294197031, 0.7884952766531714, 0.5640350877192982, 0.5955128205128205, 0.5489541160593792, 0.6396761133603239, 0.6031713900134953], "acc": [0.7326478149100257, 0.8766066838046273, 0.7326478149100257, 0.7326478149100257, 0.7352185089974294, 0.7326478149100257, 0.7326478149100257, 0.7326478149100257, 0.7326478149100257, 0.7326478149100257], "aps": [0.8027565165983406, 0.9672422583247442, 0.7754985274914662, 0.7433952288622445, 0.8685455076916954, 0.7695473095432053, 0.7635222681921507, 0.7578805861720427, 0.7780460596645304, 0.781574510684484], "f1": [0.8456973293768546, 0.9210526315789473, 0.8456973293768546, 0.8456973293768546, 0.8464977645305514, 0.8456973293768546, 0.8456973293768546, 0.8456973293768546, 0.8456973293768546, 0.8456973293768546], "auprc": [0.8018787264538942, 0.9671460390967556, 0.7734089369403129, 0.7406500442587536, 0.866175534079832, 0.7680777093531371, 0.7614599574708374, 0.7550141645623079, 0.7750989947626497, 0.7799667085029733]}