{"enet": [{"auroc": [0.7268893387314439, 0.8207321187584344, 0.7290148448043184, 0.7268893387314439, 0.7552125506072874, 0.7395074224021593, 0.8261470985155196, 0.7552125506072874, 0.8207321187584344, 0.8207321187584344], "acc": [0.8071979434447301, 0.8200514138817481, 0.7866323907455013, 0.8071979434447301, 0.8046272493573264, 0.794344473007712, 0.8200514138817481, 0.8046272493573264, 0.8200514138817481, 0.8200514138817481], "aps": [0.8385517502071971, 0.9014344025920892, 0.8412987172124834, 0.8385517502071971, 0.8559137175233362, 0.8477601031549611, 0.911755014289574, 0.8559137175233362, 0.9014344025920892, 0.9014344025920892], "f1": [0.8743718592964824, 0.8825503355704698, 0.8641571194762685, 0.8743718592964824, 0.8745874587458746, 0.8634812286689418, 0.8809523809523809, 0.8745874587458746, 0.8825503355704698, 0.8825503355704698], "auprc": [0.9100102188653073, 0.9271437465206871, 0.9096353462659122, 0.9100102188653073, 0.9148994740691595, 0.9106966182536524, 0.911397281767069, 0.9148994740691595, 0.9271437465206871, 0.9271437465206871]}]}