{"enet": [{"auroc": [0.6111336032388663, 0.6668859649122807, 0.5010796221322538, 0.6500168690958165, 0.6500168690958165, 0.5010796221322538, 0.6500168690958165, 0.6742577597840755, 0.6500168690958165, 0.662685560053981], "acc": [0.7634961439588689, 0.5938303341902313, 0.699228791773779, 0.7840616966580977, 0.7840616966580977, 0.699228791773779, 0.7840616966580977, 0.7840616966580977, 0.7840616966580977, 0.7146529562982005], "aps": [0.7527462999349476, 0.8122284984959356, 0.7337122065806778, 0.7912711186475871, 0.7912711186475871, 0.7337122065806778, 0.7912711186475871, 0.8104108222105941, 0.7912711186475871, 0.8043078353161313], "f1": [0.8593272171253823, 0.6788617886178862, 0.8213740458015266, 0.8631921824104234, 0.8631921824104234, 0.8213740458015266, 0.8631921824104234, 0.8640776699029127, 0.8631921824104234, 0.8042328042328043], "auprc": [0.750556417486251, 0.8496600628435695, 0.8483167789446169, 0.8429149823406993, 0.8429149823406993, 0.8483167789446169, 0.8429149823406993, 0.8787380447829647, 0.8429149823406993, 0.8777570620675104]}]}