{"enet": [{"auroc": [0.7107962213225371, 0.7654183535762483, 0.8796221322537112, 0.7802125506072876, 0.8429149797570851, 0.7059716599190283, 0.7654183535762483, 0.6914136302294197, 0.80334008097166, 0.8698380566801619], "acc": [0.8277634961439588, 0.8149100257069408, 0.7892030848329049, 0.8200514138817481, 0.7917737789203085, 0.8020565552699229, 0.8149100257069408, 0.8123393316195373, 0.7917737789203085, 0.7866323907455013], "aps": [0.8275468341314823, 0.8567803504932938, 0.9323356206680438, 0.8663040359243632, 0.89723185331835, 0.8241623293486517, 0.8567803504932938, 0.8178984551646612, 0.8817282618033786, 0.9321276122221942], "f1": [0.8917609046849757, 0.8838709677419354, 0.8734567901234568, 0.8878205128205128, 0.8740279937791602, 0.880248833592535, 0.8838709677419354, 0.8835725677830941, 0.8740279937791602, 0.8709175738724728], "auprc": [0.9091003944492045, 0.9231065554802331, 0.9386706594225085, 0.9243028525603334, 0.8958352025599813, 0.9095422541967757, 0.9231065554802331, 0.9056587575541871, 0.9300199091340782, 0.9421053240047851]}]}