{"enet": [{"auroc": [0.8765519568151147, 0.8765519568151147, 0.8828609986504723, 0.8828609986504723, 0.8765519568151147, 0.8765519568151147, 0.8789811066126856, 0.8789811066126856, 0.8789811066126856, 0.8765519568151147], "acc": [0.8483290488431876, 0.8483290488431876, 0.8611825192802056, 0.8611825192802056, 0.8483290488431876, 0.8483290488431876, 0.8560411311053985, 0.8560411311053985, 0.8560411311053985, 0.8483290488431876], "aps": [0.9418027214041578, 0.9418027214041578, 0.93921999571872, 0.93921999571872, 0.9418027214041578, 0.9418027214041578, 0.9389384318555121, 0.9389384318555121, 0.9389384318555121, 0.9418027214041578], "f1": [0.9008403361344538, 0.9008403361344538, 0.909090909090909, 0.909090909090909, 0.9008403361344538, 0.9008403361344538, 0.9050847457627118, 0.9050847457627118, 0.9050847457627118, 0.9008403361344538], "auprc": [0.9416107759987054, 0.9416107759987054, 0.9387541175554404, 0.9387541175554404, 0.9416107759987054, 0.9416107759987054, 0.942206114788791, 0.942206114788791, 0.942206114788791, 0.9416107759987054]}]}