{"enet": [{"auroc": [0.8109649122807018, 0.687533738191633, 0.6995107962213225, 0.7583670715249663, 0.6995107962213225, 0.6398279352226721, 0.687533738191633, 0.6426113360323886, 0.5852564102564103, 0.687533738191633], "acc": [0.7994858611825193, 0.7866323907455013, 0.7840616966580977, 0.8071979434447301, 0.7840616966580977, 0.781491002570694, 0.7866323907455013, 0.7969151670951157, 0.7660668380462725, 0.7866323907455013], "aps": [0.8990519432617414, 0.8167637072512027, 0.8231573588133092, 0.857683681589667, 0.8231573588133092, 0.7927671567986851, 0.8167637072512027, 0.7936299545697835, 0.7677193936884316, 0.8167637072512027], "f1": [0.8729641693811074, 0.8680445151033387, 0.8666666666666666, 0.8780487804878049, 0.8666666666666666, 0.8661417322834646, 0.8680445151033387, 0.8751974723538706, 0.8593508500772797, 0.8680445151033387], "auprc": [0.8985864448026004, 0.9015199311590238, 0.9028289851266276, 0.9153043359716271, 0.9028289851266276, 0.8916064680668804, 0.9015199311590238, 0.8934031808895251, 0.8809777175385739, 0.9015199311590238]}]}