{"enet": [{"auroc": [0.6863697705802969, 0.6863697705802969, 0.5793184885290148, 0.5793184885290148, 0.49173414304993246, 0.6894736842105262, 0.5746457489878543, 0.6863697705802969, 0.6863697705802969, 0.6863697705802969], "acc": [0.6915167095115681, 0.6915167095115681, 0.7609254498714653, 0.7609254498714653, 0.712082262210797, 0.6838046272493573, 0.7172236503856041, 0.6915167095115681, 0.6915167095115681, 0.6915167095115681], "aps": [0.819993700841143, 0.819993700841143, 0.7653943284708785, 0.7653943284708785, 0.7293416009443698, 0.8238922276468179, 0.7682892988769908, 0.819993700841143, 0.819993700841143, 0.819993700841143], "f1": [0.781021897810219, 0.781021897810219, 0.8580152671755725, 0.8580152671755725, 0.8303030303030304, 0.7743119266055046, 0.8333333333333333, 0.781021897810219, 0.781021897810219, 0.781021897810219], "auprc": [0.8691954294289012, 0.8691954294289012, 0.8809114050410596, 0.8809114050410596, 0.858538625966093, 0.8677258158436701, 0.8578796327174595, 0.8691954294289012, 0.8691954294289012, 0.8691954294289012]}]}