{"enet": [{"auroc": [0.8607962213225372, 0.7112179487179487, 0.7639676113360323, 0.8607962213225372, 0.8128879892037787, 0.8042510121457491, 0.8296221322537113, 0.8607962213225372, 0.8360323886639677, 0.8296221322537113], "acc": [0.8406169665809768, 0.7969151670951157, 0.8097686375321337, 0.8406169665809768, 0.8380462724935732, 0.8149100257069408, 0.7969151670951157, 0.8406169665809768, 0.8123393316195373, 0.7969151670951157], "aps": [0.925739347937874, 0.8295729445029151, 0.8591596665507114, 0.925739347937874, 0.8876761202642216, 0.8880806473463838, 0.9133019084471716, 0.925739347937874, 0.9176076314689048, 0.9133019084471716], "f1": [0.8970099667774086, 0.8672268907563025, 0.872852233676976, 0.8970099667774086, 0.8923076923076922, 0.8779661016949153, 0.8676716917922949, 0.8970099667774086, 0.8781302170283807, 0.8676716917922949], "auprc": [0.9252314563051038, 0.9046731597168671, 0.9190330785745947, 0.9252314563051038, 0.9284149526693389, 0.9227964477146561, 0.92637053625936, 0.9252314563051038, 0.9188560441416942, 0.92637053625936]}]}