{"enet": [{"auroc": [0.7263157894736842, 0.7187753036437247, 0.6938933873144398, 0.7054487179487181, 0.7014844804318487, 0.7263157894736842, 0.7545209176788124, 0.7642375168690958, 0.682118758434548, 0.7642375168690958], "acc": [0.8046272493573264, 0.8046272493573264, 0.8020565552699229, 0.7994858611825193, 0.7969151670951157, 0.8046272493573264, 0.8020565552699229, 0.7737789203084833, 0.8046272493573264, 0.7737789203084833], "aps": [0.8390409930657865, 0.8340154491693202, 0.8213794940683955, 0.827610492907555, 0.824294945401429, 0.8390409930657865, 0.8582428067798236, 0.8817805966172247, 0.8148043393648553, 0.8817805966172247], "f1": [0.8737541528239202, 0.8741721854304635, 0.8731466227347613, 0.8695652173913044, 0.8689883913764511, 0.8737541528239202, 0.8767999999999999, 0.8580645161290322, 0.8762214983713354, 0.8580645161290322], "auprc": [0.9071218601094154, 0.9030656152067219, 0.9015640390372208, 0.9038201335901164, 0.9028419556525528, 0.9071218601094154, 0.9008070079559876, 0.8829185888267701, 0.8979861896234126, 0.8829185888267701]}]}