{"rf": [{"auroc": [0.9252699055330634], "acc": [0.8380462724935732], "aps": [0.9611469781869758], "f1": [0.8995215311004785], "auprc": [0.9631584673631333]}], "enet": [{"auroc": [0.8757085020242916], "acc": [0.8457583547557841], "aps": [0.9332878014131102], "f1": [0.8979591836734693], "auprc": [0.9397029356465081]}]}