{"enet": [{"auroc": [0.7051282051282051, 0.690047233468286, 0.6773279352226722, 0.690047233468286, 0.702361673414305, 0.6934210526315789, 0.45087719298245615, 0.6104419703103914, 0.702361673414305, 0.690047233468286], "acc": [0.7480719794344473, 0.7506426735218509, 0.7660668380462725, 0.7506426735218509, 0.7686375321336761, 0.7712082262210797, 0.6503856041131105, 0.7660668380462725, 0.7686375321336761, 0.7506426735218509], "aps": [0.8321084469231417, 0.8201785115209279, 0.81272675280641, 0.8201785115209279, 0.8287944089405492, 0.8197035890566571, 0.7126998639152909, 0.7793399400033157, 0.8287944089405492, 0.8201785115209279], "f1": [0.8532934131736527, 0.8358714043993232, 0.8593508500772797, 0.8358714043993232, 0.8514851485148515, 0.8478632478632478, 0.7854889589905363, 0.858034321372855, 0.8514851485148515, 0.8358714043993232], "auprc": [0.8305434598989572, 0.8953902403465711, 0.8957147798739833, 0.8953902403465711, 0.8903597571636074, 0.8830627066945379, 0.8372704836245644, 0.88469476918587, 0.8903597571636074, 0.8953902403465711]}]}