{"rf": [{"auroc": [0.8898785425101214], "acc": [0.7892030848329049], "aps": [0.9510681657174466], "f1": [0.8738461538461539], "auprc": [0.9519498859388147]}], "enet": [{"auroc": [0.6766869095816463], "acc": [0.7994858611825193], "aps": [0.8101130081425482], "f1": [0.8757961783439491], "auprc": [0.9012722101829785]}]}