{"enet": [{"auroc": [0.8118758434547908, 0.7559547908232118, 0.7745107962213225, 0.770529689608637, 0.8118758434547909, 0.8118758434547908, 0.7825236167341431, 0.816497975708502, 0.7713731443994601, 0.816497975708502], "acc": [0.8020565552699229, 0.794344473007712, 0.8226221079691517, 0.8200514138817481, 0.8149100257069408, 0.8020565552699229, 0.7866323907455013, 0.8354755784061697, 0.7917737789203085, 0.8354755784061697], "aps": [0.9064855017781778, 0.8561105650313803, 0.8644704750596325, 0.8624995207804755, 0.906598780120117, 0.9064855017781778, 0.8749617156276264, 0.9048873351030776, 0.8647805367280521, 0.9048873351030776], "f1": [0.8710217755443886, 0.8625429553264605, 0.8840336134453781, 0.8809523809523809, 0.8779661016949153, 0.8710217755443886, 0.8581196581196582, 0.8950819672131147, 0.8605851979345955, 0.8950819672131147], "auprc": [0.906115522131222, 0.9105712771630883, 0.9208893345548047, 0.9187955446125639, 0.9131133181733412, 0.906115522131222, 0.9184541535733216, 0.9044922846284229, 0.9152492378575101, 0.9044922846284229]}]}