{"enet": [{"auroc": [0.8473009446693658, 0.8473009446693658, 0.7873313090418353, 0.8835357624831309, 0.8473009446693658, 0.8473009446693658, 0.8473009446693658, 0.7642037786774629, 0.8835357624831309, 0.8690620782726046], "acc": [0.8046272493573264, 0.8046272493573264, 0.7866323907455013, 0.8611825192802056, 0.8046272493573264, 0.8046272493573264, 0.8046272493573264, 0.8354755784061697, 0.8611825192802056, 0.8174807197943444], "aps": [0.9178329488389029, 0.9178329488389029, 0.8766371553460663, 0.9272502943628593, 0.9178329488389029, 0.9178329488389029, 0.9178329488389029, 0.8557736641293752, 0.9272502943628593, 0.9383491037087779], "f1": [0.8741721854304635, 0.8741721854304635, 0.8590831918505941, 0.9114754098360655, 0.8741721854304635, 0.8741721854304635, 0.8741721854304635, 0.8933333333333334, 0.9114754098360655, 0.8826446280991735], "auprc": [0.9407903214862453, 0.9407903214862453, 0.9202038183656046, 0.926700393391902, 0.9407903214862453, 0.9407903214862453, 0.9407903214862453, 0.9189752860963583, 0.926700393391902, 0.9416201721170181]}]}