{"auroc": [0.8329284750337382, 0.9018049932523616, 0.5010796221322537, 0.49618758434547905, 0.5270917678812417, 0.5571862348178138, 0.5475371120107962, 0.5599865047233468, 0.6494939271255061, 0.9207152496626181], "acc": [0.8020565552699229, 0.8457583547557841, 0.7326478149100257, 0.7326478149100257, 0.7326478149100257, 0.7326478149100257, 0.3033419023136247, 0.7326478149100257, 0.7326478149100257, 0.8508997429305912], "aps": [0.9039418124395912, 0.9521028974687256, 0.7706820329618779, 0.7588882484601862, 0.7644961025326797, 0.7645509188718275, 0.7889937447867611, 0.7783649542814369, 0.7913187655861208, 0.9632942234597073], "f1": [0.8787401574803151, 0.9025974025974026, 0.8456973293768546, 0.8456973293768546, 0.8456973293768546, 0.8456973293768546, 0.09966777408637874, 0.8456973293768546, 0.8456973293768546, 0.9052287581699346], "auprc": [0.9033894195562097, 0.9521641168903283, 0.7698937289145715, 0.7578076718762938, 0.7627854088028592, 0.7628168803945083, 0.7881751017706761, 0.7768711308696197, 0.7898037496843008, 0.9631814910297172]}