{"enet": [{"auroc": [0.7090080971659919, 0.6986167341430499, 0.6986167341430499, 0.7196524966261808, 0.6986167341430499, 0.6986167341430499, 0.7090080971659919, 0.8455802968960863, 0.7090080971659919, 0.6961538461538461], "acc": [0.8354755784061697, 0.8200514138817481, 0.8200514138817481, 0.8431876606683805, 0.8200514138817481, 0.8200514138817481, 0.8354755784061697, 0.8200514138817481, 0.8354755784061697, 0.8226221079691517], "aps": [0.8249547686679569, 0.820603355628944, 0.820603355628944, 0.8302593859503398, 0.820603355628944, 0.820603355628944, 0.8249547686679569, 0.912981381569631, 0.8249547686679569, 0.8189882201672376], "f1": [0.8984126984126983, 0.8878205128205128, 0.8878205128205128, 0.9030206677265501, 0.8878205128205128, 0.8878205128205128, 0.8984126984126983, 0.8899371069182389, 0.8984126984126983, 0.8899521531100479], "auprc": [0.9118026292644865, 0.9070603676380502, 0.9070603676380502, 0.913289724642626, 0.9070603676380502, 0.9070603676380502, 0.9118026292644865, 0.9110142311464866, 0.9118026292644865, 0.9067428417727191]}]}