{"enet": [{"auroc": [0.7829284750337382, 0.7103238866396762, 0.8065452091767882, 0.7103238866396762, 0.8913292847503373, 0.8065452091767882, 0.8000674763832659, 0.8200573549257759, 0.8058704453441295, 0.8058704453441295], "acc": [0.8560411311053985, 0.8174807197943444, 0.8637532133676092, 0.8174807197943444, 0.8663239074550129, 0.8637532133676092, 0.8380462724935732, 0.8586118251928021, 0.8508997429305912, 0.8508997429305912], "aps": [0.8657888175753452, 0.8274910278773898, 0.8805684884356686, 0.8274910278773898, 0.9495965671358954, 0.8805684884356686, 0.87524616547647, 0.8880554636573578, 0.8792132910510521, 0.8792132910510521], "f1": [0.9081967213114754, 0.8837970540098199, 0.9112227805695143, 0.8837970540098199, 0.9141914191419143, 0.9112227805695143, 0.898876404494382, 0.9090909090909092, 0.9046052631578947, 0.9046052631578947], "auprc": [0.9297322225408224, 0.9077593262577462, 0.9348430481954579, 0.9077593262577462, 0.9494595937233997, 0.9348430481954579, 0.9337293735485561, 0.9396528880377683, 0.9349026166390565, 0.9349026166390565]}]}