{"enet": [{"auroc": [0.6509784075573549, 0.6065452091767881, 0.5540148448043185, 0.5995107962213225, 0.5540148448043185, 0.6138157894736843, 0.5995107962213225, 0.5995107962213225, 0.6065452091767881, 0.5995107962213225], "acc": [0.7686375321336761, 0.7557840616966581, 0.7506426735218509, 0.7686375321336761, 0.7506426735218509, 0.7737789203084833, 0.7686375321336761, 0.7686375321336761, 0.7557840616966581, 0.7686375321336761], "aps": [0.7990977532529687, 0.7773647701281786, 0.7545569168621884, 0.7740846717275854, 0.7545569168621884, 0.7806497207252069, 0.7740846717275854, 0.7740846717275854, 0.7773647701281786, 0.7740846717275854], "f1": [0.8529411764705882, 0.8562783661119516, 0.8536953242835597, 0.8628048780487806, 0.8536953242835597, 0.8620689655172413, 0.8628048780487806, 0.8628048780487806, 0.8562783661119516, 0.8628048780487806], "auprc": [0.8891044074997985, 0.8865208105975856, 0.876360380545115, 0.8813800671504161, 0.876360380545115, 0.8862413559973887, 0.8813800671504161, 0.8813800671504161, 0.8865208105975856, 0.8813800671504161]}]}