{"auroc": [0.5063427800269906, 0.9355937921727395, 0.5152834008097166, 0.6324224021592443, 0.5331983805668016, 0.5115721997300945, 0.7802631578947368, 0.5426113360323886, 0.5197031039136303, 0.5217948717948717], "acc": [0.7326478149100257, 0.8688946015424165, 0.7326478149100257, 0.7326478149100257, 0.7326478149100257, 0.7326478149100257, 0.7352185089974294, 0.7326478149100257, 0.7326478149100257, 0.7326478149100257], "aps": [0.7478462748773851, 0.9713030666102329, 0.7500295849015359, 0.7834997783348567, 0.7562594253245669, 0.7584196838861943, 0.8539949923936839, 0.7689511766109886, 0.7575490126610136, 0.7532051759576613], "f1": [0.8456973293768546, 0.9173419773095625, 0.8456973293768546, 0.8452380952380952, 0.8456973293768546, 0.8452380952380952, 0.8469539375928677, 0.8456973293768546, 0.8456973293768546, 0.8456973293768546], "auprc": [0.7466695875662535, 0.9712209216004317, 0.7485834464219181, 0.7815038176610328, 0.7547360288485954, 0.7571106882416667, 0.8522594944353248, 0.7679150407869877, 0.7563413894738547, 0.7517287974075636]}