{"enet": [{"auroc": [0.5854588394062079, 0.783248987854251, 0.5854588394062079, 0.5854588394062079, 0.5854588394062079, 0.5854588394062079, 0.783248987854251, 0.5854588394062079, 0.5854588394062079, 0.5854588394062079], "acc": [0.7532133676092545, 0.7146529562982005, 0.7532133676092545, 0.7532133676092545, 0.7532133676092545, 0.7532133676092545, 0.7146529562982005, 0.7532133676092545, 0.7532133676092545, 0.7532133676092545], "aps": [0.7681828330033507, 0.8810758418217366, 0.7681828330033507, 0.7681828330033507, 0.7681828330033507, 0.7681828330033507, 0.8810758418217366, 0.7681828330033507, 0.7681828330033507, 0.7681828330033507], "f1": [0.8541033434650456, 0.7766599597585513, 0.8541033434650456, 0.8541033434650456, 0.8541033434650456, 0.8541033434650456, 0.7766599597585513, 0.8541033434650456, 0.8541033434650456, 0.8541033434650456], "auprc": [0.8814424558053137, 0.9184938983914033, 0.8814424558053137, 0.8814424558053137, 0.8814424558053137, 0.8814424558053137, 0.9184938983914033, 0.8814424558053137, 0.8814424558053137, 0.8814424558053137]}]}