{"auroc": [0.6705128205128206, 0.6902159244264507, 0.6641025641025642, 0.6647435897435898, 0.6437246963562753, 0.6787112010796221, 0.6729757085020243, 0.641970310391363, 0.6751012145748988, 0.6625843454790823], "acc": [0.7326478149100257, 0.7326478149100257, 0.7326478149100257, 0.7326478149100257, 0.7326478149100257, 0.7326478149100257, 0.7326478149100257, 0.7326478149100257, 0.7326478149100257, 0.7326478149100257], "aps": [0.8430881069695064, 0.8492330439073335, 0.8360328447260246, 0.839865879153958, 0.8360562230186828, 0.8398571957111707, 0.8441057920917769, 0.8355521257330507, 0.8487014091038838, 0.8385452658584771], "f1": [0.8456973293768546, 0.8456973293768546, 0.8456973293768546, 0.8456973293768546, 0.8456973293768546, 0.8456973293768546, 0.8456973293768546, 0.8456973293768546, 0.8456973293768546, 0.8456973293768546], "auprc": [0.842081968100741, 0.8482427905782705, 0.8349918579418539, 0.8392434140584575, 0.8355924173355838, 0.8387807283052552, 0.8431249067837951, 0.8350856275412062, 0.8479869609741465, 0.8375517638490102]}