{"enet": [{"auroc": [0.8853576248313091, 0.8867746288798921, 0.8853576248313091, 0.8867746288798921, 0.8600877192982456, 0.8867746288798921, 0.8853576248313091, 0.7414979757085021, 0.8798920377867746, 0.8867746288798921], "acc": [0.794344473007712, 0.8123393316195373, 0.794344473007712, 0.8123393316195373, 0.7969151670951157, 0.8123393316195373, 0.794344473007712, 0.8251928020565553, 0.8020565552699229, 0.8123393316195373], "aps": [0.9384074731896467, 0.93991860913861, 0.9384074731896467, 0.93991860913861, 0.9284902938514744, 0.93991860913861, 0.9384074731896467, 0.8427732532346415, 0.9375343030440075, 0.93991860913861], "f1": [0.8746081504702194, 0.8831999999999999, 0.8746081504702194, 0.8831999999999999, 0.8740031897926634, 0.8831999999999999, 0.8746081504702194, 0.89171974522293, 0.8771929824561403, 0.8831999999999999], "auprc": [0.9380693205683237, 0.9395199922005737, 0.9380693205683237, 0.9395199922005737, 0.9280596414762066, 0.9395199922005737, 0.9380693205683237, 0.9182835279454803, 0.9371621559610344, 0.9395199922005737]}]}