{"enet": [{"auroc": [0.7927462887989204, 0.709851551956815, 0.7781039136302295, 0.7392712550607287, 0.7781039136302295, 0.7711201079622133, 0.7854588394062078, 0.7619433198380567, 0.7927462887989204, 0.7854588394062078], "acc": [0.8226221079691517, 0.8149100257069408, 0.8123393316195373, 0.8174807197943444, 0.8123393316195373, 0.8071979434447301, 0.8226221079691517, 0.8200514138817481, 0.8226221079691517, 0.8226221079691517], "aps": [0.8820188552989023, 0.826992682173372, 0.8699785311469224, 0.8427452712450734, 0.8699785311469224, 0.8671275654563315, 0.8808056390213603, 0.8489950494905791, 0.8820188552989023, 0.8808056390213603], "f1": [0.8874388254486134, 0.8827361563517916, 0.8809135399673735, 0.8837970540098199, 0.8809135399673735, 0.8764415156507415, 0.8870703764320785, 0.8848684210526315, 0.8874388254486134, 0.8870703764320785], "auprc": [0.8845537838839189, 0.9054652487255845, 0.8694845770711883, 0.913894612645051, 0.8694845770711883, 0.9024362581780005, 0.8884738526876541, 0.8465098379495272, 0.8845537838839189, 0.8884738526876541]}]}