{"enet": [{"auroc": [0.6768387314439945, 0.7584345479082322, 0.6579790823211875, 0.6775978407557355, 0.6579790823211875, 0.8303306342780027, 0.6768387314439945, 0.6788292847503374, 0.6775978407557355, 0.602800269905533], "acc": [0.781491002570694, 0.8200514138817481, 0.781491002570694, 0.7840616966580977, 0.781491002570694, 0.7043701799485861, 0.781491002570694, 0.781491002570694, 0.7840616966580977, 0.7609254498714653], "aps": [0.8130410718935909, 0.85625140941325, 0.8026656556305662, 0.811652040554546, 0.8026656556305662, 0.9361843363108102, 0.8130410718935909, 0.8132834813216322, 0.811652040554546, 0.7758419903649011], "f1": [0.8590381426202321, 0.882154882154882, 0.8635634028892456, 0.8679245283018867, 0.8635634028892456, 0.760914760914761, 0.8590381426202321, 0.8631239935587762, 0.8679245283018867, 0.8540031397174253], "auprc": [0.895087448508495, 0.9151755612158833, 0.8916165502007481, 0.8972763970433152, 0.8916165502007481, 0.9360580496846397, 0.895087448508495, 0.8977464977076295, 0.8972763970433152, 0.882150135812094]}]}