{"enet": [{"auroc": [0.7355769230769231, 0.6883097165991903, 0.7701754385964912, 0.8111673414304994, 0.7355769230769231, 0.7482118758434548, 0.7701754385964912, 0.7482118758434548, 0.7230769230769232, 0.7701754385964912], "acc": [0.8097686375321337, 0.7866323907455013, 0.7866323907455013, 0.7840616966580977, 0.8097686375321337, 0.7737789203084833, 0.7866323907455013, 0.7737789203084833, 0.7969151670951157, 0.7866323907455013], "aps": [0.8412394108934778, 0.8175379915142413, 0.8646611202376485, 0.9098981708774957, 0.8412394108934778, 0.8542754562199717, 0.8646611202376485, 0.8542754562199717, 0.8345414212327793, 0.8646611202376485], "f1": [0.8754208754208754, 0.8628099173553719, 0.8581196581196582, 0.8604651162790699, 0.8754208754208754, 0.8503401360544217, 0.8581196581196582, 0.8503401360544217, 0.8672268907563025, 0.8581196581196582], "auprc": [0.9110084979243931, 0.8998774603568028, 0.9166650850034798, 0.909572098869106, 0.9110084979243931, 0.9057871382582988, 0.9166650850034798, 0.9057871382582988, 0.9080017293762719, 0.9166650850034798]}]}