{"enet": [{"auroc": [0.8914304993252362, 0.8964574898785426, 0.8739035087719299, 0.8367577597840755, 0.8779352226720648, 0.8964574898785426, 0.8779352226720648, 0.8779352226720648, 0.8855263157894737, 0.8855263157894737], "acc": [0.8508997429305912, 0.8586118251928021, 0.8406169665809768, 0.8431876606683805, 0.8354755784061697, 0.8586118251928021, 0.8354755784061697, 0.8354755784061697, 0.8431876606683805, 0.8431876606683805], "aps": [0.9514575888353083, 0.9508921251514851, 0.9310535437514609, 0.9001118596115775, 0.9374335636552802, 0.9508921251514851, 0.9374335636552802, 0.9374335636552802, 0.9491111576415312, 0.9491111576415312], "f1": [0.8982456140350877, 0.9040139616055848, 0.8900709219858156, 0.893169877408056, 0.887719298245614, 0.9040139616055848, 0.887719298245614, 0.887719298245614, 0.8935427574171029, 0.8935427574171029], "auprc": [0.9513237627992374, 0.9507352387274548, 0.9475904792165312, 0.939816402692061, 0.9440301187917223, 0.9507352387274548, 0.9440301187917223, 0.9440301187917223, 0.948972045333897, 0.948972045333897]}]}