{"enet": [{"auroc": [0.5715755735492578, 0.6977395411605938, 0.590334008097166, 0.6985323886639676, 0.6879554655870445, 0.6985323886639676, 0.6977395411605938, 0.590334008097166, 0.6985323886639676, 0.6832995951417004], "acc": [0.7583547557840618, 0.7686375321336761, 0.7583547557840618, 0.7506426735218509, 0.7634961439588689, 0.7506426735218509, 0.7686375321336761, 0.7583547557840618, 0.7506426735218509, 0.6632390745501285], "aps": [0.7620600063028998, 0.8240997790508651, 0.7702923868568319, 0.8290361456671789, 0.8206067186120282, 0.8290361456671789, 0.8240997790508651, 0.7702923868568319, 0.8290361456671789, 0.8239890782656278], "f1": [0.8575757575757577, 0.8509933774834437, 0.8558282208588959, 0.8380634390651085, 0.8496732026143791, 0.8380634390651085, 0.8509933774834437, 0.8558282208588959, 0.8380634390651085, 0.7514231499051234], "auprc": [0.8784033273287898, 0.8835848254777525, 0.8825127862889647, 0.8864018486197904, 0.8697671106482748, 0.8864018486197904, 0.8835848254777525, 0.8825127862889647, 0.8864018486197904, 0.8620301295776909]}]}