{"enet": [{"auroc": [0.522199730094467, 0.6825910931174088, 0.6654183535762482, 0.5599527665317139, 0.44094129554655864, 0.6842780026990554, 0.6654183535762482, 0.6550775978407557, 0.44094129554655864, 0.6706815114709852], "acc": [0.7326478149100257, 0.7737789203084833, 0.7660668380462725, 0.7480719794344473, 0.6143958868894601, 0.7480719794344473, 0.7660668380462725, 0.7480719794344473, 0.6143958868894601, 0.7892030848329049], "aps": [0.7414832496276904, 0.8152461986019088, 0.8068542576205929, 0.7571722724346079, 0.7084575587025007, 0.8126232277825236, 0.8068542576205929, 0.8003885644084313, 0.7084575587025007, 0.8073981124091432], "f1": [0.8452380952380952, 0.8633540372670807, 0.8575899843505478, 0.851963746223565, 0.7532894736842106, 0.850609756097561, 0.8575899843505478, 0.8532934131736527, 0.7532894736842106, 0.8677419354838709], "auprc": [0.8702713770294358, 0.8840584402891225, 0.8649351897464065, 0.8767589339773688, 0.8161167427470899, 0.8107997091905624, 0.8649351897464065, 0.891818261834995, 0.8161167427470899, 0.8967398737925638]}]}