{"enet": [{"auroc": [0.840080971659919, 0.8038461538461539, 0.8223852901484479, 0.8029014844804317, 0.840080971659919, 0.845748987854251, 0.8029014844804317, 0.8478744939271254, 0.8223852901484479, 0.7286774628879892], "acc": [0.8457583547557841, 0.7994858611825193, 0.8097686375321337, 0.7352185089974294, 0.8457583547557841, 0.794344473007712, 0.7352185089974294, 0.8123393316195373, 0.8097686375321337, 0.8174807197943444], "aps": [0.9069163596543457, 0.8870600204687942, 0.8966374053369004, 0.887126047350164, 0.9069163596543457, 0.9265111175909562, 0.887126047350164, 0.9245454058941965, 0.8966374053369004, 0.8377321078595914], "f1": [0.8947368421052632, 0.8550185873605948, 0.8786885245901639, 0.7960396039603961, 0.8947368421052632, 0.8606271777003484, 0.7960396039603961, 0.8809135399673735, 0.8786885245901639, 0.880672268907563], "auprc": [0.9390566958360712, 0.9289265960418093, 0.9363663931071178, 0.9255800889508143, 0.9390566958360712, 0.9259425667504118, 0.9255800889508143, 0.9235366369102316, 0.9363663931071178, 0.9115472313830059]}]}