{"enet": [{"auroc": [0.8543859649122806, 0.7922064777327935, 0.8543859649122806, 0.8475877192982457, 0.8502699055330634, 0.7887989203778677, 0.8098852901484479, 0.8506072874493928, 0.8304993252361673, 0.8475877192982457], "acc": [0.8406169665809768, 0.8277634961439588, 0.8406169665809768, 0.8251928020565553, 0.8380462724935732, 0.8380462724935732, 0.8200514138817481, 0.8431876606683805, 0.8406169665809768, 0.8251928020565553], "aps": [0.9250985238435165, 0.8739537596491057, 0.9250985238435165, 0.9117290223104946, 0.9230228898818496, 0.8702662439994641, 0.8956931825304029, 0.9229079411688532, 0.9018794313486193, 0.9117290223104946], "f1": [0.8976897689768977, 0.8858603066439522, 0.8976897689768977, 0.8892508143322475, 0.8944723618090453, 0.8944723618090453, 0.8863636363636364, 0.8991735537190082, 0.8945578231292517, 0.8892508143322475], "auprc": [0.9283618558127882, 0.9232641360313015, 0.9283618558127882, 0.9392002187014885, 0.9226067625970384, 0.9269548544138334, 0.8952051308248216, 0.9242606806832765, 0.9338700375432829, 0.9392002187014885]}]}