{"enet": [{"auroc": [0.6479419703103914, 0.6716261808367072, 0.6680836707152497, 0.6904352226720648, 0.787314439946019, 0.6753205128205129, 0.6904352226720648, 0.6692813765182186, 0.6680836707152497, 0.6800944669365722], "acc": [0.7686375321336761, 0.7789203084832905, 0.7737789203084833, 0.7455012853470437, 0.7737789203084833, 0.7866323907455013, 0.7455012853470437, 0.7892030848329049, 0.7737789203084833, 0.7712082262210797], "aps": [0.7965573261381114, 0.8093007464042711, 0.8069436059952835, 0.8238455955569731, 0.9070342488098059, 0.8103011242327097, 0.8238455955569731, 0.8069323393933758, 0.8069436059952835, 0.8141650528040794], "f1": [0.8538961038961039, 0.858085808580858, 0.8562091503267975, 0.8390243902439025, 0.8557377049180327, 0.8641571194762685, 0.8390243902439025, 0.8668831168831167, 0.8562091503267975, 0.8552845528455284], "auprc": [0.8889187013132641, 0.8948448200038812, 0.8934680180982826, 0.8909376995593385, 0.9067917880660774, 0.8964368813230308, 0.8909376995593385, 0.8964435275955298, 0.8934680180982826, 0.8915722287753297]}]}