{"enet": [{"auroc": [0.797132253711201, 0.8771592442645074, 0.8332321187584346, 0.8742071524966261, 0.8764844804318488, 0.8742071524966261, 0.8742071524966261, 0.7759784075573549, 0.8771592442645074, 0.8764844804318488], "acc": [0.8174807197943444, 0.8277634961439588, 0.8226221079691517, 0.8020565552699229, 0.8200514138817481, 0.8020565552699229, 0.8020565552699229, 0.8200514138817481, 0.8277634961439588, 0.8200514138817481], "aps": [0.8772070363071026, 0.9531363859488775, 0.9043233896692495, 0.9469328864261581, 0.9537009612020788, 0.9469328864261581, 0.9469328864261581, 0.8658770279081013, 0.9531363859488775, 0.9537009612020788], "f1": [0.8830313014827018, 0.8881469115191987, 0.8840336134453781, 0.868824531516184, 0.8829431438127089, 0.868824531516184, 0.868824531516184, 0.8801369863013698, 0.8881469115191987, 0.8829431438127089], "auprc": [0.9298363649065682, 0.9530428646274782, 0.936421689123354, 0.9520540799302063, 0.9536113118893399, 0.9520540799302063, 0.9520540799302063, 0.9193749151317021, 0.9530428646274782, 0.9536113118893399]}]}