{"enet": [{"auroc": [0.7273954116059378, 0.7273954116059378, 0.7273954116059378, 0.7252361673414305, 0.6843286099865047, 0.6843286099865047, 0.6843286099865047, 0.7252361673414305, 0.7304655870445345, 0.7273954116059378], "acc": [0.7969151670951157, 0.7969151670951157, 0.7969151670951157, 0.8071979434447301, 0.7866323907455013, 0.7866323907455013, 0.7866323907455013, 0.8071979434447301, 0.7969151670951157, 0.7969151670951157], "aps": [0.8382752728645027, 0.8382752728645027, 0.8382752728645027, 0.8353726970660382, 0.815967567688436, 0.815967567688436, 0.815967567688436, 0.8353726970660382, 0.8394060550744794, 0.8382752728645027], "f1": [0.866779089376054, 0.866779089376054, 0.866779089376054, 0.8739495798319329, 0.8632619439868203, 0.8632619439868203, 0.8632619439868203, 0.8739495798319329, 0.8676716917922949, 0.866779089376054], "auprc": [0.9094067921520579, 0.9094067921520579, 0.9094067921520579, 0.9092131302209241, 0.8979068968904681, 0.8979068968904681, 0.8979068968904681, 0.9092131302209241, 0.9074004461741791, 0.9094067921520579]}]}