{"auroc": [0.6617408906882591, 0.6677125506072874, 0.6554318488529014, 0.6468960863697705, 0.6651484480431848, 0.6545546558704454, 0.6474696356275303, 0.4119770580296896, 0.643859649122807, 0.6682186234817813], "acc": [0.7326478149100257, 0.7326478149100257, 0.7326478149100257, 0.7326478149100257, 0.7326478149100257, 0.7326478149100257, 0.7326478149100257, 0.26735218508997427, 0.7326478149100257, 0.7326478149100257], "aps": [0.8005076490381603, 0.8135110637193373, 0.8039428881561428, 0.8009330843353857, 0.8108300884528266, 0.8111637287981666, 0.8172726589603292, 0.6768969723443075, 0.8164052064747385, 0.8197313818247782], "f1": [0.8456973293768546, 0.8456973293768546, 0.8456973293768546, 0.8456973293768546, 0.8456973293768546, 0.8456973293768546, 0.8456973293768546, 0.0, 0.8456973293768546, 0.8456973293768546], "auprc": [0.7986118740289057, 0.8120875353267714, 0.8025516656323317, 0.79911679943774, 0.8095103174056221, 0.8098950183181866, 0.8164167727383024, 0.6745700391113654, 0.8156047504812509, 0.8185853108281842]}