{"auroc": [0.7461538461538462, 0.7466599190283402, 0.7678475033738191, 0.7349190283400809, 0.7516531713900135, 0.7119770580296896, 0.7638663967611337, 0.697199730094467, 0.7359986504723346, 0.759885290148448], "acc": [0.7326478149100257, 0.7326478149100257, 0.7326478149100257, 0.7326478149100257, 0.7326478149100257, 0.7326478149100257, 0.7326478149100257, 0.7326478149100257, 0.7326478149100257, 0.7326478149100257], "aps": [0.8670799397823443, 0.8620896563009006, 0.8868517693675921, 0.8570420130278442, 0.8743907351262485, 0.8370853276428873, 0.8743639065975984, 0.836243108991189, 0.8498178064832846, 0.883251722430352], "f1": [0.8456973293768546, 0.8456973293768546, 0.8456973293768546, 0.8456973293768546, 0.8456973293768546, 0.8456973293768546, 0.8456973293768546, 0.8456973293768546, 0.8456973293768546, 0.8456973293768546], "auprc": [0.8662060988259557, 0.8611620958255535, 0.8864469698003682, 0.8560068770241192, 0.8738191998429442, 0.8355262729515669, 0.8737116816547057, 0.8354258881943788, 0.847544943147321, 0.882823425488807]}