{"auroc": [0.9460188933873145, 0.9361336032388664, 0.9177125506072874, 0.45711875843454797, 0.519770580296896, 0.9270242914979757, 0.5862348178137652, 0.4971322537112012, 0.912246963562753, 0.5465924426450742], "acc": [0.8766066838046273, 0.8251928020565553, 0.8277634961439588, 0.26735218508997427, 0.7275064267352185, 0.8354755784061697, 0.7326478149100257, 0.6915167095115681, 0.8457583547557841, 0.7326478149100257], "aps": [0.9670867081748922, 0.964009493338858, 0.95454908597702, 0.7148621447668382, 0.764238000346988, 0.9524286032660613, 0.7538885942661921, 0.7089139628202581, 0.9466225628218292, 0.7596375850825965], "f1": [0.92, 0.8927444794952683, 0.8938193343898574, 0.0, 0.8422619047619048, 0.8977635782747603, 0.8456973293768546, 0.8089171974522293, 0.9025974025974026, 0.8456973293768546], "auprc": [0.966831074802396, 0.9637306612165246, 0.9542321852170458, 0.7129166568813525, 0.7633306391975185, 0.9516451176343921, 0.7521787352708041, 0.706629761775468, 0.945994982764426, 0.7581138543807933]}