{"enet": [{"auroc": [0.6989878542510122, 0.648144399460189, 0.6712044534412955, 0.648144399460189, 0.6338225371120109, 0.40286774628879896, 0.6867071524966262, 0.6171390013495277, 0.7223178137651821, 0.40286774628879896], "acc": [0.7840616966580977, 0.7609254498714653, 0.7840616966580977, 0.7609254498714653, 0.7352185089974294, 0.5758354755784062, 0.7660668380462725, 0.781491002570694, 0.7737789203084833, 0.5758354755784062], "aps": [0.8157331270833708, 0.796928615856723, 0.808576400795798, 0.796928615856723, 0.7934372419880883, 0.6892340054990642, 0.8176423671453348, 0.7818733122205452, 0.8399691864343498, 0.6892340054990642], "f1": [0.8653846153846154, 0.8477905073649754, 0.864516129032258, 0.8477905073649754, 0.8417818740399386, 0.7189097103918228, 0.8525121555915721, 0.8686244204018546, 0.8523489932885907, 0.7189097103918228], "auprc": [0.8141323195798115, 0.8865057379418855, 0.8952946209751175, 0.8865057379418855, 0.8562212819002756, 0.7878171091314095, 0.885299663424174, 0.8888951202119305, 0.8831006424185552, 0.7878171091314095]}]}