{"enet": [{"auroc": [0.7684379217273953, 0.773144399460189, 0.7684379217273953, 0.827361673414305, 0.8417341430499324, 0.827361673414305, 0.827361673414305, 0.773144399460189, 0.8417341430499324, 0.8179824561403509], "acc": [0.8174807197943444, 0.7969151670951157, 0.8174807197943444, 0.7969151670951157, 0.8020565552699229, 0.7969151670951157, 0.7969151670951157, 0.7969151670951157, 0.8020565552699229, 0.7789203084832905], "aps": [0.8592750868368022, 0.8604504151054836, 0.8592750868368022, 0.9038376714665878, 0.9081472709887708, 0.9038376714665878, 0.9038376714665878, 0.8604504151054836, 0.9081472709887708, 0.9094468515849378], "f1": [0.8871224165341813, 0.8771384136858477, 0.8871224165341813, 0.8767550702028081, 0.8798751950078003, 0.8767550702028081, 0.8767550702028081, 0.8771384136858477, 0.8798751950078003, 0.8676923076923077], "auprc": [0.9228306255819888, 0.9255099014225768, 0.9228306255819888, 0.9032902164627439, 0.9076321461316346, 0.9032902164627439, 0.9032902164627439, 0.9255099014225768, 0.9076321461316346, 0.9091289774710267]}]}