{"enet": [{"auroc": [0.7172402159244264, 0.6893387314439947, 0.5803306342780028, 0.6496288798920378, 0.44780701754385965, 0.6762989203778678, 0.4182523616734143, 0.5803306342780028, 0.6762989203778678, 0.5803306342780028], "acc": [0.7326478149100257, 0.7429305912596401, 0.7300771208226221, 0.7557840616966581, 0.6606683804627249, 0.7609254498714653, 0.596401028277635, 0.7300771208226221, 0.7609254498714653, 0.7300771208226221], "aps": [0.8315048671602927, 0.8197251993819665, 0.7695805059920657, 0.8002746577929041, 0.7091923414609216, 0.8141194145693127, 0.6970623428558562, 0.7695805059920657, 0.8141194145693127, 0.7695805059920657], "f1": [0.8456973293768546, 0.8257839721254356, 0.8411497730711045, 0.848966613672496, 0.7891373801916933, 0.8516746411483254, 0.7352445193929175, 0.8411497730711045, 0.8516746411483254, 0.8411497730711045], "auprc": [0.8297921142217259, 0.8921161343266749, 0.834410150604689, 0.8820345772458064, 0.812852608932576, 0.8686710386153202, 0.7937225783255063, 0.834410150604689, 0.8686710386153202, 0.834410150604689]}]}