{"enet": [{"auroc": [0.7536099865047234, 0.8200742240215925, 0.8371794871794873, 0.8371794871794873, 0.7915991902834008, 0.7478744939271255, 0.7915991902834008, 0.7914642375168691, 0.8200742240215925, 0.8371794871794873], "acc": [0.8149100257069408, 0.7994858611825193, 0.8071979434447301, 0.8071979434447301, 0.781491002570694, 0.7994858611825193, 0.781491002570694, 0.8046272493573264, 0.7994858611825193, 0.8071979434447301], "aps": [0.8524720152384176, 0.9177458023020978, 0.9269805798463213, 0.9269805798463213, 0.908056114962725, 0.8504708573729679, 0.908056114962725, 0.8759817637030898, 0.9177458023020978, 0.9269805798463213], "f1": [0.8795986622073578, 0.8708609271523179, 0.8760330578512396, 0.8760330578512396, 0.8599670510708401, 0.8700000000000001, 0.8599670510708401, 0.8741721854304635, 0.8708609271523179, 0.8760330578512396], "auprc": [0.9140975252823934, 0.917630353112328, 0.926775096379187, 0.926775096379187, 0.9078131095635679, 0.9105032999576351, 0.9078131095635679, 0.9239756233865769, 0.917630353112328, 0.926775096379187]}]}