{"enet": [{"auroc": [0.7196524966261809, 0.8338394062078273, 0.852834008097166, 0.852834008097166, 0.852834008097166, 0.8519399460188933, 0.852834008097166, 0.8519399460188933, 0.852834008097166, 0.852834008097166], "acc": [0.8071979434447301, 0.8226221079691517, 0.8380462724935732, 0.8380462724935732, 0.8380462724935732, 0.8303341902313625, 0.8380462724935732, 0.8303341902313625, 0.8380462724935732, 0.8380462724935732], "aps": [0.8326158271422457, 0.911582356793532, 0.926526654592986, 0.926526654592986, 0.926526654592986, 0.926681661565639, 0.926526654592986, 0.926681661565639, 0.926526654592986, 0.926526654592986], "f1": [0.8743718592964824, 0.8859504132231405, 0.8944723618090453, 0.8944723618090453, 0.8944723618090453, 0.8896321070234114, 0.8944723618090453, 0.8896321070234114, 0.8944723618090453, 0.8944723618090453], "auprc": [0.9076997878848168, 0.9144478738635518, 0.929712431135507, 0.929712431135507, 0.929712431135507, 0.9315705415773563, 0.929712431135507, 0.9315705415773563, 0.929712431135507, 0.929712431135507]}]}