{"enet": [{"auroc": [0.7430161943319838, 0.7435391363022942, 0.7028171390013496, 0.8723009446693657, 0.8537112010796222, 0.8261133603238866, 0.7028171390013496, 0.7878205128205128, 0.8261133603238866, 0.8537112010796222], "acc": [0.8251928020565553, 0.781491002570694, 0.7917737789203085, 0.8174807197943444, 0.8174807197943444, 0.8123393316195373, 0.7917737789203085, 0.8149100257069408, 0.8123393316195373, 0.8174807197943444], "aps": [0.8444908339924863, 0.8494736711036588, 0.8257488161583642, 0.9420213140251226, 0.9284514213329363, 0.9079896640776389, 0.8257488161583642, 0.8710753328291571, 0.9079896640776389, 0.9284514213329363], "f1": [0.8903225806451612, 0.8631239935587762, 0.869983948635634, 0.8871224165341813, 0.8852988691437803, 0.882825040128411, 0.869983948635634, 0.8846153846153846, 0.882825040128411, 0.8852988691437803], "auprc": [0.9157682492163951, 0.9125383697802867, 0.9013941931215173, 0.9418398527461053, 0.9333206138550747, 0.929128230142332, 0.9013941931215173, 0.924829895831141, 0.929128230142332, 0.9333206138550747]}]}