{"rf": [{"auroc": [0.8362010796221323], "acc": [0.7609254498714653], "aps": [0.9332443298671681], "f1": [0.8575803981623278], "auprc": [0.9343672159910971]}], "enet": [{"auroc": [0.7281376518218623], "acc": [0.7917737789203085], "aps": [0.8381298834771781], "f1": [0.8610634648370498], "auprc": [0.906888566583382]}]}