{"enet": [{"auroc": [0.7184379217273953, 0.8123481781376518, 0.7545377867746288, 0.8730600539811066, 0.7184379217273953, 0.8751686909581646, 0.7545377867746288, 0.7545377867746288, 0.8710526315789473, 0.8123481781376518], "acc": [0.8046272493573264, 0.8380462724935732, 0.794344473007712, 0.8277634961439588, 0.8046272493573264, 0.8329048843187661, 0.794344473007712, 0.794344473007712, 0.8226221079691517, 0.8380462724935732], "aps": [0.8326416595588358, 0.8902248938754931, 0.8541348125459204, 0.9406078345995323, 0.8326416595588358, 0.9460516247540776, 0.8541348125459204, 0.8541348125459204, 0.9447141986799547, 0.8902248938754931], "f1": [0.8778135048231511, 0.8896672504378285, 0.8705501618122977, 0.8862478777589134, 0.8778135048231511, 0.888507718696398, 0.8705501618122977, 0.8705501618122977, 0.8770053475935828, 0.8896672504378285], "auprc": [0.907369220121986, 0.9328008796189413, 0.9174455322578511, 0.949028661571976, 0.907369220121986, 0.9476386539654409, 0.9174455322578511, 0.9174455322578511, 0.9445185364162181, 0.9328008796189413]}]}