{"auroc": [0.6776653171390014, 0.701923076923077, 0.6860323886639675, 0.6918353576248313, 0.6975708502024291, 0.6798245614035088, 0.6808367071524967, 0.678778677462888, 0.6699730094466936, 0.6819163292847503], "acc": [0.7326478149100257, 0.7326478149100257, 0.7326478149100257, 0.7326478149100257, 0.7326478149100257, 0.7326478149100257, 0.7326478149100257, 0.7326478149100257, 0.7326478149100257, 0.7326478149100257], "aps": [0.8104564785396855, 0.8194135989980207, 0.8155134156006705, 0.8170838139785466, 0.8235514491214859, 0.8283972485560753, 0.8110870999743234, 0.828726519074328, 0.8145197850767423, 0.821584181648023], "f1": [0.8456973293768546, 0.8456973293768546, 0.8456973293768546, 0.8456973293768546, 0.8456973293768546, 0.8456973293768546, 0.8456973293768546, 0.8456973293768546, 0.8456973293768546, 0.8456973293768546], "auprc": [0.8090028706413843, 0.8178874907496894, 0.8129649793920525, 0.8153958761098606, 0.8223347082857329, 0.8274097468026071, 0.8085516665862299, 0.8280143401345866, 0.8132418080876578, 0.8203515965744101]}