{"enet": [{"auroc": [0.7061740890688258, 0.6862348178137653, 0.6716767881241565, 0.7913798920377867, 0.6827597840755736, 0.7069163292847502, 0.7281882591093117, 0.7061740890688258, 0.7061740890688258, 0.7069163292847502], "acc": [0.7994858611825193, 0.8071979434447301, 0.7892030848329049, 0.7969151670951157, 0.7789203084832905, 0.8046272493573264, 0.7917737789203085, 0.7994858611825193, 0.7994858611825193, 0.8046272493573264], "aps": [0.8266397472675262, 0.8151191407355702, 0.8090021948671509, 0.8984387306286988, 0.8153860929716144, 0.8267224757535053, 0.8405683929431768, 0.8266397472675262, 0.8266397472675262, 0.8267224757535053], "f1": [0.8745980707395499, 0.8788368336025847, 0.8673139158576052, 0.870279146141215, 0.8639240506329113, 0.8778135048231511, 0.869983948635634, 0.8745980707395499, 0.8745980707395499, 0.8778135048231511], "auprc": [0.9037483931651911, 0.9011080193548819, 0.8958057035501013, 0.9066159999393458, 0.8972075707418053, 0.9023641985717241, 0.9073553007745317, 0.9037483931651911, 0.9037483931651911, 0.9023641985717241]}]}