{"enet": [{"auroc": [0.6923751686909582, 0.7967948717948719, 0.694078947368421, 0.7967948717948719, 0.7918016194331984, 0.7440958164642375, 0.7895074224021592, 0.6781882591093117, 0.712466261808367, 0.7895074224021592], "acc": [0.7403598971722365, 0.7789203084832905, 0.794344473007712, 0.7789203084832905, 0.7660668380462725, 0.7686375321336761, 0.7712082262210797, 0.7686375321336761, 0.7866323907455013, 0.7712082262210797], "aps": [0.8268269340802915, 0.9106140352103417, 0.8214706406456066, 0.9106140352103417, 0.9131738091331586, 0.8575303770201504, 0.9077423993813785, 0.81350824825371, 0.832394644480045, 0.9077423993813785], "f1": [0.8325041459369817, 0.8594771241830066, 0.8692810457516339, 0.8594771241830066, 0.8510638297872339, 0.8534201954397395, 0.8548123980424144, 0.8494983277591973, 0.8618968386023295, 0.8548123980424144], "auprc": [0.8840895852008497, 0.9120937158531446, 0.8923282700990797, 0.9120937158531446, 0.9129647644304177, 0.900340992301595, 0.9111036575997551, 0.8941089515594733, 0.901442913723424, 0.9111036575997551]}]}