{"enet": [{"auroc": [0.7556511470985154, 0.7393387314439945, 0.7273279352226721, 0.7131241565452091, 0.6977226720647773, 0.7080296896086369, 0.8028002699055331, 0.7273279352226721, 0.7393387314439945, 0.7131241565452091], "acc": [0.781491002570694, 0.8071979434447301, 0.7969151670951157, 0.8097686375321337, 0.8149100257069408, 0.8149100257069408, 0.7969151670951157, 0.7969151670951157, 0.8071979434447301, 0.8097686375321337], "aps": [0.8582721686506327, 0.84496749722416, 0.8378646280351917, 0.8291826298860059, 0.8211027471408138, 0.8262669932326347, 0.8954806808011664, 0.8378646280351917, 0.84496749722416, 0.8291826298860059], "f1": [0.8631239935587762, 0.8784440842787683, 0.8727858293075685, 0.8802588996763753, 0.8827361563517916, 0.8831168831168831, 0.8715447154471545, 0.8727858293075685, 0.8784440842787683, 0.8802588996763753], "auprc": [0.9114988609689207, 0.9120101371037556, 0.905721221481546, 0.9079133839124915, 0.9050619220487894, 0.9077579078557578, 0.9067458932513476, 0.905721221481546, 0.9120101371037556, 0.9079133839124915]}]}