{"enet": [{"auroc": [0.7473346828609988, 0.7965249662618084, 0.7473346828609988, 0.7473346828609988, 0.7965249662618084, 0.7473346828609988, 0.7992746288798921, 0.7923920377867747, 0.7923920377867747, 0.7992746288798921], "acc": [0.8020565552699229, 0.7917737789203085, 0.8020565552699229, 0.8020565552699229, 0.7917737789203085, 0.8020565552699229, 0.7969151670951157, 0.7969151670951157, 0.7969151670951157, 0.7969151670951157], "aps": [0.8505246546609214, 0.8726887646762117, 0.8505246546609214, 0.8505246546609214, 0.8726887646762117, 0.8505246546609214, 0.8814453238316668, 0.8825608509380856, 0.8825608509380856, 0.8814453238316668], "f1": [0.8731466227347613, 0.8665568369028006, 0.8731466227347613, 0.8731466227347613, 0.8665568369028006, 0.8731466227347613, 0.8685524126455906, 0.870279146141215, 0.870279146141215, 0.8685524126455906], "auprc": [0.9135755501644627, 0.8794840537374904, 0.9135755501644627, 0.9135755501644627, 0.8794840537374904, 0.9135755501644627, 0.8981728930749672, 0.8834375057155238, 0.8834375057155238, 0.8981728930749672]}]}