{"enet": [{"auroc": [0.7470310391363024, 0.8540148448043186, 0.8540148448043186, 0.8642712550607288, 0.8065620782726046, 0.8540148448043186, 0.8540148448043186, 0.8642712550607288, 0.8540148448043186, 0.8642712550607288], "acc": [0.7892030848329049, 0.8431876606683805, 0.8431876606683805, 0.8277634961439588, 0.8200514138817481, 0.8431876606683805, 0.8431876606683805, 0.8277634961439588, 0.8431876606683805, 0.8277634961439588], "aps": [0.8489620762467063, 0.9261441066990896, 0.9261441066990896, 0.9351318427482646, 0.8851245586582823, 0.9261441066990896, 0.9261441066990896, 0.9351318427482646, 0.9261441066990896, 0.9351318427482646], "f1": [0.8581314878892733, 0.8967851099830796, 0.8967851099830796, 0.8877721943048578, 0.8841059602649007, 0.8967851099830796, 0.8967851099830796, 0.8877721943048578, 0.8967851099830796, 0.8877721943048578], "auprc": [0.911890083441872, 0.9309861953511366, 0.9309861953511366, 0.934835238926808, 0.9274068265682489, 0.9309861953511366, 0.9309861953511366, 0.934835238926808, 0.9309861953511366, 0.934835238926808]}]}