{"auroc": [0.5725708502024291, 0.5620107962213226, 0.5772267206477733, 0.4879554655870445, 0.8782388663967611, 0.5656882591093118, 0.5685222672064777, 0.9110661268556005, 0.5597165991902835, 0.5904520917678813], "acc": [0.7326478149100257, 0.7326478149100257, 0.7377892030848329, 0.7326478149100257, 0.8149100257069408, 0.7326478149100257, 0.7326478149100257, 0.8508997429305912, 0.532133676092545, 0.7326478149100257], "aps": [0.7625463678678489, 0.7627942831625207, 0.7885101645555807, 0.7444905094205357, 0.935347890386498, 0.7769622435567081, 0.7660191435173732, 0.9571441579804313, 0.7648370406939675, 0.7577003977843044], "f1": [0.8456973293768546, 0.8456973293768546, 0.8411214953271028, 0.8456973293768546, 0.8860759493670887, 0.8456973293768546, 0.8456973293768546, 0.9058441558441559, 0.6160337552742617, 0.8456973293768546], "auprc": [0.7608852417104219, 0.759976646980533, 0.7874429053224836, 0.7431056051186997, 0.9350478754550213, 0.7755721655785166, 0.7644561956238021, 0.9570089185640402, 0.7635498388247217, 0.7547862416127032]}