{"enet": [{"auroc": [0.7042172739541162, 0.7123987854251012, 0.6722503373819164, 0.7197705802968961, 0.7197705802968961, 0.6884952766531713, 0.671474358974359, 0.7197705802968961, 0.7123987854251012, 0.686774628879892], "acc": [0.7634961439588689, 0.7712082262210797, 0.7634961439588689, 0.7300771208226221, 0.7300771208226221, 0.7789203084832905, 0.7789203084832905, 0.7300771208226221, 0.7712082262210797, 0.7660668380462725], "aps": [0.7964731768775646, 0.8300730848404402, 0.8102868365655161, 0.8384481659030254, 0.8384481659030254, 0.8174535179120485, 0.8080248250798834, 0.8384481659030254, 0.8300730848404402, 0.8171361086509681], "f1": [0.8606060606060605, 0.8457538994800694, 0.8580246913580247, 0.810126582278481, 0.810126582278481, 0.8672839506172839, 0.8585526315789473, 0.810126582278481, 0.8457538994800694, 0.8449744463373083], "auprc": [0.794006453896188, 0.8928616962134854, 0.8901189980535066, 0.8799708368442347, 0.8799708368442347, 0.8951040395186858, 0.8946147880256039, 0.8799708368442347, 0.8928616962134854, 0.8933673077610653]}]}