{"enet": [{"auroc": [0.787246963562753, 0.8204453441295545, 0.7617914979757086, 0.7617914979757086, 0.787246963562753, 0.7855431848852902, 0.7855431848852902, 0.787246963562753, 0.7564439946018893, 0.787246963562753], "acc": [0.8277634961439588, 0.8123393316195373, 0.8123393316195373, 0.8123393316195373, 0.8277634961439588, 0.8046272493573264, 0.8046272493573264, 0.8277634961439588, 0.8200514138817481, 0.8277634961439588], "aps": [0.8728954272172788, 0.911451367061902, 0.8581278683972912, 0.8581278683972912, 0.8728954272172788, 0.8723335222489589, 0.8723335222489589, 0.8728954272172788, 0.8522732611159014, 0.8728954272172788], "f1": [0.882661996497373, 0.8747855917667238, 0.8743545611015491, 0.8743545611015491, 0.882661996497373, 0.8675958188153309, 0.8675958188153309, 0.882661996497373, 0.8805460750853242, 0.882661996497373], "auprc": [0.9263517255204996, 0.9146021023459855, 0.917182716400882, 0.917182716400882, 0.9263517255204996, 0.9232151481619697, 0.9232151481619697, 0.9263517255204996, 0.917473844724373, 0.9263517255204996]}]}