{"rf": [{"auroc": [0.8765182186234818], "acc": [0.7712082262210797], "aps": [0.9452797071472376], "f1": [0.8641221374045801], "auprc": [0.9466763789025855]}], "enet": [{"auroc": [0.6547064777327936], "acc": [0.7866323907455013], "aps": [0.799572996103563], "f1": [0.8659127625201938], "auprc": [0.8935751726492736]}]}