{"enet": [{"auroc": [0.8534075573549258, 0.7879217273954116, 0.7404352226720647, 0.8227901484480432, 0.792442645074224, 0.8142375168690958, 0.8534075573549258, 0.8534075573549258, 0.7963394062078273, 0.7583670715249663], "acc": [0.8431876606683805, 0.8483290488431876, 0.8174807197943444, 0.8380462724935732, 0.8174807197943444, 0.8149100257069408, 0.8431876606683805, 0.8431876606683805, 0.8354755784061697, 0.8354755784061697], "aps": [0.9222099175656426, 0.8705849323018298, 0.8446124996343171, 0.8961448263559498, 0.8770024038424606, 0.8932245375389526, 0.9222099175656426, 0.9222099175656426, 0.8764959487813705, 0.8548196454627954], "f1": [0.8998357963875205, 0.9011725293132329, 0.8814691151919867, 0.8941176470588236, 0.8814691151919867, 0.8838709677419354, 0.8998357963875205, 0.8998357963875205, 0.8933333333333334, 0.8926174496644295], "auprc": [0.9218252569482435, 0.9257897763287687, 0.9147038102176719, 0.9326964368473489, 0.9219872860664156, 0.8924127782425135, 0.9218252569482435, 0.9218252569482435, 0.9197902266441589, 0.9199436128299698]}]}