{"rf": [{"auroc": [0.8652665317139001], "acc": [0.7737789203084833], "aps": [0.9435000566398939], "f1": [0.8658536585365854], "auprc": [0.9438598427687975]}], "enet": [{"auroc": [0.827361673414305], "acc": [0.8251928020565553], "aps": [0.9011071383046094], "f1": [0.8835616438356164], "auprc": [0.9362850848884339]}]}