{"enet": [{"auroc": [0.8231781376518218, 0.8058704453441295, 0.8231781376518218, 0.8231781376518218, 0.8058704453441295, 0.8058704453441295, 0.8231781376518218, 0.75639338731444, 0.8231781376518218, 0.8058704453441295], "acc": [0.8046272493573264, 0.8251928020565553, 0.8046272493573264, 0.8046272493573264, 0.8251928020565553, 0.8251928020565553, 0.8046272493573264, 0.8226221079691517, 0.8046272493573264, 0.8251928020565553], "aps": [0.9055590372806868, 0.8988910782458571, 0.9055590372806868, 0.9055590372806868, 0.8988910782458571, 0.8988910782458571, 0.9055590372806868, 0.8536083995531698, 0.9055590372806868, 0.8988910782458571], "f1": [0.8724832214765101, 0.8885245901639344, 0.8724832214765101, 0.8724832214765101, 0.8885245901639344, 0.8885245901639344, 0.8724832214765101, 0.8855721393034826, 0.8724832214765101, 0.8885245901639344], "auprc": [0.907948365813263, 0.8984062451255455, 0.907948365813263, 0.907948365813263, 0.8984062451255455, 0.8984062451255455, 0.907948365813263, 0.9122853979052815, 0.907948365813263, 0.8984062451255455]}]}