{"enet": [{"auroc": [0.8243252361673414, 0.7962044534412955, 0.7421727395411606, 0.7708502024291498, 0.7940620782726048, 0.7321693657219973, 0.7421727395411606, 0.7940620782726048, 0.7649122807017543, 0.8068151147098516], "acc": [0.8200514138817481, 0.8020565552699229, 0.8071979434447301, 0.8097686375321337, 0.8123393316195373, 0.8046272493573264, 0.8071979434447301, 0.8123393316195373, 0.8251928020565553, 0.8097686375321337], "aps": [0.9132458929144722, 0.8885428319572045, 0.8442982289013536, 0.8636137826700088, 0.8776355437450746, 0.839798575853345, 0.8442982289013536, 0.8776355437450746, 0.8572136801071734, 0.8974918879921251], "f1": [0.882154882154882, 0.8697123519458545, 0.8730964467005077, 0.8719723183391003, 0.8764805414551607, 0.8711864406779661, 0.8730964467005077, 0.8764805414551607, 0.8835616438356164, 0.8758389261744967], "auprc": [0.9147291055456298, 0.9139948678500809, 0.912828204335103, 0.918522218295731, 0.9273015828951577, 0.9092713491100405, 0.912828204335103, 0.9273015828951577, 0.9200075724567571, 0.9102817389248452]}]}