{"enet": [{"auroc": [0.7813765182186236, 0.8281039136302294, 0.7702597840755735, 0.8074392712550608, 0.8281039136302294, 0.8074392712550608, 0.8281039136302294, 0.8074392712550608, 0.8281039136302294, 0.8074392712550608], "acc": [0.8071979434447301, 0.8200514138817481, 0.794344473007712, 0.7969151670951157, 0.8200514138817481, 0.7969151670951157, 0.8200514138817481, 0.7969151670951157, 0.8200514138817481, 0.7969151670951157], "aps": [0.8712704664184797, 0.9011262585661454, 0.8658522661698926, 0.8867725537933204, 0.9011262585661454, 0.8867725537933204, 0.9011262585661454, 0.8867725537933204, 0.9011262585661454, 0.8867725537933204], "f1": [0.8691099476439791, 0.882154882154882, 0.863013698630137, 0.864027538726334, 0.882154882154882, 0.864027538726334, 0.882154882154882, 0.864027538726334, 0.882154882154882, 0.864027538726334], "auprc": [0.9221541522706788, 0.9000507025476153, 0.9164581872816929, 0.8905293493244034, 0.9000507025476153, 0.8905293493244034, 0.9000507025476153, 0.8905293493244034, 0.9000507025476153, 0.8905293493244034]}]}