{"enet": [{"auroc": [0.7294534412955465, 0.7531207827260458, 0.7531207827260458, 0.7636470985155195, 0.7433535762483131, 0.7433535762483131, 0.7531207827260458, 0.7531207827260458, 0.7129723346828611, 0.7129723346828611], "acc": [0.794344473007712, 0.7994858611825193, 0.7994858611825193, 0.7840616966580977, 0.7969151670951157, 0.7969151670951157, 0.7994858611825193, 0.7994858611825193, 0.7660668380462725, 0.7660668380462725], "aps": [0.8397978784433631, 0.8576250784262399, 0.8576250784262399, 0.863822443288286, 0.8479168087973478, 0.8479168087973478, 0.8576250784262399, 0.8576250784262399, 0.8338276556843286, 0.8338276556843286], "f1": [0.8634812286689418, 0.8655172413793104, 0.8655172413793104, 0.8561643835616438, 0.8635578583765111, 0.8635578583765111, 0.8655172413793104, 0.8655172413793104, 0.8475711892797321, 0.8475711892797321], "auprc": [0.9081737906585649, 0.9138456877875207, 0.9138456877875207, 0.9143701792019766, 0.9114637931220283, 0.9114637931220283, 0.9138456877875207, 0.9138456877875207, 0.8971883258248454, 0.8971883258248454]}]}