{"enet": [{"auroc": [0.726821862348178, 0.8240553306342779, 0.8253542510121458, 0.7746626180836708, 0.7959851551956815, 0.8308367071524967, 0.7318319838056679, 0.7267037786774628, 0.805229419703104, 0.7959851551956815], "acc": [0.8071979434447301, 0.8174807197943444, 0.8200514138817481, 0.7506426735218509, 0.7917737789203085, 0.7737789203084833, 0.7917737789203085, 0.8071979434447301, 0.781491002570694, 0.7917737789203085], "aps": [0.8381046115260309, 0.9203585289777183, 0.9103576293950352, 0.9029767751267701, 0.9098715596311207, 0.9287379132558315, 0.8407277749148473, 0.8369588843247482, 0.9149029062691438, 0.9098715596311207], "f1": [0.8756218905472637, 0.883415435139573, 0.8848684210526315, 0.8482003129890454, 0.869983948635634, 0.860759493670886, 0.8665568369028006, 0.8756218905472637, 0.8644338118022328, 0.869983948635634], "auprc": [0.903067959913129, 0.9201419040040227, 0.9232894032026393, 0.9027111269323176, 0.9096344244635041, 0.9285569563616394, 0.9073851384534407, 0.9091286887202135, 0.9146650252746581, 0.9096344244635041]}]}