{"auroc": [0.7062753036437246, 0.7060053981106613, 0.6812078272604587, 0.6966261808367071, 0.672165991902834, 0.7019905533063429, 0.6931511470985156, 0.7803643724696356, 0.6965924426450743, 0.6714237516869096], "acc": [0.7326478149100257, 0.7326478149100257, 0.7326478149100257, 0.7326478149100257, 0.7326478149100257, 0.7326478149100257, 0.7326478149100257, 0.7429305912596401, 0.7326478149100257, 0.7326478149100257], "aps": [0.8346624056842773, 0.829825072620705, 0.8246837081595915, 0.8371198718510304, 0.8358829811923586, 0.8377361703356625, 0.8204150335044036, 0.8571327171722858, 0.8330448312652622, 0.83170499887094], "f1": [0.8456973293768546, 0.8456973293768546, 0.8456973293768546, 0.8456973293768546, 0.8456973293768546, 0.8456973293768546, 0.8456973293768546, 0.8502994011976047, 0.8456973293768546, 0.8456973293768546], "auprc": [0.8335435023706459, 0.8287849118553693, 0.8236745266394655, 0.836016950628071, 0.8353023781272677, 0.8369912909924382, 0.8189067002200963, 0.8555249107397026, 0.8318782874984756, 0.8310760505794321]}