{"rf": [{"auroc": [0.9284244264507423], "acc": [0.8380462724935732], "aps": [0.9702486806964137], "f1": [0.8991999999999999], "auprc": [0.9726905469722211]}], "enet": [{"auroc": [0.8619770580296896], "acc": [0.8586118251928021], "aps": [0.917405643436512], "f1": [0.9075630252100839], "auprc": [0.9167857653494675]}]}