{"rf": [{"auroc": [0.9298751686909581], "acc": [0.8071979434447301], "aps": [0.9701341509411784], "f1": [0.8837209302325582], "auprc": [0.9702730464025806]}], "enet": [{"auroc": [0.8671558704453441], "acc": [0.7892030848329049], "aps": [0.9379322866817335], "f1": [0.8509090909090908], "auprc": [0.942984266183516]}]}