{"enet": [{"auroc": [0.6336875843454791, 0.8776990553306343, 0.7585020242914979, 0.7110323886639676, 0.7585020242914979, 0.7585020242914979, 0.8776990553306343, 0.8758097165991903, 0.7585020242914979, 0.8758097165991903], "acc": [0.7737789203084833, 0.8174807197943444, 0.8071979434447301, 0.794344473007712, 0.8071979434447301, 0.8071979434447301, 0.8174807197943444, 0.8020565552699229, 0.8071979434447301, 0.8020565552699229], "aps": [0.7901410995832305, 0.936500098805855, 0.8564190849680311, 0.8306097175340585, 0.8564190849680311, 0.8564190849680311, 0.936500098805855, 0.9395646397811575, 0.8564190849680311, 0.9395646397811575], "f1": [0.860759493670886, 0.8841761827079935, 0.8760330578512396, 0.8688524590163934, 0.8760330578512396, 0.8760330578512396, 0.8841761827079935, 0.8771929824561403, 0.8760330578512396, 0.8771929824561403], "auprc": [0.8886733515025453, 0.9346524428757166, 0.9153717540521562, 0.9052870553623029, 0.9153717540521562, 0.9153717540521562, 0.9346524428757166, 0.9390300940106628, 0.9153717540521562, 0.9390300940106628]}]}