{"enet": [{"auroc": [0.8473346828609987, 0.8382759784075573, 0.761234817813765, 0.8382759784075573, 0.847165991902834, 0.8733130904183536, 0.8473346828609987, 0.8473346828609987, 0.761234817813765, 0.766717273954116], "acc": [0.8277634961439588, 0.8123393316195373, 0.8251928020565553, 0.8123393316195373, 0.8380462724935732, 0.8149100257069408, 0.8277634961439588, 0.8277634961439588, 0.8251928020565553, 0.8149100257069408], "aps": [0.9177634940480401, 0.9101811988307279, 0.857150622926347, 0.9101811988307279, 0.9225041330833568, 0.934087729515221, 0.9177634940480401, 0.9177634940480401, 0.857150622926347, 0.8617961256234746], "f1": [0.8907014681892332, 0.8816855753646677, 0.8862876254180602, 0.8816855753646677, 0.8962108731466227, 0.8823529411764707, 0.8907014681892332, 0.8907014681892332, 0.8862876254180602, 0.8795986622073578], "auprc": [0.9357756716297558, 0.9377753141640329, 0.9176135555298467, 0.9377753141640329, 0.9255520620678793, 0.9370532653350572, 0.9357756716297558, 0.9357756716297558, 0.9176135555298467, 0.9211738433437257]}]}