{"rf": [{"auroc": [0.9245107962213225], "acc": [0.8020565552699229], "aps": [0.9672742227417739], "f1": [0.8806201550387597], "auprc": [0.9675348512915807]}], "enet": [{"auroc": [0.8021423751686909], "acc": [0.8483290488431876], "aps": [0.8776508648900323], "f1": [0.90311986863711], "auprc": [0.9317227678368791]}]}