{"enet": [{"auroc": [0.7199392712550607, 0.6821524966261809, 0.6821524966261809, 0.5561066126855599, 0.7105263157894737, 0.5878711201079622, 0.7105263157894737, 0.7105263157894737, 0.7105263157894737, 0.6821524966261809], "acc": [0.7892030848329049, 0.6375321336760925, 0.6375321336760925, 0.7172236503856041, 0.7532133676092545, 0.6709511568123393, 0.7532133676092545, 0.7532133676092545, 0.7532133676092545, 0.6375321336760925], "aps": [0.8174160337919192, 0.8137417089142631, 0.8137417089142631, 0.7566739165369225, 0.8317090611580956, 0.7777329562659671, 0.8317090611580956, 0.8317090611580956, 0.8317090611580956, 0.8137417089142631], "f1": [0.8655737704918033, 0.7218934911242604, 0.7218934911242604, 0.8286604361370716, 0.8339100346020761, 0.787375415282392, 0.8339100346020761, 0.8339100346020761, 0.8339100346020761, 0.7218934911242604], "auprc": [0.815475508833972, 0.8577084893141571, 0.8577084893141571, 0.8670211142756901, 0.8875219133552226, 0.853632677306957, 0.8875219133552226, 0.8875219133552226, 0.8875219133552226, 0.8577084893141571]}]}