{"auroc": [0.6998313090418353, 0.667914979757085, 0.7319500674763832, 0.8860661268556007, 0.7036774628879892, 0.8859311740890689, 0.5140013495276653, 0.703306342780027, 0.8573886639676114, 0.577800269905533], "acc": [0.7326478149100257, 0.7326478149100257, 0.7455012853470437, 0.7840616966580977, 0.7326478149100257, 0.8611825192802056, 0.38817480719794345, 0.7326478149100257, 0.8123393316195373, 0.7326478149100257], "aps": [0.8136592514841523, 0.8151942736461608, 0.8328838313475582, 0.9341520741604784, 0.8459562681539252, 0.9279778996542387, 0.7557608058496399, 0.8272315061714984, 0.9142354188232017, 0.766224112369233], "f1": [0.8456973293768546, 0.8456973293768546, 0.852017937219731, 0.8703703703703703, 0.8456973293768546, 0.911764705882353, 0.3602150537634409, 0.8456973293768546, 0.88503937007874, 0.8456973293768546], "auprc": [0.8109677777847629, 0.8140994877500507, 0.8303503571606363, 0.9334812480543101, 0.8447316481129183, 0.9271685520912643, 0.7545145481808958, 0.8259023051226677, 0.9133814699671632, 0.7644652577951714]}