{"enet": [{"auroc": [0.7788292847503374, 0.7857456140350877, 0.7857456140350877, 0.7788292847503374, 0.7857456140350877, 0.7404183535762484, 0.7404183535762484, 0.766683535762483, 0.7857456140350877, 0.766683535762483], "acc": [0.8046272493573264, 0.8046272493573264, 0.8046272493573264, 0.8046272493573264, 0.8046272493573264, 0.7892030848329049, 0.7892030848329049, 0.794344473007712, 0.8046272493573264, 0.794344473007712], "aps": [0.8686223032730451, 0.8716662512244917, 0.8716662512244917, 0.8686223032730451, 0.8716662512244917, 0.8487246051684713, 0.8487246051684713, 0.8616185726629162, 0.8716662512244917, 0.8616185726629162], "f1": [0.8675958188153309, 0.8657243816254417, 0.8657243816254417, 0.8675958188153309, 0.8657243816254417, 0.859106529209622, 0.859106529209622, 0.8634812286689418, 0.8657243816254417, 0.8634812286689418], "auprc": [0.9192934905645367, 0.9233689789763, 0.9233689789763, 0.9192934905645367, 0.9233689789763, 0.9087576351836897, 0.9087576351836897, 0.9179475538159627, 0.9233689789763, 0.9179475538159627]}]}