{"auroc": [0.6699392712550607, 0.9026821862348178, 0.6680836707152497, 0.9183873144399459, 0.6664304993252362, 0.6257085020242914, 0.6661605937921729, 0.6708502024291498, 0.7123144399460188, 0.7078947368421054], "acc": [0.7326478149100257, 0.8611825192802056, 0.7326478149100257, 0.8740359897172236, 0.7326478149100257, 0.7275064267352185, 0.7326478149100257, 0.7326478149100257, 0.7326478149100257, 0.7326478149100257], "aps": [0.8022860661642718, 0.9495349362484817, 0.8041005885922003, 0.9612865862966102, 0.8037305838158064, 0.7770562855275691, 0.7998517407225803, 0.8095882385898101, 0.8212987339042155, 0.8117232474463796], "f1": [0.8456973293768546, 0.9105960264900661, 0.8456973293768546, 0.9176470588235294, 0.8456973293768546, 0.8369230769230771, 0.8456973293768546, 0.8456973293768546, 0.8456973293768546, 0.8456973293768546], "auprc": [0.8004322777014081, 0.9512442618175355, 0.8026061040566961, 0.9611649077601193, 0.80225172842791, 0.7752740974040726, 0.7980237346553245, 0.8083107848665543, 0.8197649372293739, 0.8098132056868033]}