{"rf": [{"auroc": [0.9399966261808368], "acc": [0.8303341902313625], "aps": [0.9758906103967503], "f1": [0.8958990536277602], "auprc": [0.9764922763801015]}], "enet": [{"auroc": [0.8501686909581646], "acc": [0.8226221079691517], "aps": [0.9058646081202618], "f1": [0.8881685575364668], "auprc": [0.9051213007470303]}]}