{"auroc": [0.5636363636363637, 0.5818181818181819, 0.5818181818181818, 0.5636363636363637, 0.6], "acc": [0.6190476190476191, 0.5714285714285714, 0.6666666666666666, 0.5714285714285714, 0.5238095238095238], "aps": [0.5299386286228392, 0.5394857430151547, 0.5571303258145364, 0.5355430242272348, 0.5834722222222222], "f1": [0.6363636363636365, 0.5714285714285713, 0.631578947368421, 0.5714285714285713, 0.5454545454545454], "auprc": [0.47759291877712934, 0.49479460340141457, 0.513262804447015, 0.48231819350240407, 0.5312750224921278]}