{"best_index": [227, 136, 83, 248, 100], "auroc": [0.4378698224852071, 0.47928994082840237, 0.42011834319526625, 0.4615384615384615, 0.47337278106508873], "acc": [0.5, 0.3076923076923077, 0.34615384615384615, 0.4230769230769231, 0.38461538461538464], "aps": [0.500723648332344, 0.6259417051293481, 0.5929536405623361, 0.6482015977333704, 0.6505421047297477], "f1": [0.5517241379310345, 0.47058823529411764, 0.4848484848484849, 0.5945945945945945, 0.5555555555555555], "auprc": [0.4579416440118781, 0.6095239854221548, 0.5764037599436297, 0.6371832357534699, 0.6394607153588847]}