{"best_index": [130, 71, 138, 105, 331], "auroc": [0.4260355029585799, 0.34911242603550297, 0.42011834319526625, 0.4497041420118343, 0.49112426035502954], "acc": [0.46153846153846156, 0.3076923076923077, 0.3076923076923077, 0.34615384615384615, 0.5], "aps": [0.5067180812498537, 0.459725757334453, 0.5980971082058038, 0.6186838932156657, 0.5931137031717915], "f1": [0.5333333333333333, 0.47058823529411764, 0.47058823529411764, 0.5142857142857142, 0.48000000000000004], "auprc": [0.4634416995119336, 0.41652058756045723, 0.5842680644425495, 0.6050010173870408, 0.5697571620520925]}