{"best_index": [128, 142, 126, 95, 120], "auroc": [0.4497041420118343, 0.4319526627218935, 0.3313609467455621, 0.4556213017751479, 0.3431952662721893], "acc": [0.46153846153846156, 0.38461538461538464, 0.3076923076923077, 0.38461538461538464, 0.34615384615384615], "aps": [0.5040947940947941, 0.5073214365090795, 0.4774608000694957, 0.6462045563132519, 0.4433222890079077], "f1": [0.5625, 0.4666666666666667, 0.47058823529411764, 0.5555555555555555, 0.5142857142857142], "auprc": [0.46107310205237245, 0.47061983401800334, 0.45464635068622045, 0.6341853255440211, 0.406865392328339]}