{"auroc": [0.46879606879606883, 0.47592137592137596, 0.4417690417690418, 0.4746928746928747, 0.45159705159705166], "acc": [0.5978260869565217, 0.40217391304347827, 0.5978260869565217, 0.40217391304347827, 0.5978260869565217], "aps": [0.3823060135088393, 0.3776827694498289, 0.3752395125170427, 0.3757581972535045, 0.3827782863471213], "f1": [0.0, 0.5736434108527132, 0.0, 0.5736434108527132, 0.0], "auprc": [0.36934386276708897, 0.3656965408074671, 0.3622464553786594, 0.3631440770858014, 0.36923430608574526]}