{"best_index": [92, 51, 107, 77, 107], "auroc": [0.6622857142857143, 0.66, 0.6291428571428571, 0.6977142857142857, 0.6862857142857143], "acc": [0.5833333333333334, 0.4166666666666667, 0.4166666666666667, 0.5833333333333334, 0.6], "aps": [0.7468240076970069, 0.7477260387136655, 0.6931900931750824, 0.750353418888498, 0.7628579470677735], "f1": [0.7368421052631579, 0.0, 0.0, 0.7368421052631579, 0.52], "auprc": [0.7407242676828635, 0.7421411458061781, 0.6761255885061763, 0.7431984955768227, 0.75715197060583]}