{"best_index": [77, 153, 101, 173, 138], "auroc": [0.6771428571428572, 0.6542857142857142, 0.7468571428571428, 0.6988571428571428, 0.6839999999999999], "acc": [0.5833333333333334, 0.5833333333333334, 0.5833333333333334, 0.4166666666666667, 0.5833333333333334], "aps": [0.7345686503440257, 0.7570973158357536, 0.7991104120198725, 0.7771419405930594, 0.7642507395224233], "f1": [0.7368421052631579, 0.7368421052631579, 0.7368421052631579, 0.0, 0.7368421052631579], "auprc": [0.727786610063884, 0.752787637458384, 0.7938259655587513, 0.7716992784221155, 0.7577736571384271]}