{"best_index": [110, 140, 101, 155, 99], "auroc": [0.6782857142857143, 0.6314285714285715, 0.6577142857142857, 0.6222857142857143, 0.6954285714285714], "acc": [0.5833333333333334, 0.4166666666666667, 0.5833333333333334, 0.5833333333333334, 0.5833333333333334], "aps": [0.7578534806446267, 0.7161146175264111, 0.7399977552651763, 0.683553929169678, 0.767822086742409], "f1": [0.7368421052631579, 0.0, 0.7368421052631579, 0.7368421052631579, 0.7368421052631579], "auprc": [0.752356402290126, 0.7092735206530127, 0.7337144146527623, 0.6659083068418361, 0.7629507887563747]}