{"auroc": [0.5184275184275184, 0.5184275184275184, 0.48206388206388207, 0.5184275184275184, 0.5184275184275184, 0.4813267813267814, 0.5184275184275184, 0.5184275184275184, 0.5189189189189188, 0.5186732186732187], "acc": [0.40217391304347827, 0.40217391304347827, 0.5978260869565217, 0.40217391304347827, 0.40217391304347827, 0.5978260869565217, 0.40217391304347827, 0.40217391304347827, 0.40217391304347827, 0.40217391304347827], "aps": [0.40087081986723266, 0.40087081986723266, 0.39669979781661635, 0.40087081986723266, 0.40087081986723266, 0.3953504557129526, 0.4010937792451216, 0.40087081986723266, 0.40113438130100687, 0.40006369573693773], "f1": [0.5736434108527132, 0.5736434108527132, 0.0, 0.5736434108527132, 0.5736434108527132, 0.0, 0.5736434108527132, 0.5736434108527132, 0.5736434108527132, 0.5736434108527132], "auprc": [0.3880475542335321, 0.3880475542335321, 0.3771739569302219, 0.3880475542335321, 0.3880475542335321, 0.3768730045286541, 0.38804432293820046, 0.3880475542335321, 0.3883105947949076, 0.3873047630233595]}