{"auroc": [0.5228501228501229, 0.5228501228501229, 0.5228501228501229, 0.5228501228501229, 0.5228501228501229, 0.5228501228501229, 0.5228501228501229, 0.5228501228501229, 0.5228501228501229, 0.5228501228501229], "acc": [0.40217391304347827, 0.40217391304347827, 0.40217391304347827, 0.40217391304347827, 0.40217391304347827, 0.40217391304347827, 0.40217391304347827, 0.40217391304347827, 0.40217391304347827, 0.40217391304347827], "aps": [0.4021875299357963, 0.4021875299357963, 0.4021875299357963, 0.4021875299357963, 0.4021875299357963, 0.4021875299357963, 0.4021875299357963, 0.4021875299357963, 0.4021875299357963, 0.4021875299357963], "f1": [0.5736434108527132, 0.5736434108527132, 0.5736434108527132, 0.5736434108527132, 0.5736434108527132, 0.5736434108527132, 0.5736434108527132, 0.5736434108527132, 0.5736434108527132, 0.5736434108527132], "auprc": [0.3894275744145014, 0.3894275744145014, 0.3894275744145014, 0.3894275744145014, 0.3894275744145014, 0.3894275744145014, 0.3894275744145014, 0.3894275744145014, 0.3894275744145014, 0.3894275744145014]}