{"auroc": [0.5267813267813268, 0.5267813267813268, 0.5277641277641277, 0.5272727272727273, 0.5272727272727273, 0.4727272727272727, 0.5277641277641277, 0.47223587223587227, 0.5272727272727273, 0.5272727272727273], "acc": [0.40217391304347827, 0.40217391304347827, 0.40217391304347827, 0.40217391304347827, 0.40217391304347827, 0.5978260869565217, 0.40217391304347827, 0.5978260869565217, 0.40217391304347827, 0.40217391304347827], "aps": [0.40255202906133203, 0.40255202906133203, 0.4030446240058735, 0.4028155904951063, 0.4028155904951063, 0.3908269799044164, 0.40297206275684166, 0.39038536181573946, 0.4028155904951063, 0.4028155904951063], "f1": [0.5736434108527132, 0.5736434108527132, 0.5736434108527132, 0.5736434108527132, 0.5736434108527132, 0.0, 0.5736434108527132, 0.0, 0.5736434108527132, 0.5736434108527132], "auprc": [0.39000946460633046, 0.39000946460633046, 0.3904881226263365, 0.3902725051677059, 0.3902725051677059, 0.3732398582433266, 0.390428657052165, 0.3728203210590836, 0.3902725051677059, 0.3902725051677059]}