{"auroc": [0.5494276795005203, 0.4651404786680541, 0.5130072840790842, 0.5483870967741935, 0.3881373569198751, 0.5525494276795005, 0.5457856399583766, 0.5452653485952134, 0.542143600416233, 0.41415192507804366], "acc": [0.5, 0.5, 0.5, 0.5, 0.5, 0.5, 0.5, 0.5, 0.5, 0.5], "aps": [0.6210063909866245, 0.49499172529163976, 0.5758415205649394, 0.6253233250818859, 0.46878191289576465, 0.626421324251544, 0.6086296857237847, 0.6217091101234211, 0.6240599975450927, 0.4658094995065343], "f1": [0.0, 0.0, 0.0, 0.0, 0.0, 0.0, 0.6666666666666666, 0.6666666666666666, 0.0, 0.0], "auprc": [0.613848389210801, 0.4776198940301827, 0.5665811439560503, 0.6186955724550629, 0.4471208677251643, 0.6197971050245241, 0.602888219445868, 0.6143843217794478, 0.6159600970933077, 0.45263940419430915]}