{"auroc": [0.45161290322580644, 0.5036420395421435, 0.509885535900104, 0.5046826222684703, 0.5202913631633714, 0.4578563995837669, 0.5067637877211237, 0.45785639958376695, 0.49843912591050993, 0.5078043704474506], "acc": [0.5, 0.5, 0.5, 0.5, 0.5, 0.5, 0.5, 0.5, 0.5, 0.5], "aps": [0.5685683759394183, 0.615899127441036, 0.6141669498566211, 0.6141744837429547, 0.61731290549493, 0.5585937892636909, 0.617378606463602, 0.5674360982330778, 0.6095505613777811, 0.6147347904657173], "f1": [0.6666666666666666, 0.0, 0.0, 0.0, 0.0, 0.6666666666666666, 0.0, 0.0, 0.0, 0.0], "auprc": [0.5613058439461961, 0.6095927195837292, 0.6076986022985829, 0.6077831496427433, 0.6102618361170884, 0.5497650171372405, 0.6110715958614259, 0.5591498774417981, 0.6026096774530731, 0.6083114464714047]}