{"auroc": [0.4422476586888658, 0.54630593132154, 0.46826222684703434, 0.49427679500520283, 0.45265348595213317, 0.4464099895941727, 0.4474505723204995, 0.4474505723204995, 0.43912591050988553, 0.5078043704474506], "acc": [0.46774193548387094, 0.5, 0.5, 0.5, 0.5, 0.5, 0.5, 0.5, 0.5, 0.5], "aps": [0.4734866109919327, 0.567952281112363, 0.5233513469647775, 0.5721577197949791, 0.5082109731695812, 0.49813050515122026, 0.4938501656532064, 0.4913320978971054, 0.47329034700695843, 0.49417407641567723], "f1": [0.6292134831460675, 0.0, 0.0, 0.0, 0.0, 0.6666666666666666, 0.0, 0.0, 0.0, 0.0], "auprc": [0.45197188245804387, 0.5548029767031833, 0.5083867930190671, 0.5631363620583875, 0.49492151147737873, 0.48463445406007577, 0.4803042975537216, 0.47805102672213284, 0.4516909345416641, 0.47682196001451027]}