{"auroc": [0.54630593132154, 0.518210197710718, 0.4177939646201873, 0.47970863683662857, 0.5249739854318418, 0.5317377731529657, 0.5348595213319459, 0.514047866805411, 0.5494276795005203, 0.5213319458896982], "acc": [0.5, 0.5, 0.5, 0.5, 0.5, 0.5, 0.5, 0.5, 0.5, 0.5], "aps": [0.5805106150154326, 0.543259168623333, 0.45188805917855424, 0.5596132952423801, 0.5571512315989471, 0.6192882621304123, 0.5822367519485769, 0.5914423282489438, 0.5937498906054779, 0.5437923358401455], "f1": [0.6666666666666666, 0.0, 0.0, 0.0, 0.0, 0.0, 0.0, 0.6666666666666666, 0.0, 0.0], "auprc": [0.571174151889108, 0.5218888762361004, 0.43514320623289937, 0.550207497044645, 0.5443369024316913, 0.6116761525290867, 0.5694029588071673, 0.58448635389262, 0.5812602256704286, 0.5224201403413538]}