{"enet": [{"auroc": [0.5141802641802642, 0.5, 0.5, 0.5, 0.5, 0.5, 0.5, 0.5141802641802642, 0.5, 0.5], "acc": [0.15827338129496402, 0.15827338129496402, 0.15827338129496402, 0.15827338129496402, 0.15827338129496402, 0.15827338129496402, 0.15827338129496402, 0.15827338129496402, 0.15827338129496402, 0.15827338129496402], "aps": [0.8455222247541333, 0.841726618705036, 0.841726618705036, 0.841726618705036, 0.841726618705036, 0.841726618705036, 0.841726618705036, 0.8455222247541333, 0.841726618705036, 0.841726618705036], "f1": [0.0, 0.0, 0.0, 0.0, 0.0, 0.0, 0.0, 0.0, 0.0, 0.0], "auprc": [0.9214413537043669, 0.920863309352518, 0.920863309352518, 0.920863309352518, 0.920863309352518, 0.920863309352518, 0.920863309352518, 0.9214413537043669, 0.920863309352518, 0.920863309352518]}]}