{"auroc": [0.3375, 0.36250000000000004, 0.485, 0.47500000000000003, 0.47000000000000003, 0.3025, 0.4525, 0.3125, 0.3175, 0.3425], "acc": [0.5, 0.5, 0.5, 0.5, 0.5, 0.5, 0.5, 0.5, 0.5, 0.5], "aps": [0.41979050141352797, 0.43961415143224586, 0.5608343284533883, 0.5654710857171508, 0.5425170396434726, 0.4050249237978864, 0.553659129602678, 0.41205236705215187, 0.40006081475203326, 0.41940065103668867], "f1": [0.0, 0.0, 0.0, 0.0, 0.0, 0.0, 0.0, 0.0, 0.0, 0.0], "auprc": [0.39643412546233775, 0.41357029829726266, 0.5431412070102669, 0.5514998329334346, 0.5244616867285646, 0.38205810389608197, 0.5363798687093708, 0.38871375970212896, 0.37890806812917366, 0.3944590804485171]}