{"auroc": [0.49650349650349646, 0.4782439782439783, 0.5005827505827506, 0.5322455322455323, 0.5512820512820513, 0.4782439782439783, 0.5046620046620047, 0.5005827505827506, 0.5380730380730381, 0.5046620046620047], "acc": [0.15827338129496402, 0.15827338129496402, 0.841726618705036, 0.15827338129496402, 0.15827338129496402, 0.15827338129496402, 0.15827338129496402, 0.15827338129496402, 0.15827338129496402, 0.15827338129496402], "aps": [0.8450533116084956, 0.8401235055911316, 0.8447727025480208, 0.850949803711124, 0.8579597860173399, 0.8401235055911316, 0.8457497738073277, 0.8447727025480207, 0.8521170535171078, 0.8457497738073277], "f1": [0.0, 0.0, 0.9140624999999999, 0.0, 0.0, 0.0, 0.0, 0.0, 0.0, 0.0], "auprc": [0.8170039733584885, 0.810171642905456, 0.8398748456855817, 0.8833098487416038, 0.92897989300867, 0.810171642905456, 0.8445273085560855, 0.8398748456855816, 0.9177935220814742, 0.8445273085560855]}