{"enet": [{"auroc": [0.3923853923853924, 0.5, 0.5, 0.4832944832944833, 0.5, 0.5, 0.5, 0.5, 0.5, 0.5], "acc": [0.15827338129496402, 0.15827338129496402, 0.15827338129496402, 0.17266187050359713, 0.15827338129496402, 0.15827338129496402, 0.15827338129496402, 0.15827338129496402, 0.15827338129496402, 0.15827338129496402], "aps": [0.7811857723997568, 0.841726618705036, 0.841726618705036, 0.8506962514540666, 0.841726618705036, 0.841726618705036, 0.841726618705036, 0.841726618705036, 0.841726618705036, 0.841726618705036], "f1": [0.0, 0.0, 0.0, 0.033613445378151266, 0.0, 0.0, 0.0, 0.0, 0.0, 0.0], "auprc": [0.7745543714053676, 0.920863309352518, 0.920863309352518, 0.849067665661728, 0.920863309352518, 0.920863309352518, 0.920863309352518, 0.920863309352518, 0.920863309352518, 0.920863309352518]}]}