{"best_index": [73, 161, 98, 237, 157], "auroc": [0.5122873345935728, 0.603969754253308, 0.5652173913043478, 0.6805293005671078, 0.6238185255198487], "acc": [0.5, 0.5, 0.5, 0.5, 0.5], "aps": [0.53412584549024, 0.6053057800564071, 0.5821695641041862, 0.6349611350724715, 0.6183182267878786], "f1": [0.0, 0.6666666666666666, 0.6666666666666666, 0.0, 0.6666666666666666], "auprc": [0.5059039019201044, 0.5932838730916059, 0.5693695337030293, 0.6114601378179166, 0.6020735226362527]}