{"best_index": [83, 202, 919, 251, 0], "auroc": [0.5236294896030245, 0.5841209829867674, 0.6767485822306238, 0.6219281663516069, 0.40264650283553877], "acc": [0.5, 0.5, 0.4782608695652174, 0.5, 0.5], "aps": [0.541185894427403, 0.5701160868281021, 0.6719053295574238, 0.6451571669992407, 0.48357996473221004], "f1": [0.6666666666666666, 0.6666666666666666, 0.6470588235294117, 0.6666666666666666, 0.6666666666666666], "auprc": [0.513587658584671, 0.5427184432070582, 0.6598134607304532, 0.6348293057518452, 0.45607681338141454]}