{"auroc": [0.3516068052930057, 0.3818525519848771, 0.32892249527410206, 0.4215500945179584, 0.3591682419659735], "acc": [0.4782608695652174, 0.45652173913043476, 0.4782608695652174, 0.45652173913043476, 0.4782608695652174], "aps": [0.4290609258684189, 0.442361774105133, 0.41936941657033794, 0.45883566579381935, 0.4353671853918426], "f1": [0.2, 0.13793103448275862, 0.2, 0.24242424242424243, 0.14285714285714285], "auprc": [0.40303733259219143, 0.41916081484312445, 0.3964374358915504, 0.4357321272556885, 0.40888656040685206]}