{"auroc": [0.5274102079395084, 0.5122873345935728, 0.500945179584121, 0.4877126654064272, 0.5103969754253308], "acc": [0.5434782608695652, 0.5434782608695652, 0.4782608695652174, 0.45652173913043476, 0.5434782608695652], "aps": [0.5944114275273749, 0.547873344414388, 0.5446813952942476, 0.53599838632735, 0.518371984476275], "f1": [0.27586206896551724, 0.3225806451612903, 0.2, 0.13793103448275862, 0.27586206896551724], "auprc": [0.583858359950545, 0.5311027815656515, 0.5279166150063891, 0.5230347029052544, 0.4908062690596848]}