{"auroc": [0.509090909090909, 0.509090909090909, 0.4181818181818182, 0.5545454545454545, 0.40909090909090906], "acc": [0.5714285714285714, 0.5714285714285714, 0.38095238095238093, 0.42857142857142855, 0.47619047619047616], "aps": [0.515233426704015, 0.5389419404125286, 0.49477505037102554, 0.5443891780733886, 0.4394807072012955], "f1": [0.5714285714285713, 0.47058823529411764, 0.4347826086956522, 0.5714285714285714, 0.47619047619047616], "auprc": [0.47056571245232237, 0.48651291110849937, 0.44176544301931303, 0.491361255703361, 0.3997280986986869]}