{"auroc": [0.4972972972972973, 0.5316953316953317, 0.5130221130221131, 0.5041769041769042, 0.5326781326781327], "acc": [0.40217391304347827, 0.5543478260869565, 0.5978260869565217, 0.40217391304347827, 0.40217391304347827], "aps": [0.4090797764501716, 0.4159643370455723, 0.41067203251045936, 0.42565482123322995, 0.4089897710144858], "f1": [0.5736434108527132, 0.22641509433962265, 0.0, 0.5736434108527132, 0.5736434108527132], "auprc": [0.39109589105098763, 0.4014380658172063, 0.3931627907396685, 0.41418867078397076, 0.3955766412149894]}