{"rf": [{"auroc": [0.48943488943488944, 0.3923832923832924, 0.4648648648648649, 0.4601965601965602, 0.431941031941032, 0.47444717444717455, 0.47469287469287474, 0.4488943488943489, 0.5761670761670762, 0.4643734643734644], "acc": [0.40217391304347827, 0.40217391304347827, 0.5, 0.40217391304347827, 0.40217391304347827, 0.40217391304347827, 0.43478260869565216, 0.43478260869565216, 0.40217391304347827, 0.40217391304347827], "aps": [0.41918467739803583, 0.3529763013820096, 0.3856404660752487, 0.390291650531997, 0.3818076906230577, 0.39926883187752754, 0.39809421270095424, 0.3790731170041515, 0.45540176344064165, 0.39049534484317094], "f1": [0.5736434108527132, 0.5736434108527132, 0.43902439024390244, 0.5736434108527132, 0.5736434108527132, 0.5736434108527132, 0.5873015873015873, 0.2571428571428572, 0.5736434108527132, 0.5736434108527132], "auprc": [0.4099356209431782, 0.33883566760753436, 0.3601727003900917, 0.3728843482921825, 0.38062078459042054, 0.36206494793451316, 0.36735177465514546, 0.3930596740941568, 0.45375432691925555, 0.2951882723621855]}], "enet": [{"auroc": [0.5803439803439804, 0.6167076167076168, 0.5921375921375922, 0.5803439803439804, 0.6417690417690418, 0.6417690417690418, 0.6167076167076168, 0.5921375921375922, 0.5921375921375922, 0.6167076167076168], "acc": [0.40217391304347827, 0.40217391304347827, 0.5978260869565217, 0.40217391304347827, 0.40217391304347827, 0.40217391304347827, 0.40217391304347827, 0.5978260869565217, 0.5978260869565217, 0.40217391304347827], "aps": [0.5172837238670969, 0.5808565272600461, 0.5333454444882468, 0.5172837238670969, 0.5869460025469944, 0.5869460025469944, 0.5808565272600461, 0.5333454444882468, 0.5333454444882468, 0.5808565272600461], "f1": [0.5736434108527132, 0.5736434108527132, 0.0, 0.5736434108527132, 0.5736434108527132, 0.5736434108527132, 0.5736434108527132, 0.0, 0.0, 0.5736434108527132], "auprc": [0.5098506981975305, 0.57377008359073, 0.5260093489587356, 0.5098506981975305, 0.5794309730354334, 0.5794309730354334, 0.57377008359073, 0.5260093489587356, 0.5260093489587356, 0.57377008359073]}]}