{"enet": [{"auroc": [0.460933660933661, 0.460933660933661, 0.42702702702702705, 0.460933660933661, 0.460933660933661, 0.44176904176904175, 0.48009828009828015, 0.460933660933661, 0.3945945945945946, 0.460933660933661], "acc": [0.40217391304347827, 0.40217391304347827, 0.40217391304347827, 0.40217391304347827, 0.40217391304347827, 0.40217391304347827, 0.40217391304347827, 0.40217391304347827, 0.40217391304347827, 0.40217391304347827], "aps": [0.3668857957022153, 0.3668857957022153, 0.3513579792054674, 0.3668857957022153, 0.3668857957022153, 0.3577787281632646, 0.3868015610195664, 0.3668857957022153, 0.342174981757654, 0.3668857957022153], "f1": [0.5736434108527132, 0.5736434108527132, 0.5736434108527132, 0.5736434108527132, 0.5736434108527132, 0.5736434108527132, 0.5736434108527132, 0.5736434108527132, 0.5736434108527132, 0.5736434108527132], "auprc": [0.35558579734303747, 0.35558579734303747, 0.3404999864339319, 0.35558579734303747, 0.35558579734303747, 0.34694800586904506, 0.37362157736879076, 0.35558579734303747, 0.32859059860128165, 0.35558579734303747]}]}