{"auroc": [0.5312039312039312, 0.5012285012285013, 0.46289926289926286, 0.5685503685503686, 0.45945945945945943, 0.6113022113022113, 0.5346437346437347, 0.5567567567567567, 0.400982800982801, 0.6071253071253072], "acc": [0.40217391304347827, 0.5760869565217391, 0.40217391304347827, 0.40217391304347827, 0.5978260869565217, 0.40217391304347827, 0.5978260869565217, 0.40217391304347827, 0.40217391304347827, 0.5978260869565217], "aps": [0.4140130887813324, 0.4048066285711258, 0.3869197524652082, 0.44543228049445527, 0.3835524695030278, 0.4829035297444405, 0.4289626276340155, 0.44401384049125897, 0.35142133388191876, 0.5609022841242055], "f1": [0.5736434108527132, 0.20408163265306126, 0.5736434108527132, 0.5736434108527132, 0.0, 0.5736434108527132, 0.0, 0.5736434108527132, 0.5736434108527132, 0.0], "auprc": [0.4013316534050108, 0.3911213203429755, 0.37129416801678045, 0.42689558574644487, 0.36611742980487966, 0.4641369689239506, 0.4133599147488705, 0.42762991075358514, 0.3353968376189274, 0.5546262963063708]}