{"auroc": [0.5257985257985258, 0.5257985257985258, 0.5257985257985258, 0.47076167076167075, 0.5257985257985258, 0.473955773955774, 0.5257985257985258, 0.5257985257985258, 0.5257985257985258, 0.47420147420147424], "acc": [0.532608695652174, 0.40217391304347827, 0.40217391304347827, 0.40217391304347827, 0.40217391304347827, 0.40217391304347827, 0.40217391304347827, 0.40217391304347827, 0.40217391304347827, 0.5978260869565217], "aps": [0.4015295048020785, 0.4015295048020785, 0.4015295048020785, 0.38955838437501383, 0.4015295048020785, 0.3943682349073929, 0.4015295048020785, 0.4015295048020785, 0.4015295048020785, 0.392550845592916], "f1": [0.18867924528301885, 0.5736434108527132, 0.5736434108527132, 0.5736434108527132, 0.5736434108527132, 0.5736434108527132, 0.5736434108527132, 0.5736434108527132, 0.5736434108527132, 0.0], "auprc": [0.3890071878134568, 0.3890071878134568, 0.3890071878134568, 0.37259616677576735, 0.3890071878134568, 0.3746075147001847, 0.3890071878134568, 0.3890071878134568, 0.3890071878134568, 0.3748493054039579]}