{"auroc": [0.5267813267813268, 0.4761670761670762, 0.5228501228501229, 0.5238329238329239, 0.5228501228501229, 0.5248157248157248, 0.514987714987715, 0.5233415233415234, 0.5228501228501229, 0.5240786240786242], "acc": [0.40217391304347827, 0.5978260869565217, 0.40217391304347827, 0.40217391304347827, 0.40217391304347827, 0.40217391304347827, 0.40217391304347827, 0.40217391304347827, 0.40217391304347827, 0.40217391304347827], "aps": [0.40164029709876947, 0.3916464768955301, 0.40017521269997935, 0.3999904078467226, 0.40017521269997935, 0.4004589425262106, 0.39617772567741005, 0.4007283974636904, 0.40017521269997935, 0.40107401631118006], "f1": [0.5736434108527132, 0.0, 0.5736434108527132, 0.5736434108527132, 0.5736434108527132, 0.5736434108527132, 0.5736434108527132, 0.5736434108527132, 0.5736434108527132, 0.5736434108527132], "auprc": [0.3889184850723928, 0.3758562863350662, 0.3873914694618191, 0.3872830518516199, 0.3873914694618191, 0.3877424298043316, 0.383405375381288, 0.3879330326968808, 0.3873914694618191, 0.38834818117875414]}