{"auroc": [0.4737100737100737, 0.5046683046683047, 0.5267813267813267, 0.547911547911548, 0.5454545454545455, 0.5496314496314497, 0.5518427518427519, 0.5464373464373465, 0.5493857493857494, 0.5425061425061425], "acc": [0.40217391304347827, 0.5978260869565217, 0.5978260869565217, 0.40217391304347827, 0.40217391304347827, 0.40217391304347827, 0.40217391304347827, 0.40217391304347827, 0.40217391304347827, 0.40217391304347827], "aps": [0.40477520295008784, 0.3978761649462439, 0.40333292359941403, 0.40874365944164937, 0.4081827744383899, 0.4106095183524875, 0.4116461297624807, 0.40786675707065706, 0.41018845815923155, 0.4078950949965584], "f1": [0.5736434108527132, 0.0, 0.0, 0.5736434108527132, 0.5736434108527132, 0.5736434108527132, 0.5736434108527132, 0.5736434108527132, 0.5736434108527132, 0.5736434108527132], "auprc": [0.3933650825263867, 0.38258891794389566, 0.39021309708815133, 0.3961382795611921, 0.3952674320093216, 0.3981235557184942, 0.3990211470920774, 0.39529111327385136, 0.3975706246281929, 0.3952776290451546]}