{"best_index": [68, 818, 684, 486, 42], "auroc": [0.38181818181818183, 0.49090909090909096, 0.48181818181818187, 0.509090909090909, 0.4363636363636364], "acc": [0.5238095238095238, 0.5238095238095238, 0.5238095238095238, 0.5238095238095238, 0.5238095238095238], "aps": [0.4379175043223031, 0.5437328001375988, 0.5413518477566465, 0.5447697675561453, 0.452822966507177], "f1": [0.0, 0.0, 0.0, 0.0, 0.0], "auprc": [0.3874499137773132, 0.5163541820236867, 0.5139794953068947, 0.5175908828443658, 0.40897376015797066]}