{"best_index": [318, 953, 273, 326, 51], "auroc": [0.5, 0.5, 0.5, 0.5, 0.5], "acc": [0.5238095238095238, 0.5238095238095238, 0.5238095238095238, 0.5238095238095238, 0.47619047619047616], "aps": [0.47619047619047616, 0.47619047619047616, 0.47619047619047616, 0.47619047619047616, 0.47619047619047616], "f1": [0.0, 0.0, 0.0, 0.0, 0.6451612903225806], "auprc": [0.7380952380952381, 0.7380952380952381, 0.7380952380952381, 0.7380952380952381, 0.7380952380952381]}