{"auroc": [0.37542857142857144, 0.3274285714285714, 0.5091428571428571, 0.4108571428571428, 0.364, 0.348, 0.4417142857142857, 0.4382857142857142, 0.34571428571428575, 0.5022857142857142], "acc": [0.4166666666666667, 0.5833333333333334, 0.4166666666666667, 0.4166666666666667, 0.4166666666666667, 0.4166666666666667, 0.4166666666666667, 0.4166666666666667, 0.4166666666666667, 0.4166666666666667], "aps": [0.5538205252484992, 0.47999170811261554, 0.6749114777691635, 0.5875898588316709, 0.4960069905051746, 0.5001148554716632, 0.5992123274430723, 0.6186248121348121, 0.5099864639333551, 0.6065281810333978], "f1": [0.0, 0.7368421052631579, 0.0, 0.0, 0.0, 0.0, 0.0, 0.0, 0.0, 0.0], "auprc": [0.5417329693883749, 0.46548594031160695, 0.6686776677210972, 0.5791212947652428, 0.4821002947085188, 0.4846333007386757, 0.589565860428404, 0.6099065892392197, 0.49932576909356624, 0.5876710490504949]}