{"enet": [{"auroc": [0.5674285714285714, 0.36514285714285716, 0.36514285714285716, 0.4988571428571429, 0.36514285714285716, 0.5674285714285714, 0.39714285714285713, 0.4988571428571429, 0.39714285714285713, 0.36514285714285716], "acc": [0.4166666666666667, 0.4166666666666667, 0.4166666666666667, 0.4166666666666667, 0.4166666666666667, 0.4166666666666667, 0.4166666666666667, 0.4166666666666667, 0.4166666666666667, 0.4166666666666667], "aps": [0.6493817030543853, 0.5499260886589707, 0.5499260886589707, 0.6199147574560546, 0.5499260886589707, 0.6493817030543853, 0.5609787984364725, 0.6199147574560546, 0.5609787984364725, 0.5499260886589707], "f1": [0.0, 0.0, 0.0, 0.0, 0.0, 0.0, 0.0, 0.0, 0.0, 0.0], "auprc": [0.6383979253959918, 0.5416878922922923, 0.5416878922922923, 0.6106761639402586, 0.5416878922922923, 0.6383979253959918, 0.5511541969388163, 0.6106761639402586, 0.5511541969388163, 0.5416878922922923]}]}