{"auroc": [0.3102857142857143, 0.36742857142857144, 0.43942857142857145, 0.31714285714285717, 0.4017142857142857, 0.3091428571428571, 0.3194285714285714, 0.3891428571428571, 0.3354285714285714, 0.3365714285714286], "acc": [0.4166666666666667, 0.5833333333333334, 0.4166666666666667, 0.4166666666666667, 0.4166666666666667, 0.4166666666666667, 0.4166666666666667, 0.4166666666666667, 0.4166666666666667, 0.4166666666666667], "aps": [0.4779091746272458, 0.5148704965178945, 0.5622210556455555, 0.47492364808375415, 0.5509687196755682, 0.4805964616595392, 0.481665530316496, 0.5241989236970108, 0.4880247096486713, 0.49280223187592503], "f1": [0.0, 0.7368421052631579, 0.0, 0.0, 0.0, 0.0, 0.0, 0.0, 0.0, 0.0], "auprc": [0.45980746409625034, 0.4961367499669036, 0.5500512629865338, 0.4595107185083379, 0.5386888807629551, 0.46538068150536044, 0.4668959279220546, 0.5051009998199162, 0.47260186653120684, 0.4742971050357203]}