{"auroc": [0.545, 0.5925, 0.5625, 0.605, 0.44, 0.5125, 0.575, 0.5625, 0.53, 0.5025], "acc": [0.5, 0.525, 0.5, 0.5, 0.5, 0.5, 0.5, 0.5, 0.5, 0.5], "aps": [0.6289095264638742, 0.6204463660610589, 0.6999621854864546, 0.6763241977224528, 0.579531045092099, 0.6403500522466039, 0.6419831313181974, 0.6615914164998833, 0.6129457186042588, 0.6064161135237223], "f1": [0.0, 0.09523809523809523, 0.0, 0.0, 0.0, 0.0, 0.0, 0.0, 0.0, 0.0], "auprc": [0.6179376053448944, 0.6065493945309737, 0.6939798174845773, 0.6677085082187773, 0.5699093240717336, 0.6320041605862449, 0.6313393939470742, 0.6531420891608868, 0.599933301913092, 0.5965768369329102]}