{"auroc": [0.5516705516705517, 0.6344211344211345, 0.6274281274281275, 0.554001554001554, 0.635975135975136, 0.6348096348096348, 0.6452991452991452, 0.6585081585081585, 0.641025641025641, 0.6013986013986015], "acc": [0.15827338129496402, 0.15827338129496402, 0.16546762589928057, 0.15827338129496402, 0.15827338129496402, 0.15827338129496402, 0.15827338129496402, 0.17266187050359713, 0.15827338129496402, 0.15827338129496402], "aps": [0.86984567497602, 0.8916225343599198, 0.8880836517736586, 0.8744182695414566, 0.8977755056986232, 0.8965883938987712, 0.8992776488328269, 0.9071019647906255, 0.894541875105916, 0.8914005451550472], "f1": [0.0, 0.0, 0.016949152542372885, 0.0, 0.0, 0.0, 0.0, 0.033613445378151266, 0.0, 0.0], "auprc": [0.8676822562253066, 0.8891443487565818, 0.8861603956453092, 0.8730487690899965, 0.8963611930921721, 0.8953813034458252, 0.8975723689955316, 0.9061683035710826, 0.8933780590486625, 0.8898462523543167]}