{"auroc": [0.575, 0.4925, 0.5675, 0.6175, 0.5800000000000001, 0.44499999999999995, 0.49750000000000005, 0.5299999999999999, 0.5449999999999999, 0.5575], "acc": [0.5, 0.5, 0.5, 0.5, 0.5, 0.5, 0.5, 0.5, 0.5, 0.5], "aps": [0.6478919501627897, 0.58949970243055, 0.6467918325836783, 0.7005886643085988, 0.659136182874573, 0.568806500090968, 0.6346044215387088, 0.6385452041492978, 0.6102908834654892, 0.6418890308028657], "f1": [0.0, 0.0, 0.0, 0.0, 0.0, 0.0, 0.0, 0.0, 0.0, 0.0], "auprc": [0.6355649797494222, 0.578015931047931, 0.6369832766218466, 0.6933687190350193, 0.6502486564541026, 0.5571541577514916, 0.626380795771811, 0.6283418282154477, 0.5986360796846829, 0.6321556979876155]}