{"enet": [{"auroc": [0.43500000000000005, 0.535, 0.535, 0.5375, 0.5375, 0.535, 0.535, 0.535, 0.5375, 0.59], "acc": [0.5, 0.5, 0.5, 0.5, 0.5, 0.5, 0.5, 0.5, 0.5, 0.5], "aps": [0.5363693215478821, 0.545728223340094, 0.545728223340094, 0.5499296313073603, 0.5499296313073603, 0.545728223340094, 0.545728223340094, 0.545728223340094, 0.5499296313073603, 0.6020706832427325], "f1": [0.0, 0.0, 0.0, 0.0, 0.0, 0.0, 0.0, 0.0, 0.0, 0.0], "auprc": [0.5067666784558906, 0.5273101381573028, 0.5273101381573028, 0.5317517356143436, 0.5317517356143436, 0.5273101381573028, 0.5273101381573028, 0.5273101381573028, 0.5317517356143436, 0.5844069380150272]}]}