{"auroc": [0.5875, 0.52, 0.7925, 0.5825, 0.58, 0.6074999999999999, 0.545, 0.5425, 0.615, 0.725], "acc": [0.525, 0.525, 0.5, 0.5, 0.525, 0.525, 0.5, 0.525, 0.475, 0.5], "aps": [0.6042236764707126, 0.5595708465352344, 0.8251254495206108, 0.5712430923879865, 0.5674370066920867, 0.5863154180020658, 0.5736144044187522, 0.5709871196388577, 0.5639510546869868, 0.7296535993523661], "f1": [0.09523809523809523, 0.09523809523809523, 0.6666666666666666, 0.09090909090909091, 0.09523809523809523, 0.09523809523809523, 0.0, 0.1739130434782609, 0.0, 0.0], "auprc": [0.590399469987662, 0.5454595988789367, 0.819566559984718, 0.5528342052964227, 0.5493494717030237, 0.5680936173908887, 0.5594219683628421, 0.5568489421821642, 0.533295656328493, 0.7181046979213652]}