{"enet": [{"auroc": [0.4869927159209157, 0.5983350676378772, 0.6826222684703434, 0.6586888657648282, 0.6826222684703434, 0.6035379812695109, 0.5983350676378772, 0.6711758584807492, 0.6951092611862643, 0.4661810613943808], "acc": [0.5, 0.5, 0.5, 0.6290322580645161, 0.5, 0.532258064516129, 0.5, 0.5806451612903226, 0.532258064516129, 0.46774193548387094], "aps": [0.5636606507245793, 0.6760578670229725, 0.7501163763198797, 0.7524499229788696, 0.7501163763198797, 0.6924270399450924, 0.6760578670229725, 0.69876943150501, 0.7605595879704452, 0.5261103972350856], "f1": [0.0, 0.0, 0.0, 0.41025641025641024, 0.0, 0.12121212121212122, 0.0, 0.35000000000000003, 0.12121212121212122, 0.4923076923076923], "auprc": [0.5437413224347143, 0.6701858523758134, 0.7459651349932817, 0.7487521919083848, 0.7459651349932817, 0.6871955465092897, 0.6701858523758134, 0.6920306177256833, 0.7567690195597996, 0.515132173255321]}]}