{"enet": [{"auroc": [0.4984391259105099, 0.48803329864724243, 0.5119667013527576, 0.5681581685744017, 0.5650364203954215, 0.5681581685744017, 0.5156087408949012, 0.5681581685744017, 0.5681581685744017, 0.4932362122788762], "acc": [0.5, 0.5, 0.5, 0.532258064516129, 0.5967741935483871, 0.532258064516129, 0.5645161290322581, 0.532258064516129, 0.532258064516129, 0.5], "aps": [0.5173682970584528, 0.5365903139910988, 0.627932175056167, 0.6387437212804032, 0.6590670020759176, 0.6387437212804032, 0.5428495995307041, 0.6387437212804032, 0.6387437212804032, 0.5899703863769333], "f1": [0.0, 0.0, 0.0, 0.12121212121212122, 0.4444444444444444, 0.12121212121212122, 0.4905660377358491, 0.12121212121212122, 0.12121212121212122, 0.0], "auprc": [0.4956386114255412, 0.5232046022854766, 0.620704137102999, 0.6317415331295791, 0.6530791059074523, 0.6317415331295791, 0.6248786234939592, 0.6317415331295791, 0.6317415331295791, 0.5784034767882956]}]}