{"enet": [{"auroc": [0.4575, 0.5, 0.5, 0.7250000000000001, 0.7150000000000001, 0.5, 0.5, 0.7150000000000001, 0.7150000000000001, 0.5], "acc": [0.5, 0.5, 0.5, 0.525, 0.525, 0.5, 0.5, 0.525, 0.525, 0.5], "aps": [0.5638041499399209, 0.5, 0.5, 0.7348718072862812, 0.6851047317480384, 0.5, 0.5, 0.6851047317480384, 0.6851047317480384, 0.5], "f1": [0.0, 0.0, 0.0, 0.09523809523809523, 0.1739130434782609, 0.0, 0.0, 0.1739130434782609, 0.1739130434782609, 0.0], "auprc": [0.5520347075658283, 0.75, 0.75, 0.7263922837268233, 0.6872247922608419, 0.75, 0.75, 0.6872247922608419, 0.6872247922608419, 0.75]}]}