{"enet": [{"auroc": [0.4464099895941728, 0.47450572320499473, 0.47450572320499473, 0.46305931321540067, 0.34547346514047866, 0.46305931321540067, 0.46305931321540067, 0.46305931321540067, 0.4464099895941728, 0.46305931321540067], "acc": [0.5, 0.5161290322580645, 0.5161290322580645, 0.532258064516129, 0.41935483870967744, 0.532258064516129, 0.532258064516129, 0.532258064516129, 0.5, 0.532258064516129], "aps": [0.5203738054705346, 0.536427342563058, 0.536427342563058, 0.5400909193248612, 0.43124045010930967, 0.5400909193248612, 0.5400909193248612, 0.5400909193248612, 0.5203738054705346, 0.5400909193248612], "f1": [0.0, 0.1176470588235294, 0.1176470588235294, 0.12121212121212122, 0.3793103448275862, 0.12121212121212122, 0.12121212121212122, 0.12121212121212122, 0.0, 0.12121212121212122], "auprc": [0.5095295474754271, 0.5261613954033373, 0.5261613954033373, 0.5298789144502966, 0.5192279875430748, 0.5298789144502966, 0.5298789144502966, 0.5298789144502966, 0.5095295474754271, 0.5298789144502966]}]}