{"auroc": [0.5078043704474505, 0.5067637877211238, 0.5130072840790842, 0.514047866805411, 0.5078043704474506, 0.5067637877211237, 0.5150884495317378, 0.5088449531737773, 0.4994797086368366, 0.5067637877211238], "acc": [0.5, 0.532258064516129, 0.5, 0.532258064516129, 0.532258064516129, 0.532258064516129, 0.532258064516129, 0.532258064516129, 0.532258064516129, 0.532258064516129], "aps": [0.6511722830362624, 0.6511091190284836, 0.6574693656575473, 0.6592140338417943, 0.6522316603004971, 0.6538322611317429, 0.659340687574491, 0.651431483074837, 0.6309074283955661, 0.652846455621049], "f1": [0.0, 0.12121212121212122, 0.0, 0.12121212121212122, 0.12121212121212122, 0.12121212121212122, 0.12121212121212122, 0.12121212121212122, 0.12121212121212122, 0.12121212121212122], "auprc": [0.6459868254187792, 0.6459286766008064, 0.6524718984142739, 0.6542493768954217, 0.647058812987065, 0.6488670396060765, 0.6543098406402403, 0.6463469399438732, 0.6251097029141054, 0.6476285539730113]}