{"auroc": [0.52, 0.645, 0.6125, 0.5225, 0.6625, 0.8275, 0.6225, 0.8500000000000001, 0.6, 0.6925], "acc": [0.525, 0.5, 0.5, 0.525, 0.5, 0.5, 0.5, 0.5, 0.5, 0.5], "aps": [0.5828094370055626, 0.7097008076536295, 0.6798929581733109, 0.5567091597326848, 0.716467450930828, 0.8371973800206067, 0.7031147759382759, 0.8531382064337465, 0.692876884448042, 0.7333751003216897], "f1": [0.09523809523809523, 0.0, 0.0, 0.1739130434782609, 0.0, 0.0, 0.0, 0.0, 0.0, 0.0], "auprc": [0.5686301967984954, 0.7020283916193713, 0.6711665693124331, 0.5264250983266842, 0.7082699243039627, 0.8322775934512039, 0.6955640630896762, 0.8488224632469361, 0.6852968759456922, 0.7259598566660368]}