{"enet": [{"auroc": [0.43000000000000005, 0.50875, 0.5974999999999999, 0.6075, 0.53, 0.61, 0.6725000000000001, 0.51375, 0.61, 0.51375], "acc": [0.5, 0.575, 0.5, 0.55, 0.45, 0.5, 0.5, 0.575, 0.5, 0.575], "aps": [0.5138482589472865, 0.528094440686546, 0.6017423605805958, 0.6592265397437811, 0.5361781055202108, 0.6227265826713937, 0.6294747701835988, 0.6604297878377471, 0.6227265826713937, 0.6604297878377471], "f1": [0.0, 0.6222222222222222, 0.0, 0.35714285714285715, 0.5769230769230769, 0.23076923076923075, 0.0, 0.2608695652173913, 0.23076923076923075, 0.2608695652173913], "auprc": [0.4955037539564125, 0.6481300446378171, 0.5719210290143526, 0.6487097694578403, 0.7010551148825143, 0.608706787035886, 0.6041720520683806, 0.6532483703989768, 0.608706787035886, 0.6532483703989768]}]}