{"auroc": [0.5213319458896982, 0.5275754422476587, 0.5286160249739853, 0.5244536940686785, 0.5327783558792925, 0.522372528616025, 0.5296566077003122, 0.5265348595213319, 0.522372528616025, 0.5286160249739854], "acc": [0.5, 0.5645161290322581, 0.5, 0.532258064516129, 0.5161290322580645, 0.532258064516129, 0.532258064516129, 0.5645161290322581, 0.532258064516129, 0.532258064516129], "aps": [0.6395707347344998, 0.6367518145037345, 0.643276467293243, 0.6418441678657625, 0.6448179472508783, 0.6415367421269391, 0.6437549070876811, 0.6424133845107212, 0.6476451931018665, 0.6416050608366443], "f1": [0.0, 0.2285714285714286, 0.0, 0.12121212121212122, 0.0625, 0.12121212121212122, 0.12121212121212122, 0.2285714285714286, 0.12121212121212122, 0.12121212121212122], "auprc": [0.6338220279004965, 0.6303800800709574, 0.6375406749962842, 0.6361179152368096, 0.6390789998140295, 0.6358533147377384, 0.6380189881440511, 0.6363046353017817, 0.6423710596744049, 0.6356595150663811]}