{"auroc": [0.514047866805411, 0.542143600416233, 0.4963579604578564, 0.5213319458896982, 0.5587929240374611, 0.5515088449531738, 0.5411030176899063, 0.5359001040582727, 0.5400624349635796, 0.54630593132154], "acc": [0.5, 0.5, 0.5, 0.5161290322580645, 0.5, 0.5161290322580645, 0.5161290322580645, 0.532258064516129, 0.5, 0.5], "aps": [0.6253054347506877, 0.6238322462036798, 0.530039912751894, 0.6194769414601449, 0.6051109674609637, 0.6421958729767161, 0.6494271441130142, 0.5790209869557017, 0.6371273759147776, 0.6524663477288543], "f1": [0.0, 0.0, 0.16216216216216214, 0.0625, 0.06060606060606061, 0.0625, 0.0625, 0.1714285714285714, 0.0, 0.0], "auprc": [0.6185234700072791, 0.6165111881851351, 0.5084071094687257, 0.6123507937402596, 0.5852062625147026, 0.6363044403208352, 0.6438558486858259, 0.5588246712577862, 0.6306504125145106, 0.6469355571370997]}