{"enet": [{"auroc": [0.64996114996115, 0.6693861693861693, 0.6254856254856256, 0.6165501165501166, 0.5800310800310801, 0.5800310800310801, 0.6693861693861693, 0.6165501165501166, 0.6693861693861693, 0.6693861693861693], "acc": [0.15827338129496402, 0.16546762589928057, 0.15827338129496402, 0.17266187050359713, 0.28776978417266186, 0.28776978417266186, 0.16546762589928057, 0.17266187050359713, 0.16546762589928057, 0.16546762589928057], "aps": [0.9096527613990937, 0.9159782415529474, 0.9085877928222974, 0.8958562475559001, 0.8724286291273171, 0.8724286291273171, 0.9159782415529474, 0.8958562475559001, 0.9159782415529474, 0.9159782415529474], "f1": [0.0, 0.016949152542372885, 0.0, 0.033613445378151266, 0.28776978417266186, 0.28776978417266186, 0.016949152542372885, 0.033613445378151266, 0.016949152542372885, 0.016949152542372885], "auprc": [0.908888080611228, 0.9153233765504478, 0.9079898680659588, 0.8949552853134, 0.8691693102984297, 0.8691693102984297, 0.9153233765504478, 0.8949552853134, 0.9153233765504478, 0.9153233765504478]}]}