{"auroc": [0.6332556332556333, 0.6386946386946388, 0.6569541569541569, 0.6480186480186481, 0.64996114996115, 0.6363636363636362, 0.6433566433566433, 0.6250971250971251, 0.6449106449106449, 0.4121989121989122], "acc": [0.16546762589928057, 0.16546762589928057, 0.4316546762589928, 0.2014388489208633, 0.26618705035971224, 0.17266187050359713, 0.18705035971223022, 0.20863309352517986, 0.3381294964028777, 0.5611510791366906], "aps": [0.9002503675265439, 0.8939872655648102, 0.9155660578721823, 0.8972682688645227, 0.9083595458893242, 0.891368674089195, 0.8972899603246437, 0.8965683533354619, 0.907573107582827, 0.8269450371523586], "f1": [0.016949152542372885, 0.016949152542372885, 0.5153374233128835, 0.12598425196850396, 0.23880597014925378, 0.049586776859504134, 0.06611570247933884, 0.126984126984127, 0.36986301369863017, 0.708133971291866], "auprc": [0.8993446516220348, 0.8925931480820901, 0.9149425735820738, 0.8957341136856252, 0.9074853284380897, 0.8894239989404414, 0.8956885168144247, 0.8954545779529635, 0.9067339461697048, 0.8211975053382317]}