{"enet": [{"auroc": [0.635, 0.5875, 0.5875, 0.52, 0.6775, 0.5225, 0.45125, 0.43500000000000005, 0.555, 0.485], "acc": [0.525, 0.5, 0.5, 0.55, 0.65, 0.5, 0.5, 0.5, 0.55, 0.5], "aps": [0.6675531001098152, 0.6440568714110089, 0.6440568714110089, 0.5250102983622369, 0.6330458804477967, 0.5859260445543755, 0.4732312417253016, 0.5631495830550186, 0.5807760343336716, 0.5825822947107777], "f1": [0.09523809523809523, 0.0, 0.0, 0.6250000000000001, 0.5625000000000001, 0.4736842105263158, 0.5454545454545454, 0.0, 0.18181818181818182, 0.0], "auprc": [0.6570146818508928, 0.6334042910544811, 0.6334042910544811, 0.4940323333634751, 0.6669375696839132, 0.5720450918770843, 0.592002331399617, 0.5520598080424495, 0.5666354929039346, 0.5708987389348306]}]}