{"enet": [{"auroc": [0.5202020202020202, 0.5202020202020202, 0.5652680652680653, 0.5291375291375291, 0.5202020202020202, 0.5652680652680653, 0.3822843822843823, 0.5652680652680653, 0.5202020202020202, 0.5652680652680653], "acc": [0.15827338129496402, 0.15827338129496402, 0.15827338129496402, 0.15827338129496402, 0.15827338129496402, 0.15827338129496402, 0.2949640287769784, 0.15827338129496402, 0.15827338129496402, 0.15827338129496402], "aps": [0.8620596550963834, 0.8620596550963834, 0.8879179160472954, 0.8830965337200349, 0.8620596550963834, 0.8879179160472954, 0.803621903818837, 0.8879179160472954, 0.8620596550963834, 0.8879179160472954], "f1": [0.0, 0.0, 0.0, 0.0, 0.0, 0.0, 0.35526315789473684, 0.0, 0.0, 0.0], "auprc": [0.8605847471264342, 0.8605847471264342, 0.8865798561147658, 0.8822881189184515, 0.8605847471264342, 0.8865798561147658, 0.8218192093633362, 0.8865798561147658, 0.8605847471264342, 0.8865798561147658]}]}