{"enet": [{"auroc": [0.5912975912975912, 0.5878010878010878, 0.6181041181041181, 0.5001942501942502, 0.5878010878010878, 0.5532245532245532, 0.6181041181041181, 0.5878010878010878, 0.6305361305361306, 0.6305361305361306], "acc": [0.15827338129496402, 0.5755395683453237, 0.15827338129496402, 0.35251798561151076, 0.5755395683453237, 0.302158273381295, 0.15827338129496402, 0.5755395683453237, 0.17985611510791366, 0.17985611510791366], "aps": [0.8804757782548132, 0.8743924403963002, 0.9032181967264596, 0.8458996896147353, 0.8743924403963002, 0.8639323864852557, 0.9032181967264596, 0.8743924403963002, 0.9045239814519113, 0.9045239814519113], "f1": [0.0, 0.6974358974358974, 0.0, 0.4230769230769231, 0.6974358974358974, 0.32167832167832167, 0.0, 0.6974358974358974, 0.05, 0.05], "auprc": [0.8788207214974713, 0.8966585048270288, 0.9024148249678642, 0.8479572799012751, 0.8966585048270288, 0.8618728164409026, 0.9024148249678642, 0.8966585048270288, 0.9036453863126506, 0.9036453863126506]}]}