{"enet": [{"auroc": [0.5577523413111343, 0.5234131113423517, 0.5005202913631634, 0.5005202913631634, 0.5967741935483872, 0.5005202913631634, 0.4765868886576483, 0.5036420395421436, 0.514047866805411, 0.5036420395421436], "acc": [0.5, 0.5, 0.5645161290322581, 0.5645161290322581, 0.5806451612903226, 0.5645161290322581, 0.5806451612903226, 0.5, 0.5, 0.5], "aps": [0.620282970736213, 0.6042581705229192, 0.6051685304074493, 0.6051685304074493, 0.6251385500436735, 0.6051685304074493, 0.6129431697963008, 0.6474930999121549, 0.5957533037658511, 0.6474930999121549], "f1": [0.0, 0.0, 0.27027027027027023, 0.27027027027027023, 0.3157894736842105, 0.27027027027027023, 0.27777777777777773, 0.0, 0.0, 0.0], "auprc": [0.6105420854706171, 0.5949949965389711, 0.6115962651930024, 0.6115962651930024, 0.6662673019053474, 0.6115962651930024, 0.6058117053335723, 0.6422399454995681, 0.5862418767848756, 0.6422399454995681]}]}