{"auroc": [0.6225, 0.49250000000000005, 0.6224999999999999, 0.6225, 0.7075, 0.62, 0.43500000000000005, 0.565, 0.5725, 0.5674999999999999], "acc": [0.525, 0.5, 0.5, 0.525, 0.5, 0.5, 0.475, 0.525, 0.5, 0.525], "aps": [0.6566061624436017, 0.5189218088122802, 0.6163250901995534, 0.6521563834536157, 0.662146757929626, 0.5486446520935931, 0.4639378433908467, 0.6041739221448222, 0.5605083777458204, 0.6088488471437304], "f1": [0.09523809523809523, 0.0, 0.0, 0.09523809523809523, 0.0, 0.0, 0.2758620689655173, 0.09523809523809523, 0.0, 0.09523809523809523], "auprc": [0.6456238075054722, 0.5007617300608128, 0.5983547707031958, 0.6408357302171124, 0.6327685993373832, 0.5189884448414459, 0.44168461677309395, 0.5901098655938762, 0.5424908811680482, 0.5952151953582541]}