{"enet": [{"auroc": [0.5718725718725719, 0.6200466200466201, 0.5192307692307692, 0.6282051282051281, 0.5458430458430459, 0.5718725718725719, 0.5458430458430459, 0.5734265734265734, 0.5161227661227661, 0.6243201243201243], "acc": [0.6546762589928058, 0.5539568345323741, 0.7553956834532374, 0.34532374100719426, 0.26618705035971224, 0.6546762589928058, 0.26618705035971224, 0.5179856115107914, 0.7553956834532374, 0.2949640287769784], "aps": [0.8751492984025647, 0.8972131698707091, 0.8476570743148376, 0.8979792903973672, 0.8528781940649879, 0.8751492984025647, 0.8528781940649879, 0.8821823362317069, 0.8471967257723019, 0.8891959845015142], "f1": [0.7735849056603774, 0.6555555555555556, 0.8559322033898306, 0.3973509933774834, 0.2714285714285714, 0.7735849056603774, 0.2714285714285714, 0.633879781420765, 0.8559322033898306, 0.30000000000000004], "auprc": [0.8735837201463748, 0.9127685769203979, 0.9091426880192397, 0.896859097602617, 0.8504372166195109, 0.8735837201463748, 0.8504372166195109, 0.8809060487136373, 0.9086808295824716, 0.8959867228688506]}]}