{"auroc": [0.625, 0.6775, 0.7025, 0.7124999999999999, 0.5725, 0.585, 0.6725000000000001, 0.55, 0.7075, 0.7075], "acc": [0.5, 0.5, 0.5, 0.5, 0.5, 0.5, 0.5, 0.525, 0.5, 0.5], "aps": [0.6385574286092879, 0.6830028051855346, 0.7149554498500716, 0.7582650997412435, 0.640537567122633, 0.6522757963594825, 0.7169250022111278, 0.6248983995158319, 0.7686422211614856, 0.7431320986337812], "f1": [0.0, 0.0, 0.0, 0.0, 0.0, 0.0, 0.0, 0.09523809523809523, 0.0, 0.0], "auprc": [0.6251193350809265, 0.6723029604027129, 0.7060094467702926, 0.7522092416973136, 0.629365699019432, 0.641594616835605, 0.708917435047907, 0.6141988509417409, 0.7627640302352281, 0.735091682286299]}