{"enet": [{"auroc": [0.533022533022533, 0.4895104895104895, 0.4895104895104895, 0.5182595182595183, 0.3785936285936286, 0.5182595182595183, 0.5182595182595183, 0.5182595182595183, 0.533022533022533, 0.5182595182595183], "acc": [0.15827338129496402, 0.18705035971223022, 0.18705035971223022, 0.16546762589928057, 0.302158273381295, 0.16546762589928057, 0.16546762589928057, 0.16546762589928057, 0.15827338129496402, 0.16546762589928057], "aps": [0.8672479085969624, 0.8410827155968605, 0.8410827155968605, 0.8481987942894141, 0.7949418562020589, 0.8481987942894141, 0.8481987942894141, 0.8481987942894141, 0.8672479085969624, 0.8481987942894141], "f1": [0.0, 0.08130081300813008, 0.08130081300813008, 0.016949152542372885, 0.37419354838709684, 0.016949152542372885, 0.016949152542372885, 0.016949152542372885, 0.0, 0.016949152542372885], "auprc": [0.8659322689697202, 0.8378105931582953, 0.8378105931582953, 0.8442216356870165, 0.8161139112133629, 0.8442216356870165, 0.8442216356870165, 0.8442216356870165, 0.8659322689697202, 0.8442216356870165]}]}