{"auroc": [0.509885535900104, 0.5254942767950053, 0.5619146722164412, 0.5275754422476586, 0.54630593132154, 0.5431841831425599, 0.5390218522372529, 0.5494276795005203, 0.5078043704474506, 0.5619146722164412], "acc": [0.532258064516129, 0.5, 0.5, 0.5161290322580645, 0.5, 0.5, 0.5, 0.5161290322580645, 0.5483870967741935, 0.5], "aps": [0.6285459963193143, 0.6341880149211305, 0.6527111499311208, 0.6315924389493301, 0.6661205682809794, 0.660331970757786, 0.6381087726993786, 0.6571301876202141, 0.6056277321550021, 0.6567568205518933], "f1": [0.12121212121212122, 0.0, 0.0, 0.0625, 0.0, 0.0, 0.0, 0.0625, 0.3333333333333333, 0.0], "auprc": [0.6213366022188763, 0.6269235133024214, 0.6456780942598564, 0.6231900702349064, 0.6606361197249908, 0.6543253447605548, 0.6297716573326304, 0.6509394948143661, 0.5975294567638799, 0.6498961608748393]}