{"auroc": [0.5325, 0.5275, 0.5325, 0.5800000000000001, 0.56, 0.585, 0.54, 0.58, 0.575, 0.575], "acc": [0.5, 0.5, 0.5, 0.5, 0.5, 0.5, 0.5, 0.525, 0.5, 0.5], "aps": [0.6750106572257575, 0.662222958813059, 0.6656951810352811, 0.6080209932436412, 0.6609470287427095, 0.6461994238573188, 0.6313374236256545, 0.6483363384854675, 0.6507073008564299, 0.6429295906439372], "f1": [0.0, 0.0, 0.0, 0.0, 0.0, 0.0, 0.0, 0.09523809523809523, 0.0, 0.0], "auprc": [0.6679381490383463, 0.6544113633240605, 0.6579121803175245, 0.5939103118908311, 0.6520325347462981, 0.6353190107786297, 0.6206203584984094, 0.6375784166993199, 0.6400890832486862, 0.6320524903310022]}