{"auroc": [0.6398601398601398, 0.6394716394716394, 0.6507381507381507, 0.5528360528360529, 0.6542346542346542, 0.646076146076146, 0.6363636363636364, 0.6418026418026418, 0.6344211344211343, 0.6414141414141414], "acc": [0.18705035971223022, 0.17266187050359713, 0.15827338129496402, 0.6546762589928058, 0.15827338129496402, 0.15827338129496402, 0.15827338129496402, 0.17985611510791366, 0.2158273381294964, 0.302158273381295], "aps": [0.8964639934627444, 0.8950976219322857, 0.9004545429366049, 0.877159778999265, 0.8984303568433424, 0.8961959627650231, 0.8955401970622017, 0.8923870011448207, 0.8969331248830412, 0.90247685921664], "f1": [0.06611570247933884, 0.033613445378151266, 0.0, 0.7777777777777778, 0.0, 0.0, 0.0, 0.05, 0.128, 0.31205673758865243], "auprc": [0.8951436083629557, 0.8933100464817778, 0.8987921390360041, 0.8758454419033113, 0.8968897758609536, 0.8941772825026183, 0.8941634647241555, 0.890421084022477, 0.895710024732555, 0.9014758293853787]}