{"auroc": [0.6083916083916083, 0.6324786324786325, 0.6216006216006216, 0.6550116550116549, 0.6293706293706293, 0.6647241647241647, 0.466977466977467, 0.6526806526806527, 0.6472416472416473, 0.6569541569541569], "acc": [0.17985611510791366, 0.15827338129496402, 0.15827338129496402, 0.16546762589928057, 0.2014388489208633, 0.19424460431654678, 0.841726618705036, 0.17985611510791366, 0.15827338129496402, 0.17985611510791366], "aps": [0.8942965698659623, 0.8843493980587984, 0.8778318040343297, 0.904728710415024, 0.9014230782474898, 0.902568269909218, 0.8373137873426975, 0.9040904723008074, 0.8975127258341744, 0.9044855055826678], "f1": [0.05, 0.0, 0.0, 0.016949152542372885, 0.09756097560975609, 0.0967741935483871, 0.9140624999999999, 0.05, 0.0, 0.05], "auprc": [0.8931659027648977, 0.8821821479663543, 0.8748382111490594, 0.9037162703910138, 0.9005592606356051, 0.9011399617280857, 0.8351096176504962, 0.9029649449751677, 0.8960980561318802, 0.9033072171234244]}