{"enet": [{"auroc": [0.4675000000000001, 0.41500000000000004, 0.475, 0.475, 0.47125000000000006, 0.47125000000000006, 0.44000000000000006, 0.475, 0.33, 0.44000000000000006], "acc": [0.5, 0.575, 0.55, 0.55, 0.55, 0.55, 0.5, 0.55, 0.5, 0.5], "aps": [0.6169351578430089, 0.5689204791126918, 0.5344064990642737, 0.5344064990642737, 0.518244425825071, 0.518244425825071, 0.6079524226014217, 0.5344064990642737, 0.4770116656284066, 0.6079524226014217], "f1": [0.0, 0.37037037037037035, 0.35714285714285715, 0.35714285714285715, 0.55, 0.55, 0.0, 0.35714285714285715, 0.0, 0.0], "auprc": [0.6077622495212145, 0.5578573190979064, 0.5528065994585366, 0.5528065994585366, 0.6341194092548406, 0.6341194092548406, 0.5995039392870202, 0.5528065994585366, 0.46387624988208553, 0.5995039392870202]}]}