{"enet": [{"auroc": [0.6400000000000001, 0.6925, 0.6925, 0.6375, 0.6375, 0.6375, 0.6925, 0.6375, 0.72, 0.6925], "acc": [0.45, 0.6, 0.6, 0.425, 0.425, 0.425, 0.6, 0.425, 0.6, 0.6], "aps": [0.5871565329092419, 0.6091230187404508, 0.6091230187404508, 0.5959364811192104, 0.5959364811192104, 0.5959364811192104, 0.6091230187404508, 0.5959364811192104, 0.6841464396612834, 0.6091230187404508], "f1": [0.08333333333333334, 0.5294117647058824, 0.5294117647058824, 0.14814814814814817, 0.14814814814814817, 0.14814814814814817, 0.5294117647058824, 0.14814814814814817, 0.5294117647058824, 0.5294117647058824], "auprc": [0.5695676654858157, 0.5787801255225578, 0.5787801255225578, 0.5780355378052237, 0.5780355378052237, 0.5780355378052237, 0.5787801255225578, 0.5780355378052237, 0.6672404954392692, 0.5787801255225578]}]}