{"enet": [{"auroc": [0.5723204994797086, 0.518210197710718, 0.5723204994797086, 0.5723204994797086, 0.5723204994797086, 0.5723204994797086, 0.5733610822060353, 0.5327783558792923, 0.5723204994797086, 0.5723204994797086], "acc": [0.5, 0.4838709677419355, 0.5, 0.5, 0.5, 0.5, 0.5, 0.5, 0.5, 0.5], "aps": [0.5772346625331266, 0.4957227571208092, 0.5772346625331266, 0.5772346625331266, 0.5772346625331266, 0.5772346625331266, 0.5336703175033553, 0.5812155273498059, 0.5772346625331266, 0.5772346625331266], "f1": [0.0, 0.19999999999999998, 0.0, 0.0, 0.0, 0.0, 0.24390243902439024, 0.0, 0.0, 0.0], "auprc": [0.566305169054991, 0.5333536436759169, 0.566305169054991, 0.566305169054991, 0.566305169054991, 0.566305169054991, 0.5627910443790803, 0.5712141767708798, 0.566305169054991, 0.566305169054991]}]}