{"auroc": [0.522372528616025, 0.514047866805411, 0.5161290322580645, 0.5296566077003121, 0.5411030176899063, 0.5223725286160249, 0.5171696149843914, 0.5202913631633714, 0.514047866805411, 0.5171696149843912], "acc": [0.5645161290322581, 0.5645161290322581, 0.5483870967741935, 0.5483870967741935, 0.5645161290322581, 0.5483870967741935, 0.5483870967741935, 0.5806451612903226, 0.532258064516129, 0.5645161290322581], "aps": [0.6574628356550866, 0.6509926607922107, 0.6607583774541986, 0.6659251605952665, 0.6626689615690315, 0.6671107760260422, 0.6565111262199873, 0.64982949016948, 0.6478157917375629, 0.6584125631084654], "f1": [0.2285714285714286, 0.2285714285714286, 0.17647058823529413, 0.17647058823529413, 0.2285714285714286, 0.17647058823529413, 0.17647058823529413, 0.27777777777777773, 0.12121212121212122, 0.2285714285714286], "auprc": [0.6524302393800555, 0.6457846781852292, 0.6559122698901213, 0.6598528474968326, 0.6514028849324527, 0.6623944591555796, 0.6514644807895855, 0.6443654745603391, 0.6425193247282028, 0.6535705666923752]}