{"enet": [{"auroc": [0.6926961926961928, 0.6557886557886557, 0.6418026418026418, 0.6557886557886557, 0.6274281274281275, 0.644133644133644, 0.6418026418026418, 0.6418026418026418, 0.6557886557886557, 0.6557886557886557], "acc": [0.15827338129496402, 0.16546762589928057, 0.17266187050359713, 0.16546762589928057, 0.20863309352517986, 0.15827338129496402, 0.17266187050359713, 0.17266187050359713, 0.16546762589928057, 0.16546762589928057], "aps": [0.9189614313538416, 0.912117975056892, 0.9124241742165137, 0.912117975056892, 0.9016388541933251, 0.9053218602731918, 0.9124241742165137, 0.9124241742165137, 0.912117975056892, 0.912117975056892], "f1": [0.0, 0.016949152542372885, 0.033613445378151266, 0.016949152542372885, 0.11290322580645161, 0.0, 0.033613445378151266, 0.033613445378151266, 0.016949152542372885, 0.016949152542372885], "auprc": [0.9182115359117057, 0.9114211773415446, 0.9117924871534497, 0.9114211773415446, 0.9006368519659771, 0.9044137866681848, 0.9117924871534497, 0.9117924871534497, 0.9114211773415446, 0.9114211773415446]}]}