{"enet": [{"auroc": [0.481789802289282, 0.481789802289282, 0.41571279916753384, 0.49323621227887615, 0.481789802289282, 0.49323621227887615, 0.40270551508844954, 0.481789802289282, 0.4235171696149844, 0.41259105098855353], "acc": [0.5, 0.5, 0.4032258064516129, 0.532258064516129, 0.5, 0.532258064516129, 0.5161290322580645, 0.5, 0.5161290322580645, 0.45161290322580644], "aps": [0.5952798055430837, 0.5952798055430837, 0.4662753715929002, 0.5754029481027763, 0.5952798055430837, 0.5754029481027763, 0.5145198397217992, 0.5952798055430837, 0.5294723595907085, 0.45409756550636476], "f1": [0.0, 0.0, 0.47887323943661964, 0.1714285714285714, 0.0, 0.1714285714285714, 0.0625, 0.0, 0.0625, 0.45161290322580644], "auprc": [0.5888501132734022, 0.5888501132734022, 0.6085969159355915, 0.5655683656685937, 0.5888501132734022, 0.5655683656685937, 0.5053597737873176, 0.5888501132734022, 0.5202591818598431, 0.5691706118710758]}]}