{"enet": [{"auroc": [0.5806451612903225, 0.5, 0.6061394380853278, 0.5390218522372529, 0.5390218522372529, 0.54630593132154, 0.5723204994797086, 0.5806451612903225, 0.5806451612903225, 0.5], "acc": [0.5, 0.5, 0.5, 0.4838709677419355, 0.4838709677419355, 0.45161290322580644, 0.4838709677419355, 0.5, 0.5, 0.5], "aps": [0.6010847375282045, 0.5, 0.5664027443309613, 0.496015662409195, 0.496015662409195, 0.4942981118878653, 0.5109168238913815, 0.6010847375282045, 0.6010847375282045, 0.5], "f1": [0.0, 0.0, 0.3111111111111111, 0.3043478260869565, 0.3043478260869565, 0.29166666666666663, 0.3043478260869565, 0.0, 0.0, 0.0], "auprc": [0.5919155295835664, 0.75, 0.5894056730583697, 0.5592051091522634, 0.5592051091522634, 0.5565047122257146, 0.5711548441836376, 0.5919155295835664, 0.5919155295835664, 0.75]}]}