{"enet": [{"auroc": [0.4058272632674297, 0.5, 0.5, 0.5796045785639958, 0.5816857440166493, 0.5, 0.5, 0.5816857440166493, 0.5816857440166493, 0.5], "acc": [0.5, 0.5, 0.5, 0.532258064516129, 0.5, 0.5, 0.5, 0.5, 0.5, 0.5], "aps": [0.5455028179033136, 0.5, 0.5, 0.6054839941087172, 0.563014999779777, 0.5, 0.5, 0.563014999779777, 0.563014999779777, 0.5], "f1": [0.0, 0.0, 0.0, 0.12121212121212122, 0.20512820512820512, 0.0, 0.0, 0.20512820512820512, 0.20512820512820512, 0.0], "auprc": [0.5378894656744707, 0.75, 0.75, 0.5963198585755516, 0.5888422134547442, 0.75, 0.75, 0.5888422134547442, 0.5888422134547442, 0.75]}]}