{"enet": [{"auroc": [0.65, 0.3875, 0.5325, 0.66, 0.66, 0.6799999999999999, 0.65, 0.6575, 0.65, 0.65], "acc": [0.525, 0.475, 0.525, 0.55, 0.55, 0.525, 0.525, 0.55, 0.525, 0.525], "aps": [0.6746974575699001, 0.45186326427340295, 0.5316018005876001, 0.6670324416516522, 0.6670324416516522, 0.7333386292064277, 0.6746974575699001, 0.6764521143279038, 0.6746974575699001, 0.6746974575699001], "f1": [0.09523809523809523, 0.2758620689655173, 0.48648648648648646, 0.18181818181818182, 0.18181818181818182, 0.09523809523809523, 0.09523809523809523, 0.18181818181818182, 0.09523809523809523, 0.09523809523809523], "auprc": [0.6649401539855091, 0.4976359475296771, 0.6192440862197885, 0.6556957302507984, 0.6556957302507984, 0.7264553557459912, 0.6649401539855091, 0.6654305601491344, 0.6649401539855091, 0.6649401539855091]}]}