{"enet": [{"auroc": [0.5889698231009365, 0.5639958376690947, 0.5889698231009365, 0.5639958376690947, 0.5639958376690947, 0.5639958376690947, 0.5639958376690947, 0.562955254942768, 0.5639958376690947, 0.562955254942768], "acc": [0.5, 0.5, 0.5, 0.5, 0.5, 0.5, 0.5, 0.5, 0.5, 0.5], "aps": [0.6521372148579496, 0.5879297370218002, 0.6521372148579496, 0.5742968279194975, 0.5879297370218002, 0.5879297370218002, 0.5879297370218002, 0.5509233877218779, 0.5879297370218002, 0.5509233877218779], "f1": [0.0, 0.0, 0.0, 0.3111111111111111, 0.0, 0.0, 0.0, 0.0, 0.0, 0.0], "auprc": [0.6454672470627265, 0.5750214827887692, 0.6454672470627265, 0.5609407745897291, 0.5750214827887692, 0.5750214827887692, 0.5750214827887692, 0.537263326543707, 0.5750214827887692, 0.537263326543707]}]}