{"enet": [{"auroc": [0.6961926961926962, 0.6833721833721833, 0.6336441336441336, 0.5073815073815074, 0.6701631701631701, 0.646076146076146, 0.6701631701631701, 0.5102952602952603, 0.5102952602952603, 0.6833721833721833], "acc": [0.15827338129496402, 0.19424460431654678, 0.30935251798561153, 0.8129496402877698, 0.16546762589928057, 0.48201438848920863, 0.16546762589928057, 0.6834532374100719, 0.6834532374100719, 0.19424460431654678], "aps": [0.9220729969850743, 0.9244067192556585, 0.8904150925997323, 0.8437724666068521, 0.9171444941850966, 0.9117490731979361, 0.9171444941850966, 0.8458751676895732, 0.8458751676895732, 0.9244067192556585], "f1": [0.0, 0.08196721311475409, 0.3333333333333333, 0.8951612903225806, 0.016949152542372885, 0.5813953488372093, 0.016949152542372885, 0.8018018018018017, 0.8018018018018017, 0.08196721311475409], "auprc": [0.9214461016873927, 0.9238868774383932, 0.8975352239636595, 0.9158427001352334, 0.9164403336251301, 0.9110551247077032, 0.9164403336251301, 0.899940538290477, 0.899940538290477, 0.9238868774383932]}]}