{"enet": [{"auroc": [0.6849999999999999, 0.5874999999999999, 0.6849999999999999, 0.47750000000000004, 0.48750000000000004, 0.5874999999999999, 0.715, 0.48750000000000004, 0.715, 0.715], "acc": [0.5, 0.5, 0.5, 0.5, 0.45, 0.5, 0.5, 0.45, 0.5, 0.5], "aps": [0.7335755017005019, 0.5856107380526803, 0.7335755017005019, 0.5587618823519824, 0.5464100649752823, 0.5856107380526803, 0.7033916167427603, 0.5464100649752823, 0.7033916167427603, 0.7033916167427603], "f1": [0.0, 0.0, 0.0, 0.0, 0.6206896551724138, 0.0, 0.0, 0.6206896551724138, 0.0, 0.0], "auprc": [0.7262254085944102, 0.5553979662659961, 0.7262254085944102, 0.5408562785452073, 0.5283904974284916, 0.5553979662659961, 0.6875521351371497, 0.5283904974284916, 0.6875521351371497, 0.6875521351371497]}]}