{"auroc": [0.6317016317016317, 0.5543900543900544, 0.5893550893550894, 0.6192696192696192, 0.5936285936285937, 0.6468531468531469, 0.5679875679875679, 0.552059052059052, 0.5901320901320901, 0.6045066045066045], "acc": [0.2158273381294964, 0.15827338129496402, 0.17266187050359713, 0.2158273381294964, 0.1510791366906475, 0.17266187050359713, 0.15827338129496402, 0.16546762589928057, 0.17985611510791366, 0.15827338129496402], "aps": [0.8989539122120425, 0.8389151350768259, 0.8778725461563412, 0.8916305334240338, 0.8698977943271715, 0.8998475046196344, 0.8600463217302317, 0.8487622578749761, 0.8740304407492436, 0.8713256508172038], "f1": [0.14173228346456693, 0.016806722689075633, 0.049586776859504134, 0.15503875968992248, 0.0, 0.049586776859504134, 0.0, 0.03333333333333333, 0.06557377049180328, 0.016806722689075633], "auprc": [0.8979265573497834, 0.8329927124594566, 0.8757359080384028, 0.8899683625578994, 0.8619611449627546, 0.8982822091359433, 0.8571514342107727, 0.8427262035752662, 0.8721492743959769, 0.8651479700129474]}