{"auroc": [0.49, 0.6025, 0.49, 0.4825, 0.5125000000000001, 0.47250000000000003, 0.635, 0.48750000000000004, 0.46749999999999997, 0.4825], "acc": [0.5, 0.5, 0.5, 0.525, 0.5, 0.525, 0.5, 0.525, 0.525, 0.5], "aps": [0.6571878780933135, 0.6532738095238095, 0.652995881627082, 0.6421859162642631, 0.6379897660818714, 0.6055605215945136, 0.6532738095238095, 0.6458530244842249, 0.6298082443589493, 0.6433609751145226], "f1": [0.0, 0.0, 0.0, 0.09523809523809523, 0.0, 0.09523809523809523, 0.0, 0.09523809523809523, 0.09523809523809523, 0.0], "auprc": [0.6506799317268146, 0.6957169913419914, 0.6460452853599961, 0.6346491582138074, 0.6212983801973742, 0.5936202427389121, 0.7416765873015874, 0.6383071901219008, 0.6214501155444315, 0.6358132332616981]}