{"auroc": [0.5140478668054109, 0.4745057232049948, 0.49947970863683655, 0.41103017689906346, 0.481789802289282, 0.5348595213319459, 0.449531737773153, 0.4370447450572321, 0.5192507804370448, 0.5182101977107181], "acc": [0.5, 0.5, 0.5, 0.4838709677419355, 0.5, 0.5161290322580645, 0.5, 0.532258064516129, 0.5, 0.4838709677419355], "aps": [0.5456561619159798, 0.48924029206884556, 0.5755313494313601, 0.47988095404473197, 0.5263724603694745, 0.5822502583303851, 0.470659509596654, 0.5158150681418657, 0.552739326253853, 0.558903141246156], "f1": [0.0, 0.0, 0.0, 0.0, 0.0, 0.1176470588235294, 0.0, 0.12121212121212122, 0.0, 0.0], "auprc": [0.5247026583599621, 0.4705154392938696, 0.565361888923469, 0.4582415974351801, 0.5054546287220743, 0.5724041112987768, 0.450261065234816, 0.5048458700489201, 0.5321217720603424, 0.5386423018472085]}