{"auroc": [0.5555555555555556, 0.6375291375291375, 0.6693861693861693, 0.6274281274281275, 0.5905205905205905, 0.6573426573426573, 0.6340326340326341, 0.5718725718725719, 0.5936285936285937, 0.5773115773115773], "acc": [0.15827338129496402, 0.15827338129496402, 0.15827338129496402, 0.15827338129496402, 0.15827338129496402, 0.15827338129496402, 0.15827338129496402, 0.15827338129496402, 0.15827338129496402, 0.15827338129496402], "aps": [0.8775910704615342, 0.8920769716551082, 0.9085213021357565, 0.8877819798789005, 0.88755293841563, 0.9140915996257735, 0.8969876752704655, 0.8782684147114674, 0.887008446763851, 0.8821346941943453], "f1": [0.0, 0.0, 0.0, 0.0, 0.0, 0.0, 0.0, 0.0, 0.0, 0.0], "auprc": [0.8764370816390765, 0.8906715204855211, 0.9076185071364868, 0.8865143365527232, 0.8863971739798414, 0.9134379669540255, 0.8957980291699652, 0.8769113793082604, 0.8858940007937116, 0.8809533062852489]}