{"rf": [{"auroc": [0.8848178137651822, 0.9121626180836706, 0.9017543859649122, 0.9129554655870445, 0.9076248313090419, 0.9010290148448042, 0.9049089068825912, 0.9052631578947368, 0.9080634278002699, 0.9010964912280702], "acc": [0.781491002570694, 0.7789203084832905, 0.7840616966580977, 0.781491002570694, 0.781491002570694, 0.7789203084832905, 0.781491002570694, 0.781491002570694, 0.7763496143958869, 0.7840616966580977], "aps": [0.9436048359885184, 0.9591783975445427, 0.9549727564528595, 0.963416776056083, 0.9603370576365312, 0.9565434610277929, 0.9561611245992828, 0.9552329070153858, 0.9576442242545199, 0.9562447101171327], "f1": [0.8682170542635659, 0.8685015290519876, 0.8711656441717792, 0.8698315467075038, 0.869431643625192, 0.8680981595092024, 0.8690292758089369, 0.869431643625192, 0.8667687595712098, 0.8707692307692309], "auprc": [0.9467146574652894, 0.9630390477151829, 0.9552842943516084, 0.9633271181386965, 0.9602327049956297, 0.956864440538803, 0.9571297315322195, 0.9563925767735209, 0.957536089866948, 0.9562773863911929]}], "enet": [{"auroc": [0.8452935222672064, 0.8333333333333334, 0.8046052631578947, 0.8452935222672064, 0.869298245614035, 0.869298245614035, 0.8590755735492579, 0.869298245614035, 0.8590755735492579, 0.8452935222672064], "acc": [0.8329048843187661, 0.8226221079691517, 0.8123393316195373, 0.8329048843187661, 0.8226221079691517, 0.8226221079691517, 0.8123393316195373, 0.8226221079691517, 0.8123393316195373, 0.8329048843187661], "aps": [0.9121390741564477, 0.9063588637979112, 0.8927406363899635, 0.9121390741564477, 0.9268467561501008, 0.9268467561501008, 0.9146218331320506, 0.9268467561501008, 0.9146218331320506, 0.9121390741564477], "f1": [0.8922056384742953, 0.8840336134453781, 0.8831999999999999, 0.8922056384742953, 0.8896, 0.8896, 0.8839427662957076, 0.8896, 0.8839427662957076, 0.8922056384742953], "auprc": [0.939674304961683, 0.9288472662074827, 0.9134875238449074, 0.939674304961683, 0.9263412391721038, 0.9263412391721038, 0.9137071882480176, 0.9263412391721038, 0.9137071882480176, 0.939674304961683]}]}