{"enet": [{"auroc": [0.7617240215924427, 0.5126180836707153, 0.5126349527665317, 0.7617240215924427, 0.5126349527665317, 0.5174089068825911, 0.5126180836707153, 0.512685560053981, 0.5126349527665317, 0.5126180836707153], "acc": [0.7377892030848329, 0.7377892030848329, 0.7377892030848329, 0.7377892030848329, 0.7377892030848329, 0.7403598971722365, 0.7377892030848329, 0.7377892030848329, 0.7377892030848329, 0.7377892030848329], "aps": [0.8665439840440464, 0.737644742845663, 0.737644742845663, 0.8665439840440464, 0.737644742845663, 0.7395589981809709, 0.737644742845663, 0.7376580280864247, 0.737644742845663, 0.737644742845663], "f1": [0.8477611940298508, 0.8477611940298508, 0.8477611940298508, 0.8477611940298508, 0.8477611940298508, 0.8490284005979073, 0.8477611940298508, 0.8477611940298508, 0.8477611940298508, 0.8477611940298508], "auprc": [0.9040752142851509, 0.868352123638422, 0.8683554418249348, 0.9040752142851509, 0.8683554418249348, 0.8693092513060761, 0.868352123638422, 0.8683654198245049, 0.8683554418249348, 0.868352123638422]}]}