{"enet": [{"auroc": [0.8275641025641025, 0.8166497975708502, 0.8399966261808367, 0.8166497975708502, 0.7491902834008096, 0.8275641025641025, 0.8214406207827262, 0.8399966261808367, 0.8166497975708502, 0.8399966261808367], "acc": [0.7917737789203085, 0.7840616966580977, 0.794344473007712, 0.7840616966580977, 0.7763496143958869, 0.7917737789203085, 0.781491002570694, 0.794344473007712, 0.7840616966580977, 0.794344473007712], "aps": [0.9206849838120528, 0.905753918563255, 0.9181779203733957, 0.905753918563255, 0.8550954464162807, 0.9206849838120528, 0.9107010958926458, 0.9181779203733957, 0.905753918563255, 0.9181779203733957], "f1": [0.8708133971291867, 0.8670886075949367, 0.8738170347003156, 0.8670886075949367, 0.8603531300160515, 0.8708133971291867, 0.8657187993680884, 0.8738170347003156, 0.8670886075949367, 0.8738170347003156], "auprc": [0.9204030291773426, 0.9137698593857058, 0.9179521200955267, 0.9137698593857058, 0.9126805292472151, 0.9204030291773426, 0.9237564451165531, 0.9179521200955267, 0.9137698593857058, 0.9179521200955267]}]}