{"enet": [{"auroc": [0.852800269905533, 0.7794703103913629, 0.7818488529014844, 0.7794703103913629, 0.8174595141700405, 0.7943488529014844, 0.852800269905533, 0.7563933873144398, 0.7494601889338731, 0.7794703103913629], "acc": [0.8097686375321337, 0.8457583547557841, 0.8380462724935732, 0.8457583547557841, 0.8303341902313625, 0.8277634961439588, 0.8097686375321337, 0.8406169665809768, 0.8329048843187661, 0.8457583547557841], "aps": [0.933548060240101, 0.8649183173026821, 0.865844065861066, 0.8649183173026821, 0.8892969615390242, 0.8758411849083191, 0.933548060240101, 0.8509265021115668, 0.8475955052547677, 0.8649183173026821], "f1": [0.8817891373801916, 0.8993288590604027, 0.8962108731466227, 0.8993288590604027, 0.8914473684210525, 0.8896210873146623, 0.8817891373801916, 0.8983606557377047, 0.8918469217970051, 0.8993288590604027], "auprc": [0.9333556803042817, 0.9258132044708243, 0.9252571528193827, 0.9258132044708243, 0.9348362263493762, 0.9284001266627221, 0.9333556803042817, 0.9212661648711529, 0.9178042677070989, 0.9258132044708243]}]}