{"enet": [{"auroc": [0.8765519568151148, 0.829504048582996, 0.829504048582996, 0.8543184885290149, 0.8765519568151148, 0.8765519568151148, 0.8765519568151148, 0.8543184885290149, 0.8546052631578948, 0.8765519568151148], "acc": [0.8483290488431876, 0.7969151670951157, 0.7969151670951157, 0.8123393316195373, 0.8483290488431876, 0.8483290488431876, 0.8483290488431876, 0.8123393316195373, 0.8149100257069408, 0.8483290488431876], "aps": [0.9429668267610853, 0.9131004509801086, 0.9131004509801086, 0.9325054128035124, 0.9429668267610853, 0.9429668267610853, 0.9429668267610853, 0.9325054128035124, 0.9293352738880162, 0.9429668267610853], "f1": [0.9015025041736228, 0.8672268907563025, 0.8672268907563025, 0.8781302170283807, 0.9015025041736228, 0.9015025041736228, 0.9015025041736228, 0.8781302170283807, 0.8803986710963456, 0.9015025041736228], "auprc": [0.9428091396168768, 0.9277064643228732, 0.9277064643228732, 0.9322864855395696, 0.9428091396168768, 0.9428091396168768, 0.9428091396168768, 0.9322864855395696, 0.9342777563513431, 0.9428091396168768]}]}