{"enet": [{"auroc": [0.7249156545209177, 0.8796896086369771, 0.8576248313090419, 0.8796896086369771, 0.8576248313090419, 0.8576248313090419, 0.8796896086369771, 0.8796896086369771, 0.8775303643724696, 0.8796896086369771], "acc": [0.8071979434447301, 0.8457583547557841, 0.8534704370179949, 0.8457583547557841, 0.8534704370179949, 0.8534704370179949, 0.8457583547557841, 0.8457583547557841, 0.8483290488431876, 0.8457583547557841], "aps": [0.8373663799726773, 0.9457552790318882, 0.9187294263975041, 0.9457552790318882, 0.9187294263975041, 0.9187294263975041, 0.9457552790318882, 0.9457552790318882, 0.940172772630709, 0.9457552790318882], "f1": [0.8739495798319329, 0.9003322259136213, 0.9035532994923857, 0.9003322259136213, 0.9035532994923857, 0.9035532994923857, 0.9003322259136213, 0.9003322259136213, 0.9015025041736228, 0.9003322259136213], "auprc": [0.9082503940057236, 0.9473358884450094, 0.9464684008892394, 0.9473358884450094, 0.9464684008892394, 0.9464684008892394, 0.9473358884450094, 0.9473358884450094, 0.9485723516703329, 0.9473358884450094]}]}