{"enet": [{"auroc": [0.7925775978407558, 0.8943994601889338, 0.8873481781376519, 0.8943994601889338, 0.7634615384615385, 0.8943994601889338, 0.8943994601889338, 0.8873481781376519, 0.8873481781376519, 0.8873481781376519], "acc": [0.8354755784061697, 0.8431876606683805, 0.8483290488431876, 0.8431876606683805, 0.8560411311053985, 0.8431876606683805, 0.8431876606683805, 0.8483290488431876, 0.8483290488431876, 0.8483290488431876], "aps": [0.8721876083480312, 0.9471410293623694, 0.9494596391922374, 0.9471410293623694, 0.8543580533292296, 0.9471410293623694, 0.9471410293623694, 0.9494596391922374, 0.9494596391922374, 0.9494596391922374], "f1": [0.8957654723127036, 0.900489396411093, 0.9034369885433715, 0.900489396411093, 0.9078947368421053, 0.900489396411093, 0.900489396411093, 0.9034369885433715, 0.9034369885433715, 0.9034369885433715], "auprc": [0.9305318495959134, 0.9503084977244773, 0.9527773283473594, 0.9503084977244773, 0.9234596767376845, 0.9503084977244773, 0.9503084977244773, 0.9527773283473594, 0.9527773283473594, 0.9527773283473594]}]}