{"auroc": [0.576450742240216, 0.646693657219973, 0.6045209176788124, 0.6480094466936573, 0.6541160593792172, 0.6276315789473684, 0.6331646423751687, 0.5903171390013495, 0.7217611336032389, 0.654251012145749], "acc": [0.7326478149100257, 0.7326478149100257, 0.7326478149100257, 0.7326478149100257, 0.7326478149100257, 0.3264781491002571, 0.7326478149100257, 0.6452442159383034, 0.7300771208226221, 0.42930591259640105], "aps": [0.7754861086181493, 0.7635695498777284, 0.7618267873299915, 0.7931064696293483, 0.7683520408893897, 0.7700102176210843, 0.7744990959649196, 0.7591572517076878, 0.8318425880103031, 0.79480283019103], "f1": [0.8456973293768546, 0.8456973293768546, 0.8456973293768546, 0.8456973293768546, 0.8456973293768546, 0.21084337349397586, 0.8456973293768546, 0.7481751824817517, 0.8439821693907874, 0.43939393939393934], "auprc": [0.7745007632449943, 0.7610517036410203, 0.7588654428429937, 0.7916565251346825, 0.7660013841491048, 0.767930195948337, 0.7715312354587092, 0.7562337539922639, 0.8306449513468848, 0.7923219743795582]}