{"enet": [{"auroc": [0.6878879892037786, 0.7189777327935223, 0.6878879892037786, 0.7338731443994602, 0.7189777327935223, 0.7189777327935223, 0.6878879892037786, 0.7338731443994602, 0.7013832658569501, 0.7814439946018892], "acc": [0.794344473007712, 0.7634961439588689, 0.794344473007712, 0.781491002570694, 0.7634961439588689, 0.7634961439588689, 0.794344473007712, 0.781491002570694, 0.7789203084832905, 0.7686375321336761], "aps": [0.8169974318893574, 0.8356977893056057, 0.8169974318893574, 0.8436566110791981, 0.8356977893056057, 0.8356977893056057, 0.8169974318893574, 0.8436566110791981, 0.8259809545986542, 0.8820032780064684], "f1": [0.8701298701298701, 0.8496732026143791, 0.8701298701298701, 0.8652931854199684, 0.8496732026143791, 0.8496732026143791, 0.8701298701298701, 0.8652931854199684, 0.8612903225806452, 0.856687898089172], "auprc": [0.9003429426675794, 0.902087786952286, 0.9003429426675794, 0.9077256978110666, 0.902087786952286, 0.902087786952286, 0.9003429426675794, 0.9077256978110666, 0.9017335391878306, 0.9089641111474183]}]}