{"enet": [{"auroc": [0.9023279352226721, 0.8919028340080971, 0.7826923076923076, 0.9020580296896087, 0.9020580296896087, 0.8983805668016196, 0.9098178137651822, 0.8944331983805668, 0.9020580296896087, 0.9023279352226721], "acc": [0.8740359897172236, 0.8380462724935732, 0.8534704370179949, 0.8766066838046273, 0.8766066838046273, 0.8688946015424165, 0.87146529562982, 0.87146529562982, 0.8766066838046273, 0.8740359897172236], "aps": [0.953353815556768, 0.9368809131807774, 0.865271988275466, 0.9529479927658085, 0.9529479927658085, 0.9444624450125207, 0.9521396793668395, 0.9487313606025085, 0.9529479927658085, 0.953353815556768], "f1": [0.9176470588235294, 0.8998410174880763, 0.9070146818923328, 0.9194630872483222, 0.9194630872483222, 0.9145728643216081, 0.9163879598662208, 0.9166666666666667, 0.9194630872483222, 0.9176470588235294], "auprc": [0.9532223563899909, 0.9365466923567374, 0.9291526514730815, 0.9528132524189094, 0.9528132524189094, 0.9596062990245325, 0.9623119668659408, 0.9485741053006238, 0.9528132524189094, 0.9532223563899909]}]}