{"best_index": [146, 87, 34, 83, 155], "auroc": [0.3372781065088757, 0.42603550295857984, 0.5976331360946745, 0.4556213017751479, 0.4378698224852071], "acc": [0.34615384615384615, 0.34615384615384615, 0.5, 0.38461538461538464, 0.34615384615384615], "aps": [0.45637222942176503, 0.5880085856172812, 0.615950715950716, 0.590908890440663, 0.6388961595817784], "f1": [0.45161290322580644, 0.5142857142857142, 0.6486486486486487, 0.5294117647058824, 0.5142857142857142], "auprc": [0.41349883480973176, 0.5707700549172121, 0.5921644381259765, 0.5683113181973418, 0.6281043872515444]}