{"best_index": [83, 129, 93, 126, 78], "auroc": [0.33136094674556216, 0.3964497041420118, 0.378698224852071, 0.49112426035502965, 0.4497041420118343], "acc": [0.34615384615384615, 0.46153846153846156, 0.38461538461538464, 0.4230769230769231, 0.4230769230769231], "aps": [0.45381671473512697, 0.5204146584409741, 0.5576888048450118, 0.6437144182461907, 0.5689328069591226], "f1": [0.45161290322580644, 0.5625, 0.5555555555555555, 0.5945945945945945, 0.5714285714285714], "auprc": [0.41108855614158374, 0.49646952752232737, 0.5407427894410302, 0.6303761539463879, 0.5452013512541511]}