{"best_index": [88, 209, 148, 76, 105], "auroc": [0.3905325443786982, 0.34911242603550297, 0.41420118343195267, 0.4319526627218935, 0.40236686390532544], "acc": [0.38461538461538464, 0.4230769230769231, 0.4230769230769231, 0.4230769230769231, 0.4230769230769231], "aps": [0.5495461376230607, 0.5591516575700698, 0.5708236904795609, 0.5623675599762556, 0.5078665054752011], "f1": [0.5555555555555555, 0.5945945945945945, 0.5945945945945945, 0.5945945945945945, 0.5945945945945945], "auprc": [0.5319634501605105, 0.5458426755304376, 0.5537001873324704, 0.5388644605116177, 0.46449854864570583]}