{"best_index": [145, 78, 65, 119, 65], "auroc": [0.3905325443786982, 0.33136094674556216, 0.36094674556213013, 0.4201183431952663, 0.4319526627218935], "acc": [0.4230769230769231, 0.38461538461538464, 0.4230769230769231, 0.4230769230769231, 0.4230769230769231], "aps": [0.5430748311517541, 0.44936902005463875, 0.48798454032469374, 0.6110549836636792, 0.5215343866573455], "f1": [0.5945945945945945, 0.5555555555555555, 0.5945945945945945, 0.5945945945945945, 0.5945945945945945], "auprc": [0.5196461608635832, 0.40643600145777165, 0.44552578051164665, 0.5975692047367238, 0.49747554907549]}