{"best_index": [170, 105, 150, 87, 188], "auroc": [0.30177514792899407, 0.4260355029585799, 0.47337278106508873, 0.4319526627218935, 0.39644970414201186], "acc": [0.34615384615384615, 0.34615384615384615, 0.46153846153846156, 0.4230769230769231, 0.3076923076923077], "aps": [0.46953294361222747, 0.6003712229799185, 0.6166299642386599, 0.5864494609812334, 0.5734678975471814], "f1": [0.45161290322580644, 0.5142857142857142, 0.631578947368421, 0.5945945945945945, 0.47058823529411764], "auprc": [0.44657915393124087, 0.58419989430859, 0.5950390551477507, 0.5689445300147641, 0.5566638682431522]}