{"auroc": [0.43195266272189353, 0.34911242603550297, 0.3905325443786982, 0.39644970414201186, 0.29585798816568054], "acc": [0.4230769230769231, 0.4230769230769231, 0.4230769230769231, 0.4230769230769231, 0.34615384615384615], "aps": [0.5953728778213905, 0.500001665001665, 0.57773990692755, 0.5799807216683646, 0.5128077630480377], "f1": [0.5945945945945945, 0.5945945945945945, 0.5945945945945945, 0.5945945945945945, 0.5142857142857142], "auprc": [0.5814855680581215, 0.4761406279349734, 0.5640077369647298, 0.5662054983536676, 0.4957616707608165]}