{"auroc": [0.40236686390532544, 0.378698224852071, 0.3609467455621302, 0.41420118343195267, 0.3846153846153847], "acc": [0.46153846153846156, 0.4230769230769231, 0.5, 0.4230769230769231, 0.4230769230769231], "aps": [0.5219965560755035, 0.49172759214466866, 0.5645545886338725, 0.5567676043763, 0.49675400686270244], "f1": [0.6111111111111112, 0.5945945945945945, 0.6666666666666666, 0.5945945945945945, 0.5945945945945945], "auprc": [0.49801151334046073, 0.4492683327121651, 0.5510528853280492, 0.5332614321859173, 0.45345649555048534]}