{"auroc": [0.30000000000000004, 0.44000000000000006, 0.24, 0.44000000000000006, 0.32, 0.58, 0.6799999999999999, 0.28, 0.32, 0.92], "acc": [0.5, 0.5, 0.5, 0.5, 0.5, 0.5, 0.5, 0.5, 0.5, 0.6], "aps": [0.5438888888888889, 0.6000000000000001, 0.419047619047619, 0.6000000000000001, 0.5638888888888889, 0.72, 0.7753968253968253, 0.5438888888888889, 0.5638888888888889, 0.9428571428571428], "f1": [0.0, 0.0, 0.0, 0.0, 0.0, 0.0, 0.0, 0.0, 0.0, 0.33333333333333337], "auprc": [0.5157936507936508, 0.5606349206349206, 0.3501587301587301, 0.5606349206349206, 0.5257936507936507, 0.7139682539682539, 0.7543650793650793, 0.5074603174603174, 0.5257936507936507, 0.9380952380952381]}