{"best_index": [1521, 1999, 1999, 466, 1999], "auroc": [0.5, 0.5, 0.5, 0.5, 0.5], "acc": [0.5, 0.5, 0.5, 0.5, 0.5], "aps": [0.5, 0.5, 0.5, 0.5, 0.5], "f1": [0.6666666666666666, 0.6666666666666666, 0.6666666666666666, 0.0, 0.0], "auprc": [0.75, 0.75, 0.75, 0.75, 0.75]}