{"best_index": [1713, 879, 0, 219, 184], "auroc": [0.5, 0.45652173913043476, 0.5, 0.5330812854442344, 0.5], "acc": [0.5, 0.45652173913043476, 0.5, 0.5, 0.5], "aps": [0.5, 0.48550724637681164, 0.5, 0.5161360167931859, 0.5], "f1": [0.6666666666666666, 0.13793103448275862, 0.6666666666666666, 0.6666666666666666, 0.6666666666666666], "auprc": [0.75, 0.4384057971014492, 0.75, 0.632183480690476, 0.75]}