{"best_index": [0, 293, 1965, 158, 240], "auroc": [0.40532544378698226, 0.40532544378698226, 0.47633136094674555, 0.41420118343195267, 0.47928994082840237], "acc": [0.38461538461538464, 0.38461538461538464, 0.38461538461538464, 0.38461538461538464, 0.38461538461538464], "aps": [0.4618881118881119, 0.4618881118881119, 0.5538941450706156, 0.46029137529137526, 0.5667146578911285], "f1": [0.5555555555555555, 0.5555555555555555, 0.5555555555555555, 0.5555555555555555, 0.5555555555555555], "auprc": [0.6437486426616861, 0.6437486426616861, 0.5452848013245416, 0.6675732238775718, 0.5709258269655673]}