{"best_index": [1999, 117, 99, 0, 109], "auroc": [0.49112426035502954, 0.4437869822485207, 0.4911242603550296, 0.41420118343195267, 0.4763313609467455], "acc": [0.38461538461538464, 0.38461538461538464, 0.38461538461538464, 0.38461538461538464, 0.4230769230769231], "aps": [0.5137868993751347, 0.4769413919413919, 0.586252769352317, 0.46029137529137526, 0.5206239537235012], "f1": [0.5555555555555555, 0.5555555555555555, 0.5555555555555555, 0.5555555555555555, 0.5714285714285714], "auprc": [0.6731671397656052, 0.6758982322025802, 0.5627800281341497, 0.6675732238775718, 0.5774015177556393]}