{"best_index": [1999, 1757, 1797, 1589, 1999], "auroc": [0.38461538461538464, 0.40532544378698226, 0.40532544378698226, 0.41420118343195267, 0.47337278106508873], "acc": [0.38461538461538464, 0.38461538461538464, 0.38461538461538464, 0.38461538461538464, 0.38461538461538464], "aps": [0.4498327759197324, 0.4618881118881119, 0.4618881118881119, 0.46029137529137526, 0.5850479912244617], "f1": [0.5555555555555555, 0.5555555555555555, 0.5555555555555555, 0.5555555555555555, 0.5555555555555555], "auprc": [0.6596989966555183, 0.6437486426616861, 0.6437486426616861, 0.6675732238775718, 0.5622386891312723]}