{"auroc": [0.46114285714285713, 0.5125714285714286, 0.4737142857142857, 0.4245714285714286, 0.46571428571428564, 0.43714285714285717, 0.5422857142857143, 0.35600000000000004, 0.4565714285714286, 0.40285714285714286], "acc": [0.4166666666666667, 0.4166666666666667, 0.4166666666666667, 0.4166666666666667, 0.4166666666666667, 0.4166666666666667, 0.4166666666666667, 0.4166666666666667, 0.4166666666666667, 0.4166666666666667], "aps": [0.5805306331760375, 0.5911942124420155, 0.6235757189577391, 0.5368949598392496, 0.5884516454165017, 0.5289582396053573, 0.6839440232016416, 0.4885519803529284, 0.5397003765748991, 0.5171796192205671], "f1": [0.0, 0.0, 0.0, 0.0, 0.0, 0.0, 0.0, 0.0, 0.0, 0.0], "auprc": [0.5683369562920187, 0.5741570432328122, 0.6127853122776558, 0.5176583785757163, 0.5789938102409485, 0.5126816010824409, 0.6784576221670748, 0.475624414324413, 0.5239662294525255, 0.5030149763487726]}