{"auroc": [0.7091428571428571, 0.6257142857142858, 0.6062857142857143, 0.6965714285714285, 0.5754285714285714], "acc": [0.5833333333333334, 0.5833333333333334, 0.5833333333333334, 0.5833333333333334, 0.4166666666666667], "aps": [0.7469083872990144, 0.7016427849337913, 0.6779570361434706, 0.7384342497612834, 0.6930022129894761], "f1": [0.7368421052631579, 0.7368421052631579, 0.7368421052631579, 0.7368421052631579, 0.0], "auprc": [0.7393876810907171, 0.6951517399586781, 0.6711972988644244, 0.7285417486953994, 0.6885293546585132]}