{"enet": [{"auroc": [0.49704142011834324, 0.5266272189349113, 0.5207100591715976, 0.49112426035502965, 0.49704142011834324], "acc": [0.4230769230769231, 0.4230769230769231, 0.4230769230769231, 0.4230769230769231, 0.4230769230769231], "aps": [0.5609425403656173, 0.6044168197094619, 0.6014864167790588, 0.5623795648795649, 0.5609425403656173], "f1": [0.5714285714285714, 0.5714285714285714, 0.5714285714285714, 0.5714285714285714, 0.5714285714285714], "auprc": [0.5367097842754442, 0.5816429308390256, 0.5786984394329957, 0.5383158704969151, 0.5367097842754442]}]}