{"enet": [{"auroc": [0.929270680372002, 0.9370207211616903, 0.9370207211616903, 0.9078968836678089, 0.9370207211616903, 0.9370207211616903, 0.929270680372002, 0.9370207211616903, 0.9370207211616903, 0.9239680208843204], "acc": [0.900355871886121, 0.9145907473309609, 0.9145907473309609, 0.9074733096085409, 0.9145907473309609, 0.9145907473309609, 0.900355871886121, 0.9145907473309609, 0.9145907473309609, 0.8754448398576512], "aps": [0.9715980298975702, 0.9800881472375697, 0.9800881472375697, 0.9734279038614354, 0.9800881472375697, 0.9800881472375697, 0.9715980298975702, 0.9800881472375697, 0.9800881472375697, 0.9718598012453304], "f1": [0.9363636363636363, 0.946188340807175, 0.946188340807175, 0.9427312775330396, 0.946188340807175, 0.946188340807175, 0.9363636363636363, 0.946188340807175, 0.946188340807175, 0.9202733485193622], "auprc": [0.9801670434718266, 0.9800193387096556, 0.9800193387096556, 0.9733500318155398, 0.9800193387096556, 0.9800193387096556, 0.9801670434718266, 0.9800193387096556, 0.9800193387096556, 0.9717030184539265]}]}