{"enet": [{"auroc": [0.8089410996899984, 0.8514439549681841, 0.8572360907162668, 0.8632729645945504, 0.7309512155327134, 0.8572360907162668, 0.8572360907162668, 0.8414912710066894, 0.8564202969489313, 0.8564202969489313], "acc": [0.8256227758007118, 0.7935943060498221, 0.8185053380782918, 0.8469750889679716, 0.797153024911032, 0.8185053380782918, 0.8185053380782918, 0.7722419928825622, 0.8327402135231317, 0.8327402135231317], "aps": [0.9302545363708491, 0.9619011362618041, 0.9638199442095738, 0.9651364797102231, 0.8909663504214372, 0.9638199442095738, 0.9638199442095738, 0.9560332770713388, 0.9631659644599531, 0.9631659644599531], "f1": [0.8898876404494381, 0.8693693693693694, 0.8879120879120879, 0.9079229122055674, 0.871331828442438, 0.8879120879120879, 0.8879120879120879, 0.8532110091743119, 0.8980477223427332, 0.8980477223427332], "auprc": [0.9489218070749618, 0.9618056790760414, 0.9637311948535201, 0.9650505631276295, 0.9348525041307454, 0.9637311948535201, 0.9637311948535201, 0.9580925051976961, 0.9630741845260212, 0.9630741845260212]}]}