{"enet": [{"auroc": [0.8596834720182738, 0.8497307880567792, 0.8440610213737969, 0.907488986784141, 0.907488986784141, 0.907488986784141, 0.907488986784141, 0.9099363680861479, 0.8774677761461903, 0.8497307880567792], "acc": [0.8113879003558719, 0.797153024911032, 0.800711743772242, 0.8505338078291815, 0.8505338078291815, 0.8505338078291815, 0.8505338078291815, 0.8576512455516014, 0.8149466192170819, 0.797153024911032], "aps": [0.9483264636858085, 0.9540440302968176, 0.9471505402998898, 0.968505430081505, 0.968505430081505, 0.968505430081505, 0.968505430081505, 0.9702260470391153, 0.9572795769980876, 0.9540440302968176], "f1": [0.8752941176470589, 0.8665105386416861, 0.8672985781990522, 0.905829596412556, 0.905829596412556, 0.905829596412556, 0.905829596412556, 0.9099099099099099, 0.8773584905660378, 0.8665105386416861], "auprc": [0.9630715424888995, 0.9538765153507412, 0.9577431622285026, 0.9682973681942091, 0.9682973681942091, 0.9682973681942091, 0.9682973681942091, 0.9700651477723803, 0.9569635863315951, 0.9538765153507412]}]}