{"enet": [{"auroc": [0.9295154185022027, 0.9238048621308533, 0.9238048621308533, 0.9238048621308533, 0.9238048621308533, 0.9238048621308533, 0.9238048621308533, 0.9238048621308533, 0.9238048621308533, 0.9238048621308533], "acc": [0.8790035587188612, 0.8825622775800712, 0.8825622775800712, 0.8825622775800712, 0.8825622775800712, 0.8825622775800712, 0.8825622775800712, 0.8825622775800712, 0.8825622775800712, 0.8825622775800712], "aps": [0.9820889807516797, 0.9808519576960479, 0.9808519576960479, 0.9808519576960479, 0.9808519576960479, 0.9808519576960479, 0.9808519576960479, 0.9808519576960479, 0.9808519576960479, 0.9808519576960479], "f1": [0.923076923076923, 0.9261744966442953, 0.9261744966442953, 0.9261744966442953, 0.9261744966442953, 0.9261744966442953, 0.9261744966442953, 0.9261744966442953, 0.9261744966442953, 0.9261744966442953], "auprc": [0.9820449786021892, 0.9808049470206508, 0.9808049470206508, 0.9808049470206508, 0.9808049470206508, 0.9808049470206508, 0.9808049470206508, 0.9808049470206508, 0.9808049470206508, 0.9808049470206508]}]}