{"auroc": [0.7968673519334313, 0.6359112416381139, 0.6763746124979606, 0.6585087289933105, 0.6622613803230544, 0.5765214553760808, 0.574645129711209, 0.6247348670256159, 0.6762930331212269, 0.6784956762930332], "acc": [0.8078291814946619, 0.19217081850533807, 0.8078291814946619, 0.19217081850533807, 0.8078291814946619, 0.19217081850533807, 0.8078291814946619, 0.8078291814946619, 0.8078291814946619, 0.8078291814946619], "aps": [0.9310563011613121, 0.8858277978989033, 0.888871942487981, 0.8850519477072945, 0.8818837626677413, 0.8396866930746676, 0.8523680646368571, 0.8734199267925933, 0.888421029524095, 0.8918241310170012], "f1": [0.8937007874015748, 0.0, 0.8937007874015748, 0.0, 0.8937007874015748, 0.0, 0.8937007874015748, 0.8937007874015748, 0.8937007874015748, 0.8937007874015748], "auprc": [0.9307016385241349, 0.8853202554072785, 0.8882497228353727, 0.8844648294177602, 0.8810348982206991, 0.8376688533568479, 0.8512372369167227, 0.8728820992091381, 0.887671497361728, 0.8911372074528673]}