{"enet": [{"auroc": [0.8873388807309511, 0.8873388807309511, 0.8873388807309511, 0.8873388807309511, 0.8873388807309511, 0.8873388807309511, 0.8873388807309511, 0.880486213085332, 0.8873388807309511, 0.8873388807309511], "acc": [0.8469750889679716, 0.8469750889679716, 0.8469750889679716, 0.8469750889679716, 0.8469750889679716, 0.8469750889679716, 0.8469750889679716, 0.8291814946619217, 0.8469750889679716, 0.8469750889679716], "aps": [0.9674566815967454, 0.9674566815967454, 0.9674566815967454, 0.9674566815967454, 0.9674566815967454, 0.9674566815967454, 0.9674566815967454, 0.9672447363636463, 0.9674566815967454, 0.9674566815967454], "f1": [0.9046563192904656, 0.9046563192904656, 0.9046563192904656, 0.9046563192904656, 0.9046563192904656, 0.9046563192904656, 0.9046563192904656, 0.890909090909091, 0.9046563192904656, 0.9046563192904656], "auprc": [0.9673570501803205, 0.9673570501803205, 0.9673570501803205, 0.9673570501803205, 0.9673570501803205, 0.9673570501803205, 0.9673570501803205, 0.9671544001393511, 0.9673570501803205, 0.9673570501803205]}]}