{"auroc": [0.6210637950726057, 0.9261706640561267, 0.8565018763256649, 0.9252732909120575, 0.7517947462881382, 0.9268232990699952, 0.580029368575624, 0.9251917115353239, 0.758932941752325, 0.519171153532387], "acc": [0.8078291814946619, 0.8505338078291815, 0.8078291814946619, 0.8683274021352313, 0.7046263345195729, 0.8790035587188612, 0.8078291814946619, 0.8718861209964412, 0.8078291814946619, 0.8078291814946619], "aps": [0.880244534855041, 0.9827473126855168, 0.9630750678880151, 0.9818841732166154, 0.924299419953028, 0.9829188781586082, 0.8643427091944649, 0.982836872256422, 0.9330827712492366, 0.8139968994750859], "f1": [0.8937007874015748, 0.9023255813953489, 0.8937007874015748, 0.9179600886917959, 0.7990314769975787, 0.9264069264069265, 0.8937007874015748, 0.9189189189189189, 0.8937007874015748, 0.8937007874015748], "auprc": [0.8797041513147392, 0.9827090790161307, 0.9629813527273079, 0.9818421799947594, 0.9240404577853591, 0.9828811957651457, 0.8637399445573543, 0.9827994395162193, 0.932881990257211, 0.812411395759168]}