{"enet": [{"auroc": [0.7584434654919235, 0.7693751019742209, 0.7706803720019579, 0.764154021863273, 0.7706803720019579, 0.7693751019742209, 0.7287485723609072, 0.7693751019742209, 0.7693751019742209, 0.7409038994942079], "acc": [0.7544483985765125, 0.8149466192170819, 0.797153024911032, 0.7722419928825622, 0.797153024911032, 0.8149466192170819, 0.7402135231316725, 0.8149466192170819, 0.8149466192170819, 0.7437722419928826], "aps": [0.9272089887219368, 0.9297036311034186, 0.929419839292369, 0.9281148444466021, 0.929419839292369, 0.9297036311034186, 0.9005688631970901, 0.9297036311034186, 0.9297036311034186, 0.9231179651529111], "f1": [0.8413793103448276, 0.888412017167382, 0.8719101123595505, 0.8571428571428573, 0.8719101123595505, 0.888412017167382, 0.8321839080459771, 0.888412017167382, 0.888412017167382, 0.8348623853211009], "auprc": [0.9268943981764807, 0.9293988507301574, 0.9291265245089033, 0.9278325258544559, 0.9291265245089033, 0.9293988507301574, 0.9246894470495208, 0.9293988507301574, 0.9293988507301574, 0.9250710304862676]}]}