{"enet": [{"auroc": [0.8833414912710066, 0.8835862294012075, 0.893702072116169, 0.8682493065752976, 0.8804862130853319, 0.8835862294012075, 0.8532387012563224, 0.8804862130853319, 0.8804862130853319, 0.893702072116169], "acc": [0.8647686832740213, 0.8612099644128114, 0.8434163701067615, 0.8540925266903915, 0.8398576512455516, 0.8612099644128114, 0.800711743772242, 0.8398576512455516, 0.8398576512455516, 0.8434163701067615], "aps": [0.9688488422189635, 0.9678343413651238, 0.9705383360868209, 0.9656473268155562, 0.9676018884549865, 0.9678343413651238, 0.9466551763125824, 0.9676018884549865, 0.9676018884549865, 0.9705383360868209], "f1": [0.9155555555555555, 0.9111617312072893, 0.8986175115207373, 0.9094922737306844, 0.8979591836734693, 0.9111617312072893, 0.8660287081339713, 0.8979591836734693, 0.8979591836734693, 0.8986175115207373], "auprc": [0.9687651991048771, 0.9677435137962584, 0.9704552144671488, 0.9655588010412813, 0.9675139192082173, 0.9677435137962584, 0.9592536424651966, 0.9675139192082173, 0.9675139192082173, 0.9704552144671488]}]}