{"enet": [{"auroc": [0.8390438897046827, 0.8806493718387991, 0.8902757382933595, 0.8906836351770273, 0.8806493718387991, 0.8806493718387991, 0.8806493718387991, 0.8906836351770273, 0.8902757382933595, 0.8806493718387991], "acc": [0.8505338078291815, 0.8576512455516014, 0.8683274021352313, 0.8576512455516014, 0.8576512455516014, 0.8576512455516014, 0.8576512455516014, 0.8576512455516014, 0.8683274021352313, 0.8576512455516014], "aps": [0.9330581615554253, 0.9585666867824992, 0.9687231450785591, 0.9657881077984081, 0.9585666867824992, 0.9585666867824992, 0.9585666867824992, 0.9657881077984081, 0.9687231450785591, 0.9585666867824992], "f1": [0.9041095890410958, 0.9107142857142856, 0.9186813186813186, 0.9099099099099099, 0.9107142857142856, 0.9107142857142856, 0.9107142857142856, 0.9099099099099099, 0.9186813186813186, 0.9107142857142856], "auprc": [0.960018918099433, 0.9583568465365417, 0.9686307806119592, 0.9656581291238527, 0.9583568465365417, 0.9583568465365417, 0.9583568465365417, 0.9656581291238527, 0.9686307806119592, 0.9583568465365417]}]}