{"auroc": [0.5805188448360256, 0.7033773861967694, 0.6839614945341816, 0.6048294991026268, 0.6916299559471365, 0.7686408875836188, 0.598099200522108, 0.6031979115679557, 0.5677924620655898, 0.6000571055637135], "acc": [0.8078291814946619, 0.8078291814946619, 0.8078291814946619, 0.19217081850533807, 0.8078291814946619, 0.8078291814946619, 0.8078291814946619, 0.8078291814946619, 0.8078291814946619, 0.8078291814946619], "aps": [0.8392943086997358, 0.900577493804352, 0.8805764379392542, 0.8684263174786855, 0.8937621916850587, 0.9217070355688524, 0.8405288737238328, 0.8539298568141701, 0.8418863239054947, 0.8388334320881755], "f1": [0.8937007874015748, 0.8937007874015748, 0.8937007874015748, 0.0, 0.8937007874015748, 0.8937007874015748, 0.8937007874015748, 0.8937007874015748, 0.8937007874015748, 0.8937007874015748], "auprc": [0.8381646953391502, 0.9000938006153599, 0.8796120148979053, 0.867715219741787, 0.8931397733995872, 0.9212868551959712, 0.8393704894003395, 0.8526693416128335, 0.8401824655521114, 0.8372686580575948]}