{"enet": [{"auroc": [0.8312122695382608, 0.9107521618534834, 0.9126284875183555, 0.9286180453581334, 0.8852178169358785, 0.8852178169358785, 0.9107521618534834, 0.9020231685429924, 0.9020231685429924, 0.9020231685429924], "acc": [0.8042704626334519, 0.8612099644128114, 0.8647686832740213, 0.8825622775800712, 0.8469750889679716, 0.8469750889679716, 0.8612099644128114, 0.8505338078291815, 0.8505338078291815, 0.8647686832740213], "aps": [0.9292443920113342, 0.977698933009768, 0.9753802166552488, 0.9821336895794706, 0.9689645282874498, 0.9689645282874498, 0.977698933009768, 0.9722215376789657, 0.9722215376789657, 0.9711066663557699], "f1": [0.8705882352941177, 0.9139072847682119, 0.9128440366972477, 0.9265033407572383, 0.9054945054945055, 0.9054945054945055, 0.9139072847682119, 0.9023255813953489, 0.9023255813953489, 0.9128440366972477], "auprc": [0.9566683229004155, 0.9776453709320654, 0.9753102603070463, 0.9820905596372289, 0.9688798256604924, 0.9688798256604924, 0.9776453709320654, 0.9721412409879739, 0.9721412409879739, 0.9710179929325193]}]}