{"enet": [{"auroc": [0.8660466634034917, 0.8197095774188284, 0.8340267580355687, 0.8481399902104748, 0.8581742535487029, 0.8481399902104748, 0.8587860988742045, 0.8503426333822809, 0.8581742535487029, 0.8455702398433677], "acc": [0.8576512455516014, 0.7437722419928826, 0.8149466192170819, 0.8291814946619217, 0.8327402135231317, 0.8291814946619217, 0.8113879003558719, 0.8505338078291815, 0.8327402135231317, 0.8327402135231317], "aps": [0.9482536780134484, 0.9328099356316192, 0.9329461828343824, 0.9373140527626246, 0.9429638162644367, 0.9373140527626246, 0.9445916022422602, 0.9400635413503349, 0.9429638162644367, 0.9368637389486115], "f1": [0.9090909090909091, 0.8277511961722488, 0.8779342723004695, 0.8878504672897196, 0.890951276102088, 0.8878504672897196, 0.8741092636579574, 0.9036697247706422, 0.890951276102088, 0.8924485125858124], "auprc": [0.9478371626639285, 0.9452166924600305, 0.9556459642192263, 0.9609003303148753, 0.9575159062470683, 0.9609003303148753, 0.961317924700575, 0.963154198338928, 0.9575159062470683, 0.957566703238409]}]}