{"auroc": [0.8147332354380812, 0.7021129058573992, 0.6364007178985153, 0.9047968673519334, 0.6017294827867515, 0.6211045847609724, 0.5526186979931472, 0.6266927720672214, 0.8402267906673192, 0.9273127753303965], "acc": [0.8078291814946619, 0.8078291814946619, 0.8078291814946619, 0.8078291814946619, 0.8078291814946619, 0.8078291814946619, 0.8078291814946619, 0.8113879003558719, 0.8078291814946619, 0.8469750889679716], "aps": [0.9495907445547709, 0.9134330235710906, 0.8936297682709416, 0.974507790586324, 0.8485186262063523, 0.8882478278546341, 0.8330538064833906, 0.8711166838669645, 0.9585146897041381, 0.9808257678954284], "f1": [0.8937007874015748, 0.8937007874015748, 0.8937007874015748, 0.8937007874015748, 0.8937007874015748, 0.8937007874015748, 0.8937007874015748, 0.8954635108481263, 0.8937007874015748, 0.9127789046653144], "auprc": [0.9494422767226687, 0.9131733177108726, 0.8932856416878556, 0.9744367580835376, 0.8455233518348342, 0.8878881376425817, 0.8319253037441712, 0.8704863232930042, 0.9584247851193104, 0.9807720829119936]}