{"enet": [{"auroc": [0.7506118453255017, 0.7922173274596183, 0.7751672377223038, 0.7506118453255017, 0.7506118453255017, 0.7521618534834393, 0.814039810735846, 0.7922173274596183, 0.7408223201174744, 0.8154674498286832], "acc": [0.7615658362989324, 0.7829181494661922, 0.7580071174377224, 0.7615658362989324, 0.7615658362989324, 0.7330960854092526, 0.7829181494661922, 0.7829181494661922, 0.7188612099644128, 0.797153024911032], "aps": [0.8991284534024722, 0.916182117304815, 0.9099943208007168, 0.8991284534024722, 0.8991284534024722, 0.9018808606029932, 0.9324983998675198, 0.916182117304815, 0.9041647988962562, 0.9316627737761513], "f1": [0.8416075650118204, 0.8557919621749409, 0.8365384615384615, 0.8416075650118204, 0.8416075650118204, 0.8175182481751824, 0.8584686774941995, 0.8557919621749409, 0.8058968058968059, 0.8677494199535963], "auprc": [0.9360366022630292, 0.9471550351078776, 0.9414805987188504, 0.9360366022630292, 0.9360366022630292, 0.9318285695392357, 0.9470133576442787, 0.9471550351078776, 0.9283705300810342, 0.9482516274540236]}]}