{"enet": [{"auroc": [0.856093979441997, 0.8694729972263012, 0.8551150269211943, 0.8551150269211943, 0.8168950889215206, 0.8153042910752162, 0.8640071789851526, 0.8670256159242943, 0.8168542992331538, 0.8153042910752162], "acc": [0.8362989323843416, 0.8398576512455516, 0.8078291814946619, 0.8078291814946619, 0.7793594306049823, 0.7722419928825622, 0.8362989323843416, 0.8291814946619217, 0.8185053380782918, 0.7722419928825622], "aps": [0.9484764417745699, 0.9596406466765981, 0.9567231379960665, 0.9567231379960665, 0.9369144661724762, 0.9386427019578438, 0.9541230862009368, 0.9589377684934562, 0.9273660635584808, 0.9386427019578438], "f1": [0.8982300884955752, 0.898876404494382, 0.8732394366197184, 0.8732394366197184, 0.8544600938967136, 0.8490566037735847, 0.8982300884955752, 0.8883720930232558, 0.8816705336426913, 0.8490566037735847], "auprc": [0.9481742518220349, 0.9594930643608672, 0.9565767905827871, 0.9565767905827871, 0.949477903163138, 0.9448266443410632, 0.953904672515431, 0.9587886137153201, 0.9549747600399785, 0.9448266443410632]}]}