{"enet": [{"auroc": [0.8690651003426334, 0.8503834230706477, 0.8578887257301353, 0.8489965736661771, 0.8690651003426334, 0.8320280633055964, 0.8340267580355686, 0.8690651003426334, 0.8089410996899984, 0.8340267580355686], "acc": [0.8327402135231317, 0.800711743772242, 0.7935943060498221, 0.7686832740213523, 0.8327402135231317, 0.7402135231316725, 0.7758007117437722, 0.8327402135231317, 0.7829181494661922, 0.7758007117437722], "aps": [0.9513836971990176, 0.9456080754134367, 0.9554964916618172, 0.9490632538061607, 0.9513836971990176, 0.9380447932608865, 0.9350404883910329, 0.9513836971990176, 0.9223104742236469, 0.9350404883910329], "f1": [0.8924485125858124, 0.8685446009389671, 0.8612440191387559, 0.8418491484184916, 0.8924485125858124, 0.8179551122194514, 0.8481927710843374, 0.8924485125858124, 0.8544152744630072, 0.8481927710843374], "auprc": [0.9502208600871559, 0.9582178838992934, 0.9574869987532046, 0.948611190261261, 0.9502208600871559, 0.9547355906927366, 0.953689821518618, 0.9502208600871559, 0.9504486117989025, 0.953689821518618]}]}