{"enet": [{"auroc": [0.747022352749225, 0.7485723609071627, 0.7527329091205742, 0.747022352749225, 0.7527329091205742, 0.747022352749225, 0.6792298906836352, 0.7485723609071627, 0.7066813509544787, 0.758932941752325], "acc": [0.797153024911032, 0.8042704626334519, 0.7935943060498221, 0.797153024911032, 0.7935943060498221, 0.797153024911032, 0.7615658362989324, 0.8042704626334519, 0.7793594306049823, 0.8256227758007118], "aps": [0.921817061426525, 0.9190058930152243, 0.9226477243686171, 0.921817061426525, 0.9226477243686171, 0.921817061426525, 0.875688135413357, 0.9190058930152243, 0.8902718517395376, 0.9258720393108572], "f1": [0.876355748373102, 0.8817204301075269, 0.8728070175438597, 0.876355748373102, 0.8728070175438597, 0.876355748373102, 0.8487584650112866, 0.8817204301075269, 0.8616071428571428, 0.8989690721649484], "auprc": [0.9215346755922135, 0.9186904478922262, 0.9223623115747095, 0.9215346755922135, 0.9223623115747095, 0.9215346755922135, 0.9145440072138302, 0.9186904478922262, 0.9079345801078769, 0.9256041013286638]}]}