{"auroc": [0.6120084842551803, 0.6680127263827703, 0.6586718877467775, 0.621553271333007, 0.6253059226627509, 0.6178821993799968, 0.5370778267254037, 0.6851851851851851, 0.5799477891988905, 0.6948115516397455], "acc": [0.19217081850533807, 0.8078291814946619, 0.8078291814946619, 0.8078291814946619, 0.8078291814946619, 0.8078291814946619, 0.19217081850533807, 0.8078291814946619, 0.19217081850533807, 0.8078291814946619], "aps": [0.8681924881955512, 0.902234711400597, 0.8901796235675996, 0.8733117130013017, 0.8611708047591811, 0.8749837473452147, 0.8487682301511702, 0.8925596998039637, 0.8425452628975574, 0.9070192550104986], "f1": [0.0, 0.8937007874015748, 0.8937007874015748, 0.8937007874015748, 0.8937007874015748, 0.8937007874015748, 0.0, 0.8937007874015748, 0.0, 0.8937007874015748], "auprc": [0.8672204069827398, 0.9018315433327473, 0.8896948850427266, 0.8726075628835595, 0.8583633674588095, 0.8744115250271165, 0.8480901704392025, 0.8920870112850477, 0.8397631633118039, 0.9066915848763264]}