{"enet": [{"auroc": [0.8692282590961006, 0.9338391254690815, 0.9270680372001958, 0.9249469734051231, 0.9270680372001958, 0.9241311796377876, 0.9249469734051231, 0.904144232338065, 0.9270680372001958, 0.9169521944852341], "acc": [0.8113879003558719, 0.900355871886121, 0.8896797153024911, 0.8647686832740213, 0.8896797153024911, 0.896797153024911, 0.8647686832740213, 0.8256227758007118, 0.8896797153024911, 0.8434163701067615], "aps": [0.9480976964324472, 0.9806110294351088, 0.978985053342824, 0.979721413317673, 0.978985053342824, 0.9786851757954497, 0.979721413317673, 0.9723630744231642, 0.978985053342824, 0.9767893255217251], "f1": [0.8747044917257683, 0.9383259911894273, 0.9315673289183224, 0.9132420091324202, 0.9315673289183224, 0.9362637362637363, 0.9132420091324202, 0.8852459016393444, 0.9315673289183224, 0.8981481481481481], "auprc": [0.9648851904194515, 0.9805465979502596, 0.9789178554966904, 0.9796672330524201, 0.9789178554966904, 0.9786254609336501, 0.9796672330524201, 0.9722782813880352, 0.9789178554966904, 0.9767229709765233]}]}