{"enet": [{"auroc": [0.8277859357154511, 0.8277859357154511, 0.820362212432697, 0.8277859357154511, 0.820362212432697, 0.820362212432697, 0.820362212432697, 0.8277859357154511, 0.8277859357154511, 0.8277859357154511], "acc": [0.8576512455516014, 0.8576512455516014, 0.8291814946619217, 0.8576512455516014, 0.8291814946619217, 0.8291814946619217, 0.8291814946619217, 0.8576512455516014, 0.8576512455516014, 0.8576512455516014], "aps": [0.9422807595300703, 0.9422807595300703, 0.9301666656112701, 0.9422807595300703, 0.9301666656112701, 0.9301666656112701, 0.9301666656112701, 0.9422807595300703, 0.9422807595300703, 0.9422807595300703], "f1": [0.9145299145299145, 0.9145299145299145, 0.8938053097345133, 0.9145299145299145, 0.8938053097345133, 0.8938053097345133, 0.8938053097345133, 0.9145299145299145, 0.9145299145299145, 0.9145299145299145], "auprc": [0.9420216675684643, 0.9420216675684643, 0.9292486024413061, 0.9420216675684643, 0.9292486024413061, 0.9292486024413061, 0.9292486024413061, 0.9420216675684643, 0.9420216675684643, 0.9420216675684643]}]}