{"rf": [{"auroc": [0.9291075216185348], "acc": [0.8825622775800712], "aps": [0.9824486763830086], "f1": [0.9277899343544858], "auprc": [0.9825174413056464]}], "enet": [{"auroc": [0.9214390602055801], "acc": [0.8790035587188612], "aps": [0.9799170884188972], "f1": [0.9234234234234235], "auprc": [0.9798669615952476]}]}