{"enet": [{"auroc": [0.8076358296622613, 0.758565834557024, 0.791891009952684, 0.7602790014684288, 0.7815712187958883, 0.7815712187958883, 0.7815712187958883, 0.7567302985805189, 0.8076358296622613, 0.8020068526676457], "acc": [0.6761565836298933, 0.6583629893238434, 0.6583629893238434, 0.6120996441281139, 0.6476868327402135, 0.6476868327402135, 0.6476868327402135, 0.6512455516014235, 0.6761565836298933, 0.6298932384341637], "aps": [0.944107675199355, 0.9125925518198743, 0.9329251421816, 0.91143136140729, 0.9271436998776077, 0.9271436998776077, 0.9271436998776077, 0.9120991518519159, 0.944107675199355, 0.9350443261613173], "f1": [0.762402088772846, 0.7446808510638299, 0.7419354838709676, 0.7046070460704608, 0.7345844504021448, 0.7345844504021448, 0.7345844504021448, 0.7351351351351351, 0.762402088772846, 0.7111111111111112], "auprc": [0.9439167643719262, 0.9350939944054705, 0.9391205092134411, 0.9312714156116868, 0.9375219045118979, 0.9375219045118979, 0.9375219045118979, 0.9364369748052048, 0.9439167643719262, 0.9455228841270342]}]}