{"enet": [{"auroc": [0.742372328275412, 0.793930494371023, 0.7369880894109969, 0.7612171643008648, 0.7642356012400066, 0.7642356012400066, 0.7561184532550171, 0.7931147006036874, 0.7692119432207538, 0.7931147006036874], "acc": [0.7864768683274022, 0.7188612099644128, 0.7188612099644128, 0.8078291814946619, 0.7295373665480427, 0.7295373665480427, 0.7473309608540926, 0.8042704626334519, 0.7402135231316725, 0.8042704626334519], "aps": [0.89620734183513, 0.9343459659002981, 0.8968732662406842, 0.9258143035104158, 0.9159308321323077, 0.9159308321323077, 0.9013904557516992, 0.931933204063642, 0.9129906294126495, 0.931933204063642], "f1": [0.8623853211009174, 0.8096385542168675, 0.8077858880778588, 0.8860759493670887, 0.8173076923076923, 0.8173076923076923, 0.8289156626506025, 0.8791208791208791, 0.8249400479616307, 0.8791208791208791], "auprc": [0.9369201498656288, 0.9361086124454264, 0.9286890302575812, 0.9255008989509783, 0.9343758981064619, 0.9343758981064619, 0.9370742804260288, 0.9314891587837448, 0.9374006322023226, 0.9314891587837448]}]}