{"auroc": [0.7389459944526025, 0.5152145537608093, 0.5066487192037853, 0.5917767988252569, 0.7022352749224997, 0.6144558655571871, 0.6111111111111112, 0.6516968510360582, 0.6177190406265296, 0.6217980094632076], "acc": [0.19217081850533807, 0.8078291814946619, 0.19217081850533807, 0.8078291814946619, 0.19217081850533807, 0.8078291814946619, 0.8078291814946619, 0.8078291814946619, 0.8078291814946619, 0.19217081850533807], "aps": [0.9289413941606635, 0.797956558896469, 0.8288401478024651, 0.8820064710213307, 0.9181308994265482, 0.8911307833691605, 0.878958541208763, 0.9000249649792944, 0.88893572786268, 0.8833551561207088], "f1": [0.0, 0.8937007874015748, 0.0, 0.8937007874015748, 0.0, 0.8937007874015748, 0.8937007874015748, 0.8937007874015748, 0.8937007874015748, 0.0], "auprc": [0.9287394323678033, 0.7945286192311221, 0.8274039895332357, 0.8816414980767525, 0.9178992384631555, 0.8907946095411703, 0.8785051127463606, 0.8997044067050739, 0.8885099761681221, 0.8828477611119286]}