{"auroc": [0.8669440365475607, 0.7970305106868983, 0.5578805677924621, 0.7003997389459945, 0.5279001468428781, 0.5739924946973405, 0.47707619513786914, 0.5582884646761299, 0.5732582803067384, 0.6632403328438571], "acc": [0.8469750889679716, 0.8078291814946619, 0.8078291814946619, 0.8078291814946619, 0.8078291814946619, 0.8078291814946619, 0.8078291814946619, 0.8078291814946619, 0.8078291814946619, 0.8078291814946619], "aps": [0.9381429975144746, 0.9353455504173664, 0.8535766875094812, 0.9150373094665325, 0.843390081831787, 0.8526293899936468, 0.8166257984080612, 0.843468299110678, 0.8587781261735868, 0.875614707587467], "f1": [0.9106029106029105, 0.8937007874015748, 0.8937007874015748, 0.8937007874015748, 0.8937007874015748, 0.8937007874015748, 0.8937007874015748, 0.8937007874015748, 0.8937007874015748, 0.8937007874015748], "auprc": [0.935569145925006, 0.9350601251606045, 0.8529842741574658, 0.9147909273193016, 0.8427046215414964, 0.8518168399953274, 0.8157515559676973, 0.8425007157512843, 0.858202010640341, 0.8745263245256412]}