{"enet": [{"auroc": [0.8396965247185512, 0.8514439549681841, 0.8528308043726546, 0.8396965247185512, 0.8468755098711046, 0.8514439549681841, 0.8514439549681841, 0.8514439549681841, 0.8396965247185512, 0.8514439549681841], "acc": [0.8647686832740213, 0.8576512455516014, 0.8647686832740213, 0.8647686832740213, 0.8434163701067615, 0.8576512455516014, 0.8576512455516014, 0.8576512455516014, 0.8647686832740213, 0.8576512455516014], "aps": [0.9489986697090026, 0.9543338282961802, 0.955714173511276, 0.9489986697090026, 0.9528115027153915, 0.9543338282961802, 0.9543338282961802, 0.9543338282961802, 0.9489986697090026, 0.9543338282961802], "f1": [0.9166666666666667, 0.9130434782608694, 0.917391304347826, 0.9166666666666667, 0.9022222222222223, 0.9130434782608694, 0.9130434782608694, 0.9130434782608694, 0.9166666666666667, 0.9130434782608694], "auprc": [0.9488214401593796, 0.9541809092520404, 0.955575894271373, 0.9488214401593796, 0.9526547072076128, 0.9541809092520404, 0.9541809092520404, 0.9541809092520404, 0.9488214401593796, 0.9541809092520404]}]}