{"enet": [{"auroc": [0.8050252896067873, 0.8653940283896231, 0.8627019089574156, 0.8776309348996574, 0.8671887746777615, 0.8671887746777615, 0.8653940283896231, 0.8671887746777615, 0.8627019089574156, 0.8671887746777615], "acc": [0.8220640569395018, 0.8540925266903915, 0.8362989323843416, 0.8434163701067615, 0.8576512455516014, 0.8576512455516014, 0.8540925266903915, 0.8576512455516014, 0.8362989323843416, 0.8576512455516014], "aps": [0.9245485496217092, 0.9602253660843966, 0.9601297548252724, 0.9636451179964458, 0.9601908762681318, 0.9601908762681318, 0.9602253660843966, 0.9601908762681318, 0.9601297548252724, 0.9601908762681318], "f1": [0.8868778280542987, 0.9082774049217002, 0.8954545454545454, 0.9026548672566371, 0.9111111111111112, 0.9111111111111112, 0.9082774049217002, 0.9111111111111112, 0.8954545454545454, 0.9111111111111112], "auprc": [0.9491895276291562, 0.960098027871577, 0.9600074167480055, 0.9634951581900376, 0.9600358316723361, 0.9600358316723361, 0.960098027871577, 0.9600358316723361, 0.9600074167480055, 0.9600358316723361]}]}