{"enet": [{"auroc": [0.903940283896231, 0.9410181106216349, 0.9403654756077663, 0.8965573503018437, 0.9410181106216349, 0.9307391091532061, 0.8965573503018437, 0.8965573503018437, 0.9403654756077663, 0.9410181106216349], "acc": [0.8932384341637011, 0.8825622775800712, 0.8683274021352313, 0.8469750889679716, 0.8825622775800712, 0.8754448398576512, 0.8469750889679716, 0.8469750889679716, 0.8683274021352313, 0.8825622775800712], "aps": [0.9607516061828927, 0.9852984337774977, 0.9853826061983297, 0.9726557201126682, 0.9852984337774977, 0.9822871937677835, 0.9726557201126682, 0.9726557201126682, 0.9853826061983297, 0.9852984337774977], "f1": [0.9327354260089686, 0.9258426966292136, 0.9179600886917959, 0.9024943310657596, 0.9258426966292136, 0.9217002237136465, 0.9024943310657596, 0.9024943310657596, 0.9179600886917959, 0.9258426966292136], "auprc": [0.975609881738255, 0.9852631054977017, 0.9853482760063933, 0.9725815001264801, 0.9852631054977017, 0.9822424492893862, 0.9725815001264801, 0.9725815001264801, 0.9853482760063933, 0.9852631054977017]}]}