{"enet": [{"auroc": [0.7989068363517703, 0.8215043237069668, 0.7726382770435634, 0.8215043237069668, 0.8215043237069668, 0.800456844509708, 0.800456844509708, 0.7989068363517703, 0.7989068363517703, 0.8117147984989395], "acc": [0.7544483985765125, 0.7508896797153025, 0.7473309608540926, 0.7508896797153025, 0.7508896797153025, 0.8078291814946619, 0.8078291814946619, 0.7544483985765125, 0.7544483985765125, 0.7900355871886121], "aps": [0.9246513480013558, 0.9315609859252187, 0.9120017550397164, 0.9315609859252187, 0.9315609859252187, 0.9267284205011063, 0.9267284205011063, 0.9246513480013558, 0.9246513480013558, 0.9364271175360619], "f1": [0.8353221957040572, 0.8275862068965517, 0.8272506082725062, 0.8275862068965517, 0.8275862068965517, 0.8755760368663594, 0.8755760368663594, 0.8353221957040572, 0.8353221957040572, 0.8631090487238979], "auprc": [0.9431465960117384, 0.9480572884652592, 0.9383264214762994, 0.9480572884652592, 0.9480572884652592, 0.9261587066673693, 0.9261587066673693, 0.9431465960117384, 0.9431465960117384, 0.9360914204212181]}]}