{"auroc": [0.7421275901452113, 0.5983847283406755, 0.8253385544134442, 0.8039647577092511, 0.6652390275738294, 0.5540871267743515, 0.8534018600097896, 0.48784467286669925, 0.6941589166258769, 0.8718387991515745], "acc": [0.8078291814946619, 0.8078291814946619, 0.8078291814946619, 0.8078291814946619, 0.8078291814946619, 0.8078291814946619, 0.8647686832740213, 0.8078291814946619, 0.8078291814946619, 0.8078291814946619], "aps": [0.9150217640996043, 0.8707157949197899, 0.9460384539706024, 0.9302977794423621, 0.8703873624915731, 0.8414875916328537, 0.9429253981087624, 0.8209507844283719, 0.8707953118015324, 0.9596671447039031], "f1": [0.8937007874015748, 0.8937007874015748, 0.8937007874015748, 0.8937007874015748, 0.8937007874015748, 0.8937007874015748, 0.9177489177489176, 0.8937007874015748, 0.8937007874015748, 0.8937007874015748], "auprc": [0.9143539719818737, 0.8701059839743985, 0.9458284837302529, 0.9279698229921829, 0.8687561392914992, 0.8402027972436161, 0.9406338941771858, 0.8198101183689299, 0.8678289467994708, 0.9594559960439399]}