{"enet": [{"auroc": [0.7349486049926579, 0.7349486049926579, 0.6378691466797193, 0.7378446728666993, 0.7378446728666993, 0.7349486049926579, 0.7378446728666993, 0.7430249632892805, 0.7400065263501387, 0.7349486049926579], "acc": [0.7651245551601423, 0.7651245551601423, 0.6903914590747331, 0.7722419928825622, 0.7722419928825622, 0.7651245551601423, 0.7722419928825622, 0.8078291814946619, 0.8185053380782918, 0.7651245551601423], "aps": [0.8893049094863865, 0.8893049094863865, 0.8553284433407131, 0.8962263316940315, 0.8962263316940315, 0.8893049094863865, 0.8962263316940315, 0.8925587208651624, 0.8936614311323858, 0.8893049094863865], "f1": [0.8472222222222222, 0.8472222222222222, 0.7943262411347517, 0.8545454545454545, 0.8545454545454545, 0.8472222222222222, 0.8545454545454545, 0.8794642857142857, 0.8879120879120879, 0.8472222222222222], "auprc": [0.9244956577627716, 0.9244956577627716, 0.9063007770388712, 0.9260435703295824, 0.9260435703295824, 0.9244956577627716, 0.9260435703295824, 0.9378145642475071, 0.9231820543564881, 0.9244956577627716]}]}