{"enet": [{"auroc": [0.8338228095937347, 0.8464676129874368, 0.8404307391091532, 0.8464676129874368, 0.7768396149453417, 0.8404307391091532, 0.8358622940120737, 0.8404307391091532, 0.8338228095937347, 0.8358622940120737], "acc": [0.8362989323843416, 0.8540925266903915, 0.8469750889679716, 0.8540925266903915, 0.7508896797153025, 0.8469750889679716, 0.8362989323843416, 0.8469750889679716, 0.8362989323843416, 0.8362989323843416], "aps": [0.9474564826227286, 0.9519290022089126, 0.9499199314741342, 0.9519290022089126, 0.9158969649723652, 0.9499199314741342, 0.9467453586041781, 0.9499199314741342, 0.9474564826227286, 0.9467453586041781], "f1": [0.9, 0.9114470842332614, 0.9071274298056154, 0.9114470842332614, 0.8317307692307693, 0.9071274298056154, 0.902127659574468, 0.9071274298056154, 0.9, 0.902127659574468], "auprc": [0.9472482436968162, 0.9517327872468883, 0.949739233336388, 0.9517327872468883, 0.938323486014464, 0.949739233336388, 0.9465303369296838, 0.949739233336388, 0.9472482436968162, 0.9465303369296838]}]}