{"enet": [{"auroc": [0.8622124326970142, 0.8591124163811389, 0.8748572360907163, 0.8591939957578725, 0.8591939957578725, 0.8748572360907163, 0.8288872573013542, 0.8591939957578725, 0.8591124163811389, 0.8591939957578725], "acc": [0.8220640569395018, 0.8398576512455516, 0.8256227758007118, 0.8220640569395018, 0.8220640569395018, 0.8256227758007118, 0.8469750889679716, 0.8220640569395018, 0.8398576512455516, 0.8220640569395018], "aps": [0.9423106736511375, 0.9420798728820019, 0.9555884848964616, 0.9433962927146311, 0.9433962927146311, 0.9555884848964616, 0.9308848388086186, 0.9433962927146311, 0.9420798728820019, 0.9433962927146311], "f1": [0.8888888888888888, 0.9006622516556292, 0.8898876404494381, 0.8888888888888888, 0.8888888888888888, 0.8898876404494381, 0.9020501138952164, 0.8888888888888888, 0.9006622516556292, 0.8888888888888888], "auprc": [0.9399785998248706, 0.939760516532375, 0.9551951378779835, 0.9421600338782187, 0.9421600338782187, 0.9551951378779835, 0.9577456672214817, 0.9421600338782187, 0.939760516532375, 0.9421600338782187]}]}