{"auroc": [0.6809838472834068, 0.4685103605808452, 0.5888807309512155, 0.7347038668624573, 0.7026431718061673, 0.6018518518518519, 0.8660466634034916, 0.9209495839451787, 0.5053026594876815, 0.7310735845978137], "acc": [0.8078291814946619, 0.8078291814946619, 0.8078291814946619, 0.8078291814946619, 0.8078291814946619, 0.19217081850533807, 0.8469750889679716, 0.8469750889679716, 0.19217081850533807, 0.8078291814946619], "aps": [0.8822103343755037, 0.7836231218196981, 0.8601121626004653, 0.9059084992827268, 0.8961744186356946, 0.8485676371202876, 0.9581928021684555, 0.9772382179082725, 0.8004404822913666, 0.9160912442852301], "f1": [0.8937007874015748, 0.8937007874015748, 0.8937007874015748, 0.8937007874015748, 0.8937007874015748, 0.0, 0.9117043121149897, 0.9134808853118712, 0.0, 0.8937007874015748], "auprc": [0.879523791004178, 0.780144769882535, 0.8593347303909465, 0.9051879237968814, 0.8955390150965927, 0.8467559265906393, 0.9579877119984741, 0.9771689007819233, 0.7980354426811271, 0.9158015746794382]}