{"auroc": [0.6036873878283571, 0.6245309185837821, 0.6291401533692283, 0.5739924946973405, 0.6680127263827704, 0.5156632403328438, 0.635503344754446, 0.841409691629956, 0.5815793767335617, 0.5824767498776309], "acc": [0.8078291814946619, 0.8078291814946619, 0.19217081850533807, 0.19217081850533807, 0.8078291814946619, 0.19217081850533807, 0.8078291814946619, 0.8647686832740213, 0.8078291814946619, 0.8078291814946619], "aps": [0.8680803797817697, 0.8830332031637718, 0.8874176009099086, 0.8353195702112887, 0.885220827089273, 0.8106282789657107, 0.8827924776368985, 0.9380329977447749, 0.8188634348385592, 0.8688788344067765], "f1": [0.8937007874015748, 0.8937007874015748, 0.0, 0.0, 0.8937007874015748, 0.0, 0.8937007874015748, 0.9224489795918368, 0.8937007874015748, 0.8937007874015748], "auprc": [0.8673655597213308, 0.882579872754135, 0.8870169027279811, 0.8340300619261105, 0.8845771396295843, 0.8073330197477756, 0.8822489022765684, 0.9376585795352581, 0.8153607958411488, 0.86836597691696]}