{"enet": [{"auroc": [0.8125305922662751, 0.765255343449176, 0.8410425844346548, 0.8498123674335127, 0.8125305922662751, 0.8125305922662751, 0.7471039321259585, 0.7471039321259585, 0.7372328275411976, 0.7372328275411976], "acc": [0.7829181494661922, 0.797153024911032, 0.8220640569395018, 0.8042704626334519, 0.7829181494661922, 0.7829181494661922, 0.7330960854092526, 0.7330960854092526, 0.7722419928825622, 0.7722419928825622], "aps": [0.9291814616605594, 0.9035234493075466, 0.9417876590886539, 0.9579872522250458, 0.9291814616605594, 0.9291814616605594, 0.8973729807185151, 0.8973729807185151, 0.8931880228487956, 0.8931880228487956], "f1": [0.8564705882352942, 0.8695652173913043, 0.8863636363636364, 0.8775055679287305, 0.8564705882352942, 0.8564705882352942, 0.8210023866348448, 0.8210023866348448, 0.8532110091743119, 0.8532110091743119], "auprc": [0.949837866280124, 0.9416131016142946, 0.954344957117576, 0.9578421506727887, 0.949837866280124, 0.949837866280124, 0.9335027334906514, 0.9335027334906514, 0.9286990829372879, 0.9286990829372879]}]}