{"auroc": [0.7099853157121879, 0.6290177843041279, 0.7943383912546907, 0.8558492413117964, 0.7395170500897373, 0.7196116821667482, 0.911567955620819, 0.8854625550660793, 0.5907162669277206, 0.6169848262359275], "acc": [0.19217081850533807, 0.8078291814946619, 0.8469750889679716, 0.8434163701067615, 0.8078291814946619, 0.8078291814946619, 0.8647686832740213, 0.8683274021352313, 0.8078291814946619, 0.8078291814946619], "aps": [0.9105199926334584, 0.8678617732413414, 0.931162609622664, 0.9548259219667127, 0.9063709176870293, 0.9156004630162781, 0.976751373616312, 0.9650934954040999, 0.8662208075753577, 0.8737189855418306], "f1": [0.0, 0.8937007874015748, 0.9127789046653144, 0.9112903225806452, 0.8937007874015748, 0.8937007874015748, 0.9144144144144143, 0.9227557411273486, 0.8937007874015748, 0.8937007874015748], "auprc": [0.9102074020008789, 0.8670916265787265, 0.9308445788859645, 0.9546503088827241, 0.9053167345823003, 0.9153097150850271, 0.9766921617473739, 0.9649742098861487, 0.8655782377304299, 0.8730792147898316]}