{"auroc": [0.6845325501713168, 0.6220427475934085, 0.6711535323870126, 0.6030347528144885, 0.6249388154674499, 0.7972752488170989, 0.6398270517213249, 0.7008484255180291, 0.6354217653777126, 0.7471039321259585], "acc": [0.8078291814946619, 0.8078291814946619, 0.8078291814946619, 0.8078291814946619, 0.8078291814946619, 0.8434163701067615, 0.19217081850533807, 0.8078291814946619, 0.8078291814946619, 0.8078291814946619], "aps": [0.8963613631531424, 0.8687905153710076, 0.8845056559111116, 0.8370938295634627, 0.882425270960977, 0.9394714845470411, 0.8672222834581567, 0.8899523830217572, 0.8674158244755864, 0.918843419382289], "f1": [0.8937007874015748, 0.8937007874015748, 0.8937007874015748, 0.8937007874015748, 0.8937007874015748, 0.9102040816326531, 0.0, 0.8937007874015748, 0.8937007874015748, 0.8937007874015748], "auprc": [0.8959577220594739, 0.8681310803712483, 0.8833750366623219, 0.8350083469453331, 0.8820111059690319, 0.939285425239472, 0.86608514417521, 0.8891931175244185, 0.8658665147830793, 0.9185616159147547]}