{"auroc": [0.6713982705172132, 0.6503100016315875, 0.6422744330233316, 0.6780877794093653, 0.6810654266601404, 0.7510197422091696, 0.6625061184532549, 0.5841899167890358, 0.7488986784140969, 0.6921602218959048], "acc": [0.8078291814946619, 0.19217081850533807, 0.8078291814946619, 0.8078291814946619, 0.8078291814946619, 0.8078291814946619, 0.8078291814946619, 0.8078291814946619, 0.8078291814946619, 0.8078291814946619], "aps": [0.8883571192880337, 0.8899198006268312, 0.8650031780271072, 0.8892040942706845, 0.8924174667026183, 0.9204314679263291, 0.8829888054767332, 0.8562076091027693, 0.9229383056352558, 0.8918413640719327], "f1": [0.8937007874015748, 0.0, 0.8937007874015748, 0.8937007874015748, 0.8937007874015748, 0.8937007874015748, 0.8937007874015748, 0.8937007874015748, 0.8937007874015748, 0.8937007874015748], "auprc": [0.8877067376830721, 0.889499276480905, 0.8639577570779966, 0.8884713901825186, 0.8917733288993643, 0.9200475709166536, 0.8822794908560816, 0.8554595048552327, 0.9226311072451716, 0.8911827502009529]}