{"enet": [{"auroc": [0.8002936857562408, 0.7862620329580683, 0.774555392396802, 0.8185674661445588, 0.8092674171969326, 0.8273780388317833, 0.7955620819056942, 0.7862620329580683, 0.8234214390602057, 0.8092674171969326], "acc": [0.7758007117437722, 0.7580071174377224, 0.7366548042704626, 0.7793594306049823, 0.7722419928825622, 0.7793594306049823, 0.7758007117437722, 0.7580071174377224, 0.797153024911032, 0.7722419928825622], "aps": [0.9153990177913294, 0.9149895473522076, 0.9080391996344299, 0.9261273784900503, 0.9234265417905885, 0.9273053919448296, 0.9173446179819957, 0.9149895473522076, 0.9319249030840782, 0.9234265417905885], "f1": [0.8496420047732698, 0.8373205741626795, 0.8203883495145632, 0.8516746411483255, 0.8468899521531101, 0.8509615384615384, 0.8503562945368173, 0.8373205741626795, 0.8646080760095012, 0.8468899521531101], "auprc": [0.9333048026119508, 0.943613331907535, 0.9384311374834732, 0.9444892666372888, 0.9479384974497511, 0.9351651593433179, 0.9396334955225685, 0.943613331907535, 0.9554160374079737, 0.9479384974497511]}]}