{"auroc": [0.631791483113069, 0.5546581824114863, 0.5082803067384565, 0.786669929841736, 0.7688856257138196, 0.5213737967041933, 0.7290748898678413, 0.5922662750856583, 0.5822320117474303, 0.8673519334312286], "acc": [0.19217081850533807, 0.8078291814946619, 0.8078291814946619, 0.8078291814946619, 0.8078291814946619, 0.8078291814946619, 0.8078291814946619, 0.8078291814946619, 0.19217081850533807, 0.8540925266903915], "aps": [0.8552172142904725, 0.8381361909082177, 0.8239195935419572, 0.9369218048978862, 0.9327500404612726, 0.8399200270354699, 0.920589622094471, 0.8593542891740507, 0.8439970959255336, 0.9596501403810314], "f1": [0.0, 0.8937007874015748, 0.8937007874015748, 0.8937007874015748, 0.8937007874015748, 0.8937007874015748, 0.8937007874015748, 0.8937007874015748, 0.0, 0.9158110882956879], "auprc": [0.8538479406539067, 0.8367675820574192, 0.8229074309352877, 0.9366952385021935, 0.9325399774196045, 0.8391345488389663, 0.9203263459350867, 0.8584519136652851, 0.841132423879962, 0.9595049282311969]}