{"rf": [{"auroc": [0.925721977484092], "acc": [0.8825622775800712], "aps": [0.9814780166700536], "f1": [0.9271523178807947], "auprc": [0.9815569481250499]}], "enet": [{"auroc": [0.9168706151085007], "acc": [0.8896797153024911], "aps": [0.9761517345474109], "f1": [0.9318681318681319], "auprc": [0.9760733953049138]}]}