{"auroc": [0.7791646271822483, 0.6150677108826889, 0.6705008973731441, 0.8877467776146191, 0.6846957089247837, 0.4968591939957579, 0.6884075705661609, 0.8222385380975689, 0.6703377386196769, 0.5647740251264481], "acc": [0.8078291814946619, 0.19217081850533807, 0.8078291814946619, 0.8434163701067615, 0.8078291814946619, 0.8078291814946619, 0.19217081850533807, 0.8256227758007118, 0.8078291814946619, 0.8078291814946619], "aps": [0.9153008489448635, 0.852913840281859, 0.8835001761659645, 0.9655681839380478, 0.8905365633506572, 0.7977891183170415, 0.8742737237594365, 0.9416191774223988, 0.8771168239571187, 0.8192055776198696], "f1": [0.8937007874015748, 0.0, 0.8937007874015748, 0.9109311740890689, 0.8937007874015748, 0.8937007874015748, 0.0, 0.901803607214429, 0.8937007874015748, 0.8937007874015748], "auprc": [0.9128840068661084, 0.8518639400235223, 0.8828054802608902, 0.9654439794963097, 0.8899607670332599, 0.7963641391501393, 0.8730882032692544, 0.9413392511223205, 0.8761096267180021, 0.8174839709046482]}