{"enet": [{"auroc": [0.8865230869636156, 0.7850791319954316, 0.8843204437918094, 0.8613966389296785, 0.8307635829662262, 0.8865230869636156, 0.7677843041279165, 0.835454397128406, 0.8686572034589656, 0.8865230869636156], "acc": [0.8647686832740213, 0.8469750889679716, 0.8505338078291815, 0.8220640569395018, 0.8398576512455516, 0.8647686832740213, 0.8362989323843416, 0.8647686832740213, 0.8291814946619217, 0.8647686832740213], "aps": [0.9665155424622649, 0.9105841130859326, 0.9652997809955624, 0.9476312378791631, 0.9299323170973318, 0.9665155424622649, 0.9040531286340865, 0.9313582474172372, 0.9573329593254949, 0.9665155424622649], "f1": [0.9162995594713657, 0.9050772626931568, 0.9049773755656108, 0.8853211009174312, 0.8979591836734693, 0.9162995594713657, 0.8986784140969163, 0.9155555555555555, 0.8914027149321269, 0.9162995594713657], "auprc": [0.9664068723838113, 0.9489249251926829, 0.9652817680915211, 0.9623754550888359, 0.9566505102836332, 0.9664068723838113, 0.9446749985521726, 0.9560320185332644, 0.9571729317425344, 0.9664068723838113]}]}