{"enet": [{"auroc": [0.8562571381954643, 0.8866046663403491, 0.8904388970468265, 0.8904388970468265, 0.8866046663403491, 0.8866046663403491, 0.8904388970468265, 0.8866046663403491, 0.8562571381954643, 0.8562571381954643], "acc": [0.8291814946619217, 0.8434163701067615, 0.8540925266903915, 0.8540925266903915, 0.8434163701067615, 0.8434163701067615, 0.8540925266903915, 0.8434163701067615, 0.8291814946619217, 0.8291814946619217], "aps": [0.9591685516389683, 0.969329369494166, 0.9702930893967894, 0.9702930893967894, 0.969329369494166, 0.969329369494166, 0.9702930893967894, 0.969329369494166, 0.9591685516389683, 0.9591685516389683], "f1": [0.8914027149321269, 0.8995433789954338, 0.9070294784580498, 0.9070294784580498, 0.8995433789954338, 0.8995433789954338, 0.9070294784580498, 0.8995433789954338, 0.8914027149321269, 0.8914027149321269], "auprc": [0.959049441274293, 0.969244920003701, 0.9702129596400253, 0.9702129596400253, 0.969244920003701, 0.969244920003701, 0.9702129596400253, 0.969244920003701, 0.959049441274293, 0.959049441274293]}]}