{"enet": [{"auroc": [0.8443465491923643, 0.8496492086800457, 0.842714961657693, 0.842714961657693, 0.8414096916299559, 0.842714961657693, 0.8414096916299559, 0.8443465491923643, 0.8414096916299559, 0.8405123184858867], "acc": [0.8327402135231317, 0.8327402135231317, 0.8185053380782918, 0.8185053380782918, 0.8291814946619217, 0.8185053380782918, 0.8291814946619217, 0.8327402135231317, 0.8291814946619217, 0.8220640569395018], "aps": [0.9548330192814923, 0.9480163782573516, 0.9506016259960167, 0.9506016259960167, 0.9492251759444791, 0.9506016259960167, 0.9492251759444791, 0.9548330192814923, 0.9492251759444791, 0.956547613262833], "f1": [0.8997867803837953, 0.9034907597535934, 0.8921775898520083, 0.8921775898520083, 0.8987341772151899, 0.8921775898520083, 0.8987341772151899, 0.8997867803837953, 0.8987341772151899, 0.8949579831932774], "auprc": [0.954663332190527, 0.9474847289881323, 0.950341505307325, 0.950341505307325, 0.9489442562151884, 0.950341505307325, 0.9489442562151884, 0.954663332190527, 0.9489442562151884, 0.9564236369027289]}]}