{"enet": [{"auroc": [0.8900310001631587, 0.8910915320606949, 0.8583782019905368, 0.8962310327949093, 0.8900310001631587, 0.8532387012563223, 0.8910915320606949, 0.8370044052863436, 0.8962310327949093, 0.8879099363680861], "acc": [0.8612099644128114, 0.8754448398576512, 0.8113879003558719, 0.8754448398576512, 0.8612099644128114, 0.8220640569395018, 0.8754448398576512, 0.8256227758007118, 0.8754448398576512, 0.8647686832740213], "aps": [0.9715676617333983, 0.9727318428322249, 0.9639655292556821, 0.9743845073338389, 0.9715676617333983, 0.9628607599139313, 0.9727318428322249, 0.9523481806742651, 0.9743845073338389, 0.9714631774737982], "f1": [0.918580375782881, 0.924731182795699, 0.8824833702882483, 0.9244060475161988, 0.918580375782881, 0.8898678414096917, 0.924731182795699, 0.8946236559139785, 0.9244060475161988, 0.9191489361702128], "auprc": [0.9714960898823369, 0.9726662407788282, 0.9638757892453454, 0.9743237477055794, 0.9714960898823369, 0.9627685995160116, 0.9726662407788282, 0.9521939699434776, 0.9743237477055794, 0.9713917056597579]}]}