{"auroc": [0.6590797846304454, 0.78332517539566, 0.7558329254364495, 0.7714553760809267, 0.7434328601729482, 0.7630119105890031, 0.6098874204601077, 0.6760482949910263, 0.7031734377549356, 0.8060042421275901], "acc": [0.8078291814946619, 0.8078291814946619, 0.8078291814946619, 0.8078291814946619, 0.8078291814946619, 0.8078291814946619, 0.8078291814946619, 0.19217081850533807, 0.8078291814946619, 0.8078291814946619], "aps": [0.8854183526679629, 0.9226451463158569, 0.9106293917940731, 0.9328993987846932, 0.9161838875690964, 0.9260324649938692, 0.8533178492646257, 0.9018429980065907, 0.8982724685915299, 0.927942443921537], "f1": [0.8937007874015748, 0.8937007874015748, 0.8937007874015748, 0.8937007874015748, 0.8937007874015748, 0.8937007874015748, 0.8937007874015748, 0.0, 0.8937007874015748, 0.8937007874015748], "auprc": [0.8846361142132324, 0.920290549241139, 0.9100768602652347, 0.9326938459818577, 0.9157524531331207, 0.9257374545723646, 0.852359492229384, 0.901565957599022, 0.8977449192563114, 0.9274177437356381]}