{"enet": [{"auroc": [0.7578724098547888, 0.7854462391907326, 0.8107358459781367, 0.770109316364823, 0.7435144395496819, 0.8071463534018599, 0.8071463534018599, 0.7401696851036058, 0.8139174416707456, 0.7435144395496819], "acc": [0.7900355871886121, 0.8042704626334519, 0.8185053380782918, 0.8078291814946619, 0.797153024911032, 0.800711743772242, 0.800711743772242, 0.8113879003558719, 0.8113879003558719, 0.797153024911032], "aps": [0.9042438401169146, 0.9322095204874643, 0.9442917167409229, 0.9291762182038552, 0.8984246067375341, 0.9378108216135911, 0.9378108216135911, 0.8947398439196215, 0.944649767356456, 0.8984246067375341], "f1": [0.8643678160919539, 0.8806941431670281, 0.8853932584269663, 0.8836206896551725, 0.870748299319728, 0.8755555555555555, 0.8755555555555555, 0.8824833702882483, 0.8798185941043084, 0.870748299319728], "auprc": [0.9383314558058127, 0.9319397126142124, 0.944101917928628, 0.9289287560695919, 0.9362647636203696, 0.9375340618292901, 0.9375340618292901, 0.9383457392141201, 0.9444626506426057, 0.9362647636203696]}]}