{"enet": [{"auroc": [0.8164464023494862, 0.8984336759667155, 0.912139011257954, 0.9132811225322239, 0.9145048131832272, 0.9132811225322239, 0.9145048131832272, 0.912139011257954, 0.9145048131832272, 0.912139011257954], "acc": [0.8505338078291815, 0.8754448398576512, 0.8576512455516014, 0.8647686832740213, 0.8932384341637011, 0.8647686832740213, 0.8932384341637011, 0.8576512455516014, 0.8932384341637011, 0.8576512455516014], "aps": [0.9244520903899759, 0.9669394585074511, 0.9769599944004281, 0.9767326419588183, 0.9704671768063271, 0.9767326419588183, 0.9704671768063271, 0.9769599944004281, 0.9704671768063271, 0.9769599944004281], "f1": [0.9049773755656108, 0.9217002237136465, 0.908675799086758, 0.9144144144144143, 0.9333333333333333, 0.9144144144144143, 0.9333333333333333, 0.908675799086758, 0.9333333333333333, 0.908675799086758], "auprc": [0.9555238637849841, 0.9712017402735946, 0.9769015439615916, 0.9766709147646662, 0.970342621992395, 0.9766709147646662, 0.970342621992395, 0.9769015439615916, 0.970342621992395, 0.9769015439615916]}]}