{"enet": [{"auroc": [0.9004731603850546, 0.9079784630445423, 0.9004731603850546, 0.9079784630445423, 0.901533692282591, 0.9004731603850546, 0.901533692282591, 0.9004731603850546, 0.9109153206069506, 0.9061837167564041], "acc": [0.8398576512455516, 0.8683274021352313, 0.8398576512455516, 0.8683274021352313, 0.8220640569395018, 0.8398576512455516, 0.8220640569395018, 0.8398576512455516, 0.8718861209964412, 0.8185053380782918], "aps": [0.9725874474429989, 0.9754478941431232, 0.9725874474429989, 0.9754478941431232, 0.9727686557413602, 0.9725874474429989, 0.9727686557413602, 0.9725874474429989, 0.9767715158792238, 0.9747316529137013], "f1": [0.8960739030023095, 0.9168539325842697, 0.8960739030023095, 0.9168539325842697, 0.8820754716981132, 0.8960739030023095, 0.8820754716981132, 0.8960739030023095, 0.9196428571428571, 0.8794326241134752], "auprc": [0.9725117498848735, 0.9753834170087952, 0.9725117498848735, 0.9753834170087952, 0.9726928549589735, 0.9725117498848735, 0.9726928549589735, 0.9725117498848735, 0.9767123366238516, 0.974663856852397]}]}