{"auroc": [0.5740332843857072, 0.4969815630608582, 0.6197585250448686, 0.6029939631261217, 0.586555718714309, 0.6214716919562735, 0.551558166095611, 0.662506118453255, 0.5975689345733399, 0.697503671071953], "acc": [0.8078291814946619, 0.8078291814946619, 0.8078291814946619, 0.8078291814946619, 0.8078291814946619, 0.8078291814946619, 0.8078291814946619, 0.8078291814946619, 0.8078291814946619, 0.8078291814946619], "aps": [0.8404788137951528, 0.8269612107149923, 0.8818121074458695, 0.868872173047126, 0.8735208557599496, 0.8638128113034717, 0.84603918312618, 0.8930356251343682, 0.8599940653650209, 0.8913559201666039], "f1": [0.8937007874015748, 0.8937007874015748, 0.8937007874015748, 0.8937007874015748, 0.8937007874015748, 0.8937007874015748, 0.8937007874015748, 0.8937007874015748, 0.8937007874015748, 0.8937007874015748], "auprc": [0.838469947342354, 0.8258400433316679, 0.8812943972934623, 0.8682503506945936, 0.8730869578105531, 0.862134197502546, 0.8452505465998286, 0.8923806835990336, 0.8592072936398676, 0.8888545148526792]}