{"rf": [{"auroc": [0.8764888236253875], "acc": [0.8469750889679716], "aps": [0.9649694030013203], "f1": [0.9117043121149897], "auprc": [0.9651157044176641]}], "enet": [{"auroc": [0.8143253385544135], "acc": [0.8434163701067615], "aps": [0.940768665862171], "f1": [0.9102040816326531], "auprc": [0.9405384516761237]}]}