{"enet": [{"auroc": [0.881424375917768, 0.8734703866862457, 0.8804046337085983, 0.8804046337085983, 0.8835862294012073, 0.8804046337085983, 0.8969652471855115, 0.7990699951052374, 0.8939468102463697, 0.881424375917768], "acc": [0.8362989323843416, 0.8185053380782918, 0.8327402135231317, 0.8327402135231317, 0.8861209964412812, 0.8327402135231317, 0.8434163701067615, 0.7259786476868327, 0.8790035587188612, 0.8362989323843416], "aps": [0.9525338962904756, 0.9511948232836793, 0.9556751620303505, 0.9556751620303505, 0.9614924960926896, 0.9556751620303505, 0.9657260677830047, 0.9279592692529081, 0.9661894569270526, 0.9525338962904756], "f1": [0.8925233644859812, 0.8794326241134752, 0.8899297423887588, 0.8899297423887588, 0.9313304721030043, 0.8899297423887588, 0.897196261682243, 0.8108108108108109, 0.9264069264069265, 0.8925233644859812], "auprc": [0.9694953730512054, 0.9659382060801073, 0.9575727585842568, 0.9575727585842568, 0.9613081921407736, 0.9575727585842568, 0.9655810000833805, 0.9445354640517803, 0.9660460184475137, 0.9694953730512054]}]}