{"enet": [{"auroc": [0.9171153532387013, 0.9304943710230054, 0.9293522597487355, 0.9118942731277534, 0.9304943710230054, 0.9291891009952684, 0.9291891009952684, 0.9293522597487355, 0.9301680535160711, 0.9301680535160711], "acc": [0.8861209964412812, 0.8861209964412812, 0.8825622775800712, 0.8505338078291815, 0.8861209964412812, 0.8825622775800712, 0.8825622775800712, 0.8825622775800712, 0.8861209964412812, 0.8861209964412812], "aps": [0.9707130694832474, 0.9822523689171678, 0.981580841835557, 0.979160520074551, 0.9822523689171678, 0.981583484591807, 0.981583484591807, 0.981580841835557, 0.9817017074906564, 0.9817017074906564], "f1": [0.9269406392694063, 0.9279279279279279, 0.9255079006772009, 0.9074889867841409, 0.9279279279279279, 0.9255079006772009, 0.9255079006772009, 0.9255079006772009, 0.9276018099547512, 0.9276018099547512], "auprc": [0.9793104100288403, 0.9822082601619355, 0.9815337931701362, 0.9791138014832272, 0.9822082601619355, 0.9815366165200519, 0.9815366165200519, 0.9815337931701362, 0.9816543807371576, 0.9816543807371576]}]}