{"rf": [{"auroc": [0.8697993147332356], "acc": [0.8754448398576512], "aps": [0.956800115901036], "f1": [0.927536231884058], "auprc": [0.9566223297108057]}], "enet": [{"auroc": [0.8936204927394354], "acc": [0.8754448398576512], "aps": [0.9717132727714589], "f1": [0.9217002237136465], "auprc": [0.9716387205086541]}]}