{"auroc": [0.7292380486213085, 0.6179637787567304, 0.7190406265296132, 0.6833088595203133, 0.7045194974710393, 0.6786588350465003, 0.7337249143416543, 0.6537363354543972, 0.7604829499102627, 0.6769456681350954], "acc": [0.8078291814946619, 0.8078291814946619, 0.8078291814946619, 0.8078291814946619, 0.8185053380782918, 0.8078291814946619, 0.8078291814946619, 0.8078291814946619, 0.8078291814946619, 0.8078291814946619], "aps": [0.9205416030364335, 0.8629353039829724, 0.910657772760795, 0.8701906047894963, 0.8902847999064558, 0.8553296473703338, 0.9137658985453972, 0.8806045311265956, 0.9159086975397642, 0.8852863937483753], "f1": [0.8937007874015748, 0.8937007874015748, 0.8937007874015748, 0.8937007874015748, 0.8977955911823647, 0.8937007874015748, 0.8937007874015748, 0.8937007874015748, 0.8937007874015748, 0.8937007874015748], "auprc": [0.920276006253613, 0.86208341354105, 0.9102904481015943, 0.8675771595464183, 0.8887919154622071, 0.8532189791996848, 0.9134025215757199, 0.8800360847408866, 0.9154882023407388, 0.8827594372933738]}