{"enet": [{"auroc": [0.8341491271006689, 0.8412465328764888, 0.8341491271006689, 0.8429596997878936, 0.8412465328764888, 0.8429596997878936, 0.8412465328764888, 0.8420623266438243, 0.8341491271006689, 0.8412465328764888], "acc": [0.8078291814946619, 0.8220640569395018, 0.8078291814946619, 0.8362989323843416, 0.8220640569395018, 0.8362989323843416, 0.8220640569395018, 0.8434163701067615, 0.8078291814946619, 0.8220640569395018], "aps": [0.9518962334375931, 0.9536043052531671, 0.9518962334375931, 0.9525479920017481, 0.9536043052531671, 0.9525479920017481, 0.9536043052531671, 0.9534192269947757, 0.9518962334375931, 0.9536043052531671], "f1": [0.8789237668161435, 0.8868778280542987, 0.8789237668161435, 0.8963963963963965, 0.8868778280542987, 0.8963963963963965, 0.8868778280542987, 0.9039301310043668, 0.8789237668161435, 0.8868778280542987], "auprc": [0.9517496611574523, 0.9534554390204901, 0.9517496611574523, 0.9523694277529348, 0.9534554390204901, 0.9523694277529348, 0.9534554390204901, 0.9532669370313932, 0.9517496611574523, 0.9534554390204901]}]}