{"rf": [{"auroc": [0.8817099037363354], "acc": [0.8469750889679716], "aps": [0.9674638309542294], "f1": [0.9075268817204302], "auprc": [0.9673686736278887]}], "enet": [{"auroc": [0.9181758851362376], "acc": [0.8362989323843416], "aps": [0.9790263534872269], "f1": [0.8944954128440367], "auprc": [0.9789741701273006]}]}