{"auroc": [0.6769456681350955, 0.8690651003426334, 0.9627182248327623, 0.6880404633708599, 0.9202153695545765, 0.9613313754282917, 0.8859520313264807, 0.5912873225648555, 0.8859520313264807, 0.8422254853972916], "acc": [0.19217081850533807, 0.8078291814946619, 0.9074733096085409, 0.8078291814946619, 0.8576512455516014, 0.9074733096085409, 0.8078291814946619, 0.8078291814946619, 0.8078291814946619, 0.19217081850533807], "aps": [0.8991843374851277, 0.9605852551164573, 0.9905900788561637, 0.9068910176570478, 0.980153018860651, 0.9904637144370877, 0.9695999918611098, 0.8776020996012135, 0.9694393886722836, 0.9509510257569853], "f1": [0.0, 0.8937007874015748, 0.9406392694063925, 0.8937007874015748, 0.9111111111111112, 0.9414414414414415, 0.8937007874015748, 0.8937007874015748, 0.8937007874015748, 0.0], "auprc": [0.8987077676342341, 0.960451775224864, 0.9905669169060085, 0.9065505807721672, 0.9801055883068874, 0.9904411731735174, 0.9695179986435316, 0.8771542359030466, 0.9693514213080653, 0.9507671239650948]}