{"auroc": [0.6802496328928046, 0.942486539402839, 0.907488986784141, 0.9393865230869637, 0.6514929025942241, 0.9437918094305761, 0.7108011094795236, 0.9410996899983682, 0.6645048131832273, 0.7595447870778267], "acc": [0.19217081850533807, 0.8256227758007118, 0.8612099644128114, 0.8078291814946619, 0.8078291814946619, 0.8896797153024911, 0.19217081850533807, 0.8078291814946619, 0.8078291814946619, 0.19217081850533807], "aps": [0.9071803915114327, 0.9868208277426327, 0.9758310492739615, 0.9861340155904146, 0.8674733198625927, 0.9864749976931362, 0.9118699003618309, 0.9865386640183917, 0.9061015203016242, 0.9313123370349031], "f1": [0.0, 0.901803607214429, 0.9135254988913525, 0.8937007874015748, 0.8937007874015748, 0.9300225733634312, 0.0, 0.8937007874015748, 0.8937007874015748, 0.0], "auprc": [0.9068993670953671, 0.9867921862750519, 0.9757668142887312, 0.9861040504620173, 0.8645696376188047, 0.9864438147132553, 0.9115375090410935, 0.986509575504359, 0.9058216899050149, 0.93109719028939]}