{"auroc": [0.6360744003915809, 0.5599608418991678, 0.646679719366944, 0.634932289117311, 0.5968347201827378, 0.6043400228422254, 0.686327296459455, 0.6444770761951379, 0.6160874530918584, 0.6282427802251589], "acc": [0.8078291814946619, 0.8078291814946619, 0.8078291814946619, 0.8078291814946619, 0.8078291814946619, 0.8078291814946619, 0.8078291814946619, 0.8078291814946619, 0.19217081850533807, 0.8078291814946619], "aps": [0.8862940497531682, 0.8465650949986505, 0.8917628602443411, 0.8876757787093834, 0.8787160818160225, 0.8811444229475522, 0.9040667854330106, 0.891468454177071, 0.8687263057657726, 0.8797221021109316], "f1": [0.8937007874015748, 0.8937007874015748, 0.8937007874015748, 0.8937007874015748, 0.8937007874015748, 0.8937007874015748, 0.8937007874015748, 0.8937007874015748, 0.0, 0.8937007874015748], "auprc": [0.8858581829069738, 0.8457727243404333, 0.8913338196418709, 0.8872517826974471, 0.8783033926639783, 0.8807308391126996, 0.9036796741571214, 0.8910368438213789, 0.8680266017636618, 0.8790834425204608]}