{"enet": [{"auroc": [0.8028226464349812, 0.8312938489149944, 0.8312938489149944, 0.8312938489149944, 0.8312938489149944, 0.8028226464349812, 0.8312938489149944, 0.8312938489149944, 0.8312938489149944, 0.8312938489149944], "acc": [0.7900355871886121, 0.7793594306049823, 0.7793594306049823, 0.7793594306049823, 0.7793594306049823, 0.7900355871886121, 0.7793594306049823, 0.7793594306049823, 0.7793594306049823, 0.7793594306049823], "aps": [0.9333047071574467, 0.943455044117693, 0.943455044117693, 0.943455044117693, 0.943455044117693, 0.9333047071574467, 0.943455044117693, 0.943455044117693, 0.943455044117693, 0.943455044117693], "f1": [0.8691796008869179, 0.8509615384615384, 0.8509615384615384, 0.8509615384615384, 0.8509615384615384, 0.8691796008869179, 0.8509615384615384, 0.8509615384615384, 0.8509615384615384, 0.8509615384615384], "auprc": [0.9329293636266126, 0.9431271852183376, 0.9431271852183376, 0.9431271852183376, 0.9431271852183376, 0.9329293636266126, 0.9431271852183376, 0.9431271852183376, 0.9431271852183376, 0.9431271852183376]}]}