{"auroc": [0.42959699787893624, 0.6974220916952195, 0.5406265296133137, 0.493106542666014, 0.6504731603850546, 0.8419807472670907, 0.5216593245227608, 0.6158019252732909, 0.5071789851525534, 0.47564855604503187], "acc": [0.8078291814946619, 0.8078291814946619, 0.8078291814946619, 0.19217081850533807, 0.8078291814946619, 0.8078291814946619, 0.19217081850533807, 0.8078291814946619, 0.8078291814946619, 0.19217081850533807], "aps": [0.780169427257261, 0.8884172786631432, 0.8383683937874883, 0.8127226910395429, 0.8862792256053127, 0.9472127963027286, 0.8400050874082299, 0.8478326040977342, 0.8176234259211784, 0.809624077546349], "f1": [0.8937007874015748, 0.8937007874015748, 0.8937007874015748, 0.0, 0.8937007874015748, 0.8937007874015748, 0.0, 0.8937007874015748, 0.8937007874015748, 0.0], "auprc": [0.778383704527677, 0.8873270116586114, 0.8373950596150378, 0.8107697439447513, 0.885756545880752, 0.9466863902199132, 0.8392221379241676, 0.8470717944156751, 0.8146396674225567, 0.8080894751551471]}