{"enet": [{"auroc": [0.8541360744003916, 0.8516886930983847, 0.7918502202643172, 0.8448360254527656, 0.8595203132648066, 0.8541360744003916, 0.8507913199543156, 0.7918502202643172, 0.8595203132648066, 0.8448360254527656], "acc": [0.8718861209964412, 0.8718861209964412, 0.8149466192170819, 0.8647686832740213, 0.8362989323843416, 0.8718861209964412, 0.8790035587188612, 0.8149466192170819, 0.8362989323843416, 0.8647686832740213], "aps": [0.9497831058368834, 0.9490040617625264, 0.9128860156584164, 0.9476044822775175, 0.9465579252889775, 0.9497831058368834, 0.9462632992771899, 0.9128860156584164, 0.9465579252889775, 0.9476044822775175], "f1": [0.9203539823008849, 0.9240506329113923, 0.8807339449541284, 0.9166666666666667, 0.8930232558139535, 0.9203539823008849, 0.9247787610619469, 0.8807339449541284, 0.8930232558139535, 0.9166666666666667], "auprc": [0.9495756591611937, 0.9487659077110886, 0.9477049456521673, 0.9473852459139249, 0.9612290936388288, 0.9495756591611937, 0.9459953931753892, 0.9477049456521673, 0.9612290936388288, 0.9473852459139249]}]}