{"enet": [{"auroc": [0.8709414260075052, 0.8368412465328765, 0.8368412465328765, 0.8368412465328765, 0.8678414096916299, 0.8368412465328765, 0.8469162995594715, 0.8709414260075052, 0.8368412465328765, 0.8368412465328765], "acc": [0.8078291814946619, 0.8149466192170819, 0.8149466192170819, 0.8149466192170819, 0.8113879003558719, 0.8149466192170819, 0.8042704626334519, 0.8078291814946619, 0.8149466192170819, 0.8149466192170819], "aps": [0.9605290558726749, 0.9393068347658402, 0.9393068347658402, 0.9393068347658402, 0.9509889089917957, 0.9393068347658402, 0.9425519440470957, 0.9605290558726749, 0.9393068347658402, 0.9393068347658402], "f1": [0.8708133971291867, 0.8812785388127853, 0.8812785388127853, 0.8812785388127853, 0.8729016786570745, 0.8812785388127853, 0.86810551558753, 0.8708133971291867, 0.8812785388127853, 0.8812785388127853], "auprc": [0.960374656676079, 0.9387126186584335, 0.9387126186584335, 0.9387126186584335, 0.9636333510828734, 0.9387126186584335, 0.9612524853045405, 0.960374656676079, 0.9387126186584335, 0.9387126186584335]}]}