{"enet": [{"auroc": [0.9074074074074073, 0.9052863436123348, 0.9052863436123348, 0.9052863436123348, 0.9052863436123348, 0.9074074074074073, 0.9052863436123348, 0.9052863436123348, 0.9052863436123348, 0.9052863436123348], "acc": [0.8861209964412812, 0.8825622775800712, 0.8825622775800712, 0.8825622775800712, 0.8825622775800712, 0.8861209964412812, 0.8825622775800712, 0.8825622775800712, 0.8825622775800712, 0.8825622775800712], "aps": [0.9648121725136016, 0.9671664372456594, 0.9671664372456594, 0.9671664372456594, 0.9671664372456594, 0.9648121725136016, 0.9671664372456594, 0.9671664372456594, 0.9671664372456594, 0.9671664372456594], "f1": [0.9301310043668122, 0.9277899343544858, 0.9277899343544858, 0.9277899343544858, 0.9277899343544858, 0.9301310043668122, 0.9277899343544858, 0.9277899343544858, 0.9277899343544858, 0.9277899343544858], "auprc": [0.9644495062951657, 0.9669522280683367, 0.9669522280683367, 0.9669522280683367, 0.9669522280683367, 0.9644495062951657, 0.9669522280683367, 0.9669522280683367, 0.9669522280683367, 0.9669522280683367]}]}