{"enet": [{"auroc": [0.8932941752325012, 0.9488497307880568, 0.9613313754282918, 0.9488497307880568, 0.9488497307880568, 0.9488497307880568, 0.9613313754282918, 0.9278838309675314, 0.9613313754282918, 0.9383259911894273], "acc": [0.8612099644128114, 0.8718861209964412, 0.9039145907473309, 0.8718861209964412, 0.8718861209964412, 0.8718861209964412, 0.9039145907473309, 0.896797153024911, 0.9039145907473309, 0.8754448398576512], "aps": [0.9557911776674777, 0.987205504464466, 0.9903569545715032, 0.987205504464466, 0.987205504464466, 0.987205504464466, 0.9903569545715032, 0.980397544391943, 0.9903569545715032, 0.9838759108638865], "f1": [0.9103448275862069, 0.9178082191780822, 0.9384965831435078, 0.9178082191780822, 0.9178082191780822, 0.9178082191780822, 0.9384965831435078, 0.9354120267260579, 0.9384965831435078, 0.9195402298850576], "auprc": [0.9726811857773705, 0.9871751818936192, 0.9903335849784648, 0.9871751818936192, 0.9871751818936192, 0.9871751818936192, 0.9903335849784648, 0.9803430998417955, 0.9903335849784648, 0.9838346381269972]}]}