{"rf": [{"auroc": [0.9353483439386524], "acc": [0.896797153024911], "aps": [0.984062059192651], "f1": [0.9356984478935698], "auprc": [0.9840450559909035]}], "enet": [{"auroc": [0.9419970631424377], "acc": [0.8896797153024911], "aps": [0.9848412382411353], "f1": [0.9306487695749441], "auprc": [0.9848025998250571]}]}