{"enet": [{"auroc": [0.795398923152227, 0.7568118779572524, 0.7359275575134606, 0.7374775656713983, 0.7286262032958069, 0.7551802904225812, 0.7551802904225812, 0.7444118126937511, 0.795398923152227, 0.7076195137869147], "acc": [0.800711743772242, 0.7580071174377224, 0.7544483985765125, 0.7580071174377224, 0.7508896797153025, 0.7544483985765125, 0.7544483985765125, 0.7580071174377224, 0.800711743772242, 0.7508896797153025], "aps": [0.9373069512365841, 0.9069598304020497, 0.8940610315550575, 0.9176672310104337, 0.8899076598212853, 0.9107605513587248, 0.9107605513587248, 0.896540768606997, 0.9373069512365841, 0.8819830016546842], "f1": [0.8750000000000001, 0.8425925925925927, 0.8384074941451991, 0.8488888888888888, 0.8372093023255813, 0.8406466512702079, 0.8406466512702079, 0.8411214953271028, 0.8750000000000001, 0.8372093023255813], "auprc": [0.9370928178348217, 0.9311674865358712, 0.933622626651517, 0.9173421827369412, 0.9297579933164253, 0.931178168614401, 0.931178168614401, 0.9352063130477534, 0.9370928178348217, 0.9253935410820046]}]}