{"enet": [{"auroc": [0.9027981726219612, 0.9278838309675315, 0.9380812530592266, 0.9349812367433513, 0.9418339043889704, 0.9380812530592266, 0.9278838309675315, 0.9278838309675315, 0.9278838309675315, 0.9278838309675315], "acc": [0.8896797153024911, 0.9074733096085409, 0.9039145907473309, 0.9252669039145908, 0.9181494661921709, 0.9039145907473309, 0.9074733096085409, 0.9074733096085409, 0.9074733096085409, 0.9074733096085409], "aps": [0.9601291673168011, 0.9790855875373391, 0.9829241458824067, 0.9791774071228845, 0.9834723254442344, 0.9829241458824067, 0.9790855875373391, 0.9790855875373391, 0.9790855875373391, 0.9790855875373391], "f1": [0.9293849658314352, 0.9417040358744394, 0.9390519187358917, 0.9530201342281879, 0.9485458612975392, 0.9390519187358917, 0.9417040358744394, 0.9417040358744394, 0.9417040358744394, 0.9417040358744394], "auprc": [0.9763116471413553, 0.9790250224214354, 0.9828778590169933, 0.9790947920459855, 0.9834240892539984, 0.9828778590169933, 0.9790250224214354, 0.9790250224214354, 0.9790250224214354, 0.9790250224214354]}]}