{"enet": [{"auroc": [0.8503834230706477, 0.86669929841736, 0.86669929841736, 0.86669929841736, 0.86669929841736, 0.870615108500571, 0.86669929841736, 0.86669929841736, 0.8541360744003915, 0.8541360744003915], "acc": [0.8540925266903915, 0.8540925266903915, 0.8540925266903915, 0.8540925266903915, 0.8540925266903915, 0.8398576512455516, 0.8540925266903915, 0.8540925266903915, 0.8683274021352313, 0.8683274021352313], "aps": [0.939525197399209, 0.9545812597778627, 0.9545812597778627, 0.9545812597778627, 0.9545812597778627, 0.960669651684578, 0.9545812597778627, 0.9545812597778627, 0.9388836655737147, 0.9388836655737147], "f1": [0.9090909090909092, 0.9090909090909092, 0.9090909090909092, 0.9090909090909092, 0.9090909090909092, 0.8993288590604028, 0.9090909090909092, 0.9090909090909092, 0.9211087420042644, 0.9211087420042644], "auprc": [0.938956768301191, 0.9543682748966612, 0.9543682748966612, 0.9543682748966612, 0.9543682748966612, 0.9605276291752195, 0.9543682748966612, 0.9543682748966612, 0.936558954642102, 0.936558954642102]}]}