{"auroc": [0.595121553271333, 0.8934573339859683, 0.8854625550660794, 0.7759014521129058, 0.601811062163485, 0.6258769782998858, 0.6756403981073584, 0.5744003915810082, 0.5248001305270027, 0.8209740577581988], "acc": [0.8113879003558719, 0.8078291814946619, 0.8718861209964412, 0.8078291814946619, 0.8078291814946619, 0.8078291814946619, 0.8078291814946619, 0.8078291814946619, 0.8078291814946619, 0.8078291814946619], "aps": [0.859176333815844, 0.9710985133023871, 0.9681544875651008, 0.9375734327156015, 0.8643580268975167, 0.8788124974125568, 0.8988768160277705, 0.8392618536284859, 0.8307041475020678, 0.9481583716277873], "f1": [0.8954635108481263, 0.8937007874015748, 0.9210526315789475, 0.8937007874015748, 0.8937007874015748, 0.8937007874015748, 0.8937007874015748, 0.8937007874015748, 0.8937007874015748, 0.8937007874015748], "auprc": [0.8583703793417712, 0.9710212576873019, 0.968066873784485, 0.9373893991034538, 0.8636056529458522, 0.878235494158629, 0.8984948740923349, 0.8373239439742126, 0.8297732254873396, 0.948024150876519]}