{"enet": [{"auroc": [0.8104095284712025, 0.8012726382770434, 0.7189998368412465, 0.7910752161853484, 0.7760238211780063, 0.7910752161853484, 0.7910752161853484, 0.8012726382770434, 0.7910752161853484, 0.7910752161853484], "acc": [0.8398576512455516, 0.8362989323843416, 0.7935943060498221, 0.8256227758007118, 0.800711743772242, 0.8256227758007118, 0.8256227758007118, 0.8362989323843416, 0.8256227758007118, 0.8256227758007118], "aps": [0.9390350326381319, 0.9342948390657462, 0.8886010069219643, 0.9322987054595464, 0.9184060683948166, 0.9322987054595464, 0.9322987054595464, 0.9342948390657462, 0.9322987054595464, 0.9322987054595464], "f1": [0.9075975359342916, 0.902127659574468, 0.8693693693693694, 0.8955223880597014, 0.8755555555555555, 0.8955223880597014, 0.8955223880597014, 0.902127659574468, 0.8955223880597014, 0.8955223880597014], "auprc": [0.938800239122201, 0.9339970066167089, 0.9299395090239215, 0.9320173571662116, 0.9368995071644568, 0.9320173571662116, 0.9320173571662116, 0.9339970066167089, 0.9320173571662116, 0.9320173571662116]}]}