{"enet": [{"auroc": [0.8782019905367923, 0.8782019905367923, 0.8782019905367923, 0.8861151900799479, 0.8857072931962799, 0.8782019905367923, 0.8775493555229238, 0.8782019905367923, 0.8607440039158101, 0.8775493555229238], "acc": [0.7686832740213523, 0.7686832740213523, 0.7686832740213523, 0.8576512455516014, 0.8612099644128114, 0.7686832740213523, 0.8256227758007118, 0.7686832740213523, 0.8185053380782918, 0.8256227758007118], "aps": [0.9668259031980678, 0.9668259031980678, 0.9668259031980678, 0.9671893502463584, 0.9666866755930911, 0.9668259031980678, 0.9656129373351978, 0.9668259031980678, 0.9571741297618916, 0.9656129373351978], "f1": [0.8395061728395063, 0.8395061728395063, 0.8395061728395063, 0.9118942731277533, 0.9142857142857144, 0.8395061728395063, 0.888888888888889, 0.8395061728395063, 0.8811188811188813, 0.888888888888889], "auprc": [0.9667328439032987, 0.9667328439032987, 0.9667328439032987, 0.9670850335665365, 0.9665771006249679, 0.9667328439032987, 0.9655114343615421, 0.9667328439032987, 0.9570293768989282, 0.9655114343615421]}]}