{"enet": [{"auroc": [0.8601729482786752, 0.8695545766030347, 0.8150595529450155, 0.8346386033610703, 0.8252569750367108, 0.8734295969978789, 0.8734295969978789, 0.8734295969978789, 0.8564202969489313, 0.8495676293033122], "acc": [0.8612099644128114, 0.8434163701067615, 0.8327402135231317, 0.8398576512455516, 0.8434163701067615, 0.8754448398576512, 0.8754448398576512, 0.8754448398576512, 0.8327402135231317, 0.8220640569395018], "aps": [0.9347186775959238, 0.9562017940469492, 0.925996509975716, 0.9331646320945154, 0.9276285601094656, 0.9498352726255331, 0.9498352726255331, 0.9498352726255331, 0.9495484273689765, 0.9467266394678422], "f1": [0.9119638826185101, 0.9004524886877828, 0.8939051918735892, 0.89749430523918, 0.9, 0.9220489977728284, 0.9220489977728284, 0.9220489977728284, 0.8924485125858124, 0.8853211009174312], "auprc": [0.9337121874923859, 0.9559889947539493, 0.9552684569385006, 0.9579492083214733, 0.9576749956066383, 0.9666574519626325, 0.9666574519626325, 0.9666574519626325, 0.9492830500202063, 0.9464119377248398]}]}