{"rf": [{"auroc": [0.8774677761461903], "acc": [0.8683274021352313], "aps": [0.9639893748591134], "f1": [0.9217758985200847], "auprc": [0.9640433627266687]}], "enet": [{"auroc": [0.8672703540544949], "acc": [0.8576512455516014], "aps": [0.9596581743243098], "f1": [0.9173553719008264], "auprc": [0.9595091195837713]}]}