{"enet": [{"auroc": [0.8656387665198237, 0.8525860662424538, 0.8525860662424538, 0.8525860662424538, 0.8656387665198237, 0.8656387665198237, 0.8656387665198237, 0.8656387665198237, 0.8534018600097895, 0.8656387665198237], "acc": [0.604982206405694, 0.8220640569395018, 0.8220640569395018, 0.8220640569395018, 0.604982206405694, 0.604982206405694, 0.604982206405694, 0.604982206405694, 0.8078291814946619, 0.604982206405694], "aps": [0.9544261623476391, 0.9577774877426686, 0.9577774877426686, 0.9577774877426686, 0.9544261623476391, 0.9544261623476391, 0.9544261623476391, 0.9544261623476391, 0.9584082253561645, 0.9544261623476391], "f1": [0.6855524079320114, 0.8863636363636364, 0.8863636363636364, 0.8863636363636364, 0.6855524079320114, 0.6855524079320114, 0.6855524079320114, 0.6855524079320114, 0.8744186046511628, 0.6855524079320114], "auprc": [0.9541842307329046, 0.9576507008451827, 0.9576507008451827, 0.9576507008451827, 0.9541842307329046, 0.9541842307329046, 0.9541842307329046, 0.9541842307329046, 0.9582871677921599, 0.9541842307329046]}]}