{"enet": [{"auroc": [0.7059879262522434, 0.8252569750367107, 0.8146516560613477, 0.7644395496818404, 0.8252569750367107, 0.8252569750367107, 0.8146516560613477, 0.8252569750367107, 0.7103116332191223, 0.8252569750367107], "acc": [0.8149466192170819, 0.8612099644128114, 0.8398576512455516, 0.797153024911032, 0.8612099644128114, 0.8612099644128114, 0.8398576512455516, 0.8612099644128114, 0.8078291814946619, 0.8612099644128114], "aps": [0.8807822598894097, 0.9211305410862273, 0.9153944236863376, 0.909682979608487, 0.9211305410862273, 0.9211305410862273, 0.9153944236863376, 0.9211305410862273, 0.8831369702940932, 0.9211305410862273], "f1": [0.8859649122807017, 0.9154013015184382, 0.9068322981366459, 0.8741721854304636, 0.9154013015184382, 0.9154013015184382, 0.9068322981366459, 0.9154013015184382, 0.8820960698689956, 0.9154013015184382], "auprc": [0.9315631025310773, 0.9184516543725062, 0.9126715382133719, 0.9400477967169008, 0.9184516543725062, 0.9184516543725062, 0.9126715382133719, 0.9184516543725062, 0.9328675359599554, 0.9184516543725062]}]}