{"enet": [{"auroc": [0.9195627345407081, 0.8914178495676293, 0.9195627345407081, 0.8914178495676293, 0.9195627345407081, 0.9195627345407081, 0.8622124326970142, 0.9195627345407081, 0.8622124326970142, 0.8622124326970142], "acc": [0.8683274021352313, 0.8362989323843416, 0.8683274021352313, 0.8362989323843416, 0.8683274021352313, 0.8683274021352313, 0.7900355871886121, 0.8683274021352313, 0.7900355871886121, 0.7900355871886121], "aps": [0.9760408487138372, 0.9702402149086541, 0.9760408487138372, 0.9702402149086541, 0.9760408487138372, 0.9760408487138372, 0.9616380012841718, 0.9760408487138372, 0.9616380012841718, 0.9616380012841718], "f1": [0.9153318077803203, 0.8925233644859812, 0.9153318077803203, 0.8925233644859812, 0.9153318077803203, 0.9153318077803203, 0.8605200945626478, 0.9153318077803203, 0.8605200945626478, 0.8605200945626478], "auprc": [0.9759609498180051, 0.9701571764020407, 0.9759609498180051, 0.9701571764020407, 0.9759609498180051, 0.9759609498180051, 0.9615267631228536, 0.9759609498180051, 0.9615267631228536, 0.9615267631228536]}]}