{"best_index": [425, 300, 301, 227, 332], "auroc": [0.5175000000000001, 0.38, 0.5175000000000001, 0.5449999999999999, 0.38], "acc": [0.5, 0.4, 0.475, 0.5, 0.375], "aps": [0.5684050239526565, 0.49626326617113925, 0.5898853046728137, 0.6001902636079918, 0.4400713358872752], "f1": [0.6153846153846154, 0.5199999999999999, 0.553191489361702, 0.5652173913043479, 0.4444444444444445], "auprc": [0.5503521190742112, 0.4826525214574534, 0.5780824584892374, 0.5864438033566147, 0.4165049546983346]}