{"best_index": [261, 104, 387, 224, 320], "auroc": [0.485, 0.375, 0.4275, 0.455, 0.29750000000000004], "acc": [0.525, 0.4, 0.5, 0.5, 0.35], "aps": [0.4803328476842908, 0.43073321300022394, 0.44439516688317837, 0.49968403077008766, 0.4017905836398047], "f1": [0.6415094339622641, 0.5, 0.5652173913043479, 0.6, 0.4347826086956522], "auprc": [0.4547763634076978, 0.4097970521197772, 0.421311805492383, 0.482200980266563, 0.3776717568620602]}