{"best_index": [103, 143, 124, 166, 83], "auroc": [0.4382857142857143, 0.36971428571428566, 0.42799999999999994, 0.4565714285714285, 0.37085714285714283], "acc": [0.5833333333333334, 0.5833333333333334, 0.5833333333333334, 0.43333333333333335, 0.4166666666666667], "aps": [0.5375032895671894, 0.5334328158785844, 0.63027347618898, 0.5972757503987147, 0.5080606902641416], "f1": [0.7368421052631579, 0.7368421052631579, 0.7368421052631579, 0.05555555555555556, 0.0], "auprc": [0.5205574778914038, 0.5167868598235407, 0.6240421694843158, 0.5879391851081577, 0.4948538776666486]}