{"best_index": [23, 76, 83, 62, 28], "auroc": [0.3194706994328923, 0.38941398865784504, 0.3610586011342155, 0.3950850661625709, 0.391304347826087], "acc": [0.391304347826087, 0.4782608695652174, 0.391304347826087, 0.43478260869565216, 0.41304347826086957], "aps": [0.3985690188788081, 0.43088370634038886, 0.4146594159719276, 0.42781742677480983, 0.4368488455705177], "f1": [0.1764705882352941, 0.3684210526315789, 0.06666666666666667, 0.2352941176470588, 0.27027027027027023], "auprc": [0.3796181273806194, 0.41238790800237923, 0.397048979451308, 0.4093174725033297, 0.4142466606693605]}