{"best_index": [186, 156, 322, 217, 168], "auroc": [0.34215500945179583, 0.4725897920604915, 0.44612476370510395, 0.46313799621928164, 0.4064272211720227], "acc": [0.34782608695652173, 0.45652173913043476, 0.43478260869565216, 0.391304347826087, 0.391304347826087], "aps": [0.4159380603520449, 0.5064087778785958, 0.4852144746408331, 0.46122661743146987, 0.43053041060474523], "f1": [0.31818181818181823, 0.24242424242424243, 0.2352941176470588, 0.125, 0.125], "auprc": [0.3951061538397292, 0.49018609035078786, 0.47027974489343405, 0.44343662358406444, 0.41288876326573487]}