{"best_index": [347, 97, 194, 222, 250], "auroc": [0.4139886578449905, 0.3629489603024575, 0.37807183364839314, 0.3383742911153119, 0.502835538752363], "acc": [0.391304347826087, 0.391304347826087, 0.4782608695652174, 0.41304347826086957, 0.41304347826086957], "aps": [0.44043350448270924, 0.4139455791533422, 0.42127010487015065, 0.4062404578330381, 0.49881140805068674], "f1": [0.0, 0.0, 0.6470588235294117, 0.18181818181818182, 0.27027027027027023], "auprc": [0.42155359440531637, 0.39646292774962155, 0.40336377793034695, 0.38876915586670646, 0.4713802458436745]}