{"best_index": [214, 116, 303, 205, 116], "auroc": [0.3856332703213611, 0.4385633270321361, 0.44234404536862004, 0.43478260869565216, 0.43289224952741023], "acc": [0.45652173913043476, 0.41304347826086957, 0.391304347826087, 0.391304347826087, 0.45652173913043476], "aps": [0.4360496403196884, 0.45975969958329566, 0.47669638026514516, 0.44683271264446084, 0.4770346577310445], "f1": [0.5098039215686274, 0.22857142857142854, 0.26315789473684204, 0.125, 0.3243243243243243], "auprc": [0.414876453669093, 0.43650553422221766, 0.46328222212345893, 0.42526496567243005, 0.4623521488815254]}