{"auroc": [0.5439005439005439, 0.5675990675990676, 0.5143745143745143, 0.49222999222999225, 0.5132090132090132, 0.49844599844599846, 0.5299145299145299, 0.5675990675990676, 0.5714840714840715, 0.49766899766899775], "acc": [0.15827338129496402, 0.15827338129496402, 0.15827338129496402, 0.15827338129496402, 0.15827338129496402, 0.15827338129496402, 0.15827338129496402, 0.15827338129496402, 0.15827338129496402, 0.15827338129496402], "aps": [0.8403266252157076, 0.8796639367355911, 0.8664171638204046, 0.8399415386729094, 0.852876408708992, 0.8446044600788808, 0.8648889296842991, 0.869939160694146, 0.8822877260316998, 0.8516216832815622], "f1": [0.0, 0.0, 0.0, 0.0, 0.0, 0.0, 0.0, 0.0, 0.0, 0.0], "auprc": [0.8345880667445382, 0.8784946704440251, 0.8651294413947356, 0.8346146477056854, 0.8504025629141018, 0.8419111200848599, 0.8629673359667595, 0.8675807525488067, 0.881021138208576, 0.8500027029698345]}