{"auroc": [0.552059052059052, 0.6064491064491065, 0.4456099456099456, 0.5691530691530692, 0.5738150738150739, 0.5481740481740481, 0.5295260295260296, 0.4902874902874902, 0.5407925407925408, 0.5668220668220669], "acc": [0.15827338129496402, 0.15827338129496402, 0.15827338129496402, 0.15827338129496402, 0.15827338129496402, 0.15827338129496402, 0.15827338129496402, 0.15827338129496402, 0.15827338129496402, 0.15827338129496402], "aps": [0.8435092322092865, 0.888453540428668, 0.8253487245659397, 0.880605279914248, 0.8860954517596611, 0.8659792327508316, 0.8631642887595693, 0.8308372527621313, 0.8692143179031521, 0.8847107857743063], "f1": [0.0, 0.0, 0.0, 0.0, 0.0, 0.0, 0.0, 0.0, 0.0, 0.0], "auprc": [0.8397373995006847, 0.8872907095714364, 0.8224805319849233, 0.8793970102118709, 0.8850598911689211, 0.8627582164584614, 0.8616049808337536, 0.8272857166163177, 0.8676246210004608, 0.8836382151262743]}