{"enet": [{"auroc": [0.43500000000000005, 0.5, 0.5, 0.5, 0.47250000000000003, 0.5, 0.5, 0.5, 0.5, 0.5], "acc": [0.4, 0.5, 0.5, 0.5, 0.5, 0.5, 0.5, 0.5, 0.5, 0.5], "aps": [0.4778166030269611, 0.5, 0.5, 0.5, 0.4827310455858516, 0.5, 0.5, 0.5, 0.5, 0.5], "f1": [0.5555555555555556, 0.6666666666666666, 0.6666666666666666, 0.6666666666666666, 0.6428571428571429, 0.6666666666666666, 0.6666666666666666, 0.6666666666666666, 0.6666666666666666, 0.6666666666666666], "auprc": [0.4535271599977868, 0.75, 0.75, 0.75, 0.4584858644250032, 0.75, 0.75, 0.75, 0.75, 0.75]}]}