{"auroc": [0.5150884495317378, 0.4193548387096774, 0.3735691987513007, 0.5119667013527575, 0.4984391259105099, 0.38917793964620184, 0.5296566077003121, 0.4495317377731529, 0.49739854318418325, 0.3912591050988554], "acc": [0.5, 0.5, 0.5, 0.5, 0.5, 0.5, 0.5, 0.5, 0.5, 0.5], "aps": [0.5237349323317466, 0.522615282113483, 0.5020126502937464, 0.5244002498650839, 0.6022908410163829, 0.483393412069522, 0.5358075008558906, 0.5256918368023903, 0.5086491681037549, 0.4443079277545563], "f1": [0.0, 0.0, 0.0, 0.0, 0.0, 0.0, 0.0, 0.0, 0.0, 0.0], "auprc": [0.5020782470645426, 0.5127617757390254, 0.49150716736885935, 0.5028032051165778, 0.5942753060358066, 0.47286046087450617, 0.5254908200750504, 0.5124249273844185, 0.4870652688527268, 0.4257142237393155]}