{"auroc": [0.6299999999999999, 0.775, 0.635, 0.5425, 0.6749999999999999, 0.6375, 0.735, 0.455, 0.5549999999999999, 0.47], "acc": [0.575, 0.525, 0.575, 0.5, 0.525, 0.55, 0.5, 0.5, 0.5, 0.5], "aps": [0.6060197513563573, 0.7622808571722663, 0.6202418250150088, 0.5607207049337255, 0.7127798577918703, 0.7079324961207436, 0.7309200960737416, 0.47442489464729454, 0.5837934294853533, 0.5276295951148455], "f1": [0.6909090909090908, 0.6779661016949152, 0.7017543859649124, 0.6666666666666666, 0.6666666666666667, 0.6538461538461537, 0.6666666666666666, 0.6666666666666666, 0.6153846153846154, 0.6666666666666666], "auprc": [0.587799488636413, 0.7538776616762696, 0.6023932631144138, 0.542804019311637, 0.7044038116928952, 0.700494231290923, 0.7198166177690604, 0.44454310564645655, 0.5654638896922045, 0.5092278331341362]}