{"auroc": [0.4949494949494949, 0.5454545454545455, 0.4949494949494949, 0.524087024087024, 0.5878010878010878, 0.594017094017094, 0.5932400932400932, 0.6076146076146076, 0.6048951048951049, 0.5639083139083139], "acc": [0.15827338129496402, 0.15827338129496402, 0.15827338129496402, 0.15827338129496402, 0.15827338129496402, 0.15827338129496402, 0.15827338129496402, 0.15827338129496402, 0.15827338129496402, 0.841726618705036], "aps": [0.8349049029354956, 0.8436079683851283, 0.857208718936884, 0.8684944800176321, 0.8695617317595221, 0.8830326186335871, 0.8674894544094963, 0.8968326930634939, 0.8816585518076112, 0.8681991630583565], "f1": [0.0, 0.0, 0.0, 0.0, 0.0, 0.0, 0.0, 0.0, 0.0, 0.9140624999999999], "auprc": [0.8294833507834014, 0.8395064015250844, 0.855661067715545, 0.867265797208689, 0.8676184063057113, 0.8809262386049883, 0.8647398212532964, 0.8958779649745691, 0.879826934109999, 0.866694444033322]}