{"auroc": [0.5109261186264308, 0.4099895941727368, 0.42247658688865763, 0.5150884495317378, 0.46826222684703434, 0.413111342351717, 0.4276795005202914, 0.43392299687825187, 0.4682622268470344, 0.5952133194588969], "acc": [0.5, 0.5, 0.5, 0.5, 0.5, 0.5, 0.5, 0.5, 0.5, 0.5], "aps": [0.5141156768997602, 0.4681001671005827, 0.504492394078433, 0.5721591629499888, 0.5466552076572848, 0.4991619637668977, 0.5251714259162573, 0.5423593013858683, 0.4919060295593006, 0.6257350842701128], "f1": [0.0, 0.1142857142857143, 0.0, 0.0, 0.0, 0.0, 0.0, 0.0, 0.0, 0.0], "auprc": [0.4950544671658979, 0.44653510090050796, 0.4935907786348349, 0.5593028653717262, 0.5363823779393913, 0.4882725509230931, 0.5146177060215865, 0.5342238132841941, 0.47449724543198735, 0.6061106585358251]}