{"best_index": [256, 133, 70, 158, 585], "auroc": [0.44378698224852076, 0.47337278106508873, 0.49112426035502954, 0.4378698224852071, 0.42603550295857984], "acc": [0.5, 0.5, 0.5, 0.5, 0.38461538461538464], "aps": [0.5196185488719425, 0.6248418007113659, 0.6217341868571458, 0.5886677117172472, 0.5130345942465288], "f1": [0.0, 0.6666666666666666, 0.6666666666666666, 0.6666666666666666, 0.5555555555555555], "auprc": [0.4768014767709829, 0.6111202063287446, 0.6079021782268155, 0.5715973602159494, 0.4702724587212353]}