{"auroc": [0.3668639053254438, 0.4201183431952663, 0.378698224852071, 0.3905325443786982, 0.31952662721893493], "acc": [0.4230769230769231, 0.4230769230769231, 0.4230769230769231, 0.4230769230769231, 0.4230769230769231], "aps": [0.5181720238302551, 0.5747038977534333, 0.500041324120608, 0.587122337362612, 0.4714297647398178], "f1": [0.5945945945945945, 0.5945945945945945, 0.5945945945945945, 0.5945945945945945, 0.5945945945945945], "auprc": [0.4942755084089719, 0.5575946962132855, 0.4574318695916488, 0.5733713222958075, 0.42942451369967755]}