{"auroc": [0.4437869822485207, 0.4378698224852071, 0.4378698224852071, 0.46153846153846145, 0.4674556213017752], "acc": [0.4230769230769231, 0.3076923076923077, 0.3076923076923077, 0.3076923076923077, 0.3076923076923077], "aps": [0.5230172044494296, 0.617678915287611, 0.5460953706271431, 0.5905726881813838, 0.5846484841802568], "f1": [0.5161290322580646, 0.47058823529411764, 0.4375, 0.47058823529411764, 0.47058823529411764], "auprc": [0.4797046754751358, 0.6042765282010134, 0.5038956899659242, 0.567266827375523, 0.561334298366071]}