{"auroc": [0.3313609467455621, 0.3727810650887574, 0.3727810650887574, 0.3727810650887574, 0.33727810650887574], "acc": [0.4230769230769231, 0.46153846153846156, 0.38461538461538464, 0.4230769230769231, 0.38461538461538464], "aps": [0.4718747194834151, 0.55341667104825, 0.4624617539323421, 0.5065678041764998, 0.4834131810218766], "f1": [0.5945945945945945, 0.631578947368421, 0.5555555555555555, 0.5945945945945945, 0.5555555555555555], "auprc": [0.42889226334306424, 0.5366309205668474, 0.4255177088731403, 0.46404322349402444, 0.4410717505225514]}