{"auroc": [0.4319526627218935, 0.4142011834319526, 0.39644970414201186, 0.39644970414201186, 0.4201183431952663], "acc": [0.4230769230769231, 0.4230769230769231, 0.4230769230769231, 0.4230769230769231, 0.4230769230769231], "aps": [0.5863494604287443, 0.5665318167720914, 0.5858884834971791, 0.5801026027112983, 0.5908532899325738], "f1": [0.5945945945945945, 0.5945945945945945, 0.5945945945945945, 0.5945945945945945, 0.5945945945945945], "auprc": [0.5637815871255769, 0.5431343808746554, 0.5720802930636018, 0.5634063815050747, 0.5740680112277905]}