{"auroc": [0.36, 0.36, 0.36, 0.24, 0.2, 0.36, 0.2, 0.4000000000000001, 0.48000000000000004, 0.4], "acc": [0.4, 0.4, 0.5, 0.4, 0.4, 0.5, 0.3, 0.4, 0.4, 0.5], "aps": [0.4768253968253968, 0.48571428571428565, 0.5634920634920635, 0.44126984126984126, 0.4046031746031746, 0.4888888888888888, 0.4046031746031746, 0.49428571428571433, 0.5192857142857142, 0.5], "f1": [0.0, 0.0, 0.0, 0.0, 0.0, 0.4444444444444445, 0.0, 0.0, 0.0, 0.0], "auprc": [0.3896031746031746, 0.39682539682539675, 0.5279365079365079, 0.3559126984126984, 0.34257936507936504, 0.39972222222222215, 0.34257936507936504, 0.40658730158730155, 0.4317857142857143, 0.41063492063492063]}