{"auroc": [0.64, 0.36, 0.39999999999999997, 0.28, 0.36, 0.6000000000000001, 0.72, 0.4, 0.64, 0.6799999999999999], "acc": [0.5, 0.5, 0.5, 0.3, 0.5, 0.6, 0.5, 0.5, 0.5, 0.5], "aps": [0.6926190476190477, 0.4755555555555555, 0.4720634920634921, 0.44126984126984126, 0.4577777777777778, 0.5977777777777777, 0.6595238095238095, 0.4777777777777778, 0.6926190476190477, 0.7226190476190476], "f1": [0.0, 0.6666666666666666, 0.0, 0.4615384615384615, 0.6666666666666666, 0.6, 0.0, 0.5454545454545454, 0.28571428571428575, 0.0], "auprc": [0.6534523809523809, 0.4030555555555555, 0.401031746031746, 0.36924603174603177, 0.3867460317460317, 0.5088888888888888, 0.5730952380952381, 0.40507936507936504, 0.6534523809523809, 0.6851190476190475]}