{"enet": [{"auroc": [0.52, 0.44, 0.44, 0.44, 0.54, 0.44, 0.44, 0.56, 0.44, 0.44], "acc": [0.5, 0.5, 0.5, 0.5, 0.5, 0.5, 0.5, 0.4, 0.5, 0.5], "aps": [0.5453968253968253, 0.5911111111111111, 0.5911111111111111, 0.5911111111111111, 0.5644444444444444, 0.5911111111111111, 0.5911111111111111, 0.5787301587301588, 0.5911111111111111, 0.5911111111111111], "f1": [0.0, 0.0, 0.0, 0.0, 0.28571428571428575, 0.0, 0.0, 0.0, 0.0, 0.0], "auprc": [0.456031746031746, 0.5534126984126984, 0.5534126984126984, 0.5534126984126984, 0.5750793650793651, 0.5534126984126984, 0.5534126984126984, 0.48936507936507934, 0.5534126984126984, 0.5534126984126984]}]}