{"enet": [{"auroc": [0.4, 0.7, 0.44000000000000006, 0.4, 0.48, 0.43999999999999995, 0.43999999999999995, 0.44000000000000006, 0.6, 0.6], "acc": [0.5, 0.7, 0.5, 0.5, 0.4, 0.4, 0.4, 0.5, 0.7, 0.7], "aps": [0.49682539682539684, 0.625, 0.6746031746031746, 0.49682539682539684, 0.6053968253968254, 0.5111111111111111, 0.5111111111111111, 0.6746031746031746, 0.6277777777777778, 0.6277777777777778], "f1": [0.4444444444444445, 0.7692307692307693, 0.0, 0.4444444444444445, 0.25, 0.25, 0.25, 0.0, 0.6666666666666665, 0.6666666666666665], "auprc": [0.40793650793650793, 0.8125, 0.6525793650793651, 0.40793650793650793, 0.5676984126984127, 0.42174603174603176, 0.42174603174603176, 0.6525793650793651, 0.6734126984126984, 0.6734126984126984]}]}