{"auroc": [0.5599999999999999, 0.52, 0.56, 0.4, 0.48000000000000004, 0.4, 0.4800000000000001, 0.52, 0.52, 0.48], "acc": [0.5, 0.4, 0.5, 0.4, 0.5, 0.4, 0.5, 0.6, 0.4, 0.4], "aps": [0.6644444444444444, 0.5644444444444444, 0.5644444444444444, 0.5888888888888888, 0.6333333333333333, 0.5222222222222221, 0.6142857142857143, 0.6476190476190475, 0.5644444444444444, 0.5311111111111111], "f1": [0.28571428571428575, 0.0, 0.28571428571428575, 0.25, 0.28571428571428575, 0.0, 0.0, 0.33333333333333337, 0.0, 0.0], "auprc": [0.6250793650793651, 0.47507936507936505, 0.4755555555555555, 0.5497222222222222, 0.593968253968254, 0.43305555555555547, 0.5749206349206348, 0.6082539682539683, 0.47507936507936505, 0.4417460317460317]}