{"enet": [{"auroc": [0.28, 0.08000000000000002, 0.08000000000000002, 0.08000000000000002, 0.38, 0.08000000000000002, 0.08000000000000002, 0.08000000000000002, 0.08000000000000002, 0.08000000000000002], "acc": [0.4, 0.5, 0.5, 0.5, 0.4, 0.5, 0.5, 0.5, 0.5, 0.5], "aps": [0.45460317460317456, 0.371031746031746, 0.371031746031746, 0.371031746031746, 0.4768253968253968, 0.371031746031746, 0.371031746031746, 0.371031746031746, 0.371031746031746, 0.371031746031746], "f1": [0.0, 0.0, 0.0, 0.0, 0.25, 0.0, 0.0, 0.0, 0.0, 0.0], "auprc": [0.36757936507936506, 0.3126984126984127, 0.3126984126984127, 0.3126984126984127, 0.48960317460317465, 0.3126984126984127, 0.3126984126984127, 0.3126984126984127, 0.3126984126984127, 0.3126984126984127]}]}