{"enet": [{"auroc": [0.44, 0.52, 0.28, 0.52, 0.48, 0.28, 0.52, 0.28, 0.56, 0.42], "acc": [0.6, 0.6, 0.5, 0.6, 0.5, 0.5, 0.5, 0.5, 0.5, 0.5], "aps": [0.5911111111111111, 0.7, 0.5438888888888889, 0.7, 0.5488888888888889, 0.5438888888888889, 0.5866666666666667, 0.5438888888888889, 0.6833333333333333, 0.4888888888888889], "f1": [0.33333333333333337, 0.33333333333333337, 0.0, 0.33333333333333337, 0.5454545454545454, 0.0, 0.4444444444444445, 0.0, 0.28571428571428575, 0.5454545454545454], "auprc": [0.5534126984126984, 0.6773015873015873, 0.5074603174603174, 0.6773015873015873, 0.6563888888888889, 0.5074603174603174, 0.6306349206349207, 0.5074603174603174, 0.6456349206349206, 0.6263888888888889]}]}