{"auroc": [0.44000000000000006, 0.4, 0.32, 0.4, 0.44000000000000006, 0.28, 0.36000000000000004, 0.4, 0.52, 0.56], "acc": [0.5, 0.5, 0.4, 0.4, 0.5, 0.4, 0.4, 0.5, 0.5, 0.5], "aps": [0.5009523809523809, 0.5, 0.46571428571428575, 0.5, 0.5142857142857142, 0.45238095238095233, 0.46095238095238095, 0.5, 0.5676190476190476, 0.5866666666666666], "f1": [0.0, 0.0, 0.0, 0.0, 0.0, 0.0, 0.0, 0.0, 0.0, 0.0], "auprc": [0.4282539682539682, 0.41063492063492063, 0.37849206349206344, 0.41063492063492063, 0.42492063492063487, 0.3668253968253968, 0.3899206349206349, 0.41063492063492063, 0.4782539682539682, 0.4977777777777777]}