{"auroc": [0.5272727272727272, 0.44545454545454544, 0.5272727272727273, 0.49090909090909085, 0.5545454545454546], "acc": [0.6190476190476191, 0.5714285714285714, 0.47619047619047616, 0.5238095238095238, 0.5714285714285714], "aps": [0.512388815175193, 0.45629393997815043, 0.5267016806722689, 0.5023762838468722, 0.538953823953824], "f1": [0.6, 0.608695652173913, 0.47619047619047616, 0.5833333333333334, 0.64], "auprc": [0.4599535202070032, 0.41250779964789247, 0.47348175366944717, 0.44997047435708426, 0.4858256363519522]}