{"auroc": [0.4909090909090909, 0.49090909090909096, 0.5181818181818181, 0.6272727272727272, 0.5272727272727272], "acc": [0.5714285714285714, 0.5714285714285714, 0.47619047619047616, 0.6666666666666666, 0.5238095238095238], "aps": [0.515989010989011, 0.4701034637876743, 0.5411995898838003, 0.6011189739053516, 0.5082328782328782], "f1": [0.5263157894736842, 0.608695652173913, 0.4210526315789474, 0.588235294117647, 0.5], "auprc": [0.46300838824058643, 0.43375425743846796, 0.48871640055850585, 0.5488805653840483, 0.4632410889763831]}