{"auroc": [0.6545454545454545, 0.5363636363636364, 0.5454545454545454, 0.5181818181818182, 0.5636363636363637], "acc": [0.6190476190476191, 0.47619047619047616, 0.5238095238095238, 0.6190476190476191, 0.5238095238095238], "aps": [0.6623051509893615, 0.5834343434343434, 0.5136713776419659, 0.5186238323080429, 0.5353787878787879], "f1": [0.5, 0.5217391304347826, 0.5833333333333334, 0.6, 0.5], "auprc": [0.6352732939575044, 0.5551212701986695, 0.46977351746121093, 0.46549538954337716, 0.49074717207457147]}