{"auroc": [0.5243243243243244, 0.5995085995085995, 0.5292383292383293, 0.5041769041769042, 0.5081081081081081, 0.5361179361179361, 0.5257985257985258, 0.49828009828009834, 0.5223587223587224, 0.4742014742014742], "acc": [0.40217391304347827, 0.40217391304347827, 0.5760869565217391, 0.40217391304347827, 0.40217391304347827, 0.40217391304347827, 0.40217391304347827, 0.5978260869565217, 0.40217391304347827, 0.40217391304347827], "aps": [0.4169389174107779, 0.46758348802607386, 0.44277448235657646, 0.39517716683519294, 0.3889079662887983, 0.4355074321023905, 0.40707917359651774, 0.3898376129900096, 0.40844811600148423, 0.38300363145720695], "f1": [0.5736434108527132, 0.5736434108527132, 0.0, 0.5736434108527132, 0.5736434108527132, 0.5736434108527132, 0.5736434108527132, 0.0, 0.5736434108527132, 0.5736434108527132], "auprc": [0.40255942535551015, 0.449612224495801, 0.4265302178379959, 0.38230440676240773, 0.3766875929574847, 0.42145870328282115, 0.39322211430561, 0.3777293500712075, 0.39501900227650705, 0.36791360736295997]}