{"rf": [{"auroc": [0.565847665847666], "acc": [0.5978260869565217], "aps": [0.46249470768218814], "f1": [0.0]}], "enet": [{"auroc": [0.5277641277641278], "acc": [0.40217391304347827], "aps": [0.4620591847235781], "f1": [0.5736434108527132]}]}