{"enet": [{"auroc": [0.5218673218673219, 0.5218673218673219, 0.5218673218673219, 0.5218673218673219, 0.5218673218673219, 0.5046683046683047, 0.5267813267813268, 0.5115479115479116, 0.5130221130221131, 0.5218673218673219], "acc": [0.40217391304347827, 0.40217391304347827, 0.40217391304347827, 0.40217391304347827, 0.40217391304347827, 0.40217391304347827, 0.40217391304347827, 0.40217391304347827, 0.40217391304347827, 0.40217391304347827], "aps": [0.4127840549071719, 0.4127840549071719, 0.4127840549071719, 0.4127840549071719, 0.4127840549071719, 0.39899587193052416, 0.41639121527931233, 0.4058956424824304, 0.4107954763560897, 0.4127840549071719], "f1": [0.5736434108527132, 0.5736434108527132, 0.5736434108527132, 0.5736434108527132, 0.5736434108527132, 0.5736434108527132, 0.5736434108527132, 0.5736434108527132, 0.5736434108527132, 0.5736434108527132], "auprc": [0.3985157994750438, 0.3985157994750438, 0.3985157994750438, 0.3985157994750438, 0.3985157994750438, 0.3853481304338567, 0.40034962239421207, 0.3915520859187711, 0.3959895178961117, 0.3985157994750438]}]}