{"auroc": [0.45405405405405413, 0.5007371007371008, 0.5199017199017198, 0.5262899262899263, 0.5233415233415234, 0.5137592137592137, 0.5076167076167075, 0.543980343980344, 0.5027027027027028, 0.4884520884520885], "acc": [0.40217391304347827, 0.40217391304347827, 0.40217391304347827, 0.40217391304347827, 0.40217391304347827, 0.5978260869565217, 0.40217391304347827, 0.40217391304347827, 0.40217391304347827, 0.40217391304347827], "aps": [0.3789650273239254, 0.39186224630476507, 0.3944780862455251, 0.4012369653628093, 0.4250921614466704, 0.4088093433606593, 0.3970062844367599, 0.41664153448908287, 0.4009666082540141, 0.3840684319704525], "f1": [0.5736434108527132, 0.5736434108527132, 0.5736434108527132, 0.5736434108527132, 0.5736434108527132, 0.0, 0.5736434108527132, 0.5736434108527132, 0.5736434108527132, 0.5736434108527132], "auprc": [0.3664766227085282, 0.37904580264495724, 0.38245344693475547, 0.38857021592451785, 0.41456679280596476, 0.39609952101932744, 0.38375502693056507, 0.4032671458424337, 0.38556913700002293, 0.3711571748312856]}