{"rf": [{"auroc": [0.5076167076167076], "acc": [0.5978260869565217], "aps": [0.4434732553214348], "f1": [0.05128205128205129]}], "enet": [{"auroc": [0.550859950859951], "acc": [0.40217391304347827], "aps": [0.42235790623478053], "f1": [0.5736434108527132]}]}