{"auroc": [0.5312039312039313, 0.47125307125307125, 0.5518427518427519, 0.5665847665847665, 0.5764127764127764, 0.6437346437346436, 0.5705159705159706, 0.5572481572481572, 0.5837837837837838, 0.5714987714987715], "acc": [0.4673913043478261, 0.5978260869565217, 0.5978260869565217, 0.40217391304347827, 0.532608695652174, 0.5978260869565217, 0.5978260869565217, 0.40217391304347827, 0.40217391304347827, 0.5978260869565217], "aps": [0.44875570855384483, 0.4107032942983857, 0.45658857523926377, 0.4463999662519498, 0.43560492153520375, 0.5726664151040883, 0.4477668898970836, 0.4171108416002908, 0.4463857194895053, 0.4786670105201083], "f1": [0.5333333333333332, 0.0, 0.0, 0.5736434108527132, 0.12244897959183675, 0.0, 0.0, 0.5736434108527132, 0.5736434108527132, 0.0], "auprc": [0.43706556284910547, 0.39581319461245756, 0.4401600782671033, 0.4352312815326446, 0.4224481819005931, 0.5656595947008611, 0.4313543996934626, 0.40397448456722884, 0.42901780280476676, 0.4622663762427479]}