{"rf": [{"auroc": [0.5164619164619165], "acc": [0.5108695652173914], "aps": [0.45014678389867124], "f1": [0.3835616438356164]}], "enet": [{"auroc": [0.5577395577395577], "acc": [0.40217391304347827], "aps": [0.4628875266305779], "f1": [0.5736434108527132]}]}