{"auroc": [0.5036855036855037, 0.5606879606879607, 0.5282555282555284, 0.5248157248157248, 0.515970515970516, 0.49140049140049147, 0.5154791154791154, 0.5056511056511057, 0.5228501228501229, 0.5326781326781327], "acc": [0.40217391304347827, 0.40217391304347827, 0.40217391304347827, 0.40217391304347827, 0.40217391304347827, 0.40217391304347827, 0.40217391304347827, 0.40217391304347827, 0.40217391304347827, 0.40217391304347827], "aps": [0.3981369852187746, 0.439614289920747, 0.4008354178588064, 0.4472469783778205, 0.40278697721099976, 0.3983814694145756, 0.3989457678485495, 0.403781243635051, 0.40149727887830466, 0.40996808728171796], "f1": [0.5736434108527132, 0.5736434108527132, 0.5736434108527132, 0.5736434108527132, 0.5736434108527132, 0.5736434108527132, 0.5736434108527132, 0.5736434108527132, 0.5736434108527132, 0.5736434108527132], "auprc": [0.3851025384351269, 0.42158643339880003, 0.38824546433351714, 0.4380288904158959, 0.3897841750422716, 0.3831179511402939, 0.3862300192265552, 0.38979869155445473, 0.3881747036015836, 0.396950414180732]}