{"auroc": [0.5356265356265356, 0.49385749385749395, 0.5174447174447174, 0.5041769041769042, 0.5066339066339066, 0.5169533169533169, 0.5272727272727273, 0.45503685503685515, 0.5144963144963145, 0.48009828009828015], "acc": [0.40217391304347827, 0.40217391304347827, 0.40217391304347827, 0.40217391304347827, 0.40217391304347827, 0.40217391304347827, 0.40217391304347827, 0.5978260869565217, 0.40217391304347827, 0.40217391304347827], "aps": [0.40708935356805753, 0.38401133869880133, 0.3941180797140176, 0.3874878817605863, 0.3928238938397808, 0.3925772111474948, 0.4035302931152234, 0.4019616037054237, 0.39464891294204063, 0.3753357609969359], "f1": [0.5736434108527132, 0.5736434108527132, 0.5736434108527132, 0.5736434108527132, 0.5736434108527132, 0.5736434108527132, 0.5736434108527132, 0.0, 0.5736434108527132, 0.5736434108527132], "auprc": [0.39389321114632925, 0.3715667582919236, 0.3815817396337735, 0.37494873119291744, 0.380175831934336, 0.3802708923538795, 0.3912783034896474, 0.39066565722251706, 0.3821969695314863, 0.3630208281226315]}