{"enet": [{"auroc": [0.5135135135135136, 0.5076167076167076, 0.5056511056511057, 0.5056511056511057, 0.5056511056511057, 0.515970515970516, 0.5056511056511057, 0.5056511056511057, 0.5076167076167076, 0.515970515970516], "acc": [0.40217391304347827, 0.40217391304347827, 0.40217391304347827, 0.40217391304347827, 0.40217391304347827, 0.40217391304347827, 0.40217391304347827, 0.40217391304347827, 0.40217391304347827, 0.40217391304347827], "aps": [0.4088818814282186, 0.395840144665848, 0.40008610294022784, 0.40008610294022784, 0.40008610294022784, 0.4020489248377872, 0.40008610294022784, 0.40008610294022784, 0.395840144665848, 0.4020489248377872], "f1": [0.5736434108527132, 0.5736434108527132, 0.5736434108527132, 0.5736434108527132, 0.5736434108527132, 0.5736434108527132, 0.5736434108527132, 0.5736434108527132, 0.5736434108527132, 0.5736434108527132], "auprc": [0.39316014729159204, 0.3834142476726464, 0.3867231448813171, 0.3867231448813171, 0.3867231448813171, 0.38959769256240023, 0.3867231448813171, 0.3867231448813171, 0.3834142476726464, 0.38959769256240023]}]}