{"auroc": [0.5557739557739558, 0.5518427518427519, 0.5592137592137593, 0.4584766584766585, 0.566093366093366, 0.5744471744471744, 0.5936117936117936, 0.6152334152334152, 0.5302211302211303, 0.6108108108108109], "acc": [0.40217391304347827, 0.5978260869565217, 0.40217391304347827, 0.40217391304347827, 0.40217391304347827, 0.5978260869565217, 0.40217391304347827, 0.40217391304347827, 0.5978260869565217, 0.5978260869565217], "aps": [0.47858864231981413, 0.49832855180872515, 0.42119080664668296, 0.36448701787687904, 0.4603647604285136, 0.4884136881952688, 0.44862758203443415, 0.48570323280910577, 0.4393965249718175, 0.5238723395609168], "f1": [0.5736434108527132, 0.0, 0.5736434108527132, 0.5736434108527132, 0.5736434108527132, 0.0, 0.5736434108527132, 0.5736434108527132, 0.0, 0.0], "auprc": [0.4689023753048155, 0.4889270838610731, 0.4056351721948805, 0.35210349492003695, 0.44877701270543957, 0.4767761991203543, 0.4348662039010105, 0.467194037941003, 0.4279277427148988, 0.5141500952955779]}