{"enet": [{"auroc": [0.548894348894349, 0.5464373464373464, 0.548894348894349, 0.4668304668304668, 0.5464373464373464, 0.5439803439803439, 0.5, 0.543980343980344, 0.548894348894349, 0.5], "acc": [0.40217391304347827, 0.6086956521739131, 0.40217391304347827, 0.40217391304347827, 0.6086956521739131, 0.40217391304347827, 0.40217391304347827, 0.40217391304347827, 0.40217391304347827, 0.40217391304347827], "aps": [0.42565365438875813, 0.4641653877204698, 0.42565365438875813, 0.42087428653882425, 0.4641653877204698, 0.4256290241243121, 0.40217391304347827, 0.42714240374882995, 0.42565365438875813, 0.40217391304347827], "f1": [0.5736434108527132, 0.1, 0.5736434108527132, 0.5736434108527132, 0.1, 0.5736434108527132, 0.5736434108527132, 0.5736434108527132, 0.5736434108527132, 0.5736434108527132], "auprc": [0.41258288718837255, 0.4454419622997635, 0.41258288718837255, 0.46008184385962625, 0.4454419622997635, 0.41227207255245524, 0.7010869565217391, 0.4121831531724086, 0.41258288718837255, 0.7010869565217391]}]}