{"enet": [{"auroc": [0.5400491400491401, 0.5262899262899263, 0.5975429975429976, 0.5262899262899263, 0.5400491400491401, 0.5626535626535627, 0.5179361179361179, 0.5194103194103195, 0.5400491400491401, 0.5400491400491401], "acc": [0.5978260869565217, 0.5978260869565217, 0.5978260869565217, 0.5978260869565217, 0.5978260869565217, 0.5978260869565217, 0.5978260869565217, 0.40217391304347827, 0.5978260869565217, 0.5978260869565217], "aps": [0.4830491678020493, 0.4334076046867686, 0.517640939816181, 0.4334076046867686, 0.4830491678020493, 0.46888067173359155, 0.4254798276537407, 0.417032785339152, 0.4830491678020493, 0.4830491678020493], "f1": [0.0, 0.0, 0.0, 0.0, 0.0, 0.0, 0.0, 0.5736434108527132, 0.0, 0.0], "auprc": [0.4717003640811306, 0.4218793362496355, 0.5095263694742447, 0.4218793362496355, 0.4717003640811306, 0.4570628718774284, 0.548325499412456, 0.3990058929491265, 0.4717003640811306, 0.4717003640811306]}]}