{"rf": [{"auroc": [0.5292383292383293], "acc": [0.5978260869565217], "aps": [0.4254715483004371], "f1": [0.0]}], "enet": [{"auroc": [0.5184275184275184], "acc": [0.40217391304347827], "aps": [0.4029094655428686], "f1": [0.5736434108527132]}]}