{"auroc": [0.5154791154791155, 0.5002457002457003, 0.51990171990172, 0.5454545454545454, 0.5164619164619165, 0.5144963144963145, 0.5336609336609337, 0.54987714987715, 0.5513513513513514, 0.5017199017199018], "acc": [0.40217391304347827, 0.40217391304347827, 0.40217391304347827, 0.40217391304347827, 0.40217391304347827, 0.40217391304347827, 0.40217391304347827, 0.40217391304347827, 0.40217391304347827, 0.40217391304347827], "aps": [0.404840361384472, 0.3910836027062879, 0.39960571824685553, 0.41219340263266324, 0.3929530001322329, 0.4002097867482624, 0.4125254615960036, 0.4198451754391118, 0.4222780431013962, 0.3874332737246978], "f1": [0.5736434108527132, 0.5736434108527132, 0.5736434108527132, 0.5736434108527132, 0.5736434108527132, 0.5736434108527132, 0.5736434108527132, 0.5736434108527132, 0.5736434108527132, 0.5736434108527132], "auprc": [0.3919675139591898, 0.37804183927434, 0.38733801295035675, 0.3997048545648127, 0.38135074306035005, 0.38752859117539407, 0.39958928822883677, 0.40738422384482376, 0.409046723367724, 0.3751461128870853]}