{"auroc": [0.5710073710073711, 0.5636363636363636, 0.5174447174447174, 0.5557739557739557, 0.5523341523341523, 0.5135135135135136, 0.5734643734643735, 0.544963144963145, 0.5154791154791155, 0.5985257985257985], "acc": [0.40217391304347827, 0.40217391304347827, 0.40217391304347827, 0.40217391304347827, 0.40217391304347827, 0.6195652173913043, 0.5978260869565217, 0.40217391304347827, 0.5978260869565217, 0.5978260869565217], "aps": [0.475060880761412, 0.4795275383800225, 0.4258848306129658, 0.41172661774883845, 0.4342008490918295, 0.4803293466652569, 0.5414744887154204, 0.47485890716530527, 0.4893616288585133, 0.54248559136964], "f1": [0.5736434108527132, 0.5736434108527132, 0.5736434108527132, 0.5736434108527132, 0.5736434108527132, 0.18604651162790697, 0.2448979591836735, 0.5736434108527132, 0.0, 0.0], "auprc": [0.46324126996019727, 0.46141125614148226, 0.4153158618775859, 0.39836768074358975, 0.4239210061061905, 0.4706991165172274, 0.5342093508340013, 0.46294675195669466, 0.48000750327552505, 0.5342647783596177]}