{"auroc": [0.5341523341523342, 0.5253071253071253, 0.4963144963144964, 0.5130221130221131, 0.5425061425061426, 0.5538083538083538, 0.5213759213759215, 0.4830466830466831, 0.5046683046683047, 0.4702702702702703], "acc": [0.40217391304347827, 0.40217391304347827, 0.40217391304347827, 0.40217391304347827, 0.40217391304347827, 0.40217391304347827, 0.40217391304347827, 0.40217391304347827, 0.40217391304347827, 0.40217391304347827], "aps": [0.41269297825589235, 0.3992121188754369, 0.3858082974599111, 0.39747533608343905, 0.4419868447507262, 0.41790286920902164, 0.4014310873172696, 0.39285884551002426, 0.4326603200330613, 0.3791214390471329], "f1": [0.5736434108527132, 0.5736434108527132, 0.5736434108527132, 0.5736434108527132, 0.5736434108527132, 0.5736434108527132, 0.5736434108527132, 0.5736434108527132, 0.5736434108527132, 0.5736434108527132], "auprc": [0.3995124754642304, 0.38603890475850977, 0.3733998021407183, 0.3825502247378867, 0.4303287434782985, 0.4044769631769317, 0.38808872819202034, 0.37732317139993327, 0.4238258108507113, 0.3665461785398767]}