{"enet": [{"auroc": [0.4, 0.52, 0.5, 0.44000000000000006, 0.44000000000000006, 0.36, 0.44000000000000006, 0.72, 0.36, 0.31999999999999995], "acc": [0.4, 0.4, 0.5, 0.4, 0.4, 0.4, 0.4, 0.7, 0.4, 0.4], "aps": [0.5800000000000001, 0.5253968253968254, 0.5, 0.5942857142857143, 0.6000000000000001, 0.5688888888888889, 0.5942857142857143, 0.6583333333333333, 0.5688888888888889, 0.5546031746031745], "f1": [0.4000000000000001, 0.4000000000000001, 0.0, 0.25, 0.4000000000000001, 0.4000000000000001, 0.25, 0.7272727272727272, 0.4000000000000001, 0.25], "auprc": [0.5423015873015873, 0.6026984126984127, 0.75, 0.5565873015873015, 0.5606349206349206, 0.5313888888888889, 0.5565873015873015, 0.7863095238095237, 0.5313888888888889, 0.5175793650793651]}]}