{"auroc": [0.11999999999999997, 0.36, 0.16000000000000003, 0.24, 0.6, 0.32, 0.28, 0.16000000000000003, 0.48, 0.2], "acc": [0.5, 0.5, 0.3, 0.4, 0.6, 0.5, 0.5, 0.4, 0.6, 0.3], "aps": [0.38126984126984126, 0.4888888888888888, 0.39388888888888884, 0.44126984126984126, 0.6866666666666665, 0.46571428571428575, 0.5412698412698412, 0.421031746031746, 0.62, 0.521031746031746], "f1": [0.0, 0.0, 0.3636363636363636, 0.0, 0.5, 0.0, 0.0, 0.0, 0.6, 0.22222222222222224], "auprc": [0.32591269841269843, 0.39972222222222215, 0.33246031746031746, 0.3559126984126984, 0.6477777777777778, 0.37849206349206344, 0.5059126984126985, 0.33769841269841266, 0.5806349206349206, 0.4876984126984127]}