{"enet": [{"auroc": [0.5, 0.5, 0.5262857142857142, 0.5, 0.6234285714285714, 0.5262857142857142, 0.5, 0.5, 0.5, 0.5], "acc": [0.4166666666666667, 0.4166666666666667, 0.4166666666666667, 0.4166666666666667, 0.4166666666666667, 0.4166666666666667, 0.4166666666666667, 0.4166666666666667, 0.4166666666666667, 0.4166666666666667], "aps": [0.5833333333333334, 0.5833333333333334, 0.6296819912226999, 0.5833333333333334, 0.6736259649845423, 0.6296819912226999, 0.5833333333333334, 0.5833333333333334, 0.5833333333333334, 0.5833333333333334], "f1": [0.0, 0.0, 0.0, 0.0, 0.0, 0.0, 0.0, 0.0, 0.0, 0.0], "auprc": [0.7916666666666667, 0.7916666666666667, 0.6180025932153618, 0.7916666666666667, 0.6556623175117104, 0.6180025932153618, 0.7916666666666667, 0.7916666666666667, 0.7916666666666667, 0.7916666666666667]}]}