{"auroc": [0.38342857142857145, 0.33885714285714286, 0.3034285714285714, 0.3422857142857143, 0.3377142857142857, 0.33314285714285713, 0.34685714285714286, 0.3091428571428571, 0.3365714285714286, 0.3365714285714286], "acc": [0.4166666666666667, 0.4166666666666667, 0.4166666666666667, 0.4166666666666667, 0.4166666666666667, 0.4166666666666667, 0.4166666666666667, 0.4166666666666667, 0.4166666666666667, 0.4166666666666667], "aps": [0.5015210491843775, 0.4865653037848779, 0.4752762202311641, 0.49433633630918744, 0.4882988311324613, 0.4876454036997226, 0.4857275564186173, 0.4754865655354367, 0.48047591911153714, 0.49016883502059844], "f1": [0.0, 0.0, 0.0, 0.0, 0.0, 0.0, 0.0, 0.0, 0.0, 0.0], "auprc": [0.4872750470114804, 0.4722253434915181, 0.4606454188825989, 0.4798323178068875, 0.4744233724544919, 0.47113092656043615, 0.471935946857856, 0.46160109267015054, 0.4669080515367805, 0.47373430542815403]}