{"enet": [{"auroc": [0.46685714285714286, 0.46685714285714286, 0.46685714285714286, 0.46685714285714286, 0.46685714285714286, 0.46685714285714286, 0.46685714285714286, 0.46685714285714286, 0.46685714285714286, 0.46685714285714286], "acc": [0.4166666666666667, 0.4166666666666667, 0.4166666666666667, 0.4166666666666667, 0.4166666666666667, 0.4166666666666667, 0.4166666666666667, 0.4166666666666667, 0.4166666666666667, 0.4166666666666667], "aps": [0.5653245199451002, 0.5653245199451002, 0.5653245199451002, 0.5653245199451002, 0.5653245199451002, 0.5653245199451002, 0.5653245199451002, 0.5653245199451002, 0.5653245199451002, 0.5653245199451002], "f1": [0.0, 0.0, 0.0, 0.0, 0.0, 0.0, 0.0, 0.0, 0.0, 0.0], "auprc": [0.5484487478037612, 0.5484487478037612, 0.5484487478037612, 0.5484487478037612, 0.5484487478037612, 0.5484487478037612, 0.5484487478037612, 0.5484487478037612, 0.5484487478037612, 0.5484487478037612]}]}