{"enet": [{"auroc": [0.49314285714285716, 0.49314285714285716, 0.5, 0.5, 0.6028571428571429, 0.49314285714285716, 0.5, 0.5937142857142857, 0.49314285714285716, 0.5], "acc": [0.4166666666666667, 0.4166666666666667, 0.4166666666666667, 0.4166666666666667, 0.4166666666666667, 0.4166666666666667, 0.4166666666666667, 0.4166666666666667, 0.4166666666666667, 0.4166666666666667], "aps": [0.6032780890271874, 0.6032780890271874, 0.5833333333333334, 0.5833333333333334, 0.6944866305310183, 0.6032780890271874, 0.5833333333333334, 0.6841332172437186, 0.6032780890271874, 0.5833333333333334], "f1": [0.0, 0.0, 0.0, 0.0, 0.0, 0.0, 0.0, 0.0, 0.0, 0.0], "auprc": [0.5846288645868205, 0.5846288645868205, 0.7916666666666667, 0.7916666666666667, 0.6872611716995657, 0.5846288645868205, 0.7916666666666667, 0.6766810212005114, 0.5846288645868205, 0.7916666666666667]}]}