{"enet": [{"auroc": [0.7114285714285715, 0.5, 0.6394285714285713, 0.5, 0.6394285714285713, 0.5, 0.5, 0.5, 0.5, 0.5], "acc": [0.4166666666666667, 0.4166666666666667, 0.4166666666666667, 0.4166666666666667, 0.4166666666666667, 0.4166666666666667, 0.4166666666666667, 0.4166666666666667, 0.4166666666666667, 0.4166666666666667], "aps": [0.756577025508629, 0.5833333333333334, 0.7223690858176044, 0.5833333333333334, 0.7223690858176044, 0.5833333333333334, 0.5833333333333334, 0.5833333333333334, 0.5833333333333334, 0.5833333333333334], "f1": [0.0, 0.0, 0.0, 0.0, 0.0, 0.0, 0.0, 0.0, 0.0, 0.0], "auprc": [0.750554974077672, 0.7916666666666667, 0.7128065888152265, 0.7916666666666667, 0.7128065888152265, 0.7916666666666667, 0.7916666666666667, 0.7916666666666667, 0.7916666666666667, 0.7916666666666667]}]}