{"enet": [{"auroc": [0.4028571428571428, 0.516, 0.516, 0.5, 0.516, 0.5, 0.5, 0.516, 0.6017142857142856, 0.5], "acc": [0.4166666666666667, 0.4166666666666667, 0.4166666666666667, 0.4166666666666667, 0.4166666666666667, 0.4166666666666667, 0.4166666666666667, 0.4166666666666667, 0.4166666666666667, 0.4166666666666667], "aps": [0.5152845097014214, 0.6144207257275033, 0.6144207257275033, 0.5833333333333334, 0.6144207257275033, 0.5833333333333334, 0.5833333333333334, 0.6144207257275033, 0.6689446779187889, 0.5833333333333334], "f1": [0.0, 0.0, 0.0, 0.0, 0.0, 0.0, 0.0, 0.0, 0.0, 0.0], "auprc": [0.5004023516227825, 0.5955710838038679, 0.5955710838038679, 0.7916666666666667, 0.5955710838038679, 0.7916666666666667, 0.7916666666666667, 0.5955710838038679, 0.6509068356838121, 0.7916666666666667]}]}