{"auroc": [0.3434285714285714, 0.364, 0.444, 0.492, 0.348, 0.34114285714285714, 0.38114285714285717, 0.5651428571428571, 0.5468571428571429, 0.3422857142857143], "acc": [0.4166666666666667, 0.4166666666666667, 0.4166666666666667, 0.4166666666666667, 0.4166666666666667, 0.4166666666666667, 0.4166666666666667, 0.4166666666666667, 0.4166666666666667, 0.4166666666666667], "aps": [0.4987440727957036, 0.4922263661462015, 0.5910559464731302, 0.5816626861064732, 0.48451490176451084, 0.48317968774089753, 0.5071742101728905, 0.6901224141628196, 0.6522207378014416, 0.5124907308803781], "f1": [0.0, 0.0, 0.0, 0.0, 0.0, 0.0, 0.0, 0.0, 0.0, 0.0], "auprc": [0.48343905525160547, 0.4790474499294356, 0.5815342207707, 0.5704080057494444, 0.47134628758443564, 0.46949872498376344, 0.4890790404233054, 0.6837644637934813, 0.6442186983358495, 0.5009725225383556]}