{"auroc": [0.38799999999999996, 0.35257142857142854, 0.33428571428571424, 0.3777142857142857, 0.4017142857142857, 0.3251428571428572, 0.3742857142857143, 0.3468571428571428, 0.4382857142857143, 0.34571428571428575], "acc": [0.4166666666666667, 0.4166666666666667, 0.4166666666666667, 0.4166666666666667, 0.4166666666666667, 0.4166666666666667, 0.4166666666666667, 0.4166666666666667, 0.4166666666666667, 0.4166666666666667], "aps": [0.5728031938021363, 0.4878261359293166, 0.4872684954442929, 0.5014446524018917, 0.5161174387969862, 0.47545599250422294, 0.5060759802208026, 0.5010943450098851, 0.5600242478076054, 0.4919566588098766], "f1": [0.0, 0.0, 0.0, 0.0, 0.0, 0.0, 0.0, 0.0, 0.0, 0.0], "auprc": [0.5648624947528067, 0.47465709740302586, 0.4715646823301763, 0.4873389097066322, 0.5027174055309814, 0.46231077235562174, 0.48799359618297367, 0.4841856125933297, 0.5411021025630923, 0.4777205717828659]}