{"auroc": [0.39749999999999996, 0.49750000000000005, 0.475, 0.5549999999999999, 0.5325, 0.34, 0.365, 0.2675, 0.6575, 0.5225], "acc": [0.5, 0.55, 0.5, 0.55, 0.575, 0.5, 0.5, 0.45, 0.6, 0.5], "aps": [0.49889325706624466, 0.6105046352398857, 0.6214665088449481, 0.5521059026773284, 0.5978883341281573, 0.46171303708907335, 0.46469777715121274, 0.4122368515515162, 0.6757599274685189, 0.5565651621402895], "f1": [0.6666666666666666, 0.18181818181818182, 0.0, 0.4, 0.32000000000000006, 0.6428571428571429, 0.0, 0.6206896551724138, 0.6521739130434783, 0.16666666666666669], "auprc": [0.4806204160787298, 0.5984091644375676, 0.6131026088310768, 0.5256032529569805, 0.5809190885850528, 0.4440510788556321, 0.4340717425298978, 0.3834177740796144, 0.6601231923290707, 0.5381214673764223]}