{"enet": [{"auroc": [0.6299999999999999, 0.6825, 0.525, 0.66, 0.825, 0.5, 0.525, 0.825, 0.525, 0.6825], "acc": [0.55, 0.625, 0.525, 0.625, 0.725, 0.5, 0.525, 0.725, 0.525, 0.625], "aps": [0.654854751503483, 0.6216977902272021, 0.5142460317460317, 0.6010632818564942, 0.8440829958085393, 0.5, 0.5142460317460317, 0.8440829958085393, 0.5142460317460317, 0.6216977902272021], "f1": [0.6666666666666667, 0.6938775510204082, 0.6666666666666667, 0.6511627906976744, 0.7441860465116279, 0.6666666666666666, 0.6666666666666667, 0.7441860465116279, 0.6666666666666667, 0.6938775510204082], "auprc": [0.6419098871285146, 0.7781110193990519, 0.7321596459096459, 0.7179953044788672, 0.8396380681959172, 0.75, 0.7321596459096459, 0.8396380681959172, 0.7321596459096459, 0.7781110193990519]}]}