{"enet": [{"auroc": [0.39, 0.5, 0.47375, 0.47375, 0.47375, 0.5249999999999999, 0.4375, 0.47375, 0.4, 0.5], "acc": [0.375, 0.5, 0.475, 0.475, 0.475, 0.575, 0.425, 0.475, 0.45, 0.5], "aps": [0.54913811824247, 0.5, 0.4951282803218287, 0.4951282803218287, 0.4951282803218287, 0.5534078144078144, 0.48466138977379536, 0.4951282803218287, 0.4515717134138187, 0.5], "f1": [0.46808510638297873, 0.6666666666666666, 0.6037735849056605, 0.6037735849056605, 0.6037735849056605, 0.5142857142857143, 0.5106382978723405, 0.6037735849056605, 0.6206896551724138, 0.6666666666666666], "auprc": [0.5379273037099939, 0.75, 0.6289004484193529, 0.6289004484193529, 0.6289004484193529, 0.6246352380552882, 0.6315059073361039, 0.6289004484193529, 0.6724050467471521, 0.75]}]}