{"auroc": [0.6625, 0.695, 0.73, 0.5299999999999999, 0.705, 0.6025, 0.6475, 0.6799999999999999, 0.57, 0.52], "acc": [0.5, 0.5, 0.5, 0.5, 0.5, 0.5, 0.5, 0.5, 0.5, 0.5], "aps": [0.6408116127426023, 0.6738158339383384, 0.69491637253693, 0.5780880503858444, 0.6909546689693749, 0.6068491848735842, 0.6360732595213598, 0.6715142704178831, 0.592896231158782, 0.547408972111178], "f1": [0.0, 0.0, 0.0, 0.0, 0.0, 0.0, 0.0, 0.0, 0.0, 0.4736842105263158], "auprc": [0.6117075701407373, 0.6457069742293425, 0.6672214390831884, 0.5600831522534933, 0.6635613948458375, 0.5776485268169764, 0.607043954309098, 0.6437201685559943, 0.5749973057192101, 0.529257247201744]}