{"auroc": [0.5353535353535354, 0.5773115773115772, 0.5916860916860915, 0.5683760683760684, 0.5652680652680653, 0.5738150738150739, 0.5784770784770784, 0.6025641025641026, 0.573038073038073, 0.581973581973582], "acc": [0.15827338129496402, 0.15827338129496402, 0.15827338129496402, 0.15827338129496402, 0.15827338129496402, 0.15827338129496402, 0.15827338129496402, 0.17266187050359713, 0.15827338129496402, 0.15827338129496402], "aps": [0.8527572938363968, 0.8669811028316821, 0.8729506119031039, 0.8573126795580366, 0.858466835443704, 0.8640981014231932, 0.867139197048969, 0.8783381893207378, 0.8624886029186343, 0.8659072134983639], "f1": [0.0, 0.0, 0.0, 0.0, 0.0, 0.0, 0.0, 0.033613445378151266, 0.0, 0.0], "auprc": [0.850841804038136, 0.8648016849799565, 0.8707853180325361, 0.8598192462611453, 0.8561298947818086, 0.8619579215639217, 0.8652096897771386, 0.8761521962733667, 0.8601919516485602, 0.8635179793358243]}