{"auroc": [0.5571095571095571, 0.548951048951049, 0.5310800310800311, 0.5287490287490287, 0.5306915306915306, 0.573038073038073, 0.42540792540792544, 0.4813519813519813, 0.5155400155400155, 0.4327894327894328], "acc": [0.15827338129496402, 0.15827338129496402, 0.15827338129496402, 0.15827338129496402, 0.15827338129496402, 0.15827338129496402, 0.15827338129496402, 0.15827338129496402, 0.15827338129496402, 0.8345323741007195], "aps": [0.847460068046042, 0.8549834970210284, 0.8512915837466324, 0.8412649424959606, 0.8493046410844534, 0.8645188152305394, 0.8166446650652327, 0.8448406752030342, 0.8525474697480491, 0.8049913451465539], "f1": [0.0, 0.0, 0.0, 0.0, 0.0, 0.0, 0.0, 0.0, 0.0, 0.9098039215686274], "auprc": [0.8414218469836062, 0.8521045534976306, 0.8485579864510588, 0.8326185444717062, 0.8468109228835887, 0.8617886952434557, 0.8132181512126209, 0.8421927937912503, 0.8499338646670263, 0.7986460375997271]}