{"enet": [{"auroc": [0.40750000000000003, 0.5, 0.5, 0.42000000000000004, 0.5, 0.5, 0.42000000000000004, 0.5, 0.45, 0.5], "acc": [0.35, 0.5, 0.5, 0.4, 0.5, 0.5, 0.4, 0.5, 0.45, 0.5], "aps": [0.4905301556709588, 0.5, 0.5, 0.46173044357254883, 0.5, 0.5, 0.46173044357254883, 0.5, 0.47567476383265855, 0.5], "f1": [0.5185185185185185, 0.6666666666666666, 0.6666666666666666, 0.5714285714285714, 0.6666666666666666, 0.6666666666666666, 0.5714285714285714, 0.6666666666666666, 0.6206896551724138, 0.6666666666666666], "auprc": [0.523431160618135, 0.75, 0.75, 0.6774844118265171, 0.75, 0.75, 0.6774844118265171, 0.75, 0.7118589743589743, 0.75]}]}