{"enet": [{"auroc": [0.51, 0.6225, 0.5825, 0.45375000000000004, 0.5449999999999999, 0.5449999999999999, 0.5700000000000001, 0.45375000000000004, 0.6125, 0.5449999999999999], "acc": [0.5, 0.625, 0.525, 0.475, 0.55, 0.55, 0.575, 0.475, 0.55, 0.55], "aps": [0.5631031353320356, 0.5999613463183011, 0.597250166162438, 0.47635423885423883, 0.5981255112717961, 0.5981255112717961, 0.555100960161305, 0.47635423885423883, 0.5956594833777513, 0.5981255112717961], "f1": [0.6296296296296295, 0.6153846153846154, 0.6779661016949152, 0.631578947368421, 0.6896551724137931, 0.6896551724137931, 0.6222222222222222, 0.631578947368421, 0.6666666666666667, 0.6896551724137931], "auprc": [0.5489667618271852, 0.6895318479843908, 0.5675786748884851, 0.6996448371448372, 0.5844353001052167, 0.5844353001052167, 0.6804914451140088, 0.6996448371448372, 0.5774712637513755, 0.5844353001052167]}]}