{"auroc": [0.43499999999999994, 0.36250000000000004, 0.47, 0.48000000000000004, 0.605, 0.40249999999999997, 0.5075000000000001, 0.585, 0.6875, 0.65], "acc": [0.375, 0.5, 0.5, 0.475, 0.5, 0.4, 0.45, 0.55, 0.65, 0.5], "aps": [0.5047718572438351, 0.41654527259911506, 0.5057969683273391, 0.5313365311470917, 0.5547555367425134, 0.5144580365471225, 0.6120425642947196, 0.6702380004200241, 0.6561478143442231, 0.6222968741498153], "f1": [0.5283018867924527, 0.6666666666666666, 0.6666666666666666, 0.631578947368421, 0.0, 0.47826086956521735, 0.45, 0.6896551724137931, 0.6666666666666666, 0.6666666666666666], "auprc": [0.4739098513885841, 0.3971253555694221, 0.4795519560984882, 0.5130050053098358, 0.5292208349062604, 0.5004106568990563, 0.5993801916726694, 0.6619815219938725, 0.6424050551738325, 0.5922745772065625]}