{"enet": [{"auroc": [0.3625, 0.5, 0.5, 0.5, 0.5, 0.5, 0.4675, 0.5, 0.45375000000000004, 0.45875], "acc": [0.5, 0.5, 0.5, 0.5, 0.5, 0.5, 0.6, 0.5, 0.575, 0.575], "aps": [0.5175331055676633, 0.5, 0.5, 0.5, 0.5, 0.5, 0.6017763408593346, 0.5, 0.5521952705886093, 0.5536950851974339], "f1": [0.3333333333333333, 0.6666666666666666, 0.6666666666666666, 0.6666666666666666, 0.6666666666666666, 0.6666666666666666, 0.4666666666666667, 0.6666666666666666, 0.45161290322580644, 0.45161290322580644], "auprc": [0.5039598730166498, 0.75, 0.75, 0.75, 0.75, 0.75, 0.616034726350217, 0.75, 0.5982465279585705, 0.5997394566094524]}]}