{"enet": [{"auroc": [0.5575, 0.5, 0.5, 0.5, 0.5, 0.5, 0.39375, 0.5, 0.5, 0.5], "acc": [0.5, 0.5, 0.5, 0.5, 0.5, 0.5, 0.4, 0.5, 0.5, 0.5], "aps": [0.6260735853602749, 0.5, 0.5, 0.5, 0.5, 0.5, 0.4491207330216618, 0.5, 0.5, 0.5], "f1": [0.6551724137931034, 0.6666666666666666, 0.6666666666666666, 0.6666666666666666, 0.6666666666666666, 0.6666666666666666, 0.5714285714285714, 0.6666666666666666, 0.6666666666666666, 0.6666666666666666], "auprc": [0.6161050197190612, 0.75, 0.75, 0.75, 0.75, 0.75, 0.6568938422653593, 0.75, 0.75, 0.75]}]}