{"enet": [{"auroc": [0.3925, 0.5, 0.325, 0.5, 0.35, 0.39999999999999997, 0.35, 0.44375, 0.325, 0.44375], "acc": [0.525, 0.5, 0.325, 0.5, 0.375, 0.4, 0.375, 0.5, 0.325, 0.5], "aps": [0.5096617517110754, 0.5, 0.4163157928637805, 0.5, 0.4279022456267038, 0.4543795951872177, 0.4279022456267038, 0.5131050734956832, 0.4163157928637805, 0.5131050734956832], "f1": [0.24, 0.6666666666666666, 0.490566037735849, 0.6666666666666666, 0.5454545454545454, 0.5384615384615384, 0.5454545454545454, 0.4736842105263158, 0.490566037735849, 0.4736842105263158], "auprc": [0.49576713883501566, 0.75, 0.6106339746819623, 0.75, 0.6315787162149391, 0.6310242875469202, 0.6315787162149391, 0.5795466083510145, 0.6106339746819623, 0.5795466083510145]}]}