{"enet": [{"auroc": [0.4925, 0.5, 0.39874999999999994, 0.4525, 0.5, 0.41, 0.5, 0.5, 0.41, 0.4525], "acc": [0.575, 0.5, 0.425, 0.45, 0.5, 0.4, 0.5, 0.5, 0.4, 0.45], "aps": [0.6240186713587714, 0.5, 0.45636876173716434, 0.48173911801006575, 0.5, 0.451827189539871, 0.5, 0.5, 0.451827189539871, 0.48173911801006575], "f1": [0.2608695652173913, 0.6666666666666666, 0.5490196078431372, 0.56, 0.6666666666666666, 0.5, 0.6666666666666666, 0.6666666666666666, 0.5, 0.56], "auprc": [0.6156594034716876, 0.75, 0.5751886888206481, 0.6345560891126156, 0.75, 0.5619433328270578, 0.75, 0.75, 0.5619433328270578, 0.6345560891126156]}]}