{"auroc": [0.42750000000000005, 0.4975, 0.5974999999999999, 0.3875, 0.515, 0.35250000000000004, 0.3225, 0.47500000000000003, 0.48, 0.355], "acc": [0.475, 0.55, 0.525, 0.5, 0.525, 0.5, 0.525, 0.375, 0.6, 0.5], "aps": [0.5289140443820534, 0.5466046829583247, 0.5807496871100919, 0.47045652083261813, 0.5481110457601747, 0.4800501642154434, 0.473576792912062, 0.5681393009780982, 0.6069660777363781, 0.41951263644382764], "f1": [0.46153846153846156, 0.64, 0.5581395348837209, 0.6666666666666666, 0.3870967741935483, 0.6666666666666666, 0.6779661016949152, 0.46808510638297873, 0.4666666666666667, 0.6666666666666666], "auprc": [0.5109220826400916, 0.5324445633902897, 0.5503281580684242, 0.43971383896265714, 0.5297563285409314, 0.4618927012074369, 0.46062602208758674, 0.5503757098580604, 0.5960363383516356, 0.39597739828358947]}