{"auroc": [0.42, 0.41750000000000004, 0.3425, 0.34249999999999997, 0.31, 0.5700000000000001, 0.40249999999999997, 0.375, 0.41500000000000004, 0.44], "acc": [0.45, 0.375, 0.4, 0.35, 0.375, 0.5, 0.4, 0.375, 0.375, 0.425], "aps": [0.5380414809835001, 0.5508051495540153, 0.43726035335961644, 0.5097083598343835, 0.39908838376333305, 0.6021778319719495, 0.4526954846910861, 0.5386372784265212, 0.5108644058075003, 0.5074503495282773], "f1": [0.5769230769230769, 0.46808510638297873, 0.45454545454545453, 0.45833333333333337, 0.46808510638297873, 0.6153846153846154, 0.5199999999999999, 0.5283018867924527, 0.4186046511627907, 0.5490196078431372], "auprc": [0.5243964570338667, 0.5390806563585742, 0.4077655830835962, 0.49864482840910285, 0.3793275593553678, 0.5843823161109903, 0.43025141789341564, 0.525274046172849, 0.48070412139567553, 0.4890949211668547]}