{"enet": [{"auroc": [0.5700000000000001, 0.6575000000000001, 0.5, 0.4625, 0.6575000000000001, 0.48250000000000004, 0.605, 0.4625, 0.6375000000000001, 0.6575000000000001], "acc": [0.55, 0.55, 0.5, 0.525, 0.55, 0.5, 0.475, 0.525, 0.65, 0.55], "aps": [0.5371704055937536, 0.671836635528858, 0.5, 0.469763067386211, 0.671836635528858, 0.48782094907910123, 0.580674939918094, 0.469763067386211, 0.5993258902826981, 0.671836635528858], "f1": [0.6250000000000001, 0.24999999999999997, 0.6666666666666666, 0.6274509803921569, 0.24999999999999997, 0.6666666666666666, 0.6440677966101694, 0.6274509803921569, 0.7083333333333333, 0.24999999999999997], "auprc": [0.5136609457673565, 0.6613696990076058, 0.75, 0.5798489511095153, 0.6613696990076058, 0.464156936259841, 0.5506918775812072, 0.5798489511095153, 0.5690028724498546, 0.6613696990076058]}]}