{"auroc": [0.5780885780885782, 0.602952602952603, 0.5528360528360527, 0.47241647241647244, 0.6165501165501166, 0.5306915306915306, 0.4242424242424242, 0.5889665889665889, 0.6060606060606061, 0.6165501165501165], "acc": [0.15827338129496402, 0.15827338129496402, 0.15827338129496402, 0.15827338129496402, 0.15827338129496402, 0.15827338129496402, 0.2014388489208633, 0.15827338129496402, 0.15827338129496402, 0.15827338129496402], "aps": [0.8619778590036656, 0.880913554868378, 0.8600366193319786, 0.8029762655449133, 0.883167740408854, 0.8483557843935434, 0.8140547841058522, 0.876032438728932, 0.8788926224911822, 0.8895283843961472], "f1": [0.0, 0.0, 0.0, 0.0, 0.0, 0.0, 0.13953488372093026, 0.0, 0.0, 0.0], "auprc": [0.8577285241888509, 0.8788001987722649, 0.8577609863352165, 0.7967386516948964, 0.8809842406153949, 0.8455704592022504, 0.8082022353742306, 0.8742005461644758, 0.8766906080344025, 0.8875412321630252]}