{"auroc": [0.37148803329864727, 0.5556711758584807, 0.49635796045785635, 0.43808532778355874, 0.5442247658688866, 0.5057232049947971, 0.6087408949011446, 0.5400624349635796, 0.542143600416233, 0.5619146722164412], "acc": [0.5, 0.5, 0.5, 0.5, 0.5, 0.5, 0.5, 0.5, 0.5, 0.5], "aps": [0.4598427906604751, 0.5927623065392771, 0.5099097435555814, 0.5163819742640311, 0.5758535499795698, 0.5904614136266763, 0.6546495689037404, 0.5977062222379613, 0.5946069881302692, 0.6414504152910014], "f1": [0.0, 0.0, 0.0, 0.0, 0.0, 0.0, 0.0, 0.0, 0.0, 0.0], "auprc": [0.4382742831835838, 0.5798758220216592, 0.48834630592960315, 0.5028836416399255, 0.56500172896033, 0.5804003673820256, 0.6472810441144826, 0.5895327842846418, 0.5854239558848394, 0.6340040861924161]}