{"enet": [{"auroc": [0.5225, 0.34625000000000006, 0.62, 0.5249999999999999, 0.52, 0.62, 0.6399999999999999, 0.32, 0.6399999999999999, 0.6399999999999999], "acc": [0.55, 0.375, 0.575, 0.525, 0.575, 0.575, 0.7, 0.35, 0.7, 0.7], "aps": [0.5110916796958171, 0.42243337435446315, 0.6287971476003766, 0.5153629302855309, 0.5370974234729288, 0.6287971476003766, 0.6984303901743418, 0.4098593072976374, 0.6984303901743418, 0.6984303901743418], "f1": [0.6785714285714285, 0.5098039215686274, 0.37037037037037035, 0.6779661016949152, 0.6046511627906976, 0.37037037037037035, 0.6666666666666665, 0.45833333333333337, 0.6666666666666665, 0.6666666666666665], "auprc": [0.4803364737201946, 0.5857261272657158, 0.6564812522156841, 0.4849004433146391, 0.506553111302614, 0.6564812522156841, 0.6894373248647006, 0.5630391702253104, 0.6894373248647006, 0.6894373248647006]}]}