{"enet": [{"auroc": [0.4875, 0.5, 0.42750000000000005, 0.5, 0.5, 0.5, 0.5, 0.5, 0.5, 0.5], "acc": [0.525, 0.5, 0.45, 0.5, 0.5, 0.5, 0.5, 0.5, 0.5, 0.5], "aps": [0.5200632667480493, 0.5, 0.46364972114972114, 0.5, 0.5, 0.5, 0.5, 0.5, 0.5, 0.5], "f1": [0.6666666666666667, 0.6666666666666666, 0.6071428571428571, 0.6666666666666666, 0.6666666666666666, 0.6666666666666666, 0.6666666666666666, 0.6666666666666666, 0.6666666666666666, 0.6666666666666666], "auprc": [0.4890891445790742, 0.75, 0.6794006369006369, 0.75, 0.75, 0.75, 0.75, 0.75, 0.75, 0.75]}]}