{"auroc": [0.5, 0.55, 0.7100000000000002, 0.34, 0.45, 0.7974999999999999, 0.3525, 0.5825, 0.26999999999999996, 0.3225], "acc": [0.5, 0.5, 0.725, 0.45, 0.475, 0.55, 0.475, 0.5, 0.45, 0.35], "aps": [0.5743466236632522, 0.5895899192646104, 0.7739385879846405, 0.4298733956951636, 0.5597065514022036, 0.8050717893217894, 0.4347983110284727, 0.6074401330582873, 0.39288974420943035, 0.40920292832989946], "f1": [0.6428571428571429, 0.5238095238095238, 0.6666666666666667, 0.6071428571428571, 0.6181818181818183, 0.18181818181818182, 0.6440677966101694, 0.16666666666666669, 0.6071428571428571, 0.48], "auprc": [0.5602118307663948, 0.5757407043928571, 0.7664531122705097, 0.40382827325891213, 0.548011304627091, 0.79763156445559, 0.4052176280506225, 0.5897439156037143, 0.368805939673279, 0.38860795006483906]}