{"auroc": [0.5042735042735043, 0.5827505827505828, 0.4545454545454546, 0.46542346542346535, 0.41219891219891225, 0.45571095571095566, 0.5256410256410257, 0.46464646464646464, 0.5283605283605284, 0.5691530691530692], "acc": [0.15827338129496402, 0.15827338129496402, 0.15827338129496402, 0.15827338129496402, 0.15827338129496402, 0.15827338129496402, 0.15827338129496402, 0.15827338129496402, 0.19424460431654678, 0.15827338129496402], "aps": [0.8448783510233295, 0.8809603224293283, 0.8183786639166636, 0.839735459099838, 0.8221715689392635, 0.8437037206589881, 0.8474723471865807, 0.8375565112412919, 0.8645178853552014, 0.8748806694834117], "f1": [0.0, 0.0, 0.0, 0.0, 0.0, 0.0, 0.0, 0.0, 0.08196721311475409, 0.0], "auprc": [0.8431325543906818, 0.879789032666285, 0.8144686605820269, 0.8380487967298071, 0.8191680724590262, 0.8421716173424185, 0.8422726501015965, 0.8359184110768927, 0.8629836123008636, 0.8736764947014737]}