{"auroc": [0.6557886557886559, 0.4914529914529914, 0.682983682983683, 0.6581196581196581, 0.6258741258741259, 0.6410256410256411, 0.6697746697746698, 0.684926184926185, 0.6857031857031858, 0.6790986790986792], "acc": [0.15827338129496402, 0.841726618705036, 0.15827338129496402, 0.15827338129496402, 0.15827338129496402, 0.15827338129496402, 0.15827338129496402, 0.15827338129496402, 0.15827338129496402, 0.15827338129496402], "aps": [0.9026106240905497, 0.8371113900869177, 0.9040841148436549, 0.8932360694114648, 0.8936181903232441, 0.8800425911948474, 0.9070437046027299, 0.9201581035750881, 0.9058297465948263, 0.896269177657022], "f1": [0.0, 0.9140624999999999, 0.0, 0.0, 0.0, 0.0, 0.0, 0.0, 0.0, 0.0], "auprc": [0.9013623701137262, 0.8351447854055316, 0.9013950783653996, 0.8912217935112474, 0.8918143512339658, 0.8743555847316489, 0.90569323212445, 0.9195301874716048, 0.9043073618956778, 0.891489461450004]}