{"auroc": [0.3275, 0.29250000000000004, 0.30000000000000004, 0.46, 0.35250000000000004, 0.2925, 0.365, 0.245, 0.35000000000000003, 0.2525], "acc": [0.425, 0.475, 0.325, 0.55, 0.45, 0.4, 0.45, 0.35, 0.4, 0.35], "aps": [0.4555949884451569, 0.47414331037457985, 0.4055940586911328, 0.5411727265416781, 0.43184942330141407, 0.4059639834172865, 0.4402025490710467, 0.37937712074040286, 0.41387687063030987, 0.37783942782721736], "f1": [0.5660377358490566, 0.6440677966101694, 0.4489795918367347, 0.6785714285714285, 0.6206896551724138, 0.5199999999999999, 0.5769230769230769, 0.5185185185185185, 0.5199999999999999, 0.4347826086956522], "auprc": [0.42552686985445876, 0.46090277717418887, 0.38268204978310294, 0.5275168554033763, 0.40325800109300103, 0.3778907777469741, 0.4110275804004068, 0.35806171653830676, 0.3945846266913268, 0.35747668295911206]}