{"auroc": [0.5808080808080808, 0.5959595959595959, 0.5831390831390831, 0.574980574980575, 0.5979020979020979, 0.5559440559440559, 0.5695415695415695, 0.5811965811965811, 0.5874125874125874, 0.5819735819735821], "acc": [0.15827338129496402, 0.15827338129496402, 0.15827338129496402, 0.15827338129496402, 0.15827338129496402, 0.17266187050359713, 0.15827338129496402, 0.15827338129496402, 0.15827338129496402, 0.15827338129496402], "aps": [0.8656804702978299, 0.8728382380976636, 0.8668511309780222, 0.862928075832101, 0.8733239778091691, 0.8567143391978189, 0.8592213547429204, 0.8663098573809911, 0.8679637613926238, 0.8662381526558713], "f1": [0.0, 0.0, 0.0, 0.0, 0.0, 0.033613445378151266, 0.0, 0.0, 0.0, 0.0], "auprc": [0.8632928846694035, 0.8703902744576755, 0.8643267709758975, 0.8604675991211126, 0.8708787144184836, 0.8542134608631221, 0.8567294871860207, 0.8639150560929173, 0.8654616963664568, 0.8637362341327823]}