{"auroc": [0.5947940947940947, 0.5714840714840715, 0.543900543900544, 0.5757575757575757, 0.604895104895105, 0.5885780885780886, 0.5155400155400156, 0.49261849261849255, 0.6639471639471639, 0.5699300699300699], "acc": [0.15827338129496402, 0.15827338129496402, 0.15827338129496402, 0.15827338129496402, 0.15827338129496402, 0.15827338129496402, 0.15827338129496402, 0.15827338129496402, 0.7122302158273381, 0.15827338129496402], "aps": [0.85695179781046, 0.8376796344249869, 0.8205263805654857, 0.8460105763784883, 0.8594291124169743, 0.8525741732526548, 0.8459944180277552, 0.8359277431634962, 0.9061772973419072, 0.8422053400219733], "f1": [0.0, 0.0, 0.0, 0.0, 0.0, 0.0, 0.0, 0.0, 0.8148148148148149, 0.0], "auprc": [0.8512038206079391, 0.8323675951270347, 0.8136533895333242, 0.8421899966337739, 0.8538213050894179, 0.8471358711906649, 0.8427396680328135, 0.8305301752740748, 0.9051546408648883, 0.8362285183207094]}