{"auroc": [0.5582750582750583, 0.588966588966589, 0.5819735819735821, 0.5633255633255634, 0.534965034965035, 0.6216006216006216, 0.5194250194250194, 0.5648795648795649, 0.6305361305361306, 0.550893550893551], "acc": [0.15827338129496402, 0.15827338129496402, 0.15827338129496402, 0.15827338129496402, 0.15827338129496402, 0.15827338129496402, 0.15827338129496402, 0.15827338129496402, 0.15827338129496402, 0.15827338129496402], "aps": [0.8675060910349334, 0.8918010700937333, 0.8907727123224867, 0.8794441855721518, 0.8642183438219161, 0.881643716923769, 0.8359398695330933, 0.8723325351806777, 0.904676074137434, 0.8780310531519386], "f1": [0.0, 0.0, 0.0, 0.0, 0.0, 0.0, 0.0, 0.0, 0.0, 0.0], "auprc": [0.8655454378807867, 0.8908194853807003, 0.8898363440251658, 0.8782537175336352, 0.8625508460464882, 0.8798316666379591, 0.8322497252227381, 0.8708321640683923, 0.9039542524941535, 0.877009352075772]}