{"auroc": [0.36, 0.565, 0.3075, 0.3425, 0.41000000000000003, 0.5225, 0.565, 0.425, 0.38, 0.30000000000000004], "acc": [0.5, 0.575, 0.45, 0.5, 0.5, 0.425, 0.575, 0.6, 0.4, 0.35], "aps": [0.4707442306481139, 0.6210838021218714, 0.40369023250795216, 0.4886771544568865, 0.49206023473666166, 0.682324022722806, 0.5896407951231368, 0.6008697796684039, 0.4765841565925023, 0.444873929887124], "f1": [0.6666666666666666, 0.4848484848484849, 0.6206896551724138, 0.09090909090909091, 0.6666666666666666, 0.5818181818181818, 0.37037037037037035, 0.4285714285714285, 0.5714285714285714, 0.45833333333333337], "auprc": [0.4530164320748112, 0.6093961905740626, 0.38316053711805936, 0.470594820232589, 0.47387205738361354, 0.67594062551919, 0.560084436223028, 0.5918468321788983, 0.45925922312794704, 0.42764394154336993]}