{"enet": [{"auroc": [0.595, 0.5, 0.475, 0.5, 0.48000000000000004, 0.5, 0.475, 0.5, 0.5, 0.48500000000000004], "acc": [0.6, 0.5, 0.65, 0.5, 0.625, 0.5, 0.65, 0.5, 0.5, 0.625], "aps": [0.6933889861302203, 0.5, 0.6529333383863745, 0.5, 0.6542163470443831, 0.5, 0.6529333383863745, 0.5, 0.5, 0.65027951812226], "f1": [0.33333333333333337, 0.6666666666666666, 0.4615384615384615, 0.6666666666666666, 0.48275862068965514, 0.6666666666666666, 0.4615384615384615, 0.6666666666666666, 0.6666666666666666, 0.4444444444444444], "auprc": [0.6859565875237991, 0.75, 0.6464498137742546, 0.75, 0.6477297437288324, 0.75, 0.6464498137742546, 0.75, 0.75, 0.6428329822217768]}]}