{"auroc": [0.5974999999999999, 0.6475, 0.5399999999999999, 0.40499999999999997, 0.5874999999999999, 0.435, 0.40249999999999997, 0.36749999999999994, 0.6325000000000001, 0.5975], "acc": [0.575, 0.5, 0.6, 0.525, 0.55, 0.525, 0.5, 0.575, 0.675, 0.575], "aps": [0.5508760891410838, 0.5858394062206649, 0.5076732194174093, 0.47350505616609684, 0.5589559622820273, 0.48319439445124024, 0.47047067617520244, 0.46257551555223775, 0.5797163536725085, 0.5790745101729757], "f1": [0.6382978723404256, 0.6666666666666666, 0.68, 0.6779661016949152, 0.6538461538461537, 0.6779661016949152, 0.6666666666666666, 0.7017543859649124, 0.7346938775510204, 0.6666666666666665], "auprc": [0.5199898671763372, 0.5551448082926744, 0.481453803177001, 0.4563532258812623, 0.5281332361055716, 0.4524166536906702, 0.4437659804546298, 0.44605388504634796, 0.5490655132031174, 0.5611350715729545]}