{"auroc": [0.2925, 0.49749999999999994, 0.58, 0.3325, 0.4625, 0.4525, 0.5525, 0.6925, 0.4375, 0.6425000000000001], "acc": [0.5, 0.55, 0.575, 0.475, 0.525, 0.55, 0.575, 0.525, 0.5, 0.5], "aps": [0.4457605262506378, 0.5753115824184922, 0.6573458368854788, 0.47499271369436574, 0.598112039617634, 0.6133275842209228, 0.6272872122809704, 0.743719018887113, 0.5252624408973827, 0.6706784188034189], "f1": [0.6666666666666666, 0.18181818181818182, 0.37037037037037035, 0.6440677966101694, 0.09523809523809523, 0.18181818181818182, 0.32000000000000006, 0.09523809523809523, 0.6666666666666666, 0.0], "auprc": [0.42841372902948704, 0.5615563980622049, 0.6469926658686082, 0.4571389101734322, 0.5870880535209978, 0.6040937229659822, 0.6150119356203708, 0.7370028334492897, 0.5116589925776631, 0.6597263677382765]}