{"auroc": [0.5296566077003122, 0.518210197710718, 0.4901144640998959, 0.5026014568158168, 0.4578563995837669, 0.6690946930280958, 0.47970863683662845, 0.4786680541103018, 0.5244536940686785, 0.6243496357960457], "acc": [0.5, 0.5, 0.5, 0.5, 0.5, 0.5, 0.5, 0.5, 0.5, 0.5], "aps": [0.5722465081885758, 0.6113512154340013, 0.5877832512838247, 0.5422737334857731, 0.5455016447871004, 0.6977117458906611, 0.5726523388306518, 0.593604890639247, 0.5469640000428622, 0.6615414110760278], "f1": [0.0, 0.0, 0.0, 0.0, 0.0, 0.0, 0.0, 0.0, 0.0, 0.0], "auprc": [0.5520144779588813, 0.6043767423179073, 0.5757597044846071, 0.5213146497261799, 0.5252150607945801, 0.6902878858840079, 0.5638646241936434, 0.5856699047518934, 0.5336574633506725, 0.6536353698501614]}