{"auroc": [0.4325, 0.4425, 0.32500000000000007, 0.33249999999999996, 0.275, 0.26, 0.69, 0.36750000000000005, 0.4575000000000001, 0.37000000000000005], "acc": [0.5, 0.5, 0.375, 0.525, 0.375, 0.475, 0.625, 0.5, 0.45, 0.4], "aps": [0.48682093665363063, 0.5266185758769215, 0.44912077876009604, 0.4870155948863499, 0.40277485162319715, 0.39231818008561636, 0.7343793087154356, 0.46446914533916434, 0.5211617812844828, 0.4448342877870741], "f1": [0.5833333333333334, 0.5833333333333334, 0.5283018867924527, 0.6666666666666667, 0.5283018867924527, 0.6440677966101694, 0.6938775510204082, 0.6153846153846154, 0.5, 0.47826086956521735], "auprc": [0.46938865746502373, 0.5082697242927758, 0.432069126887055, 0.46972089088034563, 0.3744259724518234, 0.3694756821930424, 0.7266279958970714, 0.44725837580054606, 0.5029324413000277, 0.4152193269503541]}