{"auroc": [0.345, 0.49499999999999994, 0.46499999999999997, 0.43750000000000006, 0.5800000000000001, 0.465, 0.44, 0.6125, 0.40499999999999997, 0.6975], "acc": [0.4, 0.525, 0.475, 0.5, 0.525, 0.525, 0.5, 0.525, 0.475, 0.5], "aps": [0.4976633434472618, 0.5313320901568158, 0.5128145711294633, 0.5007899407321632, 0.6172013260875194, 0.5527715212650189, 0.5023091277965772, 0.6665295099170605, 0.5032743787859887, 0.678534703610886], "f1": [0.5384615384615384, 0.09523809523809523, 0.2758620689655173, 0.6551724137931034, 0.09523809523809523, 0.09523809523809523, 0.6666666666666666, 0.09523809523809523, 0.631578947368421, 0.6666666666666666], "auprc": [0.4846223612175853, 0.5131539466883661, 0.4946287777683044, 0.48310913721579835, 0.6035614453982966, 0.5384676608552899, 0.4843993189671492, 0.6558698313552764, 0.4851077562689585, 0.6616326364553147]}