{"auroc": [0.5, 0.5285012285012285, 0.5071253071253071, 0.5321867321867322, 0.5312039312039313, 0.528009828009828, 0.5272727272727273, 0.5292383292383293, 0.5250614250614252, 0.5248157248157248], "acc": [0.40217391304347827, 0.40217391304347827, 0.40217391304347827, 0.40217391304347827, 0.40217391304347827, 0.40217391304347827, 0.40217391304347827, 0.40217391304347827, 0.40217391304347827, 0.40217391304347827], "aps": [0.40217391304347827, 0.40395460482286255, 0.391906329354773, 0.4065131918250137, 0.40497043029237856, 0.4026300670792194, 0.4036649386461651, 0.40328182964581044, 0.4023890981725509, 0.4126149762850685], "f1": [0.5736434108527132, 0.5736434108527132, 0.5736434108527132, 0.5736434108527132, 0.5736434108527132, 0.5736434108527132, 0.5736434108527132, 0.5736434108527132, 0.5736434108527132, 0.5736434108527132], "auprc": [0.7010869565217391, 0.39143201907276015, 0.3783821100707936, 0.39340883703055807, 0.39225589343607725, 0.39040483654570357, 0.39090300144638945, 0.3907724460639892, 0.3897018564872118, 0.3987637952277412]}