{"auroc": [0.5194103194103195, 0.47714987714987717, 0.5154791154791155, 0.49090909090909096, 0.5267813267813268, 0.5302211302211303, 0.5265356265356266, 0.5248157248157249, 0.5031941031941032, 0.45847665847665847], "acc": [0.40217391304347827, 0.5978260869565217, 0.5978260869565217, 0.5978260869565217, 0.40217391304347827, 0.40217391304347827, 0.40217391304347827, 0.40217391304347827, 0.5978260869565217, 0.40217391304347827], "aps": [0.3993469951923543, 0.3954173857030312, 0.44012854439819415, 0.38492805967773475, 0.4033609002259745, 0.40323475144325716, 0.3980425432722132, 0.40319682506526466, 0.4097834050306454, 0.3875717149374439], "f1": [0.5736434108527132, 0.0, 0.0, 0.0, 0.5736434108527132, 0.5736434108527132, 0.5736434108527132, 0.5736434108527132, 0.0, 0.5736434108527132], "auprc": [0.38671231429705744, 0.377639151361573, 0.42150265465829606, 0.371848592093466, 0.3905423194534299, 0.39066205789874825, 0.3891757001919321, 0.39033495073580043, 0.3957403732215422, 0.38853943457524026]}