{"enet": [{"auroc": [0.544963144963145, 0.40294840294840295, 0.544963144963145, 0.46437346437346444, 0.4004914004914005, 0.5, 0.4004914004914005, 0.4525798525798526, 0.3906633906633907, 0.544963144963145], "acc": [0.40217391304347827, 0.40217391304347827, 0.40217391304347827, 0.40217391304347827, 0.40217391304347827, 0.40217391304347827, 0.40217391304347827, 0.40217391304347827, 0.40217391304347827, 0.40217391304347827], "aps": [0.44349724995411555, 0.3548512710522432, 0.44349724995411555, 0.37551079348130745, 0.36298936768834067, 0.40217391304347827, 0.36298936768834067, 0.3719374351921927, 0.35645493088201186, 0.44349724995411555], "f1": [0.5736434108527132, 0.5736434108527132, 0.5736434108527132, 0.5736434108527132, 0.5736434108527132, 0.5736434108527132, 0.5736434108527132, 0.5736434108527132, 0.5736434108527132, 0.5736434108527132], "auprc": [0.4322937443588836, 0.3415552833212342, 0.4322937443588836, 0.40666962066810836, 0.3864699323445716, 0.7010869565217391, 0.3864699323445716, 0.35871416970565806, 0.3823433058605859, 0.4322937443588836]}]}