{"auroc": [0.4766584766584767, 0.48796068796068803, 0.4766584766584766, 0.5056511056511057, 0.4702702702702703, 0.4648648648648649, 0.45995085995086005, 0.4923832923832924, 0.49336609336609344, 0.5267813267813268], "acc": [0.40217391304347827, 0.40217391304347827, 0.40217391304347827, 0.40217391304347827, 0.40217391304347827, 0.40217391304347827, 0.40217391304347827, 0.40217391304347827, 0.40217391304347827, 0.40217391304347827], "aps": [0.38440832554564075, 0.4430421952486219, 0.3821674901796076, 0.3849786547396685, 0.38849598680931596, 0.38325799984481146, 0.4098110633159035, 0.39448348683785434, 0.3883228605204365, 0.4001750004388209], "f1": [0.5736434108527132, 0.5736434108527132, 0.5736434108527132, 0.5736434108527132, 0.5736434108527132, 0.5736434108527132, 0.5736434108527132, 0.5736434108527132, 0.5736434108527132, 0.5736434108527132], "auprc": [0.369223075793382, 0.43129641379742106, 0.3676382416350536, 0.3728826580253892, 0.3730847107986881, 0.36799603200542397, 0.39827917797060414, 0.37936381280092935, 0.3745379387721727, 0.38799427656778684]}