{"enet": [{"auroc": [0.4481572481572482, 0.5, 0.5, 0.5, 0.5597051597051598, 0.5, 0.5, 0.5, 0.5597051597051598, 0.5], "acc": [0.40217391304347827, 0.40217391304347827, 0.40217391304347827, 0.40217391304347827, 0.40217391304347827, 0.40217391304347827, 0.40217391304347827, 0.40217391304347827, 0.40217391304347827, 0.40217391304347827], "aps": [0.3753520158719182, 0.40217391304347827, 0.40217391304347827, 0.40217391304347827, 0.42414939885105923, 0.40217391304347827, 0.40217391304347827, 0.40217391304347827, 0.42414939885105923, 0.40217391304347827], "f1": [0.5736434108527132, 0.5736434108527132, 0.5736434108527132, 0.5736434108527132, 0.5736434108527132, 0.5736434108527132, 0.5736434108527132, 0.5736434108527132, 0.5736434108527132, 0.5736434108527132], "auprc": [0.35997763812284506, 0.7010869565217391, 0.7010869565217391, 0.7010869565217391, 0.4102122047380276, 0.7010869565217391, 0.7010869565217391, 0.7010869565217391, 0.4102122047380276, 0.7010869565217391]}]}