{"auroc": [0.5194103194103195, 0.47174447174447176, 0.5027027027027028, 0.5135135135135135, 0.47125307125307125, 0.4697788697788698, 0.5110565110565111, 0.5351351351351352, 0.5041769041769042, 0.48894348894348894], "acc": [0.40217391304347827, 0.40217391304347827, 0.40217391304347827, 0.40217391304347827, 0.40217391304347827, 0.40217391304347827, 0.40217391304347827, 0.40217391304347827, 0.40217391304347827, 0.40217391304347827], "aps": [0.4013381819366364, 0.38481377172275044, 0.39196196078233136, 0.40121269870567755, 0.379194197890501, 0.3669909913133537, 0.3981864168070848, 0.40369316265096905, 0.38837839934313856, 0.3809255989945233], "f1": [0.5736434108527132, 0.5736434108527132, 0.5736434108527132, 0.5736434108527132, 0.5736434108527132, 0.5736434108527132, 0.5736434108527132, 0.5736434108527132, 0.5736434108527132, 0.5736434108527132], "auprc": [0.38880581254127466, 0.36759163625349084, 0.3796287225608215, 0.38832219158365455, 0.3626269303973509, 0.35516012668813934, 0.38507412143938885, 0.39158317504564355, 0.3761293272304883, 0.36908903493623424]}