{"auroc": [0.36672967863894135, 0.3459357277882798, 0.3742911153119093, 0.3402646502835539, 0.3742911153119093], "acc": [0.3695652173913043, 0.34782608695652173, 0.391304347826087, 0.391304347826087, 0.5], "aps": [0.4197261915246502, 0.4067497547525699, 0.42219985666442766, 0.4057465819475009, 0.4185516622748293], "f1": [0.0, 0.0625, 0.125, 0.4814814814814815, 0.6666666666666666], "auprc": [0.4019521354812764, 0.3904525980986123, 0.4044760097743184, 0.38837759815293943, 0.4015734179976238]}