{"auroc": [0.37542857142857144, 0.372, 0.45199999999999996, 0.5868571428571429, 0.36742857142857144, 0.44285714285714284, 0.3102857142857143, 0.5034285714285714, 0.42, 0.3537142857142857], "acc": [0.4166666666666667, 0.4166666666666667, 0.4166666666666667, 0.4166666666666667, 0.4166666666666667, 0.5833333333333334, 0.4166666666666667, 0.4166666666666667, 0.4166666666666667, 0.4166666666666667], "aps": [0.5233021205942734, 0.5623016018240251, 0.5530886060456117, 0.7212284835449894, 0.5576613202436673, 0.602408439152059, 0.5179513385130364, 0.6460193698007317, 0.5444278907627896, 0.48828916125271454], "f1": [0.0, 0.0, 0.0, 0.0, 0.0, 0.7368421052631579, 0.0, 0.0, 0.0, 0.0], "auprc": [0.5062374105240627, 0.5528904543411215, 0.5372706380778278, 0.7159406772933486, 0.54827289414157, 0.5913250237811344, 0.505956739924379, 0.638258179583321, 0.525626740965011, 0.4751867079409016]}