{"enet": [{"auroc": [0.5034285714285714, 0.4337142857142857, 0.5, 0.5, 0.5971428571428571, 0.5, 0.5, 0.4908571428571429, 0.5, 0.5], "acc": [0.4166666666666667, 0.4166666666666667, 0.4166666666666667, 0.4166666666666667, 0.4166666666666667, 0.4166666666666667, 0.4166666666666667, 0.4166666666666667, 0.4166666666666667, 0.4166666666666667], "aps": [0.6243303567835634, 0.5568992549574522, 0.5833333333333334, 0.5833333333333334, 0.6829697013486111, 0.5833333333333334, 0.5833333333333334, 0.6049931022744749, 0.5833333333333334, 0.5833333333333334], "f1": [0.0, 0.0, 0.0, 0.0, 0.0, 0.0, 0.0, 0.0, 0.0, 0.0], "auprc": [0.6148410040855525, 0.5375189866255377, 0.7916666666666667, 0.7916666666666667, 0.6746612451496939, 0.7916666666666667, 0.7916666666666667, 0.5929708766685906, 0.7916666666666667, 0.7916666666666667]}]}