{"auroc": [0.3548571428571428, 0.3342857142857143, 0.36742857142857144, 0.35485714285714287, 0.33314285714285713, 0.3251428571428571, 0.4314285714285714, 0.308, 0.35142857142857137, 0.32057142857142856], "acc": [0.4166666666666667, 0.4166666666666667, 0.4166666666666667, 0.4166666666666667, 0.4166666666666667, 0.4166666666666667, 0.4166666666666667, 0.4166666666666667, 0.4166666666666667, 0.4166666666666667], "aps": [0.5293874043876353, 0.4806528623657497, 0.524005717361467, 0.5112651045775268, 0.50725710918689, 0.5008077555761958, 0.5551156854065942, 0.4872889584865132, 0.5002352586988588, 0.4983509855015428], "f1": [0.0, 0.0, 0.0, 0.0, 0.0, 0.0, 0.0, 0.0, 0.0, 0.0], "auprc": [0.5102153802857907, 0.46486032142951306, 0.5047029863500304, 0.49208997634643326, 0.4878528676028828, 0.4839847345673773, 0.5500113445152061, 0.4706148258636853, 0.4853492794925267, 0.4795479197721691]}