{"auroc": [0.5548571428571429, 0.4622857142857143, 0.6302857142857143, 0.5594285714285715, 0.5457142857142857, 0.5754285714285714, 0.570857142857143, 0.476, 0.6405714285714285, 0.5605714285714286], "acc": [0.4166666666666667, 0.4166666666666667, 0.4166666666666667, 0.4166666666666667, 0.4166666666666667, 0.4166666666666667, 0.4166666666666667, 0.4166666666666667, 0.4166666666666667, 0.4166666666666667], "aps": [0.598151190660187, 0.5897368875037509, 0.6812663688957624, 0.6725766452900023, 0.680474780843962, 0.697517848471611, 0.6491598544798602, 0.5716213386677375, 0.698073260225709, 0.6052071762637274], "f1": [0.0, 0.0, 0.0, 0.0, 0.0, 0.0, 0.0, 0.0, 0.0, 0.0], "auprc": [0.5836793784516855, 0.5780612973214287, 0.6700580926959913, 0.6641890246541005, 0.6744262915879862, 0.6921304933184853, 0.640288727680169, 0.5534530101186608, 0.6877544266407624, 0.5903892134471407]}