{"auroc": [0.3365714285714286, 0.3342857142857143, 0.3377142857142857, 0.3377142857142857, 0.3354285714285714, 0.3354285714285714, 0.5, 0.6657142857142857, 0.3365714285714286, 0.34], "acc": [0.4166666666666667, 0.4166666666666667, 0.4166666666666667, 0.4166666666666667, 0.4166666666666667, 0.4166666666666667, 0.5833333333333334, 0.5833333333333334, 0.4166666666666667, 0.4166666666666667], "aps": [0.48235247847154183, 0.48132377430694917, 0.483476190335792, 0.48293193341003227, 0.4821571076402825, 0.4821571076402825, 0.5833333333333334, 0.72588726936906, 0.48280326111527894, 0.48399362811504], "f1": [0.0, 0.0, 0.0, 0.0, 0.0, 0.0, 0.7368421052631579, 0.7368421052631579, 0.0, 0.0], "auprc": [0.4691649271456323, 0.4681362229810395, 0.47027735457762593, 0.4697400008831253, 0.46896105291301227, 0.46896105291301227, 0.7916666666666667, 0.7188190819769384, 0.4691676813691552, 0.47079659343508695]}