{"auroc": [0.36057142857142854, 0.372, 0.33428571428571424, 0.428, 0.32971428571428574, 0.3445714285714286, 0.37999999999999995, 0.36171428571428565, 0.364, 0.3491428571428571], "acc": [0.4166666666666667, 0.4166666666666667, 0.4166666666666667, 0.4166666666666667, 0.4166666666666667, 0.4166666666666667, 0.4166666666666667, 0.4166666666666667, 0.4166666666666667, 0.4166666666666667], "aps": [0.4874605439141408, 0.49338588689090096, 0.4807180999780514, 0.5182131000153386, 0.47758262097910037, 0.4826928169331986, 0.49833219084434893, 0.49046821042110694, 0.48993487403445424, 0.4855258945473393], "f1": [0.0, 0.0, 0.0, 0.0, 0.0, 0.0, 0.0, 0.0, 0.0, 0.0], "auprc": [0.47440815912183026, 0.48029293002909745, 0.46759238940762327, 0.5047783006216963, 0.46443485049386446, 0.46957563140729197, 0.4848029660177924, 0.47737682796476655, 0.4769247006128631, 0.4719798508580513]}