{"auroc": [0.33314285714285713, 0.332, 0.3342857142857143, 0.3365714285714286, 0.3365714285714286, 0.33428571428571424, 0.33428571428571424, 0.33771428571428574, 0.3354285714285714, 0.3377142857142857], "acc": [0.4166666666666667, 0.4166666666666667, 0.4166666666666667, 0.4166666666666667, 0.4166666666666667, 0.4166666666666667, 0.4166666666666667, 0.4166666666666667, 0.4166666666666667, 0.4166666666666667], "aps": [0.48097534225120003, 0.4806042961738037, 0.4818304503701143, 0.4827050898463683, 0.4828058422299038, 0.48139924176465865, 0.48123721477892345, 0.4829475268408761, 0.4820593882624422, 0.48299135018184214], "f1": [0.0, 0.0, 0.0, 0.0, 0.0, 0.0, 0.0, 0.0, 0.0, 0.0], "auprc": [0.4677880142791723, 0.467450345573576, 0.4686327874948944, 0.46951167954057393, 0.4696100681925695, 0.4682204711209475, 0.46806044834463034, 0.4697505094691392, 0.46889997799446714, 0.4697974361709984]}