{"auroc": [0.3354285714285714, 0.33885714285714286, 0.33314285714285713, 0.33314285714285713, 0.644, 0.5, 0.3297142857142857, 0.3262857142857143, 0.32628571428571423, 0.3445714285714286], "acc": [0.4166666666666667, 0.4166666666666667, 0.4166666666666667, 0.4166666666666667, 0.5833333333333334, 0.5833333333333334, 0.4166666666666667, 0.4166666666666667, 0.4166666666666667, 0.4166666666666667], "aps": [0.4812586799922792, 0.4825126136203887, 0.4814079142772577, 0.4786210574195376, 0.7344651293245045, 0.5833333333333334, 0.4803341788155279, 0.47817487259009017, 0.4776785048449512, 0.49057898728933347], "f1": [0.0, 0.0, 0.0, 0.0, 0.7368421052631579, 0.7368421052631579, 0.0, 0.0, 0.0, 0.0], "auprc": [0.46813711469044933, 0.4693851117652755, 0.46777597108509517, 0.46551714102863057, 0.7295963989638619, 0.7916666666666667, 0.46713359413059424, 0.4649979780952289, 0.46459242646917065, 0.476671946509566]}