{"enet": [{"auroc": [0.5, 0.5, 0.5, 0.5582857142857143, 0.5, 0.5, 0.5, 0.5, 0.5, 0.5582857142857143], "acc": [0.5833333333333334, 0.4166666666666667, 0.4166666666666667, 0.48333333333333334, 0.4166666666666667, 0.4166666666666667, 0.4166666666666667, 0.4166666666666667, 0.4166666666666667, 0.48333333333333334], "aps": [0.5833333333333334, 0.5833333333333334, 0.5833333333333334, 0.6656844073995757, 0.5833333333333334, 0.5833333333333334, 0.5833333333333334, 0.5833333333333334, 0.5833333333333334, 0.6656844073995757], "f1": [0.7368421052631579, 0.0, 0.0, 0.2439024390243902, 0.0, 0.0, 0.0, 0.0, 0.0, 0.2439024390243902], "auprc": [0.7916666666666667, 0.7916666666666667, 0.7916666666666667, 0.658787097350081, 0.7916666666666667, 0.7916666666666667, 0.7916666666666667, 0.7916666666666667, 0.7916666666666667, 0.658787097350081]}]}