{"enet": [{"auroc": [0.3411428571428571, 0.40971428571428575, 0.3731428571428571, 0.3731428571428571, 0.3731428571428571, 0.6977142857142857, 0.3411428571428571, 0.5, 0.372, 0.3731428571428571], "acc": [0.4166666666666667, 0.4166666666666667, 0.4166666666666667, 0.4166666666666667, 0.4166666666666667, 0.4166666666666667, 0.4166666666666667, 0.4166666666666667, 0.4166666666666667, 0.4166666666666667], "aps": [0.4861165346478708, 0.510576732282151, 0.4981531385460183, 0.4981531385460183, 0.4981531385460183, 0.7624691329602502, 0.4861165346478708, 0.5833333333333334, 0.5183225581743567, 0.4981531385460183], "f1": [0.0, 0.0, 0.0, 0.0, 0.0, 0.0, 0.0, 0.0, 0.0, 0.0], "auprc": [0.47293331052305093, 0.4972048316335818, 0.48426176946625876, 0.48426176946625876, 0.48426176946625876, 0.7572978240978708, 0.47293331052305093, 0.7916666666666667, 0.5033863854117735, 0.48426176946625876]}]}