{"auroc": [0.514792899408284, 0.4556213017751479, 0.4378698224852071, 0.49112426035502954, 0.31360946745562135], "acc": [0.5384615384615384, 0.4230769230769231, 0.3076923076923077, 0.3076923076923077, 0.34615384615384615], "aps": [0.5922997178260335, 0.6189609665696623, 0.5986923463010418, 0.6845786821873778, 0.42796681115242985], "f1": [0.5714285714285715, 0.5945945945945945, 0.47058823529411764, 0.47058823529411764, 0.5142857142857142], "auprc": [0.5514814995874668, 0.6030192384821851, 0.5824107646348449, 0.675701448310144, 0.3877442163766676]}