{"auroc": [0.5088757396449705, 0.3431952662721893, 0.5029585798816568, 0.4319526627218935, 0.40236686390532544], "acc": [0.5, 0.4230769230769231, 0.5, 0.4230769230769231, 0.4230769230769231], "aps": [0.5362203568705117, 0.477325020379319, 0.5707484019248725, 0.5891895683772115, 0.5159405714948702], "f1": [0.6285714285714286, 0.5945945945945945, 0.6666666666666666, 0.5945945945945945, 0.5945945945945945], "auprc": [0.4927907115773274, 0.4547794659763477, 0.5464622348755477, 0.5719700232164897, 0.49191206377071023]}