{"best_index": [28, 65, 208, 76, 232], "auroc": [0.6454545454545454, 0.7, 0.6181818181818182, 0.509090909090909, 0.609090909090909], "acc": [0.6190476190476191, 0.7142857142857143, 0.5238095238095238, 0.47619047619047616, 0.5238095238095238], "aps": [0.6446330956625074, 0.7465919701213818, 0.6809390119684237, 0.47898545383065505, 0.6656476418318523], "f1": [0.6363636363636365, 0.7, 0.6153846153846154, 0.6451612903225806, 0.6153846153846154], "auprc": [0.6169418979713096, 0.733516573295985, 0.6629803284950343, 0.4392759991985998, 0.6467461266803372]}