{"best_index": [215, 334, 1446, 60, 153], "auroc": [0.39999999999999997, 0.5, 0.5727272727272728, 0.42727272727272725, 0.45454545454545453], "acc": [0.47619047619047616, 0.47619047619047616, 0.5238095238095238, 0.5238095238095238, 0.47619047619047616], "aps": [0.42889800043437815, 0.47828814460393404, 0.5618207282913166, 0.4765719492925375, 0.4580861244019139], "f1": [0.5925925925925927, 0.5925925925925927, 0.28571428571428575, 0.28571428571428575, 0.56], "auprc": [0.3870557929342759, 0.4342226293658182, 0.509325909513603, 0.42368869950139304, 0.41422831812150696]}