{"best_index": [35, 55, 252, 29, 62], "auroc": [0.6636363636363637, 0.7090909090909091, 0.6818181818181819, 0.6, 0.6636363636363637], "acc": [0.6666666666666666, 0.7142857142857143, 0.5714285714285714, 0.5238095238095238, 0.5238095238095238], "aps": [0.7136554621848739, 0.7782442067736184, 0.7482350492644609, 0.632782446311858, 0.7347860034702139], "f1": [0.631578947368421, 0.6666666666666665, 0.64, 0.0, 0.0], "auprc": [0.6964110644257703, 0.7685205996274107, 0.7371333976481035, 0.6056083948731007, 0.7217701304543409]}