{"best_index": [71, 48, 181, 221, 77], "auroc": [0.7272727272727273, 0.6, 0.5727272727272728, 0.5272727272727273, 0.5454545454545454], "acc": [0.5714285714285714, 0.6190476190476191, 0.5714285714285714, 0.5714285714285714, 0.5238095238095238], "aps": [0.7791316526610643, 0.6391475681181563, 0.5875457437299543, 0.5946851810899798, 0.5527747252747254], "f1": [0.18181818181818182, 0.6, 0.5714285714285713, 0.5714285714285713, 0.6153846153846154], "auprc": [0.7676731137799249, 0.6121607355063237, 0.5362331893252945, 0.5667175905449899, 0.4996225338988497]}