{"best_index": [224, 100, 125, 419, 116], "auroc": [0.47337278106508873, 0.5029585798816568, 0.49112426035502965, 0.5739644970414202, 0.49704142011834324], "acc": [0.46153846153846156, 0.4230769230769231, 0.3076923076923077, 0.5, 0.34615384615384615], "aps": [0.5894103889421616, 0.6072642741873511, 0.6274941001027956, 0.660091575091575, 0.612102440480367], "f1": [0.5333333333333333, 0.5714285714285714, 0.47058823529411764, 0.5517241379310345, 0.4848484848484849], "auprc": [0.5661209646911989, 0.5845879961048945, 0.6112536098238439, 0.6388029745190871, 0.5897158527091637]}