{"best_index": [94, 142, 110, 123, 296], "auroc": [0.5088757396449705, 0.5680473372781065, 0.5266272189349113, 0.591715976331361, 0.514792899408284], "acc": [0.5, 0.4230769230769231, 0.34615384615384615, 0.38461538461538464, 0.4230769230769231], "aps": [0.6530392814172077, 0.6963316171008478, 0.6784847760934718, 0.7228205128205127, 0.6492140468227423], "f1": [0.5517241379310345, 0.5714285714285714, 0.5142857142857142, 0.5555555555555555, 0.5161290322580646], "auprc": [0.640059953053264, 0.6824797916687548, 0.6666024276726616, 0.7122182718120933, 0.633774144844379]}