{"best_index": [59, 135, 79, 356, 172], "auroc": [0.5088757396449705, 0.48520710059171596, 0.49112426035502954, 0.42011834319526625, 0.49112426035502954], "acc": [0.34615384615384615, 0.4230769230769231, 0.34615384615384615, 0.38461538461538464, 0.34615384615384615], "aps": [0.5705074412766721, 0.5892735042735042, 0.6313850809168535, 0.5636790745486397, 0.6350365576452532], "f1": [0.4848484848484849, 0.5714285714285714, 0.4848484848484849, 0.5294117647058824, 0.4848484848484849], "auprc": [0.528129974818938, 0.565877910643797, 0.6175253295571022, 0.5410569328576722, 0.621329431438127]}