{"auroc": [0.6, 0.6, 0.72, 0.39999999999999997, 0.6800000000000002, 0.52, 0.64, 0.52, 0.88, 0.56], "acc": [0.5, 0.5, 0.5, 0.5, 0.5, 0.5, 0.5, 0.5, 0.5, 0.5], "aps": [0.6166666666666666, 0.6592857142857143, 0.7783333333333333, 0.48666666666666664, 0.7433333333333334, 0.5676190476190476, 0.6116666666666666, 0.5311111111111111, 0.9028571428571428, 0.6533333333333333], "f1": [0.0, 0.0, 0.0, 0.6666666666666666, 0.0, 0.6666666666666666, 0.0, 0.0, 0.6666666666666666, 0.0], "auprc": [0.5294444444444444, 0.6201190476190476, 0.7563095238095239, 0.413968253968254, 0.7077777777777778, 0.4782539682539682, 0.5229761904761905, 0.4588888888888889, 0.8930952380952379, 0.6144444444444443]}