{"auroc": [0.52, 0.6000000000000001, 0.64, 0.56, 0.6400000000000001, 0.52, 0.52, 0.52, 0.43999999999999995, 0.56], "acc": [0.5, 0.5, 0.5, 0.5, 0.5, 0.5, 0.5, 0.5, 0.5, 0.5], "aps": [0.5676190476190476, 0.7342857142857142, 0.7533333333333332, 0.6676190476190476, 0.7642857142857142, 0.6253968253968254, 0.6192857142857142, 0.5676190476190476, 0.52, 0.6676190476190476], "f1": [0.0, 0.0, 0.0, 0.0, 0.6666666666666666, 0.6666666666666666, 0.6666666666666666, 0.6666666666666666, 0.0, 0.0], "auprc": [0.4782539682539682, 0.7115873015873015, 0.731111111111111, 0.6282539682539683, 0.7432539682539683, 0.586031746031746, 0.5817857142857144, 0.4782539682539682, 0.4306349206349206, 0.6282539682539683]}