{"auroc": [0.68, 0.6, 0.56, 0.32, 0.44, 0.56, 0.52, 0.36, 0.52, 0.36], "acc": [0.5, 0.5, 0.5, 0.5, 0.5, 0.5, 0.5, 0.5, 0.5, 0.5], "aps": [0.8142857142857143, 0.6087301587301588, 0.6676190476190476, 0.5523809523809524, 0.5968253968253969, 0.5976190476190476, 0.5644444444444444, 0.5657142857142857, 0.6253968253968254, 0.5657142857142857], "f1": [0.6666666666666666, 0.0, 0.6666666666666666, 0.0, 0.0, 0.0, 0.0, 0.0, 0.6666666666666666, 0.0], "auprc": [0.8015873015873016, 0.521031746031746, 0.6282539682539683, 0.5168253968253969, 0.557936507936508, 0.5099206349206349, 0.47507936507936505, 0.5284920634920635, 0.586031746031746, 0.5284920634920635]}