{"auroc": [0.4437869822485207, 0.4497041420118343, 0.5680473372781065, 0.4201183431952662, 0.378698224852071], "acc": [0.3076923076923077, 0.3076923076923077, 0.34615384615384615, 0.34615384615384615, 0.3076923076923077], "aps": [0.6287697852020102, 0.6025972021289747, 0.7140421674200936, 0.5413961225068424, 0.5056928621250871], "f1": [0.47058823529411764, 0.47058823529411764, 0.5142857142857142, 0.5142857142857142, 0.47058823529411764], "auprc": [0.6176070508775111, 0.5857091980952216, 0.7034063288996399, 0.5172886566483645, 0.48222512511097004]}