{"auroc": [0.5739644970414202, 0.5502958579881656, 0.5739644970414202, 0.47928994082840237, 0.48520710059171596], "acc": [0.5, 0.5, 0.46153846153846156, 0.4230769230769231, 0.5], "aps": [0.6663541283278125, 0.5730050505050505, 0.6208940569234687, 0.6078771228771229, 0.5720481728453866], "f1": [0.6486486486486487, 0.6285714285714286, 0.6111111111111112, 0.5945945945945945, 0.5806451612903226], "auprc": [0.6532107959077242, 0.5303300419051193, 0.5974622981233251, 0.585626880747018, 0.5484287367259504]}