{"auroc": [0.5029585798816568, 0.46153846153846156, 0.42011834319526625, 0.47337278106508873, 0.37869822485207105], "acc": [0.38461538461538464, 0.4230769230769231, 0.3076923076923077, 0.46153846153846156, 0.34615384615384615], "aps": [0.6319063545150501, 0.6072444779300967, 0.5704590411446598, 0.5976700835396487, 0.5745165221252178], "f1": [0.5555555555555555, 0.5945945945945945, 0.47058823529411764, 0.6111111111111112, 0.41379310344827586], "auprc": [0.6156595165576859, 0.5905611612467798, 0.547785369786778, 0.5751593688831851, 0.5579324525999718]}