{"auroc": [0.7763909283733071, 0.9678577255669767, 0.6191874694077337, 0.6877957252406591, 0.9508892152063959, 0.9643498123674334, 0.9533365965084026, 0.651900799477892, 0.6452112905857399, 0.6275901452112905], "acc": [0.8078291814946619, 0.9430604982206405, 0.49466192170818507, 0.8327402135231317, 0.9145907473309609, 0.8932384341637011, 0.9074733096085409, 0.8078291814946619, 0.33807829181494664, 0.19217081850533807], "aps": [0.9248353185596457, 0.9915108576396245, 0.864341541743584, 0.8578424092408641, 0.9846168280327723, 0.991063322513962, 0.9871587262497278, 0.866020554141671, 0.8714242595792248, 0.8655537621792813], "f1": [0.8937007874015748, 0.9647577092511013, 0.5773809523809523, 0.9061876247504991, 0.9464285714285714, 0.9315068493150683, 0.9424778761061946, 0.8937007874015748, 0.32608695652173914, 0.0], "auprc": [0.9243108870876232, 0.991489359824707, 0.8629720639027468, 0.8548889133675391, 0.984561398043142, 0.9910421204372458, 0.9871237962774597, 0.8651741007445173, 0.8698326783841397, 0.8645745282637598]}