{"enet": [{"auroc": [0.7152879751998694, 0.6987681514113232, 0.651329743840757, 0.5, 0.5, 0.5, 0.7086392559960841, 0.5, 0.5, 0.7086392559960841], "acc": [0.7615658362989324, 0.7117437722419929, 0.6903914590747331, 0.8078291814946619, 0.8078291814946619, 0.8078291814946619, 0.7722419928825622, 0.8078291814946619, 0.8078291814946619, 0.7722419928825622], "aps": [0.9097681445305019, 0.8875706499471142, 0.8664251869511789, 0.8078291814946619, 0.8078291814946619, 0.8078291814946619, 0.8826672167316844, 0.8078291814946619, 0.8078291814946619, 0.8826672167316844], "f1": [0.8612836438923396, 0.8029197080291971, 0.7903614457831326, 0.8937007874015748, 0.8937007874015748, 0.8937007874015748, 0.8552036199095022, 0.8937007874015748, 0.8937007874015748, 0.8552036199095022], "auprc": [0.9092661283354297, 0.9213281641960294, 0.9087869228779459, 0.9039145907473309, 0.9039145907473309, 0.9039145907473309, 0.9275582515165861, 0.9039145907473309, 0.9039145907473309, 0.9275582515165861]}]}