{"auroc": [0.6705824767498777, 0.9355522923804863, 0.6837167564039811, 0.9554576603034753, 0.788709414260075, 0.7249959210311633, 0.9388154674498288, 0.9202153695545766, 0.9592918910099526, 0.9552945015500081], "acc": [0.8078291814946619, 0.9145907473309609, 0.8078291814946619, 0.9039145907473309, 0.8185053380782918, 0.8078291814946619, 0.8683274021352313, 0.8540925266903915, 0.9323843416370107, 0.9323843416370107], "aps": [0.8997297922828493, 0.9811538567655327, 0.8859028563148902, 0.9895402368451289, 0.9221780105997175, 0.906838831082984, 0.9829318461861991, 0.9628250417970744, 0.9895194343198404, 0.9879926328601885], "f1": [0.8937007874015748, 0.9478260869565217, 0.8937007874015748, 0.9409190371991247, 0.899009900990099, 0.8937007874015748, 0.9230769230769231, 0.9171717171717172, 0.9578713968957872, 0.9584245076586434], "auprc": [0.8993599909599337, 0.9810932649521504, 0.885236300181752, 0.9895171219511044, 0.9213994146241429, 0.9055273215531001, 0.9828776220003673, 0.9605965269982365, 0.9894934024134419, 0.9879613253905457]}