{"enet": [{"auroc": [0.8869717735356502, 0.8869717735356502, 0.8869717735356502, 0.8869717735356502, 0.8869717735356502, 0.9056942404960026, 0.9056942404960026, 0.8649861315059554, 0.8857888725730135, 0.8869717735356502], "acc": [0.8362989323843416, 0.8362989323843416, 0.8362989323843416, 0.8362989323843416, 0.8362989323843416, 0.8683274021352313, 0.8683274021352313, 0.8327402135231317, 0.8291814946619217, 0.8362989323843416], "aps": [0.9592325250459945, 0.9592325250459945, 0.9592325250459945, 0.9592325250459945, 0.9592325250459945, 0.9586632901177417, 0.9586632901177417, 0.9459487183346651, 0.9599783193993694, 0.9592325250459945], "f1": [0.8935185185185185, 0.8935185185185185, 0.8935185185185185, 0.8935185185185185, 0.8935185185185185, 0.9157175398633257, 0.9157175398633257, 0.8929384965831435, 0.8883720930232558, 0.8935185185185185], "auprc": [0.9608842236607222, 0.9608842236607222, 0.9608842236607222, 0.9608842236607222, 0.9608842236607222, 0.9564217904688036, 0.9564217904688036, 0.9436620476414637, 0.9706329220085145, 0.9608842236607222]}]}