{"auroc": [0.921602218959047, 0.6320770109316365, 0.8471202480013053, 0.9446891825746452, 0.9432207537934411, 0.5857399249469735, 0.9341654429760157, 0.6138032305433185, 0.9304127916462718, 0.9367759830314896], "acc": [0.8932384341637011, 0.7615658362989324, 0.8185053380782918, 0.9323843416370107, 0.9395017793594306, 0.3914590747330961, 0.9217081850533808, 0.8078291814946619, 0.9323843416370107, 0.9039145907473309], "aps": [0.9695320195615397, 0.8492083894738767, 0.9245260009714714, 0.9658591901020681, 0.9721345309276253, 0.8488676153192771, 0.966190242708034, 0.8400549179147014, 0.9689690148634611, 0.966693344503792], "f1": [0.9350649350649352, 0.8527472527472527, 0.899009900990099, 0.9578713968957872, 0.9626373626373627, 0.4429967426710098, 0.9515418502202643, 0.8937007874015748, 0.9584245076586434, 0.9395973154362416], "auprc": [0.9691397369744168, 0.8475843820964472, 0.9218471797947753, 0.9646766066752313, 0.9717331466813781, 0.847825795106836, 0.9657546685065024, 0.8369731588626598, 0.96839169888537, 0.9644727066229878]}