{"auroc": [0.5606134769130364, 0.5691793114700604, 0.9667971936694404, 0.5068526676456192, 0.5430739109153205, 0.5234132811225323, 0.48262359275575134, 0.9632892804698971, 0.5459291891009953, 0.9720182737803883], "acc": [0.8078291814946619, 0.8078291814946619, 0.9323843416370107, 0.8078291814946619, 0.8078291814946619, 0.8078291814946619, 0.797153024911032, 0.9288256227758007, 0.2099644128113879, 0.9323843416370107], "aps": [0.8519623235898045, 0.8171314039028165, 0.9914964796112015, 0.8261864332080409, 0.8636681936829427, 0.8247740355242634, 0.8084980119077577, 0.9904454893347776, 0.8102352025501698, 0.9925923916601039], "f1": [0.8937007874015748, 0.8937007874015748, 0.9578713968957872, 0.8937007874015748, 0.8937007874015748, 0.8937007874015748, 0.8853118712273641, 0.9555555555555557, 0.06722689075630252, 0.9582417582417582], "auprc": [0.8513387657800531, 0.8137485328677607, 0.9914748209794075, 0.8253385091175757, 0.8631805374330979, 0.8234657949296039, 0.8074329259737738, 0.9904209711007066, 0.8072199402841076, 0.9925725703576375]}