{"enet": [{"auroc": [0.9014521129058575, 0.8973731440691793, 0.9014521129058575, 0.9018600097895252, 0.9014521129058575, 0.9018600097895252, 0.9018600097895252, 0.9014521129058575, 0.9018600097895252, 0.9014521129058575], "acc": [0.8078291814946619, 0.7686832740213523, 0.8078291814946619, 0.797153024911032, 0.8078291814946619, 0.797153024911032, 0.797153024911032, 0.8078291814946619, 0.797153024911032, 0.8078291814946619], "aps": [0.9689133845799008, 0.9682355008829557, 0.9689133845799008, 0.9720248666086271, 0.9689133845799008, 0.9720248666086271, 0.9720248666086271, 0.9689133845799008, 0.9720248666086271, 0.9689133845799008], "f1": [0.8701923076923077, 0.8402948402948403, 0.8701923076923077, 0.8619854721549637, 0.8701923076923077, 0.8619854721549637, 0.8619854721549637, 0.8701923076923077, 0.8619854721549637, 0.8701923076923077], "auprc": [0.968798015239619, 0.968127739692453, 0.968798015239619, 0.9719427572294004, 0.968798015239619, 0.9719427572294004, 0.9719427572294004, 0.968798015239619, 0.9719427572294004, 0.968798015239619]}]}