{"enet": [{"auroc": [0.9014929025942242, 0.8424702235274922, 0.9014929025942242, 0.9038994942078642, 0.9038994942078642, 0.9014929025942242, 0.9038994942078642, 0.8593571545113395, 0.9038994942078642, 0.9038994942078642], "acc": [0.8825622775800712, 0.8718861209964412, 0.8825622775800712, 0.8647686832740213, 0.8647686832740213, 0.8825622775800712, 0.8647686832740213, 0.8647686832740213, 0.8647686832740213, 0.8647686832740213], "aps": [0.9598718626420314, 0.9509169070884421, 0.9598718626420314, 0.9646099730811288, 0.9646099730811288, 0.9598718626420314, 0.9646099730811288, 0.9531174802299183, 0.9646099730811288, 0.9646099730811288], "f1": [0.9261744966442953, 0.922077922077922, 0.9261744966442953, 0.914027149321267, 0.914027149321267, 0.9261744966442953, 0.914027149321267, 0.9162995594713657, 0.914027149321267, 0.914027149321267], "auprc": [0.961693720992561, 0.9507543903478101, 0.961693720992561, 0.9643381456027988, 0.9643381456027988, 0.961693720992561, 0.9643381456027988, 0.9529221918546407, 0.9643381456027988, 0.9643381456027988]}]}