{"enet": [{"auroc": [0.8719203785283081, 0.8719203785283081, 0.8667808777940936, 0.8667808777940936, 0.8667808777940936, 0.862049273943547, 0.862049273943547, 0.8719203785283081, 0.8667808777940936, 0.862049273943547], "acc": [0.697508896797153, 0.697508896797153, 0.6690391459074733, 0.6690391459074733, 0.6690391459074733, 0.6619217081850534, 0.6619217081850534, 0.697508896797153, 0.6690391459074733, 0.6619217081850534], "aps": [0.9472159179759994, 0.9472159179759994, 0.9405603799451152, 0.9405603799451152, 0.9405603799451152, 0.9368750947834401, 0.9368750947834401, 0.9472159179759994, 0.9405603799451152, 0.9368750947834401], "f1": [0.7780678851174935, 0.7780678851174935, 0.7506702412868632, 0.7506702412868632, 0.7506702412868632, 0.7439353099730457, 0.7439353099730457, 0.7780678851174935, 0.7506702412868632, 0.7439353099730457], "auprc": [0.9508655001551286, 0.9508655001551286, 0.9435255090584012, 0.9435255090584012, 0.9435255090584012, 0.9343611817920275, 0.9343611817920275, 0.9508655001551286, 0.9435255090584012, 0.9343611817920275]}]}