{"enet": [{"auroc": [0.8827704356338717, 0.8827704356338717, 0.8878691466797194, 0.8878691466797194, 0.8827704356338717, 0.8827704356338717, 0.8892967857725567, 0.8892967857725567, 0.8878691466797194, 0.8840757056616088], "acc": [0.8540925266903915, 0.8540925266903915, 0.8683274021352313, 0.8683274021352313, 0.8540925266903915, 0.8540925266903915, 0.8718861209964412, 0.8718861209964412, 0.8683274021352313, 0.8790035587188612], "aps": [0.9651198506247508, 0.9651198506247508, 0.9598953657099358, 0.9598953657099358, 0.9651198506247508, 0.9651198506247508, 0.9599335479936136, 0.9599335479936136, 0.9598953657099358, 0.9654764216370986], "f1": [0.9074492099322798, 0.9074492099322798, 0.9168539325842697, 0.9168539325842697, 0.9074492099322798, 0.9074492099322798, 0.9192825112107623, 0.9192825112107623, 0.9168539325842697, 0.9237668161434976], "auprc": [0.9650041928670593, 0.9650041928670593, 0.9616617394116209, 0.9616617394116209, 0.9650041928670593, 0.9650041928670593, 0.9684120998367156, 0.9684120998367156, 0.9616617394116209, 0.96536700908191]}]}