{"enet": [{"auroc": [0.7245880241474955, 0.7606053189753629, 0.7489394681024637, 0.7606053189753629, 0.7606053189753629, 0.7245880241474955, 0.7514276390928373, 0.7606053189753629, 0.7065181922010115, 0.7497144721814325], "acc": [0.6619217081850534, 0.701067615658363, 0.6797153024911032, 0.701067615658363, 0.701067615658363, 0.6619217081850534, 0.6654804270462633, 0.701067615658363, 0.6156583629893239, 0.6512455516014235], "aps": [0.8957061812699818, 0.9123254793872239, 0.9045866645936262, 0.9123254793872239, 0.9123254793872239, 0.8957061812699818, 0.9091069786506912, 0.9123254793872239, 0.889153719861735, 0.9121116553944189], "f1": [0.7570332480818412, 0.787878787878788, 0.7692307692307693, 0.787878787878788, 0.787878787878788, 0.7570332480818412, 0.7552083333333334, 0.787878787878788, 0.7112299465240642, 0.7434554973821991], "auprc": [0.923625984467116, 0.9347244335106797, 0.9307343185151724, 0.9347244335106797, 0.9347244335106797, 0.923625984467116, 0.9318582275430852, 0.9347244335106797, 0.9176989454568807, 0.9263835463271334]}]}