{"auroc": [0.8288464676129874, 0.6855930820688529, 0.9187469407733725, 0.9724261706640562, 0.9588839941262849, 0.8228911731114374, 0.9017784304127917, 0.92739435470713, 0.6600587371512482, 0.9656550823951705], "acc": [0.8078291814946619, 0.8078291814946619, 0.8683274021352313, 0.9359430604982206, 0.9217081850533808, 0.8078291814946619, 0.8362989323843416, 0.8825622775800712, 0.8078291814946619, 0.9217081850533808], "aps": [0.943054996576051, 0.9035764863439377, 0.9738393564405163, 0.9931335942526827, 0.9897988076563107, 0.9341328412261003, 0.9619714531521555, 0.9816301450313417, 0.876770659634351, 0.9918490330865257], "f1": [0.8937007874015748, 0.8937007874015748, 0.9233954451345756, 0.9598214285714285, 0.9515418502202643, 0.8937007874015748, 0.9079999999999999, 0.9281045751633986, 0.8937007874015748, 0.9513274336283186], "auprc": [0.9426678926643673, 0.9032088542195651, 0.9737356667606349, 0.9931172798969886, 0.9897745277135552, 0.9328935375391388, 0.9615402020687387, 0.9815849521811392, 0.8741894898988354, 0.9918306483448365]}