{"enet": [{"auroc": [0.9036139663892968, 0.9083047805514767, 0.9036139663892968, 0.9036139663892968, 0.9063468755098711, 0.9180535160711372, 0.9063468755098711, 0.9036139663892968, 0.910262685593082, 0.9063468755098711], "acc": [0.8576512455516014, 0.800711743772242, 0.8576512455516014, 0.8576512455516014, 0.8434163701067615, 0.8291814946619217, 0.8434163701067615, 0.8576512455516014, 0.8576512455516014, 0.8434163701067615], "aps": [0.9653801821560443, 0.9697332329948085, 0.9653801821560443, 0.9653801821560443, 0.9693547424931763, 0.9758471400883192, 0.9693547424931763, 0.9653801821560443, 0.9710474846065876, 0.9693547424931763], "f1": [0.9090909090909091, 0.8647342995169083, 0.9090909090909091, 0.9090909090909091, 0.8981481481481481, 0.8878504672897196, 0.8981481481481481, 0.9090909090909091, 0.9078341013824884, 0.8981481481481481], "auprc": [0.9673672383407381, 0.9740016401538971, 0.9673672383407381, 0.9673672383407381, 0.9691976216114658, 0.9779823966225079, 0.9691976216114658, 0.9673672383407381, 0.970901343329879, 0.9691976216114658]}]}