{"rf": [{"auroc": [0.9731603850546582], "acc": [0.9145907473309609], "aps": [0.9935047145622408], "f1": [0.9497907949790795], "auprc": [0.9934900207878128]}], "enet": [{"auroc": [0.8564202969489313], "acc": [0.8398576512455516], "aps": [0.9355937982518477], "f1": [0.896551724137931], "auprc": [0.9331858171917935]}]}