{"enet": [{"auroc": [0.8072687224669602, 0.8000897373144069, 0.7984989394681026, 0.7724751182900962, 0.811225322238538, 0.8148556045031817, 0.8074318812204274, 0.7984989394681026, 0.7645619187469407, 0.8074318812204274], "acc": [0.8078291814946619, 0.7935943060498221, 0.8220640569395018, 0.7864768683274022, 0.8398576512455516, 0.8185053380782918, 0.8149466192170819, 0.8220640569395018, 0.7793594306049823, 0.8149466192170819], "aps": [0.9233188350594793, 0.9258740706277596, 0.9208631564086962, 0.9028866382209808, 0.924291631834421, 0.928891738096187, 0.9277587338320357, 0.9208631564086962, 0.901550163888581, 0.9277587338320357], "f1": [0.8767123287671234, 0.8657407407407408, 0.8888888888888888, 0.863013698630137, 0.898876404494382, 0.8827586206896552, 0.8807339449541284, 0.8888888888888888, 0.8551401869158879, 0.8807339449541284], "auprc": [0.9499201958444097, 0.9402172163358664, 0.9494939150998556, 0.907750258885331, 0.948850185473957, 0.9515835411939473, 0.9274544597679375, 0.9494939150998556, 0.9069082211241153, 0.9274544597679375]}]}