{"enet": [{"auroc": [0.8494452602382118, 0.8494452602382118, 0.8390031000163158, 0.8474873551966061, 0.8390031000163158, 0.8494452602382118, 0.8390031000163158, 0.8390031000163158, 0.8494452602382118, 0.8390031000163158], "acc": [0.7188612099644128, 0.7188612099644128, 0.7402135231316725, 0.7473309608540926, 0.7402135231316725, 0.7188612099644128, 0.7402135231316725, 0.7402135231316725, 0.7188612099644128, 0.7402135231316725], "aps": [0.9554297958349978, 0.9554297958349978, 0.9479483451570807, 0.9436931273542489, 0.9479483451570807, 0.9554297958349978, 0.9479483451570807, 0.9479483451570807, 0.9554297958349978, 0.9479483451570807], "f1": [0.801007556675063, 0.801007556675063, 0.8197530864197531, 0.8229426433915212, 0.8197530864197531, 0.801007556675063, 0.8197530864197531, 0.8197530864197531, 0.801007556675063, 0.8197530864197531], "auprc": [0.9574766697321488, 0.9574766697321488, 0.954274046509532, 0.9583658255945333, 0.954274046509532, 0.9574766697321488, 0.954274046509532, 0.954274046509532, 0.9574766697321488, 0.954274046509532]}]}