{"enet": [{"auroc": [0.7487355196606298, 0.7487355196606298, 0.7525289606787404, 0.7948278675150922, 0.8604584760972426, 0.7948278675150922, 0.8065752977647251, 0.7487355196606298, 0.7948278675150922, 0.7487355196606298], "acc": [0.8861209964412812, 0.8861209964412812, 0.896797153024911, 0.8861209964412812, 0.8861209964412812, 0.8861209964412812, 0.8362989323843416, 0.8861209964412812, 0.8861209964412812, 0.8861209964412812], "aps": [0.8935523340482758, 0.8935523340482758, 0.8948347468919999, 0.912342424988879, 0.942943315861672, 0.912342424988879, 0.9195528835603671, 0.8935523340482758, 0.912342424988879, 0.8935523340482758], "f1": [0.9324894514767933, 0.9324894514767933, 0.939203354297694, 0.9307359307359307, 0.9307359307359307, 0.9307359307359307, 0.8977777777777778, 0.9324894514767933, 0.9307359307359307, 0.9324894514767933], "auprc": [0.9452792917237933, 0.9452792917237933, 0.9467065603108752, 0.9532099083322371, 0.9658790372858561, 0.9532099083322371, 0.952064538189754, 0.9452792917237933, 0.9532099083322371, 0.9452792917237933]}]}