{"enet": [{"auroc": [0.7393131016479033, 0.7060287159406102, 0.36674008810572684, 0.795602871594061, 0.7060287159406102, 0.7302170011421113, 0.7504078968836678, 0.5267580355686082, 0.7060287159406102, 0.7504078968836678], "acc": [0.701067615658363, 0.6192170818505338, 0.5729537366548043, 0.7508896797153025, 0.6192170818505338, 0.7117437722419929, 0.6654804270462633, 0.7437722419928826, 0.6192170818505338, 0.6654804270462633], "aps": [0.8990549930213521, 0.8870416103521291, 0.7539147180207504, 0.9200368671622696, 0.8870416103521291, 0.9019624448168138, 0.908893565073819, 0.8168932365856199, 0.8870416103521291, 0.908893565073819], "f1": [0.79, 0.7161803713527851, 0.7169811320754716, 0.8309178743961353, 0.7161803713527851, 0.8048192771084339, 0.7564766839378239, 0.8461538461538461, 0.7161803713527851, 0.7564766839378239], "auprc": [0.9289785942209781, 0.9172549534577941, 0.7772479927587836, 0.9261121550617102, 0.9172549534577941, 0.9097510381720832, 0.9312986390935214, 0.8924482226144986, 0.9172549534577941, 0.9312986390935214]}]}