{"auroc": [0.8109805841083374, 0.9034915973241965, 0.6356665035079132, 0.8180779898841573, 0.8345570239843366, 0.8067384565181922, 0.7243432860172948, 0.9354707130037526, 0.7990699951052376, 0.9441997063142438], "acc": [0.8078291814946619, 0.8291814946619217, 0.8078291814946619, 0.8078291814946619, 0.8113879003558719, 0.8078291814946619, 0.8078291814946619, 0.8790035587188612, 0.8078291814946619, 0.9110320284697508], "aps": [0.93188206938198, 0.9597729320129901, 0.8838108637573275, 0.9329947327455972, 0.9399280653884805, 0.9303164284008667, 0.8951702072278478, 0.9674900537526809, 0.9289860467363047, 0.982757797084388], "f1": [0.8937007874015748, 0.9043824701195219, 0.8937007874015748, 0.8937007874015748, 0.8954635108481263, 0.8937007874015748, 0.8937007874015748, 0.9288702928870293, 0.8937007874015748, 0.9452954048140044], "auprc": [0.9295640869351212, 0.9575399768229724, 0.8833527210599219, 0.9306711720511089, 0.9376362385266719, 0.9279941250989381, 0.8925829922700372, 0.9652747990610677, 0.9266626455865629, 0.9826932809929717]}