{"auroc": [0.9083047805514767, 0.9396312612171643, 0.9390602055800295, 0.5197422091695219, 0.4230706477402513, 0.9269048784467286, 0.9572524065916137, 0.9386523086963616, 0.5546581824114865, 0.5405449502365802], "acc": [0.8790035587188612, 0.9359430604982206, 0.9217081850533808, 0.8078291814946619, 0.19217081850533807, 0.9039145907473309, 0.9288256227758007, 0.9288256227758007, 0.19572953736654805, 0.19217081850533807], "aps": [0.9599035051051084, 0.9706470562905072, 0.9654793727718474, 0.8401896886239233, 0.7862960583590095, 0.9628465963301064, 0.9848922297071825, 0.974771599144379, 0.8482367962490643, 0.8434986025895536], "f1": [0.9288702928870293, 0.9601769911504425, 0.9513274336283186, 0.8937007874015748, 0.0, 0.9436325678496869, 0.9557522123893806, 0.9563318777292577, 0.008771929824561405, 0.0], "auprc": [0.9576683173675148, 0.9702412632872489, 0.9632470907408566, 0.8395094667757561, 0.7849081131615239, 0.960612373440639, 0.9848209989060938, 0.9746349480446437, 0.8473702054363639, 0.8426417656926586]}