{"auroc": [0.9464839288627834, 0.6805351607113722, 0.9647577092511014, 0.7315222711698481, 0.6792298906836353, 0.7609724261706641, 0.9787893620492738, 0.5273290912057432, 0.6560613476913035, 0.9071626692772066], "acc": [0.8790035587188612, 0.797153024911032, 0.9323843416370107, 0.8078291814946619, 0.8078291814946619, 0.8078291814946619, 0.9288256227758007, 0.8078291814946619, 0.8185053380782918, 0.8327402135231317], "aps": [0.9761988843397739, 0.9068533809228726, 0.990990101763826, 0.8948296913489381, 0.8852195402369838, 0.908329173342983, 0.9949065490728006, 0.8280832442251442, 0.8615815396092382, 0.9585903514335146], "f1": [0.9300411522633745, 0.8853118712273641, 0.9578713968957872, 0.8937007874015748, 0.8937007874015748, 0.8937007874015748, 0.956140350877193, 0.8937007874015748, 0.8973843058350102, 0.9061876247504991], "auprc": [0.9758240082416326, 0.9065531771631382, 0.9909681184989483, 0.8935745817943459, 0.8841752640436593, 0.9075401264953078, 0.9948950878003175, 0.8270927435230505, 0.8599400053700814, 0.956346866501133]}