{"enet": [{"auroc": [0.8657203458965574, 0.8657203458965574, 0.8525044868657202, 0.89166258769783, 0.89166258769783, 0.8597650513950074, 0.8597650513950074, 0.8597650513950074, 0.8657203458965574, 0.8597650513950074], "acc": [0.7651245551601423, 0.7651245551601423, 0.7686832740213523, 0.8078291814946619, 0.8078291814946619, 0.7686832740213523, 0.7686832740213523, 0.7686832740213523, 0.7651245551601423, 0.7686832740213523], "aps": [0.9554713539279842, 0.9554713539279842, 0.9509374489239639, 0.9678897005914292, 0.9678897005914292, 0.9543743608106767, 0.9543743608106767, 0.9543743608106767, 0.9554713539279842, 0.9543743608106767], "f1": [0.8366336633663366, 0.8366336633663366, 0.8418491484184916, 0.8708133971291867, 0.8708133971291867, 0.8395061728395063, 0.8395061728395063, 0.8395061728395063, 0.8366336633663366, 0.8395061728395063], "auprc": [0.9552799295082195, 0.9552799295082195, 0.9594012087445021, 0.9677858886351145, 0.9677858886351145, 0.954190430554396, 0.954190430554396, 0.954190430554396, 0.9552799295082195, 0.954190430554396]}]}