{"auroc": [0.5316527981726219, 0.5955294501550008, 0.9137705987926252, 0.5327949094468918, 0.5730951215532714, 0.603687387828357, 0.5802741067058248, 0.6138032305433186, 0.9030837004405285, 0.9325338554413445], "acc": [0.19217081850533807, 0.8078291814946619, 0.9074733096085409, 0.797153024911032, 0.3309608540925267, 0.8078291814946619, 0.8078291814946619, 0.8078291814946619, 0.8896797153024911, 0.9252669039145908], "aps": [0.8205807992589984, 0.8598008626506177, 0.9583976983920017, 0.8174951282776, 0.8269049290756556, 0.8516396103855207, 0.8527599790637965, 0.8481986942614281, 0.9565137876339577, 0.9712950345713025], "f1": [0.0, 0.8937007874015748, 0.9422222222222222, 0.8871287128712871, 0.3333333333333333, 0.8937007874015748, 0.8937007874015748, 0.8937007874015748, 0.9333333333333333, 0.9538461538461538], "auprc": [0.8192124103680588, 0.8590486994220442, 0.9561476138992773, 0.8159061974676671, 0.8251728966434675, 0.8488565942208232, 0.851530523829054, 0.8466837342245658, 0.9558336069668252, 0.9706473409626732]}