{"enet": [{"auroc": [0.8701256322401697, 0.8848914994289444, 0.8923968020884321, 0.8793441018110623, 0.8793441018110623, 0.8701256322401697, 0.8923968020884321, 0.8923968020884321, 0.8873388807309512, 0.8701256322401697], "acc": [0.8362989323843416, 0.8540925266903915, 0.8718861209964412, 0.8612099644128114, 0.8612099644128114, 0.8362989323843416, 0.8718861209964412, 0.8718861209964412, 0.8398576512455516, 0.8362989323843416], "aps": [0.938439940466026, 0.9546545243626126, 0.9632803272521522, 0.9490747012190364, 0.9490747012190364, 0.938439940466026, 0.9632803272521522, 0.9632803272521522, 0.957894427249262, 0.938439940466026], "f1": [0.8930232558139535, 0.9048723897911835, 0.9189189189189189, 0.9103448275862069, 0.9103448275862069, 0.8930232558139535, 0.9189189189189189, 0.9189189189189189, 0.8955916473317865, 0.8930232558139535], "auprc": [0.9376890358768115, 0.969433777720728, 0.9653268348797825, 0.9508942374077171, 0.9508942374077171, 0.9376890358768115, 0.9653268348797825, 0.9653268348797825, 0.9706328548771854, 0.9376890358768115]}]}