{"auroc": [0.7024800130527004, 0.7363354543971283, 0.7296459455049763, 0.7000326317506934, 0.7039484418339044, 0.7515092184695709, 0.6820851688693098, 0.7368249306575297, 0.7297275248817098, 0.7282590961005058], "acc": [0.8078291814946619, 0.8078291814946619, 0.8078291814946619, 0.8078291814946619, 0.8078291814946619, 0.8078291814946619, 0.8078291814946619, 0.8078291814946619, 0.8078291814946619, 0.8078291814946619], "aps": [0.9061466385093937, 0.9166329661035868, 0.9096425210124, 0.898495960398974, 0.9081357870479807, 0.9215900451574888, 0.9034463833363611, 0.9166217361146041, 0.916236402975908, 0.9121098249781558], "f1": [0.8937007874015748, 0.8937007874015748, 0.8937007874015748, 0.8937007874015748, 0.8937007874015748, 0.8937007874015748, 0.8937007874015748, 0.8937007874015748, 0.8937007874015748, 0.8937007874015748], "auprc": [0.905765832268768, 0.9162064985983119, 0.909168816014088, 0.8978751752263348, 0.9077443589118481, 0.9211029706457738, 0.9030841521537847, 0.9162132966111906, 0.9159113006591518, 0.9116891157432696]}