{"auroc": [0.68094305759504, 0.9236417033773862, 0.9354707130037526, 0.635503344754446, 0.9377549355522924, 0.5542502855278186, 0.930004894762604, 0.9215614292706804, 0.6336270190895741, 0.9475444607603198], "acc": [0.8078291814946619, 0.896797153024911, 0.9288256227758007, 0.8078291814946619, 0.9217081850533808, 0.4483985765124555, 0.9074733096085409, 0.9074733096085409, 0.3238434163701068, 0.9110320284697508], "aps": [0.8783686613758885, 0.9700498976040184, 0.9748489452697476, 0.8738035807832955, 0.982058987747021, 0.86013734443273, 0.9777413242543155, 0.9604082483576664, 0.8722411064431079, 0.98589776258033], "f1": [0.8937007874015748, 0.9376344086021505, 0.9563318777292577, 0.8937007874015748, 0.9513274336283186, 0.5345345345345345, 0.9427312775330396, 0.9422222222222222, 0.3014705882352941, 0.9443207126948775], "auprc": [0.8772861838193562, 0.9697696858122594, 0.974689755065602, 0.8731552782308166, 0.9820026571607607, 0.8596373120797738, 0.9776535241899934, 0.9610951770262903, 0.8714247024121979, 0.9858587399413631]}