{"enet": [{"auroc": [0.8985968347201827, 0.9003915810083211, 0.9003915810083211, 0.8987192037852831, 0.9003915810083211, 0.8987192037852831, 0.8985968347201827, 0.8987192037852831, 0.8987192037852831, 0.8987192037852831], "acc": [0.8896797153024911, 0.8754448398576512, 0.8754448398576512, 0.8718861209964412, 0.8754448398576512, 0.8718861209964412, 0.8896797153024911, 0.8718861209964412, 0.8718861209964412, 0.8718861209964412], "aps": [0.9639249233732573, 0.970712255246959, 0.970712255246959, 0.966853056511269, 0.970712255246959, 0.966853056511269, 0.9639249233732573, 0.966853056511269, 0.966853056511269, 0.966853056511269], "f1": [0.9324618736383442, 0.9234135667396061, 0.9234135667396061, 0.9213973799126638, 0.9234135667396061, 0.9213973799126638, 0.9324618736383442, 0.9213973799126638, 0.9213973799126638, 0.9213973799126638], "auprc": [0.9637205848271114, 0.9706161650071379, 0.9706161650071379, 0.9688825418977125, 0.9706161650071379, 0.9688825418977125, 0.9637205848271114, 0.9688825418977125, 0.9688825418977125, 0.9688825418977125]}]}