{"auroc": [0.4509707945831294, 0.6015663240332844, 0.9344101811062163, 0.9358786098874204, 0.9223772230380161, 0.9357970305106869, 0.9289443628650679, 0.9138521781693588, 0.5342633382280959, 0.8733072279327786], "acc": [0.20284697508896798, 0.8078291814946619, 0.9039145907473309, 0.9181494661921709, 0.9181494661921709, 0.9039145907473309, 0.9252669039145908, 0.900355871886121, 0.6548042704626335, 0.8612099644128114], "aps": [0.7927952701047436, 0.8767086821769255, 0.9802794268158941, 0.9773661698418467, 0.9731140490764884, 0.9802423351281537, 0.9796205411073049, 0.9682771272255045, 0.8144717860124231, 0.949252479335567], "f1": [0.02608695652173913, 0.8937007874015748, 0.9414316702819957, 0.9498910675381265, 0.9501084598698482, 0.9424307036247335, 0.954248366013072, 0.9404255319148935, 0.7770114942528735, 0.919917864476386], "auprc": [0.7910754631170878, 0.8761640273834987, 0.9802163518497069, 0.9772606061670772, 0.9730412873806542, 0.9801741003533997, 0.979560940094141, 0.9681301280454668, 0.8110955811757528, 0.9485893669182862]}