{"enet": [{"auroc": [0.8661282427802252, 0.8808941099689999, 0.8661282427802252, 0.8661282427802252, 0.8661282427802252, 0.8371675640398107, 0.8688611519007996, 0.871186164137706, 0.89052047642356, 0.8371675640398107], "acc": [0.8113879003558719, 0.8647686832740213, 0.8113879003558719, 0.8113879003558719, 0.8113879003558719, 0.8220640569395018, 0.8612099644128114, 0.8576512455516014, 0.8576512455516014, 0.8220640569395018], "aps": [0.947326967598777, 0.9508269118896009, 0.947326967598777, 0.947326967598777, 0.947326967598777, 0.9434234149358889, 0.9479075675157044, 0.9531859647310914, 0.9589345836589429, 0.9434234149358889], "f1": [0.8741092636579574, 0.9128440366972477, 0.8741092636579574, 0.8741092636579574, 0.8741092636579574, 0.8831775700934579, 0.9107551487414187, 0.9090909090909091, 0.9082568807339448, 0.8831775700934579], "auprc": [0.9619840109952016, 0.9633737093754744, 0.9619840109952016, 0.9619840109952016, 0.9619840109952016, 0.9431786111298757, 0.9681290877669017, 0.9529552111674853, 0.9716806064120276, 0.9431786111298757]}]}