{"enet": [{"auroc": [0.847364986131506, 0.8339043889704683, 0.8479360417686409, 0.8498123674335127, 0.847364986131506, 0.8425518029042258, 0.8463452439223365, 0.8479360417686409, 0.8385136237559145, 0.8199135258606625], "acc": [0.8291814946619217, 0.8113879003558719, 0.8291814946619217, 0.797153024911032, 0.8291814946619217, 0.7793594306049823, 0.7758007117437722, 0.8291814946619217, 0.797153024911032, 0.7864768683274022], "aps": [0.9393636684301132, 0.9342189462911926, 0.9382215836411966, 0.9428004741151668, 0.9393636684301132, 0.944130662163806, 0.9422810933238543, 0.9382215836411966, 0.9376466268094271, 0.9289208920726868], "f1": [0.890909090909091, 0.8752941176470589, 0.8873239436619719, 0.8646080760095012, 0.890909090909091, 0.8516746411483255, 0.847457627118644, 0.8873239436619719, 0.8652482269503546, 0.8557692307692307], "auprc": [0.9380998963562722, 0.9334724147072629, 0.9547581111236586, 0.9595333150000435, 0.9380998963562722, 0.9460434167036319, 0.9526800420473813, 0.9547581111236586, 0.9390993605634602, 0.9531341344995237]}]}