{"rf": [{"auroc": [0.9344917604829498], "acc": [0.9110320284697508], "aps": [0.9817948917271346], "f1": [0.9469214437367303], "auprc": [0.9820973707226109]}], "enet": [{"auroc": [0.8937836514929026], "acc": [0.8932384341637011], "aps": [0.9630018221947634], "f1": [0.9356223175965666], "auprc": [0.9627081335708013]}]}