{"enet": [{"auroc": [0.8126937510197423, 0.7657040300212107, 0.8167727198564203, 0.8126937510197423, 0.8048213411649534, 0.7898107358459782, 0.8126937510197423, 0.8048213411649534, 0.8126937510197423, 0.8126937510197423], "acc": [0.8256227758007118, 0.8185053380782918, 0.8434163701067615, 0.8256227758007118, 0.797153024911032, 0.8149466192170819, 0.8256227758007118, 0.797153024911032, 0.8256227758007118, 0.8256227758007118], "aps": [0.9294072155877224, 0.9042509991224349, 0.9387727965621002, 0.9294072155877224, 0.9288684460350658, 0.913866220346027, 0.9294072155877224, 0.9288684460350658, 0.9294072155877224, 0.9294072155877224], "f1": [0.8898876404494381, 0.8864142538975501, 0.9026548672566371, 0.8898876404494381, 0.8689655172413793, 0.8812785388127853, 0.8898876404494381, 0.8689655172413793, 0.8898876404494381, 0.8898876404494381], "auprc": [0.9289804599695765, 0.9321534292508358, 0.938524305346268, 0.9289804599695765, 0.9391592993189642, 0.9441750987741246, 0.9289804599695765, 0.9391592993189642, 0.9289804599695765, 0.9289804599695765]}]}