{"enet": [{"auroc": [0.8723282754119759, 0.9018600097895252, 0.8902757382933595, 0.8789362049273943, 0.8789362049273943, 0.8902757382933595, 0.8902757382933595, 0.8902757382933595, 0.8789362049273943, 0.8849730788056779], "acc": [0.8469750889679716, 0.8754448398576512, 0.8612099644128114, 0.8398576512455516, 0.8398576512455516, 0.8612099644128114, 0.8612099644128114, 0.8612099644128114, 0.8398576512455516, 0.8612099644128114], "aps": [0.9515300513772881, 0.9695987791137834, 0.9604761551160854, 0.9631919055972127, 0.9631919055972127, 0.9604761551160854, 0.9604761551160854, 0.9604761551160854, 0.9631919055972127, 0.9635837302722183], "f1": [0.9006928406466513, 0.9206349206349206, 0.9099307159353348, 0.8979591836734693, 0.8979591836734693, 0.9099307159353348, 0.9099307159353348, 0.9099307159353348, 0.8979591836734693, 0.9107551487414187], "auprc": [0.9662963887818783, 0.9694903098690221, 0.9689554156847795, 0.9630703600737724, 0.9630703600737724, 0.9689554156847795, 0.9689554156847795, 0.9689554156847795, 0.9630703600737724, 0.9658126541901109]}]}