{"enet": [{"auroc": [0.808084516234296, 0.808084516234296, 0.9020639582313591, 0.9039810735845978, 0.9020639582313591, 0.9020639582313591, 0.808084516234296, 0.808084516234296, 0.7971120900636319, 0.9020639582313591], "acc": [0.8718861209964412, 0.8718861209964412, 0.8790035587188612, 0.8861209964412812, 0.8790035587188612, 0.8790035587188612, 0.8718861209964412, 0.8718861209964412, 0.8718861209964412, 0.8790035587188612], "aps": [0.9192442294347236, 0.9192442294347236, 0.9634484339033631, 0.9582311053324402, 0.9634484339033631, 0.9634484339033631, 0.9192442294347236, 0.9192442294347236, 0.9145729401232462, 0.9634484339033631], "f1": [0.9217391304347827, 0.9217391304347827, 0.9264069264069265, 0.9307359307359307, 0.9264069264069265, 0.9264069264069265, 0.9217391304347827, 0.9217391304347827, 0.9227467811158798, 0.9264069264069265], "auprc": [0.9537448009766135, 0.9537448009766135, 0.9697803127133644, 0.9576915418680958, 0.9697803127133644, 0.9697803127133644, 0.9537448009766135, 0.9537448009766135, 0.9509052183415545, 0.9697803127133644]}]}