{"enet": [{"auroc": [0.9194811551639744, 0.9010850057105564, 0.9178495676293033, 0.9194811551639744, 0.9010850057105564, 0.9010850057105564, 0.9302496328928047, 0.9010850057105564, 0.9178495676293033, 0.9010850057105564], "acc": [0.8861209964412812, 0.8683274021352313, 0.8790035587188612, 0.8861209964412812, 0.8683274021352313, 0.8683274021352313, 0.8932384341637011, 0.8683274021352313, 0.8790035587188612, 0.8683274021352313], "aps": [0.9795105362108074, 0.9682687924592009, 0.9752942847222622, 0.9795105362108074, 0.9682687924592009, 0.9682687924592009, 0.9832519302969726, 0.9682687924592009, 0.9752942847222622, 0.9682687924592009], "f1": [0.9301310043668122, 0.9179600886917959, 0.9260869565217391, 0.9301310043668122, 0.9179600886917959, 0.9179600886917959, 0.9342105263157895, 0.9179600886917959, 0.9260869565217391, 0.9179600886917959], "auprc": [0.9794594732325423, 0.968565484678122, 0.9752076660528047, 0.9794594732325423, 0.968565484678122, 0.968565484678122, 0.9832125611500954, 0.968565484678122, 0.9752076660528047, 0.968565484678122]}]}