{"enet": [{"auroc": [0.9282101484744657, 0.9273127753303966, 0.9273127753303966, 0.9273127753303966, 0.9273127753303966, 0.9273127753303966, 0.9273127753303966, 0.9273127753303966, 0.9282101484744657, 0.8030673845651818], "acc": [0.896797153024911, 0.8718861209964412, 0.8718861209964412, 0.8718861209964412, 0.8718861209964412, 0.8718861209964412, 0.8718861209964412, 0.8718861209964412, 0.896797153024911, 0.800711743772242], "aps": [0.9769981098315397, 0.9770460463572692, 0.9770460463572692, 0.9770460463572692, 0.9770460463572692, 0.9770460463572692, 0.9770460463572692, 0.9770460463572692, 0.9769981098315397, 0.9348707571057728], "f1": [0.9345372460496615, 0.9174311926605505, 0.9174311926605505, 0.9174311926605505, 0.9174311926605505, 0.9174311926605505, 0.9174311926605505, 0.9174311926605505, 0.9345372460496615, 0.8750000000000001], "auprc": [0.9768938666206441, 0.9769502916867494, 0.9769502916867494, 0.9769502916867494, 0.9769502916867494, 0.9769502916867494, 0.9769502916867494, 0.9769502916867494, 0.9768938666206441, 0.9345706020055546]}]}