{"enet": [{"auroc": [0.847324196443139, 0.8207701093163648, 0.8591124163811388, 0.8799967368249307, 0.8616413770598793, 0.8591124163811388, 0.81424375917768, 0.869513786914668, 0.8616413770598793, 0.8616413770598793], "acc": [0.7900355871886121, 0.7793594306049823, 0.7829181494661922, 0.8540925266903915, 0.7935943060498221, 0.7829181494661922, 0.7935943060498221, 0.8185053380782918, 0.7935943060498221, 0.7935943060498221], "aps": [0.9412492633155334, 0.9462829136835239, 0.9598911280600925, 0.966844597537803, 0.9613454150645611, 0.9598911280600925, 0.9292996861177175, 0.9603519178502942, 0.9613454150645611, 0.9613454150645611], "f1": [0.8578313253012049, 0.8537735849056604, 0.8551068883610451, 0.9094922737306844, 0.861904761904762, 0.8551068883610451, 0.8644859813084113, 0.8805620608899297, 0.861904761904762, 0.861904761904762], "auprc": [0.9600577725902103, 0.9461066107154316, 0.9597668248238728, 0.9667509161225876, 0.9612319515060127, 0.9597668248238728, 0.9479079445347156, 0.9624704873066474, 0.9612319515060127, 0.9612319515060127]}]}