{"enet": [{"auroc": [0.7373144069179312, 0.6322401696851037, 0.6322401696851037, 0.6639337575460923, 0.6322401696851037, 0.7139827051721325, 0.6950562897699462, 0.6322401696851037, 0.43114700603687384, 0.7139827051721325], "acc": [0.701067615658363, 0.7580071174377224, 0.7580071174377224, 0.7864768683274022, 0.7580071174377224, 0.7544483985765125, 0.5729537366548043, 0.7580071174377224, 0.6334519572953736, 0.7544483985765125], "aps": [0.9114167528431544, 0.8553449048762081, 0.8553449048762081, 0.8651784887430192, 0.8553449048762081, 0.8889859144821313, 0.8828722220821065, 0.8553449048762081, 0.7858179409018653, 0.8889859144821313], "f1": [0.798076923076923, 0.8502202643171806, 0.8502202643171806, 0.8706896551724138, 0.8502202643171806, 0.8391608391608392, 0.6703296703296703, 0.8502202643171806, 0.7695749440715883, 0.8391608391608392], "auprc": [0.9109742808044324, 0.9120976270451003, 0.9120976270451003, 0.9205865542675664, 0.9120976270451003, 0.9265064015591341, 0.9111576438694787, 0.9120976270451003, 0.8650048018582785, 0.9265064015591341]}]}