{"auroc": [0.9446076031979116, 0.9190732582803067, 0.9273943547071302, 0.5438489149942893, 0.5492739435470713, 0.9157285038342308, 0.9309838472834068, 0.5593082068852995, 0.9106705824767498, 0.9290259422418012], "acc": [0.9359430604982206, 0.9145907473309609, 0.9110320284697508, 0.19217081850533807, 0.5587188612099644, 0.9181494661921709, 0.9110320284697508, 0.8078291814946619, 0.9074733096085409, 0.9252669039145908], "aps": [0.9785824733033165, 0.965916306282516, 0.9707516914335172, 0.8341187988179517, 0.8584901000583564, 0.9643903936649714, 0.975827948846696, 0.863166700638025, 0.9557816157129582, 0.9739680565644486], "f1": [0.9601769911504425, 0.9469026548672567, 0.9443207126948775, 0.008733624454148471, 0.6852791878172588, 0.9492273730684326, 0.9445676274944567, 0.8937007874015748, 0.9429824561403508, 0.9536423841059603], "auprc": [0.9784166449032938, 0.9656554490797117, 0.970522996254823, 0.8323891241518648, 0.8579091221198564, 0.9641105685614603, 0.9757169613193317, 0.8626223524058431, 0.9534957834511096, 0.9738009287738887]}