{"enet": [{"auroc": [0.8883586229401208, 0.8957007668461413, 0.8957007668461413, 0.8957007668461413, 0.9030837004405287, 0.9030837004405287, 0.8957007668461413, 0.9030837004405287, 0.8957007668461413, 0.9030837004405287], "acc": [0.8185053380782918, 0.7864768683274022, 0.7864768683274022, 0.7864768683274022, 0.8078291814946619, 0.8078291814946619, 0.7864768683274022, 0.8078291814946619, 0.7864768683274022, 0.8078291814946619], "aps": [0.9591305368186303, 0.9562343677929489, 0.9562343677929489, 0.9562343677929489, 0.9614205953654411, 0.9614205953654411, 0.9562343677929489, 0.9614205953654411, 0.9562343677929489, 0.9614205953654411], "f1": [0.8794326241134752, 0.8536585365853658, 0.8536585365853658, 0.8536585365853658, 0.8701923076923077, 0.8701923076923077, 0.8536585365853658, 0.8701923076923077, 0.8536585365853658, 0.8701923076923077], "auprc": [0.9697624479126637, 0.9575486765944945, 0.9575486765944945, 0.9575486765944945, 0.9609258586686547, 0.9609258586686547, 0.9575486765944945, 0.9609258586686547, 0.9575486765944945, 0.9609258586686547]}]}