{"auroc": [0.8649861315059553, 0.6091532060695056, 0.9188285201501061, 0.7145537608092674, 0.9167074563550335, 0.8894599445260237, 0.9379180943057595, 0.9242943383912546, 0.6549192364170338, 0.6566324033284386], "acc": [0.8576512455516014, 0.8078291814946619, 0.8861209964412812, 0.8078291814946619, 0.9110320284697508, 0.9039145907473309, 0.9288256227758007, 0.9252669039145908, 0.8078291814946619, 0.3879003558718861], "aps": [0.9374087577757302, 0.8385305922709412, 0.9647051829392841, 0.89877134326491, 0.9437355538061055, 0.9390284123975527, 0.9724268426926814, 0.9624496712528768, 0.8691168649468999, 0.8617689358902099], "f1": [0.9103139013452914, 0.8937007874015748, 0.928888888888889, 0.8937007874015748, 0.944812362030905, 0.9416846652267818, 0.9551569506726458, 0.9544468546637744, 0.8937007874015748, 0.4266666666666667], "auprc": [0.935011753843241, 0.8353061622474326, 0.963936584635436, 0.8981632918270446, 0.9414647110351241, 0.9365317498810629, 0.972237811408432, 0.9620181062396636, 0.8678155287891176, 0.8604106926891306]}