{"enet": [{"auroc": [0.7692119432207538, 0.6313020068526676, 0.38684940447054983, 0.7980910425844348, 0.38684940447054983, 0.4857236090716267, 0.49200522108011097, 0.6119269048784468, 0.7050089737314407, 0.49200522108011097], "acc": [0.7935943060498221, 0.693950177935943, 0.5409252669039146, 0.8291814946619217, 0.5409252669039146, 0.7651245551601423, 0.7188612099644128, 0.6476868327402135, 0.8185053380782918, 0.7188612099644128], "aps": [0.9246750554946955, 0.8548432677854382, 0.769461012695453, 0.9319566512715303, 0.769461012695453, 0.8033266572290098, 0.8049162692536915, 0.846677369108225, 0.8826886938448157, 0.8049162692536915], "f1": [0.8722466960352423, 0.7981220657276996, 0.6861313868613138, 0.897872340425532, 0.6861313868613138, 0.8653061224489796, 0.8315565031982943, 0.7579462102689487, 0.8957055214723926, 0.8315565031982943], "auprc": [0.9242807535322602, 0.9059774229803333, 0.8397757906159007, 0.9381850385203027, 0.8397757906159007, 0.8917422484167584, 0.8863420439192025, 0.8980825244811956, 0.9198043138429197, 0.8863420439192025]}]}