{"auroc": [0.709251101321586, 0.7054984499918421, 0.7026431718061674, 0.6801272638277045, 0.6762930331212269, 0.6552455539239681, 0.7281775167237721, 0.8457333985968347, 0.6771904062652961, 0.6811877957252407], "acc": [0.8078291814946619, 0.8078291814946619, 0.8078291814946619, 0.8078291814946619, 0.8078291814946619, 0.8078291814946619, 0.8078291814946619, 0.800711743772242, 0.8078291814946619, 0.8078291814946619], "aps": [0.9023030450002116, 0.8978470068751403, 0.9048669716120991, 0.8938874803045012, 0.8960210858390436, 0.8893097784077193, 0.9101269295144863, 0.9491877386472495, 0.892621626278431, 0.8935908410919682], "f1": [0.8937007874015748, 0.8937007874015748, 0.8937007874015748, 0.8937007874015748, 0.8937007874015748, 0.8937007874015748, 0.8937007874015748, 0.8875502008032128, 0.8937007874015748, 0.8937007874015748], "auprc": [0.9018363922906238, 0.8973079972855316, 0.9044908034919565, 0.8934069188013336, 0.8955994442193651, 0.8888689749949592, 0.9094691010958602, 0.9483886864568005, 0.8921446196580459, 0.8931106308934016]}