{"enet": [{"auroc": [0.9389786262032959, 0.9139337575460923, 0.9389786262032959, 0.9309838472834067, 0.9429760156632403, 0.9389786262032959, 0.9389786262032959, 0.9389786262032959, 0.9499918420623267, 0.8476913036384403], "acc": [0.8861209964412812, 0.8398576512455516, 0.8861209964412812, 0.8647686832740213, 0.8932384341637011, 0.8861209964412812, 0.8861209964412812, 0.8861209964412812, 0.8861209964412812, 0.8291814946619217], "aps": [0.9844428246314264, 0.9711612671050937, 0.9844428246314264, 0.9823336242835486, 0.9851116874598617, 0.9844428246314264, 0.9844428246314264, 0.9844428246314264, 0.9850619937745249, 0.9386956800970663], "f1": [0.9279279279279279, 0.8936170212765957, 0.9279279279279279, 0.9128440366972477, 0.9333333333333333, 0.9279279279279279, 0.9279279279279279, 0.9279279279279279, 0.926605504587156, 0.8904109589041097], "auprc": [0.9844045093747668, 0.9732507776193988, 0.9844045093747668, 0.9822898089764638, 0.9850737985906894, 0.9844045093747668, 0.9844045093747668, 0.9844045093747668, 0.987224162512286, 0.9594740355488256]}]}