{"enet": [{"auroc": [0.7329499102626856, 0.4857643987599935, 0.4857643987599935, 0.6757627671724589, 0.6757627671724589, 0.6757627671724589, 0.7229972263011911, 0.7229972263011911, 0.7574645129711209, 0.7329499102626856], "acc": [0.5907473309608541, 0.7224199288256228, 0.7224199288256228, 0.5800711743772242, 0.5800711743772242, 0.5800711743772242, 0.708185053380783, 0.708185053380783, 0.7224199288256228, 0.5907473309608541], "aps": [0.9042803096113698, 0.8037983549270228, 0.8037983549270228, 0.8745336308377754, 0.8745336308377754, 0.8745336308377754, 0.8961324144188074, 0.8961324144188074, 0.90668533450343, 0.9042803096113698], "f1": [0.6900269541778977, 0.8368200836820083, 0.8368200836820083, 0.6810810810810811, 0.6810810810810811, 0.6810810810810811, 0.8, 0.8, 0.8097560975609756, 0.6900269541778977], "auprc": [0.9143109652220146, 0.8869921498418684, 0.8869921498418684, 0.9055080934294226, 0.9055080934294226, 0.9055080934294226, 0.9261233964578427, 0.9261233964578427, 0.9349143180209856, 0.9143109652220146]}]}