{"auroc": [0.7385380975689345, 0.7234459128732256, 0.6195953662914016, 0.7598303148963942, 0.7681514113232174, 0.7174090389949421, 0.7387828356991353, 0.7263827704356338, 0.7411486376244085, 0.7271985642029695], "acc": [0.8078291814946619, 0.8078291814946619, 0.8078291814946619, 0.8078291814946619, 0.8078291814946619, 0.8078291814946619, 0.8078291814946619, 0.8078291814946619, 0.8078291814946619, 0.8078291814946619], "aps": [0.9020802231952614, 0.9080029538989204, 0.8778853588881314, 0.919402020049348, 0.9266042837526953, 0.9067312436288795, 0.9011767374787312, 0.9062356064690954, 0.9190947917701253, 0.8916719501171267], "f1": [0.8937007874015748, 0.8937007874015748, 0.8937007874015748, 0.8937007874015748, 0.8937007874015748, 0.8937007874015748, 0.8937007874015748, 0.8937007874015748, 0.8937007874015748, 0.8937007874015748], "auprc": [0.8995899261404866, 0.9073164746077881, 0.8772512676504958, 0.918756977940133, 0.9262480875380443, 0.9062925150426357, 0.8997108779648564, 0.9055089273020839, 0.9186604586703644, 0.8890347433326413]}