{"enet": [{"auroc": [0.9126284875183553, 0.9162995594713655, 0.9126284875183553, 0.9162995594713655, 0.9129955947136564, 0.9162995594713655, 0.9162995594713655, 0.9126284875183553, 0.9162995594713655, 0.9162995594713655], "acc": [0.8434163701067615, 0.8754448398576512, 0.8434163701067615, 0.8754448398576512, 0.8790035587188612, 0.8754448398576512, 0.8754448398576512, 0.8434163701067615, 0.8754448398576512, 0.8754448398576512], "aps": [0.9748745148883647, 0.9758370157601206, 0.9748745148883647, 0.9758370157601206, 0.9727471882307723, 0.9758370157601206, 0.9758370157601206, 0.9748745148883647, 0.9758370157601206, 0.9758370157601206], "f1": [0.8981481481481481, 0.9206349206349206, 0.8981481481481481, 0.9206349206349206, 0.9227272727272728, 0.9206349206349206, 0.9206349206349206, 0.8981481481481481, 0.9206349206349206, 0.9206349206349206], "auprc": [0.974785760177435, 0.9757560622379817, 0.974785760177435, 0.9757560622379817, 0.9748486424198259, 0.9757560622379817, 0.9757560622379817, 0.974785760177435, 0.9757560622379817, 0.9757560622379817]}]}