{"enet": [{"auroc": [0.5969162995594715, 0.666217980094632, 0.5969162995594715, 0.666217980094632, 0.6567139827051721, 0.5, 0.6086637298091042, 0.5368330885952031, 0.6487192037852831, 0.6567139827051721], "acc": [0.7758007117437722, 0.6725978647686833, 0.7758007117437722, 0.6725978647686833, 0.7188612099644128, 0.8078291814946619, 0.7686832740213523, 0.6405693950177936, 0.7935943060498221, 0.7188612099644128], "aps": [0.8413032790312804, 0.8750031781469259, 0.8413032790312804, 0.8750031781469259, 0.8679202311810912, 0.8078291814946619, 0.8459556107705338, 0.8498393956607915, 0.8601437436242515, 0.8679202311810912], "f1": [0.8639308855291576, 0.7688442211055276, 0.8639308855291576, 0.7688442211055276, 0.8132387706855793, 0.8937007874015748, 0.8577680525164114, 0.7720090293453725, 0.8755364806866953, 0.8132387706855793], "auprc": [0.908137968944443, 0.9101226964414364, 0.908137968944443, 0.9101226964414364, 0.9122570437995136, 0.9039145907473309, 0.9094753690693624, 0.8535253009874264, 0.919057401647701, 0.9122570437995136]}]}