{"enet": [{"auroc": [0.8903981073584597, 0.8903981073584597, 0.879180943057595, 0.8986784140969164, 0.879180943057595, 0.8903981073584597, 0.879180943057595, 0.8903981073584597, 0.879180943057595, 0.879180943057595], "acc": [0.800711743772242, 0.800711743772242, 0.7935943060498221, 0.8042704626334519, 0.7935943060498221, 0.800711743772242, 0.7935943060498221, 0.800711743772242, 0.7935943060498221, 0.7935943060498221], "aps": [0.9474611142727837, 0.9474611142727837, 0.9488997624097592, 0.9624768907389027, 0.9488997624097592, 0.9474611142727837, 0.9488997624097592, 0.9474611142727837, 0.9488997624097592, 0.9488997624097592], "f1": [0.8653846153846153, 0.8653846153846153, 0.8599033816425121, 0.8674698795180722, 0.8599033816425121, 0.8653846153846153, 0.8599033816425121, 0.8653846153846153, 0.8599033816425121, 0.8599033816425121], "auprc": [0.9530581952983297, 0.9530581952983297, 0.9484722964553728, 0.9688148493991658, 0.9484722964553728, 0.9530581952983297, 0.9484722964553728, 0.9530581952983297, 0.9484722964553728, 0.9484722964553728]}]}