{"enet": [{"auroc": [0.8545439712840593, 0.8410833741230217, 0.8384728340675477, 0.8526676456191874, 0.8644150758688204, 0.8384728340675477, 0.8384728340675477, 0.8384728340675477, 0.8410833741230217, 0.8545439712840593], "acc": [0.7758007117437722, 0.693950177935943, 0.7544483985765125, 0.7758007117437722, 0.7580071174377224, 0.7544483985765125, 0.7544483985765125, 0.7544483985765125, 0.693950177935943, 0.7758007117437722], "aps": [0.920333063676077, 0.9396165419322233, 0.9360015322485709, 0.9431297219519112, 0.9510315419020497, 0.9360015322485709, 0.9360015322485709, 0.9360015322485709, 0.9396165419322233, 0.920333063676077], "f1": [0.8452088452088452, 0.7760416666666666, 0.8321167883211679, 0.8496420047732698, 0.8341463414634146, 0.8321167883211679, 0.8321167883211679, 0.8321167883211679, 0.7760416666666666, 0.8452088452088452], "auprc": [0.9180925480832852, 0.9520950127340764, 0.95256477963363, 0.9598675087231767, 0.9572810056592923, 0.95256477963363, 0.95256477963363, 0.95256477963363, 0.9520950127340764, 0.9180925480832852]}]}