{"enet": [{"auroc": [0.8826072768804046, 0.8826072768804046, 0.8968836678087779, 0.8930494371023006, 0.8968836678087779, 0.8826072768804046, 0.8979034100179474, 0.8983113069016153, 0.8968836678087779, 0.8826072768804046], "acc": [0.7259786476868327, 0.7259786476868327, 0.6903914590747331, 0.7295373665480427, 0.6903914590747331, 0.7259786476868327, 0.6761565836298933, 0.6832740213523132, 0.6903914590747331, 0.7259786476868327], "aps": [0.9617209833611999, 0.9617209833611999, 0.965200410583026, 0.9632891061264685, 0.965200410583026, 0.9617209833611999, 0.9630978984176541, 0.9621940000039161, 0.965200410583026, 0.9617209833611999], "f1": [0.8020565552699229, 0.8020565552699229, 0.768, 0.8051282051282052, 0.768, 0.8020565552699229, 0.7547169811320755, 0.7613941018766757, 0.768, 0.8020565552699229], "auprc": [0.9615642834874987, 0.9615642834874987, 0.965020735904965, 0.9675045642287191, 0.965020735904965, 0.9615642834874987, 0.9694644189584107, 0.9685433778182814, 0.965020735904965, 0.9615642834874987]}]}