{"enet": [{"auroc": [0.8600913689019417, 0.8469570892478382, 0.8600913689019417, 0.868942731277533, 0.8600913689019417, 0.868942731277533, 0.8469570892478382, 0.868942731277533, 0.8905204764235601, 0.8817506934247022], "acc": [0.8362989323843416, 0.8149466192170819, 0.8362989323843416, 0.797153024911032, 0.8362989323843416, 0.797153024911032, 0.8149466192170819, 0.797153024911032, 0.8149466192170819, 0.8362989323843416], "aps": [0.9504634562105585, 0.9456836812320942, 0.9504634562105585, 0.9524624457772911, 0.9504634562105585, 0.9524624457772911, 0.9456836812320942, 0.9524624457772911, 0.9652733469290259, 0.9595182714495074], "f1": [0.8973214285714286, 0.8779342723004695, 0.8973214285714286, 0.8626506024096385, 0.8973214285714286, 0.8626506024096385, 0.8779342723004695, 0.8626506024096385, 0.8755980861244019, 0.8909952606635072], "auprc": [0.9499943617298694, 0.9561610763946999, 0.9499943617298694, 0.96301148782175, 0.9499943617298694, 0.96301148782175, 0.9561610763946999, 0.96301148782175, 0.965138561782429, 0.9701773327955836]}]}