{"enet": [{"auroc": [0.8342307064774025, 0.8689019415891663, 0.8342307064774025, 0.8473649861315059, 0.8342307064774025, 0.8342307064774025, 0.8498123674335128, 0.8498123674335128, 0.8342307064774025, 0.8342307064774025], "acc": [0.7722419928825622, 0.8185053380782918, 0.7722419928825622, 0.7758007117437722, 0.7722419928825622, 0.7722419928825622, 0.800711743772242, 0.800711743772242, 0.7722419928825622, 0.7722419928825622], "aps": [0.9441868180332628, 0.947828929258206, 0.9441868180332628, 0.9413694670879806, 0.9441868180332628, 0.9441868180332628, 0.9491877028394129, 0.9491877028394129, 0.9441868180332628, 0.9441868180332628], "f1": [0.8439024390243903, 0.8782816229116945, 0.8439024390243903, 0.8467153284671532, 0.8439024390243903, 0.8439024390243903, 0.8679245283018868, 0.8679245283018868, 0.8439024390243903, 0.8439024390243903], "auprc": [0.9439097703152606, 0.9474554257037823, 0.9439097703152606, 0.949590331395864, 0.9439097703152606, 0.9439097703152606, 0.9489644985877945, 0.9489644985877945, 0.9439097703152606, 0.9439097703152606]}]}