{"rf": [{"auroc": [0.9597405775819873], "acc": [0.9039145907473309], "aps": [0.9899153175291856], "f1": [0.9436325678496869], "auprc": [0.990014725931188]}], "enet": [{"auroc": [0.8465899820525371], "acc": [0.8434163701067615], "aps": [0.9380477346741178], "f1": [0.8981481481481481], "auprc": [0.961774753944851]}]}