{"enet": [{"auroc": [0.8529939631261219, 0.9168706151085007, 0.9306575297764725, 0.8953336596508402, 0.8953336596508402, 0.8953336596508402, 0.9168706151085007, 0.9168706151085007, 0.8529939631261219, 0.8953336596508402], "acc": [0.8540925266903915, 0.8683274021352313, 0.9110320284697508, 0.8612099644128114, 0.8612099644128114, 0.8612099644128114, 0.8683274021352313, 0.8683274021352313, 0.8540925266903915, 0.8612099644128114], "aps": [0.9500966980510717, 0.9773603039216769, 0.9810551545043189, 0.9689511048355601, 0.9689511048355601, 0.9689511048355601, 0.9773603039216769, 0.9773603039216769, 0.9500966980510717, 0.9689511048355601], "f1": [0.9082774049217002, 0.9164785553047403, 0.944812362030905, 0.9131403118040089, 0.9131403118040089, 0.9131403118040089, 0.9164785553047403, 0.9164785553047403, 0.9082774049217002, 0.9131403118040089], "auprc": [0.9498986681366816, 0.9772969781792107, 0.9810014463866199, 0.9688498191536294, 0.9688498191536294, 0.9688498191536294, 0.9772969781792107, 0.9772969781792107, 0.9498986681366816, 0.9688498191536294]}]}