{"enet": [{"auroc": [0.7241801272638277, 0.6791891009952684, 0.48727361722956436, 0.7156142927068038, 0.6873470386686246, 0.7093734703866863, 0.7156142927068038, 0.7156142927068038, 0.6869799314733236, 0.6869799314733236], "acc": [0.7722419928825622, 0.6405693950177936, 0.7259786476868327, 0.6441281138790036, 0.6263345195729537, 0.6548042704626335, 0.6441281138790036, 0.6441281138790036, 0.597864768683274, 0.597864768683274], "aps": [0.8959723142074927, 0.8787365436191271, 0.8077261688131041, 0.8940380849163323, 0.8825180345199327, 0.8993296542077116, 0.8940380849163323, 0.8940380849163323, 0.8804188253763101, 0.8804188253763101], "f1": [0.8571428571428573, 0.7430025445292621, 0.8385744234800839, 0.7435897435897435, 0.7244094488188976, 0.7519181585677749, 0.7435897435897435, 0.7435897435897435, 0.6954177897574124, 0.6954177897574124], "auprc": [0.8934418042315795, 0.9120257840445545, 0.8140069954460799, 0.9199750713534065, 0.9120918391637538, 0.9115176752194049, 0.9199750713534065, 0.9199750713534065, 0.909920210596916, 0.909920210596916]}]}