{"enet": [{"auroc": [0.7990292054168707, 0.8370859846630772, 0.8391254690814162, 0.8334964920868004, 0.840675477239354, 0.8394517865883505, 0.8238701256322402, 0.8391254690814162, 0.8334964920868004, 0.8391254690814162], "acc": [0.6761565836298933, 0.7330960854092526, 0.7153024911032029, 0.7330960854092526, 0.7366548042704626, 0.6903914590747331, 0.6797153024911032, 0.7153024911032029, 0.7330960854092526, 0.7153024911032029], "aps": [0.9238586492051514, 0.9412906546688469, 0.9393134172661026, 0.9366894365702209, 0.9426119617531763, 0.9362044041128852, 0.9376126912290819, 0.9393134172661026, 0.9366894365702209, 0.9393134172661026], "f1": [0.7611548556430446, 0.8120300751879699, 0.7969543147208122, 0.8129675810473814, 0.813131313131313, 0.7751937984496124, 0.7680412371134021, 0.7969543147208122, 0.8129675810473814, 0.7969543147208122], "auprc": [0.9444419593602813, 0.949565721568974, 0.9517859587355495, 0.9383642156470727, 0.9530513430595849, 0.9338701796458417, 0.9501531753710873, 0.9517859587355495, 0.9383642156470727, 0.9517859587355495]}]}