{"enet": [{"auroc": [0.8989639419154838, 0.8989639419154838, 0.8832599118942732, 0.8989639419154838, 0.8989639419154838, 0.8989639419154838, 0.8989639419154838, 0.8989639419154838, 0.8989639419154838, 0.8720019579050415], "acc": [0.7046263345195729, 0.7046263345195729, 0.7117437722419929, 0.7046263345195729, 0.7046263345195729, 0.7046263345195729, 0.7046263345195729, 0.7046263345195729, 0.7046263345195729, 0.7793594306049823], "aps": [0.9569560122062605, 0.9569560122062605, 0.9466647442822125, 0.9569560122062605, 0.9569560122062605, 0.9569560122062605, 0.9569560122062605, 0.9569560122062605, 0.9569560122062605, 0.9449978014150879], "f1": [0.7832898172323761, 0.7832898172323761, 0.7885117493472584, 0.7832898172323761, 0.7832898172323761, 0.7832898172323761, 0.7832898172323761, 0.7832898172323761, 0.7832898172323761, 0.8480392156862745], "auprc": [0.9588038154714928, 0.9588038154714928, 0.9460673443177923, 0.9588038154714928, 0.9588038154714928, 0.9588038154714928, 0.9588038154714928, 0.9588038154714928, 0.9588038154714928, 0.9444241164166103]}]}