{"enet": [{"auroc": [0.8990047316038505, 0.9015744819709577, 0.9049192364170338, 0.9049192364170338, 0.8990047316038505, 0.9049192364170338, 0.814039810735846, 0.851811062163485, 0.9049192364170338, 0.851811062163485], "acc": [0.8683274021352313, 0.8754448398576512, 0.8790035587188612, 0.8790035587188612, 0.8683274021352313, 0.8790035587188612, 0.8790035587188612, 0.8505338078291815, 0.8790035587188612, 0.8505338078291815], "aps": [0.9641996915426138, 0.963516116107199, 0.9664297064204345, 0.9664297064204345, 0.9641996915426138, 0.9664297064204345, 0.9207713215492571, 0.9534012247115827, 0.9664297064204345, 0.9534012247115827], "f1": [0.9172259507829978, 0.9223946784922396, 0.9254385964912282, 0.9254385964912282, 0.9172259507829978, 0.9254385964912282, 0.9254385964912282, 0.908296943231441, 0.9254385964912282, 0.908296943231441], "auprc": [0.9705876644101756, 0.974198613431493, 0.9684550157014497, 0.9684550157014497, 0.9705876644101756, 0.9684550157014497, 0.955301628526741, 0.9554103987688136, 0.9684550157014497, 0.9554103987688136]}]}