{"enet": [{"auroc": [0.7511829009626367, 0.7205498449991843, 0.7511829009626367, 0.7511829009626367, 0.7610540055473975, 0.6929760156632403, 0.7331538587045195, 0.7610540055473975, 0.7943383912546909, 0.7610540055473975], "acc": [0.7615658362989324, 0.6512455516014235, 0.7615658362989324, 0.7615658362989324, 0.7330960854092526, 0.8113879003558719, 0.6405693950177936, 0.7330960854092526, 0.7580071174377224, 0.7330960854092526], "aps": [0.9013620437515498, 0.8960724727055749, 0.9013620437515498, 0.9013620437515498, 0.9095688937736188, 0.8765680221878944, 0.897832584781395, 0.9095688937736188, 0.9254349802744515, 0.9095688937736188], "f1": [0.8430913348946136, 0.7461139896373057, 0.8430913348946136, 0.8430913348946136, 0.8210023866348448, 0.8865096359743041, 0.7362924281984334, 0.8210023866348448, 0.8396226415094339, 0.8210023866348448], "auprc": [0.9353358058310757, 0.9220682726495868, 0.9353358058310757, 0.9353358058310757, 0.9359150748411751, 0.9288972723024358, 0.9238526403423053, 0.9359150748411751, 0.9377726253914804, 0.9359150748411751]}]}