{"auroc": [0.8640887583618861, 0.9388970468265623, 0.6388480992005221, 0.8083700440528634, 0.9335128079621473, 0.896149453418176, 0.9483602545276555, 0.6981563060858215, 0.9649208680045684, 0.9541523902757383], "acc": [0.8078291814946619, 0.8861209964412812, 0.8078291814946619, 0.8220640569395018, 0.8932384341637011, 0.8754448398576512, 0.9288256227758007, 0.8078291814946619, 0.9288256227758007, 0.9252669039145908], "aps": [0.9585171975047108, 0.9849095973341107, 0.874845253285436, 0.9231340191569565, 0.9823369121708994, 0.9675401597376294, 0.974324058953009, 0.8893366910535305, 0.9906228624770079, 0.9781158550582024], "f1": [0.8937007874015748, 0.9304347826086956, 0.8937007874015748, 0.9007936507936507, 0.9358974358974358, 0.9244060475161988, 0.9553571428571429, 0.8937007874015748, 0.9563318777292577, 0.953229398663697], "auprc": [0.958376386332783, 0.9848739924755829, 0.8742340324311506, 0.922128312652528, 0.9822901522702293, 0.9674175656501625, 0.9738557681376833, 0.8886437855315695, 0.9905985338651626, 0.9777950153326903]}