{"enet": [{"auroc": [0.8394925762767173, 0.8206885299396312, 0.8015989557839778, 0.8299069995105238, 0.8073095121553271, 0.8299069995105238, 0.8206885299396312, 0.8299069995105238, 0.8087779409365313, 0.8155898188937837], "acc": [0.7615658362989324, 0.7793594306049823, 0.7651245551601423, 0.7686832740213523, 0.7544483985765125, 0.7686832740213523, 0.7793594306049823, 0.7686832740213523, 0.7046263345195729, 0.7829181494661922], "aps": [0.9463814507829605, 0.9392376852070677, 0.9276026776221591, 0.940718236376026, 0.9344195482140657, 0.940718236376026, 0.9392376852070677, 0.940718236376026, 0.9358645784152974, 0.9260670562839335], "f1": [0.8377723970944311, 0.8516746411483255, 0.8413461538461539, 0.8433734939759036, 0.8345323741007195, 0.8433734939759036, 0.8516746411483255, 0.8433734939759036, 0.7898734177215191, 0.8551068883610451], "auprc": [0.9483440730915329, 0.9389331161896937, 0.9270914124843161, 0.9490697744945121, 0.9340698268561209, 0.9490697744945121, 0.9389331161896937, 0.9490697744945121, 0.9463433294971832, 0.9465672834115567]}]}