{"rf": [{"auroc": [0.9841328112253223], "acc": [0.9323843416370107], "aps": [0.9960380217341778], "f1": [0.9596602972399151], "auprc": [0.9960827460657239]}], "enet": [{"auroc": [0.9012889541523902], "acc": [0.8718861209964412], "aps": [0.9699529482357109], "f1": [0.918552036199095], "auprc": [0.9698546081393046]}]}