{"enet": [{"auroc": [0.8837493881546744, 0.8950889215206397, 0.863925599608419, 0.863925599608419, 0.863925599608419, 0.863925599608419, 0.8950889215206397, 0.8525860662424539, 0.863925599608419, 0.8738374938815467], "acc": [0.8362989323843416, 0.8469750889679716, 0.8647686832740213, 0.8647686832740213, 0.8647686832740213, 0.8647686832740213, 0.8469750889679716, 0.8220640569395018, 0.8647686832740213, 0.8220640569395018], "aps": [0.9665638013709674, 0.9609100253299787, 0.9473611722498694, 0.9473611722498694, 0.9473611722498694, 0.9473611722498694, 0.9609100253299787, 0.9446153973060181, 0.9473611722498694, 0.9611457228948159], "f1": [0.8954545454545454, 0.9024943310657596, 0.9155555555555555, 0.9155555555555555, 0.9155555555555555, 0.9155555555555555, 0.9024943310657596, 0.8831775700934579, 0.9155555555555555, 0.8837209302325582], "auprc": [0.9686645019043523, 0.9601383112166443, 0.9461742004971211, 0.9461742004971211, 0.9461742004971211, 0.9461742004971211, 0.9601383112166443, 0.9592765156575154, 0.9461742004971211, 0.9654518735712423]}]}