{"enet": [{"auroc": [0.8314570076684614, 0.8208924783814651, 0.8089818893783651, 0.8086963615597977, 0.8322728014357971, 0.7988252569750367, 0.8202398433675966, 0.7988252569750367, 0.8251346059716104, 0.7450644477076195], "acc": [0.7437722419928826, 0.7615658362989324, 0.7508896797153025, 0.7366548042704626, 0.7651245551601423, 0.7580071174377224, 0.7615658362989324, 0.7580071174377224, 0.7473309608540926, 0.7615658362989324], "aps": [0.9376225964653309, 0.9398184016216904, 0.9305368729026922, 0.9301163511666063, 0.9403077891844619, 0.9226477536673379, 0.9311347279796742, 0.9226477536673379, 0.9397075325368556, 0.8984520847806623], "f1": [0.8260869565217391, 0.8393285371702637, 0.8317307692307693, 0.821256038647343, 0.8428571428571429, 0.8357487922705314, 0.8385542168674698, 0.8357487922705314, 0.8255528255528255, 0.8423529411764706], "auprc": [0.9353199812059644, 0.9414770274972998, 0.9492132110794521, 0.9446154571435922, 0.9380215072611385, 0.9431165202076018, 0.930998033256984, 0.9431165202076018, 0.9501693767651561, 0.9347571672052883]}]}