{"enet": [{"auroc": [0.8886441507586882, 0.869513786914668, 0.869513786914668, 0.8769375101974219, 0.8769375101974219, 0.8886441507586882, 0.9047968673519334, 0.8975363028226464, 0.8886441507586882, 0.869513786914668], "acc": [0.8362989323843416, 0.8185053380782918, 0.8185053380782918, 0.8398576512455516, 0.8398576512455516, 0.8362989323843416, 0.8149466192170819, 0.8469750889679716, 0.8362989323843416, 0.8185053380782918], "aps": [0.9600258235622093, 0.9510443999246682, 0.9510443999246682, 0.953734503671615, 0.953734503671615, 0.9600258235622093, 0.9703994919546902, 0.9621442022556217, 0.9600258235622093, 0.9510443999246682], "f1": [0.8920187793427229, 0.8794326241134752, 0.8794326241134752, 0.8946135831381733, 0.8946135831381733, 0.8920187793427229, 0.8755980861244019, 0.9016018306636155, 0.8920187793427229, 0.8794326241134752], "auprc": [0.9706704642584127, 0.9658133719073454, 0.9658133719073454, 0.9693487405266877, 0.9693487405266877, 0.9706704642584127, 0.9746948336338079, 0.9618971433943501, 0.9706704642584127, 0.9658133719073454]}]}