{"enet": [{"auroc": [0.8180779898841573, 0.8180779898841573, 0.8180779898841573, 0.8180779898841573, 0.6896312612171643, 0.6896312612171643, 0.8180779898841573, 0.6896312612171643, 0.8698808941099689, 0.7460026105400555], "acc": [0.8078291814946619, 0.8078291814946619, 0.8078291814946619, 0.8078291814946619, 0.7259786476868327, 0.7259786476868327, 0.8078291814946619, 0.7259786476868327, 0.8113879003558719, 0.7935943060498221], "aps": [0.9493424176799206, 0.9493424176799206, 0.9493424176799206, 0.9493424176799206, 0.8871415914274481, 0.8871415914274481, 0.9493424176799206, 0.8871415914274481, 0.9575752480297925, 0.9030204954732866], "f1": [0.88, 0.88, 0.88, 0.88, 0.8253968253968255, 0.8253968253968255, 0.88, 0.8253968253968255, 0.8758782201405153, 0.8728070175438597], "auprc": [0.9491888122464094, 0.9491888122464094, 0.9491888122464094, 0.9491888122464094, 0.9090320676715751, 0.9090320676715751, 0.9491888122464094, 0.9090320676715751, 0.9573104229409499, 0.9351699503421149]}]}