{"enet": [{"auroc": [0.8354543971284059, 0.8340675477239354, 0.8166911404796866, 0.8354543971284059, 0.8274596182085169, 0.8354543971284059, 0.8340675477239354, 0.8166911404796866, 0.8354543971284059, 0.8340675477239354], "acc": [0.7900355871886121, 0.8149466192170819, 0.7864768683274022, 0.7900355871886121, 0.7829181494661922, 0.7900355871886121, 0.8149466192170819, 0.7864768683274022, 0.7900355871886121, 0.8149466192170819], "aps": [0.9385602565028842, 0.9472046203318898, 0.9398049113788579, 0.9385602565028842, 0.946245465917088, 0.9385602565028842, 0.9472046203318898, 0.9398049113788579, 0.9385602565028842, 0.9472046203318898], "f1": [0.8637413394919168, 0.8823529411764706, 0.8636363636363636, 0.8637413394919168, 0.8584686774941995, 0.8637413394919168, 0.8823529411764706, 0.8636363636363636, 0.8637413394919168, 0.8823529411764706], "auprc": [0.9373294421760564, 0.9468417039865993, 0.9392592602390784, 0.9373294421760564, 0.948236184223382, 0.9373294421760564, 0.9468417039865993, 0.9392592602390784, 0.9373294421760564, 0.9468417039865993]}]}