{"enet": [{"auroc": [0.9183390438897047, 0.9245390765214553, 0.8744493392070484, 0.8744493392070484, 0.89052047642356, 0.9270680372001958, 0.8744493392070484, 0.8744493392070484, 0.7787567302985805, 0.9245390765214553], "acc": [0.8612099644128114, 0.8790035587188612, 0.8754448398576512, 0.8754448398576512, 0.8576512455516014, 0.8790035587188612, 0.8754448398576512, 0.8754448398576512, 0.8825622775800712, 0.8790035587188612], "aps": [0.9757655354158302, 0.9789151121148635, 0.9487132949884933, 0.9487132949884933, 0.9589110405201975, 0.9810697652555955, 0.9487132949884933, 0.9487132949884933, 0.9068262269274538, 0.9789151121148635], "f1": [0.9099307159353348, 0.9223744292237442, 0.9199084668192219, 0.9199084668192219, 0.9069767441860466, 0.9223744292237442, 0.9199084668192219, 0.9199084668192219, 0.9287257019438444, 0.9223744292237442], "auprc": [0.9756858064073409, 0.9788521329481268, 0.9675831839112685, 0.9675831839112685, 0.9695161527039552, 0.981020507193799, 0.9675831839112685, 0.9675831839112685, 0.9488464590570178, 0.9788521329481268]}]}