{"enet": [{"auroc": [0.8438570729319629, 0.8558084516234297, 0.8228095937347039, 0.8438570729319629, 0.8228095937347039, 0.8087371512481645, 0.8485886767825094, 0.8228095937347039, 0.8432044379180943, 0.8411649534997553], "acc": [0.7864768683274022, 0.7722419928825622, 0.7437722419928826, 0.7864768683274022, 0.7437722419928826, 0.7615658362989324, 0.7722419928825622, 0.7437722419928826, 0.7722419928825622, 0.7686832740213523], "aps": [0.94350831500561, 0.9489099519261944, 0.9288412569153781, 0.94350831500561, 0.9288412569153781, 0.9317187531324045, 0.9420579263788158, 0.9288412569153781, 0.9379982862169933, 0.9398361971983276], "f1": [0.8564593301435407, 0.8446601941747574, 0.824390243902439, 0.8564593301435407, 0.824390243902439, 0.8400954653937946, 0.8431372549019608, 0.824390243902439, 0.8446601941747574, 0.8418491484184916], "auprc": [0.9453978729993588, 0.959450687682055, 0.9264663964250195, 0.9453978729993588, 0.9264663964250195, 0.9441912968248066, 0.9524113417203224, 0.9264663964250195, 0.9371160602478348, 0.9544239662171727]}]}