{"enet": [{"auroc": [0.7385380975689345, 0.41931799641050743, 0.7371920378528308, 0.41931799641050743, 0.6782509381628324, 0.7865067710882688, 0.6782509381628324, 0.41931799641050743, 0.7865067710882688, 0.6782509381628324], "acc": [0.7651245551601423, 0.5444839857651246, 0.7224199288256228, 0.5444839857651246, 0.7295373665480427, 0.8327402135231317, 0.7295373665480427, 0.5444839857651246, 0.8327402135231317, 0.7295373665480427], "aps": [0.9155604604260545, 0.7800246025749253, 0.9067902896909145, 0.7800246025749253, 0.875005008023075, 0.9210074314686352, 0.875005008023075, 0.7800246025749253, 0.9210074314686352, 0.875005008023075], "f1": [0.8546255506607929, 0.6893203883495145, 0.8169014084507042, 0.6893203883495145, 0.8207547169811321, 0.9002123142250531, 0.8207547169811321, 0.6893203883495145, 0.9002123142250531, 0.8207547169811321], "auprc": [0.915156977449209, 0.8462205330828836, 0.9271432570454917, 0.8462205330828836, 0.9178612225015397, 0.9374292070108172, 0.9178612225015397, 0.8462205330828836, 0.9374292070108172, 0.9178612225015397]}]}