{"rf": [{"auroc": [0.9246614455865557], "acc": [0.8576512455516014], "aps": [0.9809727870737376], "f1": [0.9170124481327802], "auprc": [0.9814443394239427]}], "enet": [{"auroc": [0.8695545766030347], "acc": [0.8185053380782918], "aps": [0.9373110373780951], "f1": [0.8794326241134752], "auprc": [0.9402783491739173]}]}