{"auroc": [0.959618208516887, 0.9561918746940773, 0.968918257464513, 0.6467612987436777, 0.5697503671071953, 0.953091858378202, 0.964431391744167, 0.6807798988415728, 0.671071953010279, 0.9714472181432534], "acc": [0.9288256227758007, 0.9359430604982206, 0.9288256227758007, 0.8078291814946619, 0.19217081850533807, 0.9359430604982206, 0.9395017793594306, 0.8078291814946619, 0.8078291814946619, 0.9395017793594306], "aps": [0.9878044338432395, 0.9872905850505219, 0.9921233911029297, 0.8713927164511998, 0.8567689399791422, 0.9839954391328922, 0.9912217282154728, 0.8870058654513446, 0.8805966012314137, 0.9927071680173868], "f1": [0.9553571428571429, 0.9601769911504425, 0.9553571428571429, 0.8937007874015748, 0.0, 0.9601769911504425, 0.962800875273523, 0.8937007874015748, 0.8937007874015748, 0.9626373626373627], "auprc": [0.9877639475624693, 0.9872517185999308, 0.9921043747383593, 0.8701914134452624, 0.8560876520081651, 0.9839191670342716, 0.9912009241310491, 0.8863426702925632, 0.8796770379550387, 0.9926894638415336]}