{"enet": [{"auroc": [0.5614366729678639, 0.5689981096408318, 0.5614366729678639, 0.5765595463137996, 0.5671077504725898], "acc": [0.6086956521739131, 0.6086956521739131, 0.6086956521739131, 0.6086956521739131, 0.6086956521739131], "aps": [0.5803534118853912, 0.5721508310423014, 0.5803534118853912, 0.5972990266570929, 0.5858744608847011], "f1": [0.6785714285714286, 0.6785714285714286, 0.6785714285714286, 0.6785714285714286, 0.6785714285714286], "auprc": [0.5675995092636301, 0.5557617744805082, 0.5675995092636301, 0.5845006636647846, 0.5730853881190742]}]}