{"enet": [{"auroc": [0.5916824196597354, 0.5, 0.5, 0.5, 0.5], "acc": [0.5434782608695652, 0.5, 0.5, 0.5, 0.5], "aps": [0.5739050771582302, 0.5, 0.5, 0.5, 0.5], "f1": [0.6865671641791045, 0.6666666666666666, 0.6666666666666666, 0.6666666666666666, 0.6666666666666666], "auprc": [0.6471396871491236, 0.75, 0.75, 0.75, 0.75]}]}