{"best_index": [422, 74, 159, 290, 0], "auroc": [0.5, 0.5, 0.5, 0.5351351351351352, 0.5], "acc": [0.40217391304347827, 0.40217391304347827, 0.40217391304347827, 0.40217391304347827, 0.40217391304347827], "aps": [0.40217391304347827, 0.40217391304347827, 0.40217391304347827, 0.40398571726026256, 0.40217391304347827], "f1": [0.5736434108527132, 0.5736434108527132, 0.5736434108527132, 0.5736434108527132, 0.5736434108527132], "auprc": [0.7010869565217391, 0.7010869565217391, 0.7010869565217391, 0.3914662991521524, 0.7010869565217391]}