{"auroc": [0.5285714285714285, 0.6451428571428571, 0.6725714285714286, 0.5965714285714285, 0.6131428571428572], "acc": [0.4166666666666667, 0.5833333333333334, 0.5833333333333334, 0.5833333333333334, 0.5833333333333334], "aps": [0.6431814573355021, 0.6768275353170145, 0.715663056368865, 0.6495185109452773, 0.6818297621998919], "f1": [0.0, 0.7368421052631579, 0.7368421052631579, 0.7368421052631579, 0.7368421052631579], "auprc": [0.6338994413780404, 0.6588264160533026, 0.7071229641525072, 0.6312707120708072, 0.6713679750208774]}