{"auroc": [0.557985257985258, 0.5378378378378379, 0.483046683046683, 0.41277641277641275, 0.5117936117936118, 0.51007371007371, 0.42014742014742024, 0.4331695331695332, 0.45552825552825554, 0.4437346437346438], "acc": [0.40217391304347827, 0.40217391304347827, 0.40217391304347827, 0.40217391304347827, 0.40217391304347827, 0.40217391304347827, 0.40217391304347827, 0.40217391304347827, 0.40217391304347827, 0.40217391304347827], "aps": [0.45710096657069643, 0.4524763831994897, 0.4169025231933637, 0.397026586545197, 0.4348340858762221, 0.42343229854015985, 0.3900883405018505, 0.3760624408711827, 0.3761129967429586, 0.40526020560414433], "f1": [0.5736434108527132, 0.5736434108527132, 0.5736434108527132, 0.5736434108527132, 0.5736434108527132, 0.5736434108527132, 0.5736434108527132, 0.5736434108527132, 0.5736434108527132, 0.5736434108527132], "auprc": [0.43934965084251965, 0.44325099877250695, 0.40579219536071715, 0.38577688683972816, 0.4164799411202751, 0.40535684059529575, 0.3718698678301306, 0.36634542020464744, 0.36080245690907364, 0.3939548278815211]}