{"enet": [{"auroc": [0.5174447174447174, 0.5174447174447174, 0.5464373464373465, 0.5464373464373465, 0.5174447174447174, 0.5464373464373465, 0.5464373464373465, 0.5464373464373465, 0.5174447174447174, 0.5174447174447174], "acc": [0.40217391304347827, 0.40217391304347827, 0.40217391304347827, 0.40217391304347827, 0.40217391304347827, 0.40217391304347827, 0.40217391304347827, 0.40217391304347827, 0.40217391304347827, 0.40217391304347827], "aps": [0.459964493580032, 0.459964493580032, 0.47807664679251727, 0.47807664679251727, 0.459964493580032, 0.47807664679251727, 0.47807664679251727, 0.47807664679251727, 0.459964493580032, 0.459964493580032], "f1": [0.5736434108527132, 0.5736434108527132, 0.5736434108527132, 0.5736434108527132, 0.5736434108527132, 0.5736434108527132, 0.5736434108527132, 0.5736434108527132, 0.5736434108527132, 0.5736434108527132], "auprc": [0.4414655810447996, 0.4414655810447996, 0.4599593917882021, 0.4599593917882021, 0.4414655810447996, 0.4599593917882021, 0.4599593917882021, 0.4599593917882021, 0.4414655810447996, 0.4414655810447996]}]}