{"enet": [{"auroc": [0.43144963144963144, 0.4324324324324325, 0.4304668304668305, 0.47862407862407863, 0.43144963144963144, 0.4324324324324325, 0.43144963144963144, 0.47862407862407863, 0.4324324324324325, 0.4304668304668305], "acc": [0.43478260869565216, 0.4891304347826087, 0.4891304347826087, 0.5434782608695652, 0.43478260869565216, 0.4891304347826087, 0.43478260869565216, 0.5434782608695652, 0.4891304347826087, 0.4891304347826087], "aps": [0.3572317496645711, 0.35733373446163275, 0.3571972194917912, 0.383148237620859, 0.3572317496645711, 0.35733373446163275, 0.3572317496645711, 0.383148237620859, 0.35733373446163275, 0.3571972194917912], "f1": [0.40909090909090917, 0.3380281690140845, 0.37333333333333335, 0.0, 0.40909090909090917, 0.3380281690140845, 0.40909090909090917, 0.0, 0.3380281690140845, 0.37333333333333335], "auprc": [0.34558359918823317, 0.34593251074454234, 0.34549768831236227, 0.37123591010376755, 0.34558359918823317, 0.34593251074454234, 0.34558359918823317, 0.37123591010376755, 0.34593251074454234, 0.34549768831236227]}]}