{"enet": [{"auroc": [0.49631449631449637, 0.5533169533169533, 0.5260442260442262, 0.5, 0.5260442260442262, 0.5, 0.5, 0.5, 0.4968058968058968, 0.5533169533169533], "acc": [0.40217391304347827, 0.40217391304347827, 0.5978260869565217, 0.5978260869565217, 0.5978260869565217, 0.5978260869565217, 0.5978260869565217, 0.5978260869565217, 0.5978260869565217, 0.40217391304347827], "aps": [0.40257994382876083, 0.4434987687398265, 0.4299326497743924, 0.40217391304347827, 0.4299326497743924, 0.40217391304347827, 0.40217391304347827, 0.40217391304347827, 0.39114472069306216, 0.4434987687398265], "f1": [0.5736434108527132, 0.5736434108527132, 0.0, 0.0, 0.0, 0.0, 0.0, 0.0, 0.0, 0.5736434108527132], "auprc": [0.38470600549098755, 0.4251319432152065, 0.4195771010690922, 0.7010869565217391, 0.4195771010690922, 0.7010869565217391, 0.7010869565217391, 0.7010869565217391, 0.37988655395780824, 0.4251319432152065]}]}