{"auroc": [0.5665847665847666, 0.602948402948403, 0.578869778869779, 0.5911547911547912, 0.5862407862407863, 0.5653562653562654, 0.600982800982801, 0.6088452088452089, 0.6457002457002456, 0.6009828009828011], "acc": [0.5978260869565217, 0.5978260869565217, 0.40217391304347827, 0.40217391304347827, 0.40217391304347827, 0.40217391304347827, 0.5978260869565217, 0.40217391304347827, 0.42391304347826086, 0.40217391304347827], "aps": [0.46764176450297223, 0.498784496151229, 0.46260558996083445, 0.4867884572039724, 0.4663184142171839, 0.45246753197666534, 0.4779163227714028, 0.4821703764762838, 0.5306900913890433, 0.4791842232169725], "f1": [0.0, 0.0, 0.5736434108527132, 0.5736434108527132, 0.5736434108527132, 0.5736434108527132, 0.0, 0.5736434108527132, 0.5760000000000001, 0.5736434108527132], "auprc": [0.44887835992304354, 0.4867973899726987, 0.44390305990040557, 0.47479146343210826, 0.4475711461330533, 0.43403121806190925, 0.4568467193208003, 0.46372010957155013, 0.5120632662633555, 0.4606167641700457]}