{"enet": [{"auroc": [0.4914004914004914, 0.4761670761670762, 0.5773955773955775, 0.5, 0.5773955773955775, 0.48648648648648646, 0.5, 0.5773955773955775, 0.5, 0.5773955773955775], "acc": [0.40217391304347827, 0.40217391304347827, 0.40217391304347827, 0.5978260869565217, 0.40217391304347827, 0.5978260869565217, 0.5978260869565217, 0.40217391304347827, 0.5978260869565217, 0.40217391304347827], "aps": [0.41223868858986634, 0.39337014466111286, 0.44931947371506226, 0.40217391304347827, 0.44931947371506226, 0.4360246722812824, 0.40217391304347827, 0.44931947371506226, 0.40217391304347827, 0.44931947371506226], "f1": [0.5736434108527132, 0.5736434108527132, 0.5736434108527132, 0.0, 0.5736434108527132, 0.0, 0.0, 0.5736434108527132, 0.0, 0.5736434108527132], "auprc": [0.4013419295287989, 0.383375295106007, 0.4342646877349562, 0.7010869565217391, 0.4342646877349562, 0.42674442421182446, 0.7010869565217391, 0.4342646877349562, 0.7010869565217391, 0.4342646877349562]}]}