{"enet": [{"auroc": [0.4515970515970516, 0.5, 0.4751842751842752, 0.4751842751842752, 0.4515970515970516, 0.4515970515970516, 0.5, 0.5793611793611794, 0.4515970515970516, 0.5], "acc": [0.40217391304347827, 0.40217391304347827, 0.5978260869565217, 0.5978260869565217, 0.40217391304347827, 0.40217391304347827, 0.40217391304347827, 0.5978260869565217, 0.40217391304347827, 0.40217391304347827], "aps": [0.3825464834490546, 0.40217391304347827, 0.39721112685796955, 0.39721112685796955, 0.3825464834490546, 0.3825464834490546, 0.40217391304347827, 0.45399364160154865, 0.3825464834490546, 0.40217391304347827], "f1": [0.5736434108527132, 0.5736434108527132, 0.0, 0.0, 0.5736434108527132, 0.5736434108527132, 0.5736434108527132, 0.0, 0.5736434108527132, 0.5736434108527132], "auprc": [0.36685942724451276, 0.7010869565217391, 0.3815180951118916, 0.3815180951118916, 0.36685942724451276, 0.36685942724451276, 0.7010869565217391, 0.43945645483692414, 0.36685942724451276, 0.7010869565217391]}]}