{"enet": [{"auroc": [0.5793611793611793, 0.5464373464373465, 0.5464373464373465, 0.5351351351351352, 0.5341523341523342, 0.5793611793611793, 0.5464373464373465, 0.5464373464373465, 0.5464373464373465, 0.5793611793611793], "acc": [0.40217391304347827, 0.40217391304347827, 0.40217391304347827, 0.40217391304347827, 0.40217391304347827, 0.40217391304347827, 0.40217391304347827, 0.40217391304347827, 0.40217391304347827, 0.40217391304347827], "aps": [0.5156922136663085, 0.48813058821801547, 0.48813058821801547, 0.4348919597599148, 0.42067016047313893, 0.5156922136663085, 0.48813058821801547, 0.48813058821801547, 0.48813058821801547, 0.5156922136663085], "f1": [0.5736434108527132, 0.5736434108527132, 0.5736434108527132, 0.5736434108527132, 0.5736434108527132, 0.5736434108527132, 0.5736434108527132, 0.5736434108527132, 0.5736434108527132, 0.5736434108527132], "auprc": [0.5044980877125013, 0.4799393826691753, 0.4799393826691753, 0.42079884891210717, 0.4047237369089591, 0.5044980877125013, 0.4799393826691753, 0.4799393826691753, 0.4799393826691753, 0.5044980877125013]}]}