{"enet": [{"auroc": [0.39066339066339073, 0.5, 0.5282555282555282, 0.5385749385749385, 0.48108108108108105, 0.5385749385749385, 0.48108108108108105, 0.5282555282555282, 0.5, 0.5282555282555282], "acc": [0.40217391304347827, 0.40217391304347827, 0.5978260869565217, 0.5978260869565217, 0.40217391304347827, 0.5978260869565217, 0.40217391304347827, 0.5978260869565217, 0.40217391304347827, 0.5978260869565217], "aps": [0.38359351002959285, 0.40217391304347827, 0.44633767484966547, 0.44515719649166513, 0.41407005523811224, 0.44515719649166513, 0.41407005523811224, 0.44633767484966547, 0.40217391304347827, 0.44633767484966547], "f1": [0.5736434108527132, 0.5736434108527132, 0.0, 0.0, 0.5736434108527132, 0.0, 0.5736434108527132, 0.0, 0.5736434108527132, 0.0], "auprc": [0.375206248141393, 0.7010869565217391, 0.43465616459793455, 0.4338719268882906, 0.3955746174545275, 0.4338719268882906, 0.3955746174545275, 0.43465616459793455, 0.7010869565217391, 0.43465616459793455]}]}