{"enet": [{"auroc": [0.5356265356265356, 0.4835380835380836, 0.5356265356265356, 0.5085995085995086, 0.5085995085995086, 0.5085995085995086, 0.4835380835380836, 0.5356265356265356, 0.5085995085995086, 0.5356265356265356], "acc": [0.40217391304347827, 0.40217391304347827, 0.40217391304347827, 0.40217391304347827, 0.40217391304347827, 0.40217391304347827, 0.40217391304347827, 0.40217391304347827, 0.40217391304347827, 0.40217391304347827], "aps": [0.41599000299623357, 0.3871236564274717, 0.41599000299623357, 0.3987706562251357, 0.3987706562251357, 0.3987706562251357, 0.3871236564274717, 0.41599000299623357, 0.3987706562251357, 0.41599000299623357], "f1": [0.5736434108527132, 0.5736434108527132, 0.5736434108527132, 0.5736434108527132, 0.5736434108527132, 0.5736434108527132, 0.5736434108527132, 0.5736434108527132, 0.5736434108527132, 0.5736434108527132], "auprc": [0.401339144732158, 0.3719353364188856, 0.401339144732158, 0.38505445165816987, 0.38505445165816987, 0.38505445165816987, 0.3719353364188856, 0.401339144732158, 0.38505445165816987, 0.401339144732158]}]}