{"auroc": [0.42334152334152336, 0.566093366093366, 0.5407862407862408, 0.5120393120393121, 0.5832923832923833, 0.48673218673218677, 0.585995085995086, 0.5805896805896806, 0.6314496314496314, 0.5896805896805897], "acc": [0.5760869565217391, 0.40217391304347827, 0.40217391304347827, 0.40217391304347827, 0.40217391304347827, 0.5978260869565217, 0.40217391304347827, 0.40217391304347827, 0.40217391304347827, 0.40217391304347827], "aps": [0.3537947507256334, 0.48661177263807526, 0.47286134793611867, 0.3881115783874914, 0.4619664604212854, 0.4023678703538163, 0.47544849743257306, 0.4412661124970224, 0.5456374998121247, 0.5146520870211962], "f1": [0.0, 0.5736434108527132, 0.5736434108527132, 0.5736434108527132, 0.5736434108527132, 0.0, 0.5736434108527132, 0.5736434108527132, 0.5736434108527132, 0.5736434108527132], "auprc": [0.3408256317462246, 0.474698022566948, 0.4639743888272527, 0.3750442949204804, 0.44325399156007705, 0.3926356242882057, 0.4645050719909727, 0.4243328260921078, 0.5347078998869355, 0.5055633445900358]}