{"enet": [{"auroc": [0.5567567567567568, 0.5616707616707617, 0.5542997542997543, 0.5567567567567568, 0.5567567567567568, 0.5567567567567567, 0.5616707616707617, 0.5542997542997543, 0.5567567567567568, 0.5542997542997543], "acc": [0.40217391304347827, 0.40217391304347827, 0.40217391304347827, 0.40217391304347827, 0.40217391304347827, 0.40217391304347827, 0.40217391304347827, 0.40217391304347827, 0.40217391304347827, 0.40217391304347827], "aps": [0.45568477051853984, 0.4695466820861738, 0.46463580068356214, 0.45568477051853984, 0.45568477051853984, 0.4680927239941012, 0.4695466820861738, 0.46463580068356214, 0.45568477051853984, 0.46463580068356214], "f1": [0.5736434108527132, 0.5736434108527132, 0.5736434108527132, 0.5736434108527132, 0.5736434108527132, 0.5736434108527132, 0.5736434108527132, 0.5736434108527132, 0.5736434108527132, 0.5736434108527132], "auprc": [0.43934777907745426, 0.4530507514306654, 0.45270458543721454, 0.43934777907745426, 0.43934777907745426, 0.44942385005423413, 0.4530507514306654, 0.45270458543721454, 0.43934777907745426, 0.45270458543721454]}]}