{"auroc": [0.5044226044226044, 0.5022113022113022, 0.5341523341523342, 0.5201474201474202, 0.5619164619164619, 0.5144963144963146, 0.5235872235872236, 0.52997542997543, 0.4756756756756757, 0.5277641277641278], "acc": [0.40217391304347827, 0.40217391304347827, 0.40217391304347827, 0.40217391304347827, 0.40217391304347827, 0.5978260869565217, 0.40217391304347827, 0.40217391304347827, 0.5978260869565217, 0.40217391304347827], "aps": [0.43956980748649616, 0.4394434318294824, 0.469821792494742, 0.4243015974725999, 0.4837174180675291, 0.42410551437913435, 0.4526018262685518, 0.4331932047432514, 0.4397704205304486, 0.4359131620118454], "f1": [0.5736434108527132, 0.5736434108527132, 0.5736434108527132, 0.5736434108527132, 0.5736434108527132, 0.0, 0.5736434108527132, 0.5736434108527132, 0.0, 0.5736434108527132], "auprc": [0.43020908151746956, 0.4302300346615329, 0.4602912705214012, 0.4087639179259366, 0.4722895883423822, 0.40776867347833573, 0.4419676996434721, 0.41741386641763645, 0.4321000196940373, 0.419635372977055]}