{"enet": [{"auroc": [0.4137592137592138, 0.4137592137592138, 0.4137592137592138, 0.4152334152334153, 0.4137592137592138, 0.4137592137592138, 0.4201474201474202, 0.4201474201474202, 0.4122850122850123, 0.4137592137592138], "acc": [0.5978260869565217, 0.40217391304347827, 0.5978260869565217, 0.40217391304347827, 0.5978260869565217, 0.40217391304347827, 0.40217391304347827, 0.40217391304347827, 0.40217391304347827, 0.40217391304347827], "aps": [0.3692369063517573, 0.3688306825134871, 0.3692369063517573, 0.369372409724496, 0.3692369063517573, 0.3688306825134871, 0.3730429352126614, 0.3730429352126614, 0.368001362367673, 0.3688306825134871], "f1": [0.0, 0.5736434108527132, 0.0, 0.5736434108527132, 0.0, 0.5736434108527132, 0.5736434108527132, 0.5736434108527132, 0.5736434108527132, 0.5736434108527132], "auprc": [0.36000154492996567, 0.3596448502801253, 0.36000154492996567, 0.3601805776352918, 0.36000154492996567, 0.3596448502801253, 0.36377942633115684, 0.36377942633115684, 0.35883217263071365, 0.3596448502801253]}]}