{"enet": [{"auroc": [0.4751842751842752, 0.41498771498771503, 0.5, 0.5, 0.5, 0.5, 0.41498771498771503, 0.41498771498771503, 0.5, 0.5], "acc": [0.40217391304347827, 0.40217391304347827, 0.40217391304347827, 0.40217391304347827, 0.40217391304347827, 0.40217391304347827, 0.40217391304347827, 0.40217391304347827, 0.40217391304347827, 0.40217391304347827], "aps": [0.39342900870770203, 0.3413706811148696, 0.40217391304347827, 0.40217391304347827, 0.40217391304347827, 0.40217391304347827, 0.3413706811148696, 0.3413706811148696, 0.40217391304347827, 0.40217391304347827], "f1": [0.5736434108527132, 0.5736434108527132, 0.5736434108527132, 0.5736434108527132, 0.5736434108527132, 0.5736434108527132, 0.5736434108527132, 0.5736434108527132, 0.5736434108527132, 0.5736434108527132], "auprc": [0.375675033188905, 0.4187775180387562, 0.7010869565217391, 0.7010869565217391, 0.7010869565217391, 0.7010869565217391, 0.4187775180387562, 0.4187775180387562, 0.7010869565217391, 0.7010869565217391]}]}