{"auroc": [0.5673218673218674, 0.45552825552825554, 0.5004914004914005, 0.5321867321867322, 0.5528255528255529, 0.4041769041769042, 0.4624078624078624, 0.47542997542997545, 0.35528255528255526, 0.3941031941031941], "acc": [0.5978260869565217, 0.40217391304347827, 0.5978260869565217, 0.40217391304347827, 0.5978260869565217, 0.40217391304347827, 0.40217391304347827, 0.40217391304347827, 0.40217391304347827, 0.40217391304347827], "aps": [0.48947825688397106, 0.39100735434061834, 0.42463508537111094, 0.4368130892539771, 0.45304464803185923, 0.35117834484222665, 0.40646554260581363, 0.4116330900564923, 0.32922719314555005, 0.34837947006925096], "f1": [0.0, 0.5736434108527132, 0.0, 0.5736434108527132, 0.0, 0.5736434108527132, 0.5736434108527132, 0.5736434108527132, 0.5736434108527132, 0.5736434108527132], "auprc": [0.4788876595780325, 0.3781156492334727, 0.4181182168937331, 0.4191315760602379, 0.4390572972440218, 0.33535516983296304, 0.3960071934770566, 0.40162395757653996, 0.313284255924464, 0.33230913044639293]}