{"auroc": [0.6230958230958231, 0.585012285012285, 0.5877149877149878, 0.5820638820638822, 0.6248157248157248, 0.5857493857493857, 0.42776412776412776, 0.5594594594594595, 0.542014742014742, 0.5874692874692875], "acc": [0.40217391304347827, 0.40217391304347827, 0.40217391304347827, 0.40217391304347827, 0.40217391304347827, 0.40217391304347827, 0.40217391304347827, 0.40217391304347827, 0.40217391304347827, 0.40217391304347827], "aps": [0.5075957221155203, 0.5281191656369042, 0.5069749187719579, 0.5198935718398425, 0.519817121155784, 0.5268882655990802, 0.36175443175894395, 0.455989114294437, 0.4855105045484872, 0.5052297205406738], "f1": [0.5736434108527132, 0.5736434108527132, 0.5736434108527132, 0.5736434108527132, 0.5736434108527132, 0.5736434108527132, 0.5736434108527132, 0.5736434108527132, 0.5736434108527132, 0.5736434108527132], "auprc": [0.4996653317326454, 0.5214704554903967, 0.4974248481272625, 0.5126801113607842, 0.5081750312546087, 0.5194725839207406, 0.3505390218625388, 0.4377941682689991, 0.4760632717702333, 0.4960942729345903]}