{"auroc": [0.5272727272727272, 0.4727272727272727, 0.5, 0.5363636363636364, 0.47272727272727266], "acc": [0.5238095238095238, 0.47619047619047616, 0.42857142857142855, 0.5714285714285714, 0.5238095238095238], "aps": [0.6426984126984127, 0.5338933340481328, 0.5031043517885623, 0.6005002891844997, 0.549281045751634], "f1": [0.0, 0.15384615384615383, 0.5384615384615384, 0.30769230769230765, 0.0], "auprc": [0.6277998635351576, 0.5059263678787673, 0.45008147597156883, 0.5731002846482722, 0.5212995133951016]}