{"auroc": [0.5545454545454546, 0.4909090909090909, 0.44545454545454544, 0.5, 0.5727272727272728], "acc": [0.5238095238095238, 0.5238095238095238, 0.5714285714285714, 0.47619047619047616, 0.5238095238095238], "aps": [0.6211080586080586, 0.5600302037144141, 0.5590839277681382, 0.5037426900584796, 0.6564759750053867], "f1": [0.37499999999999994, 0.0, 0.30769230769230765, 0.47619047619047616, 0.0], "auprc": [0.6012154757007698, 0.5317611336032388, 0.531940333488321, 0.45052882317201204, 0.6379998922645981]}