{"best_index": [429, 290, 1999, 237, 352], "auroc": [0.45625000000000004, 0.4475, 0.46749999999999997, 0.45, 0.43], "acc": [0.5, 0.5, 0.5, 0.5, 0.5], "aps": [0.4820266787202271, 0.47443960120430706, 0.485900327742433, 0.47567476383265855, 0.46372421695951105], "f1": [0.6666666666666666, 0.6666666666666666, 0.6666666666666666, 0.6666666666666666, 0.6666666666666666], "auprc": [0.6482616183106951, 0.6848116544827071, 0.7034582428003481, 0.7118589743589743, 0.6664749572102513]}