{"best_index": [1999, 1999, 1999, 1999, 1545], "auroc": [0.5537499999999999, 0.5499999999999999, 0.5, 0.49875, 0.47750000000000004], "acc": [0.55, 0.55, 0.5, 0.5, 0.5], "aps": [0.575, 0.5375, 0.5, 0.5, 0.4884788634788635], "f1": [0.24999999999999997, 0.24999999999999997, 0.6666666666666666, 0.6666666666666666, 0.6666666666666666], "auprc": [0.68125, 0.6625, 0.75, 0.7371794871794871, 0.7189015939015938]}