{"best_index": [1767, 1999, 1480, 1999, 1999], "auroc": [0.5537499999999999, 0.5537499999999999, 0.525, 0.5249999999999999, 0.525], "acc": [0.575, 0.575, 0.5, 0.525, 0.5], "aps": [0.575, 0.5750000000000001, 0.5128205128205128, 0.5134788634788634, 0.5128205128205128], "f1": [0.2608695652173913, 0.2608695652173913, 0.6666666666666666, 0.6779661016949152, 0.6666666666666666], "auprc": [0.68125, 0.6812500000000001, 0.7564102564102564, 0.7442394317394317, 0.7564102564102564]}