{"auroc": [0.3857142857142857, 0.3411428571428572, 0.6594285714285715, 0.3102857142857143, 0.25771428571428573, 0.42800000000000005, 0.3422857142857143, 0.3274285714285714, 0.45885714285714285, 0.32857142857142857], "acc": [0.4166666666666667, 0.4166666666666667, 0.5833333333333334, 0.4166666666666667, 0.4166666666666667, 0.4166666666666667, 0.4166666666666667, 0.4166666666666667, 0.4166666666666667, 0.4166666666666667], "aps": [0.5387885896719339, 0.518677177714987, 0.7298581197212517, 0.5014737497153897, 0.48342974391033366, 0.5446745407970666, 0.5418234158475296, 0.5136402895933916, 0.5837058276511682, 0.5043246359351088], "f1": [0.0, 0.0, 0.7368421052631579, 0.0, 0.0, 0.0, 0.0, 0.0, 0.0, 0.0], "auprc": [0.5217962098412465, 0.5031078307035162, 0.7214292499886478, 0.48442960459507634, 0.4641217904160866, 0.5278068360213886, 0.5230316659934466, 0.496501954662621, 0.5648475259283388, 0.4874259763551742]}