{"auroc": [0.5514285714285715, 0.4862857142857143, 0.4177142857142857, 0.652, 0.5457142857142857, 0.4799999999999999, 0.5057142857142857, 0.4594285714285714, 0.48514285714285715, 0.48971428571428577], "acc": [0.5833333333333334, 0.4166666666666667, 0.4166666666666667, 0.4166666666666667, 0.4166666666666667, 0.4166666666666667, 0.4166666666666667, 0.4166666666666667, 0.4166666666666667, 0.4166666666666667], "aps": [0.6098639455782313, 0.6092782850217585, 0.5634474958244046, 0.6991963398736469, 0.6331068812127452, 0.5990653520598255, 0.6235960612155025, 0.5871328075857065, 0.6122802309739825, 0.5941956498782982], "f1": [0.7368421052631579, 0.0, 0.0, 0.0, 0.0, 0.0, 0.0, 0.0, 0.0, 0.0], "auprc": [0.755952380952381, 0.6037280031973692, 0.5638852883028054, 0.6914407988875081, 0.603374252624612, 0.5898599389772844, 0.6316684761461232, 0.5733814122716231, 0.6040417943438685, 0.588788808742127]}