{"auroc": [0.5, 0.5, 0.5, 0.5, 0.4908571428571428, 0.5634285714285714, 0.5, 0.5, 0.5, 0.5], "acc": [0.4166666666666667, 0.4166666666666667, 0.4166666666666667, 0.4166666666666667, 0.4166666666666667, 0.4166666666666667, 0.4166666666666667, 0.4166666666666667, 0.4166666666666667, 0.4166666666666667], "aps": [0.5833333333333334, 0.5833333333333334, 0.5833333333333334, 0.5833333333333334, 0.659387296619308, 0.6865947574190121, 0.5833333333333334, 0.5833333333333334, 0.5833333333333334, 0.5833333333333334], "f1": [0.0, 0.0, 0.0, 0.0, 0.0, 0.0, 0.0, 0.0, 0.0, 0.0], "auprc": [0.7916666666666667, 0.7916666666666667, 0.7916666666666667, 0.7916666666666667, 0.6581669883843656, 0.7052796007481191, 0.7916666666666667, 0.7916666666666667, 0.7916666666666667, 0.7916666666666667]}