{"enet": [{"auroc": [0.8346386033610703, 0.796541034426497, 0.8346386033610703, 0.8686572034589656, 0.8264806656877141, 0.8346386033610703, 0.82019905367923, 0.8245227606461086, 0.804535813346386, 0.761747430249633], "acc": [0.8398576512455516, 0.8434163701067615, 0.8398576512455516, 0.8612099644128114, 0.8398576512455516, 0.8398576512455516, 0.8398576512455516, 0.8256227758007118, 0.8042704626334519, 0.8291814946619217], "aps": [0.9524336830998431, 0.9199671414292627, 0.9524336830998431, 0.960323409000353, 0.9456275045428876, 0.9524336830998431, 0.9458198450285722, 0.9447745681387966, 0.9381261543987597, 0.9006652822775107], "f1": [0.9023861171366594, 0.9039301310043668, 0.9023861171366594, 0.9168443496801707, 0.9006622516556292, 0.9023861171366594, 0.9040511727078892, 0.901010101010101, 0.8842105263157896, 0.8928571428571428], "auprc": [0.952284115969392, 0.9465058027546733, 0.952284115969392, 0.9601858471034673, 0.9497843204319333, 0.952284115969392, 0.9456085277191334, 0.9445482208959072, 0.9378273853248713, 0.9430776414629632]}]}