{"auroc": [0.6872246696035242, 0.4770354054495024, 0.6744982868330885, 0.5439712840593898, 0.5705661608745309, 0.49522760646108666, 0.4820117474302496, 0.48662098221569594, 0.55359765051395, 0.7235274922499593], "acc": [0.8078291814946619, 0.19217081850533807, 0.19217081850533807, 0.8078291814946619, 0.7330960854092526, 0.8078291814946619, 0.8078291814946619, 0.8078291814946619, 0.19217081850533807, 0.8078291814946619], "aps": [0.8838388789047249, 0.8106052063677376, 0.904174076238986, 0.8353171136192592, 0.8323622617911137, 0.8216821034875371, 0.8076388555114131, 0.7935521596968425, 0.8491512815031735, 0.9267291825015883], "f1": [0.8879668049792532, 0.0, 0.0, 0.8937007874015748, 0.8366013071895424, 0.8937007874015748, 0.8937007874015748, 0.8937007874015748, 0.0, 0.8937007874015748], "auprc": [0.8831206276376656, 0.809313606353016, 0.9038293381559158, 0.8343316326217812, 0.8292787721110233, 0.8204662693957103, 0.8057895204912705, 0.7901274406231538, 0.8484319810252763, 0.9265274511557848]}