{"auroc": [0.7161853483439387, 0.636074400391581, 0.5630608582150433, 0.6311796377875674, 0.5799477891988905, 0.6337493881546745, 0.6922010115842714, 0.706069505628977, 0.6999510523739598, 0.6964431391744167], "acc": [0.8078291814946619, 0.8078291814946619, 0.8078291814946619, 0.8078291814946619, 0.8078291814946619, 0.19217081850533807, 0.8078291814946619, 0.8078291814946619, 0.8078291814946619, 0.8078291814946619], "aps": [0.8986067124161747, 0.8682756784856434, 0.8565219481692716, 0.8499365813227927, 0.866369233621904, 0.8636361119444586, 0.8722143374992999, 0.8848968539723611, 0.8828304237464226, 0.881093031872214], "f1": [0.8937007874015748, 0.8937007874015748, 0.8937007874015748, 0.8937007874015748, 0.8937007874015748, 0.0, 0.8937007874015748, 0.8937007874015748, 0.8937007874015748, 0.8937007874015748], "auprc": [0.8979936277087972, 0.8655824945715678, 0.8558296698597909, 0.8487678621223751, 0.8657409907470597, 0.8625842836535111, 0.8704699614398507, 0.883283249432903, 0.881574853327514, 0.879457002000681]}