{"auroc": [0.8296622613803231, 0.8419807472670908, 0.8217490618371676, 0.7856909773209333, 0.8006200032631752, 0.786669929841736, 0.7501223690651003, 0.8403491597324196, 0.8228095937347039, 0.758932941752325], "acc": [0.8078291814946619, 0.8078291814946619, 0.8078291814946619, 0.8078291814946619, 0.8042704626334519, 0.8078291814946619, 0.7793594306049823, 0.8078291814946619, 0.8185053380782918, 0.8078291814946619], "aps": [0.9553849254849274, 0.9583000672802207, 0.9501589541646899, 0.9397911799051786, 0.9430358083304026, 0.9425586414600888, 0.9218855597791064, 0.9592295360083666, 0.9499760042651032, 0.9303313763072074], "f1": [0.8937007874015748, 0.8937007874015748, 0.8789237668161435, 0.8937007874015748, 0.8812095032397408, 0.8937007874015748, 0.8603603603603603, 0.8937007874015748, 0.8926315789473684, 0.8937007874015748], "auprc": [0.9552657817287007, 0.958189001359743, 0.9500126409263357, 0.9396044889245603, 0.9428516162414526, 0.9424014591395553, 0.9215421606304753, 0.9591254153952149, 0.9498193615546839, 0.9300764055923942]}