{"enet": [{"auroc": [0.7285038342307065, 0.7387420460107684, 0.7368249306575297, 0.750530265948768, 0.7408223201174743, 0.7285038342307065, 0.680739109153206, 0.7285038342307065, 0.7576276717245879, 0.7576276717245879], "acc": [0.6725978647686833, 0.6583629893238434, 0.6725978647686833, 0.7793594306049823, 0.7544483985765125, 0.6725978647686833, 0.6583629893238434, 0.6725978647686833, 0.7651245551601423, 0.7651245551601423], "aps": [0.9007893920563671, 0.9057797832749899, 0.9011522480618535, 0.9173006994587006, 0.9049117901233815, 0.9007893920563671, 0.8761671256875168, 0.9007893920563671, 0.9140909642033489, 0.9140909642033489], "f1": [0.7641025641025642, 0.7500000000000001, 0.7676767676767676, 0.8640350877192983, 0.8406466512702079, 0.7641025641025642, 0.7575757575757576, 0.7641025641025642, 0.8450704225352114, 0.8450704225352114], "auprc": [0.916888143762032, 0.9280662164590001, 0.9023005046728672, 0.916912552591951, 0.9041342193935699, 0.916888143762032, 0.914214020465848, 0.916888143762032, 0.9134682494995954, 0.9134682494995954]}]}