{"rf": [{"auroc": [0.8211780062000327], "acc": [0.8469750889679716], "aps": [0.9455492415133993], "f1": [0.9083155650319829], "auprc": [0.945442452791038]}], "enet": [{"auroc": [0.8049437102300538], "acc": [0.8291814946619217], "aps": [0.9409647428527734], "f1": [0.8974358974358974], "auprc": [0.9407721000511668]}]}