{"rf": [{"auroc": [0.8766927720672214], "acc": [0.8683274021352313], "aps": [0.9670817617070955], "f1": [0.9207708779443254], "auprc": [0.9671969810198616]}], "enet": [{"auroc": [0.9020231685429924], "acc": [0.8683274021352313], "aps": [0.9703435278875028], "f1": [0.9168539325842697], "auprc": [0.9702500257669386]}]}