{"enet": [{"auroc": [0.647984989394681, 0.6234295969978789, 0.5, 0.627508565834557, 0.6393375754609235, 0.6164137705987925, 0.6164137705987925, 0.5, 0.5, 0.5], "acc": [0.7651245551601423, 0.7580071174377224, 0.8078291814946619, 0.7366548042704626, 0.6868327402135231, 0.7437722419928826, 0.7437722419928826, 0.8078291814946619, 0.8078291814946619, 0.8078291814946619], "aps": [0.879858609481091, 0.8509543733119371, 0.8078291814946619, 0.8531843358652452, 0.8593358453132627, 0.847434835137591, 0.847434835137591, 0.8078291814946619, 0.8078291814946619, 0.8078291814946619], "f1": [0.8625, 0.8495575221238938, 0.8937007874015748, 0.8325791855203619, 0.7884615384615384, 0.8392857142857143, 0.8392857142857143, 0.8937007874015748, 0.8937007874015748, 0.8937007874015748], "auprc": [0.8792945149156858, 0.9111076655971717, 0.9039145907473309, 0.909754598202687, 0.9072691824183997, 0.9091850633297202, 0.9091850633297202, 0.9039145907473309, 0.9039145907473309, 0.9039145907473309]}]}