{"auroc": [0.8121226953826073, 0.5493555229238049, 0.7993963126121716, 0.5321014847446566, 0.6039729156469245, 0.5285527818567466, 0.5163158753467123, 0.704560287159406, 0.4380812530592266, 0.5285527818567466], "acc": [0.8113879003558719, 0.8078291814946619, 0.8078291814946619, 0.8078291814946619, 0.19217081850533807, 0.19217081850533807, 0.8078291814946619, 0.8078291814946619, 0.19217081850533807, 0.8078291814946619], "aps": [0.944502387055187, 0.8296275934152232, 0.9403496519330654, 0.8296026944868071, 0.8859790571633634, 0.8240197125671059, 0.8301781486766417, 0.89790420671926, 0.7751053120379353, 0.8031314331217267], "f1": [0.8954635108481263, 0.8937007874015748, 0.8937007874015748, 0.8937007874015748, 0.0, 0.0, 0.8937007874015748, 0.8937007874015748, 0.0, 0.8937007874015748], "auprc": [0.9443214487086175, 0.828181487087714, 0.9401601641080448, 0.8285357878906434, 0.885625743472138, 0.8227540090000915, 0.8293596051669632, 0.8974315324382685, 0.7716200852088215, 0.8007623532276876]}