{"enet": [{"auroc": [0.7728014357970304, 0.8010279001468429, 0.7885054658182411, 0.8072279327785936, 0.8010279001468429, 0.8072279327785936, 0.7856909773209333, 0.8010279001468429, 0.789851525534345, 0.8010279001468429], "acc": [0.38434163701067614, 0.3807829181494662, 0.3807829181494662, 0.41637010676156583, 0.3807829181494662, 0.41637010676156583, 0.3701067615658363, 0.3807829181494662, 0.49466192170818507, 0.3807829181494662], "aps": [0.92393861235252, 0.9332284308019422, 0.9288453612283991, 0.9366472270526629, 0.9332284308019422, 0.9366472270526629, 0.9256230130835268, 0.9332284308019422, 0.930467893598221, 0.9332284308019422], "f1": [0.40138408304498274, 0.3958333333333333, 0.3958333333333333, 0.44966442953020136, 0.3958333333333333, 0.44966442953020136, 0.38327526132404177, 0.3958333333333333, 0.55625, 0.3958333333333333], "auprc": [0.9235079213144234, 0.9329398502855437, 0.9285973975313886, 0.9363829046981496, 0.9329398502855437, 0.9363829046981496, 0.9252326650102145, 0.9329398502855437, 0.9301467866524397, 0.9329398502855437]}]}