{"auroc": [0.5101158427149617, 0.5340186000978953, 0.48792625224343283, 0.49167890357317673, 0.4909038994942079, 0.4590879425681188, 0.5214961657692936, 0.44158916625876976, 0.5043237069668788, 0.47373144069179307], "acc": [0.8078291814946619, 0.19217081850533807, 0.8078291814946619, 0.19217081850533807, 0.8078291814946619, 0.8078291814946619, 0.8078291814946619, 0.19217081850533807, 0.8078291814946619, 0.8078291814946619], "aps": [0.8080250607202465, 0.8233230044482197, 0.8047011863395546, 0.7967585113420194, 0.7964245374233987, 0.7677992817261621, 0.8299435654338998, 0.7958421708939621, 0.8188645734519783, 0.801079865027547], "f1": [0.8937007874015748, 0.0, 0.8937007874015748, 0.0, 0.8937007874015748, 0.8937007874015748, 0.8937007874015748, 0.0, 0.8937007874015748, 0.8937007874015748], "auprc": [0.8058583261094047, 0.8217001611792691, 0.802997230555981, 0.7944197546919913, 0.795379098443436, 0.7626937821977855, 0.8294276558487181, 0.7946188578083171, 0.8179002258770479, 0.799723202808595]}