{"auroc": [0.41891009952683966, 0.7151248164464022, 0.9221732745961821, 0.830804372654593, 0.844183390438897, 0.5437265459291892, 0.7294419970631424, 0.6154348180779899, 0.48515255343449176, 0.6726627508565834], "acc": [0.8078291814946619, 0.7758007117437722, 0.8825622775800712, 0.8185053380782918, 0.8078291814946619, 0.8078291814946619, 0.8078291814946619, 0.8078291814946619, 0.8078291814946619, 0.8078291814946619], "aps": [0.7625281272966915, 0.9171056227343017, 0.980115597408306, 0.9536583018972434, 0.9398588127903561, 0.84972568924482, 0.9214221161853542, 0.8689724726583845, 0.8237740896186598, 0.9025317571023493], "f1": [0.8937007874015748, 0.8701030927835052, 0.9305263157894736, 0.8888888888888888, 0.8937007874015748, 0.8937007874015748, 0.8937007874015748, 0.8937007874015748, 0.8937007874015748, 0.8937007874015748], "auprc": [0.7584255611681916, 0.9168212972736304, 0.980066061014337, 0.9535245188579828, 0.9394806970172536, 0.848981806453752, 0.9212102072960704, 0.8681584571474396, 0.8230564842599694, 0.9021985933298629]}