{"enet": [{"auroc": [0.8014357970305107, 0.8049437102300538, 0.7832435960189265, 0.8049437102300538, 0.8049437102300538, 0.7832435960189265, 0.8014357970305107, 0.8049437102300538, 0.7974384075705662, 0.8049437102300538], "acc": [0.8540925266903915, 0.8362989323843416, 0.8398576512455516, 0.8362989323843416, 0.8362989323843416, 0.8398576512455516, 0.8540925266903915, 0.8362989323843416, 0.8327402135231317, 0.8362989323843416], "aps": [0.9299094424667367, 0.9394035990948548, 0.9181588939651283, 0.9394035990948548, 0.9394035990948548, 0.9181588939651283, 0.9299094424667367, 0.9394035990948548, 0.937811619183696, 0.9394035990948548], "f1": [0.9133192389006342, 0.902127659574468, 0.9056603773584905, 0.902127659574468, 0.902127659574468, 0.9056603773584905, 0.9133192389006342, 0.902127659574468, 0.8997867803837953, 0.902127659574468], "auprc": [0.9295567350434626, 0.939194033615016, 0.9171554501220828, 0.939194033615016, 0.939194033615016, 0.9171554501220828, 0.9295567350434626, 0.939194033615016, 0.9375981254144344, 0.939194033615016]}]}