{"auroc": [0.6277533039647576, 0.5172948278675151, 0.6100097895252081, 0.6438244411812695, 0.5998939468102464, 0.7096589982052537, 0.7713330070158263, 0.7097405775819873, 0.6737640724424865, 0.6398270517213249], "acc": [0.19217081850533807, 0.8078291814946619, 0.8078291814946619, 0.8078291814946619, 0.8078291814946619, 0.8078291814946619, 0.8078291814946619, 0.8078291814946619, 0.7544483985765125, 0.8078291814946619], "aps": [0.882097025119312, 0.8202240561273166, 0.8743447100678963, 0.8907161431269808, 0.8627939353977893, 0.9072602379602925, 0.9309251514647623, 0.9131565839619046, 0.8960624981922412, 0.889163649121895], "f1": [0.0, 0.8937007874015748, 0.8937007874015748, 0.8937007874015748, 0.8937007874015748, 0.8937007874015748, 0.8937007874015748, 0.8937007874015748, 0.8516129032258064, 0.8937007874015748], "auprc": [0.8816038451102042, 0.8182416831633127, 0.8738029723799899, 0.8903156857781506, 0.8621149413780511, 0.906875544695566, 0.9306947554359909, 0.9127745890713697, 0.8956570487129748, 0.8887203878321261]}