{"auroc": [0.6272727272727272, 0.5909090909090908, 0.5818181818181818, 0.49090909090909096, 0.5181818181818182], "acc": [0.6190476190476191, 0.5238095238095238, 0.6190476190476191, 0.5714285714285714, 0.5714285714285714], "aps": [0.6601605339105339, 0.6091666666666666, 0.6070479082321187, 0.5785178220472338, 0.5399951437451437], "f1": [0.7142857142857143, 0.5454545454545454, 0.5555555555555556, 0.30769230769230765, 0.608695652173913], "auprc": [0.6410458046855105, 0.5813619739393734, 0.579251815436026, 0.5589550263118374, 0.5129154653825706]}