{"auroc": [0.5, 0.43636363636363634, 0.5363636363636364, 0.48181818181818187, 0.49090909090909096], "acc": [0.47619047619047616, 0.47619047619047616, 0.5714285714285714, 0.47619047619047616, 0.5238095238095238], "aps": [0.5376556776556777, 0.5138824166030048, 0.5848629148629149, 0.5423900660742766, 0.5101737151737151], "f1": [0.3529411764705882, 0.3529411764705882, 0.5263157894736842, 0.15384615384615383, 0.28571428571428575], "auprc": [0.5104019836372777, 0.4867395594601477, 0.5565901496164655, 0.514344318392306, 0.4570398388161546]}