{"auroc": [0.6, 0.5363636363636364, 0.7090909090909091, 0.6181818181818182, 0.32727272727272727], "acc": [0.5238095238095238, 0.42857142857142855, 0.6666666666666666, 0.5238095238095238, 0.5238095238095238], "aps": [0.5941682826976945, 0.5603571428571429, 0.7321012759170653, 0.6668697478991595, 0.46968866015305644], "f1": [0.0, 0.5, 0.7200000000000001, 0.0, 0.0], "auprc": [0.542361919126625, 0.508289629617029, 0.7177894546973493, 0.6478901409048468, 0.4442104537189676]}