{"auroc": [0.7363636363636363, 0.7272727272727273, 0.5090909090909091, 0.5818181818181818, 0.43636363636363634], "acc": [0.47619047619047616, 0.47619047619047616, 0.6190476190476191, 0.47619047619047616, 0.5238095238095238], "aps": [0.8031160016454134, 0.7708891108891108, 0.5914505012531328, 0.6398093083387201, 0.47658939014202173], "f1": [0.6451612903225806, 0.6451612903225806, 0.5555555555555556, 0.47619047619047616, 0.0], "auprc": [0.7951231637299748, 0.7601757745178797, 0.5635437552213868, 0.6138149105796163, 0.4327880362671384]}