{"auroc": [0.709090909090909, 0.5909090909090909, 0.5636363636363636, 0.5818181818181819, 0.5272727272727273], "acc": [0.7142857142857143, 0.5238095238095238, 0.47619047619047616, 0.47619047619047616, 0.5238095238095238], "aps": [0.7645741758241758, 0.6422619047619047, 0.6412129588677576, 0.6063935574229692, 0.5155344655344655], "f1": [0.7, 0.5833333333333334, 0.56, 0.56, 0.6428571428571429], "auprc": [0.7537751831501831, 0.6225878533231474, 0.6216298310822305, 0.5785951303598362, 0.46220307728047666]}