{"auroc": [0.5181818181818182, 0.4636363636363636, 0.509090909090909, 0.42727272727272725, 0.5], "acc": [0.42857142857142855, 0.5238095238095238, 0.5238095238095238, 0.47619047619047616, 0.47619047619047616], "aps": [0.6461639392599144, 0.5578393901420217, 0.5757462472168354, 0.5521953536659419, 0.5903015113541429], "f1": [0.5714285714285714, 0.37499999999999994, 0.5, 0.5217391304347826, 0.5217391304347826], "auprc": [0.6313487763526463, 0.5296440438216754, 0.5474565993432092, 0.5335941631897514, 0.562909736462368]}