{"auroc": [0.37272727272727274, 0.6181818181818183, 0.5454545454545454, 0.5727272727272728, 0.5545454545454546], "acc": [0.47619047619047616, 0.6190476190476191, 0.5238095238095238, 0.6190476190476191, 0.6190476190476191], "aps": [0.4274413138461126, 0.635344611528822, 0.6887374686716792, 0.6324034350582338, 0.5932017543859649], "f1": [0.15384615384615383, 0.6666666666666666, 0.5, 0.6, 0.6], "auprc": [0.38400835533575467, 0.6075959712801817, 0.6774064645794522, 0.6126050838995885, 0.5652850877192982]}