{"auroc": [0.6000000000000001, 0.44545454545454544, 0.4818181818181818, 0.6363636363636364, 0.4], "acc": [0.5238095238095238, 0.5238095238095238, 0.47619047619047616, 0.47619047619047616, 0.5238095238095238], "aps": [0.6800591127139114, 0.48548382989559463, 0.5147838345864661, 0.7204136141636142, 0.451311612364244], "f1": [0.5454545454545454, 0.0, 0.0, 0.6206896551724138, 0.0], "auprc": [0.6622815404839398, 0.43313278182086234, 0.46187708855472015, 0.7090238233988233, 0.4115272137563159]}