{"enet": [{"auroc": [0.5878010878010878, 0.5878010878010878, 0.5, 0.5889665889665889, 0.5878010878010878, 0.5878010878010878, 0.5878010878010878, 0.5878010878010878, 0.6083916083916083, 0.5889665889665889], "acc": [0.3237410071942446, 0.3237410071942446, 0.15827338129496402, 0.2805755395683453, 0.3237410071942446, 0.3237410071942446, 0.3237410071942446, 0.3237410071942446, 0.23741007194244604, 0.2805755395683453], "aps": [0.903110320539395, 0.903110320539395, 0.841726618705036, 0.901754845292345, 0.903110320539395, 0.903110320539395, 0.903110320539395, 0.903110320539395, 0.9065494114139936, 0.901754845292345], "f1": [0.32857142857142857, 0.32857142857142857, 0.0, 0.2537313432835821, 0.32857142857142857, 0.32857142857142857, 0.32857142857142857, 0.32857142857142857, 0.17187499999999997, 0.2537313432835821], "auprc": [0.9024927738415147, 0.9024927738415147, 0.920863309352518, 0.9010730996275941, 0.9024927738415147, 0.9024927738415147, 0.9024927738415147, 0.9024927738415147, 0.9058684128396272, 0.9010730996275941]}]}