{"auroc": [0.6060606060606061, 0.6682206682206682, 0.6068376068376069, 0.5042735042735043, 0.62004662004662, 0.5299145299145299, 0.5602175602175602, 0.587024087024087, 0.5353535353535354, 0.5501165501165501], "acc": [0.15827338129496402, 0.15827338129496402, 0.15827338129496402, 0.841726618705036, 0.15827338129496402, 0.15827338129496402, 0.15827338129496402, 0.15827338129496402, 0.15827338129496402, 0.15827338129496402], "aps": [0.8944704810809383, 0.9012660498999797, 0.8887342393301094, 0.8389850275541251, 0.8960917623126654, 0.8638799265905884, 0.8726041239733231, 0.884199090395688, 0.8732923395272836, 0.8794207138457545], "f1": [0.0, 0.0, 0.0, 0.9140624999999999, 0.0, 0.0, 0.0, 0.0, 0.0, 0.0], "auprc": [0.8934484728347837, 0.8995172693578899, 0.8876135772258911, 0.8359769063792069, 0.8950972282546362, 0.8625277377652256, 0.8713435666123095, 0.8831025021403458, 0.8720290068759113, 0.8783623621543215]}