{"auroc": [0.6173271173271173, 0.5893550893550894, 0.5143745143745143, 0.6002331002331002, 0.4933954933954934, 0.4856254856254857, 0.4572649572649573, 0.5427350427350428, 0.5481740481740481, 0.4331779331779332], "acc": [0.16546762589928057, 0.841726618705036, 0.15827338129496402, 0.15827338129496402, 0.15827338129496402, 0.15827338129496402, 0.15827338129496402, 0.841726618705036, 0.15827338129496402, 0.15827338129496402], "aps": [0.8980487209898228, 0.8665115570726336, 0.8581580378649256, 0.894423479175836, 0.8419197766672731, 0.8536783118003739, 0.8353162375823936, 0.8592367120357962, 0.877339960884566, 0.8468459239384831], "f1": [0.016949152542372885, 0.9140624999999999, 0.0, 0.0, 0.0, 0.0, 0.0, 0.9140624999999999, 0.0, 0.0], "auprc": [0.8970720032667502, 0.8641811984723837, 0.8568027631708186, 0.893335659335754, 0.8401732099807192, 0.8522343331446911, 0.8328505974188027, 0.8537543424975863, 0.8761935694164776, 0.8454623534932183]}