{"auroc": [0.2775, 0.41, 0.4325, 0.43500000000000005, 0.6575, 0.47000000000000003, 0.36, 0.565, 0.44625000000000004, 0.40249999999999997], "acc": [0.5, 0.5, 0.5, 0.5, 0.5, 0.5, 0.5, 0.525, 0.5, 0.5], "aps": [0.4462716104701613, 0.4542701094513006, 0.5248550805643711, 0.5678771422455449, 0.6953446137342976, 0.5837823555509198, 0.43628875920185994, 0.5938161038272853, 0.49150411533555993, 0.5021879959144377], "f1": [0.0, 0.0, 0.0, 0.0, 0.0, 0.0, 0.0, 0.09523809523809523, 0.6666666666666666, 0.0], "auprc": [0.4288986623666304, 0.4280212034658178, 0.5069381731254048, 0.5561590152281943, 0.6853273079686695, 0.5703260315307371, 0.40724253455808945, 0.5758138758178011, 0.4749272398666699, 0.48870654366877575]}