{"enet": [{"auroc": [0.6525000000000001, 0.5800000000000001, 0.6224999999999999, 0.5800000000000001, 0.5800000000000001, 0.5800000000000001, 0.5800000000000001, 0.6224999999999999, 0.5800000000000001, 0.5800000000000001], "acc": [0.525, 0.5, 0.5, 0.5, 0.5, 0.5, 0.5, 0.5, 0.5, 0.5], "aps": [0.6538895969584824, 0.5953336768339887, 0.6470074688231086, 0.5953336768339887, 0.5953336768339887, 0.5953336768339887, 0.5953336768339887, 0.6470074688231086, 0.5953336768339887, 0.5953336768339887], "f1": [0.1739130434782609, 0.0, 0.0, 0.0, 0.0, 0.0, 0.0, 0.0, 0.0, 0.0], "auprc": [0.6402861880886136, 0.5810963536996068, 0.6337692737058155, 0.5810963536996068, 0.5810963536996068, 0.5810963536996068, 0.5810963536996068, 0.6337692737058155, 0.5810963536996068, 0.5810963536996068]}]}