{"auroc": [0.6456876456876458, 0.6045066045066045, 0.6204351204351205, 0.6177156177156177, 0.5668220668220669, 0.7183372183372184, 0.5967365967365967, 0.5341880341880343, 0.627039627039627, 0.5874125874125874], "acc": [0.15827338129496402, 0.15827338129496402, 0.16546762589928057, 0.17266187050359713, 0.15827338129496402, 0.15827338129496402, 0.15827338129496402, 0.15827338129496402, 0.16546762589928057, 0.15827338129496402], "aps": [0.9132389746041785, 0.8948485049350906, 0.9070212209000903, 0.9095507600057513, 0.8726437507349349, 0.9298816187768051, 0.8934606783067744, 0.8572434968899039, 0.907477319704058, 0.8905896053641719], "f1": [0.0, 0.0, 0.016949152542372885, 0.033613445378151266, 0.0, 0.0, 0.0, 0.0, 0.016949152542372885, 0.0], "auprc": [0.9126228172182557, 0.8938258224081261, 0.9063732165845007, 0.9089803390419257, 0.8698047056255356, 0.9293271981767088, 0.8925229965097644, 0.8548398234574519, 0.9067931095392666, 0.8894213399982307]}