{"auroc": [0.5306915306915307, 0.5505050505050505, 0.5477855477855478, 0.5687645687645687, 0.5963480963480964, 0.5540015540015539, 0.6678321678321678, 0.5644910644910645, 0.5718725718725719, 0.6258741258741259], "acc": [0.15827338129496402, 0.15827338129496402, 0.15827338129496402, 0.15827338129496402, 0.15827338129496402, 0.15827338129496402, 0.15827338129496402, 0.16546762589928057, 0.15827338129496402, 0.15827338129496402], "aps": [0.8793238176169939, 0.8918097884805811, 0.8768307668159151, 0.8755869610882149, 0.8844929300506996, 0.870324055602506, 0.9043269363543347, 0.8805823936736688, 0.8814410756864097, 0.9112204478132716], "f1": [0.0, 0.0, 0.0, 0.0, 0.0, 0.0, 0.0, 0.016949152542372885, 0.0, 0.0], "auprc": [0.8783149499200436, 0.8911006946993811, 0.8757134278744293, 0.8741394412427432, 0.8824490026752061, 0.8689068717923145, 0.9022606845763108, 0.8794686953415713, 0.8802935506133901, 0.91063740046034]}