{"auroc": [0.45993756503642036, 0.5036420395421436, 0.4651404786680541, 0.4661810613943809, 0.5993756503642039, 0.708636836628512, 0.5223725286160249, 0.5379812695109262, 0.5473465140478668, 0.5244536940686785], "acc": [0.5, 0.5, 0.5, 0.5, 0.5, 0.5, 0.5, 0.5, 0.5, 0.5], "aps": [0.5826838270699364, 0.562040139133872, 0.5521978166784441, 0.5153329918786946, 0.6659616063727064, 0.7240370181490206, 0.6301144439895311, 0.6169873122054137, 0.6322721965903666, 0.6283256958575608], "f1": [0.0, 0.0, 0.0, 0.0, 0.0, 0.0, 0.0, 0.6666666666666666, 0.0, 0.0], "auprc": [0.5751972116377654, 0.5512502647168112, 0.539650049397087, 0.4939840018196654, 0.6598378081214156, 0.7174219679847318, 0.6239934534692533, 0.6104519820266845, 0.623467858968721, 0.6219041083024449]}