{"enet": [{"auroc": [0.5574980574980575, 0.5963480963480964, 0.5963480963480964, 0.5, 0.5745920745920745, 0.5745920745920745, 0.5, 0.5963480963480964, 0.5745920745920745, 0.5963480963480964], "acc": [0.17266187050359713, 0.16546762589928057, 0.16546762589928057, 0.15827338129496402, 0.17266187050359713, 0.17266187050359713, 0.15827338129496402, 0.16546762589928057, 0.17266187050359713, 0.16546762589928057], "aps": [0.8750331829433913, 0.8988296385586274, 0.8988296385586274, 0.841726618705036, 0.8818797127768558, 0.8818797127768558, 0.841726618705036, 0.8988296385586274, 0.8818797127768558, 0.8988296385586274], "f1": [0.033613445378151266, 0.016949152542372885, 0.016949152542372885, 0.0, 0.033613445378151266, 0.033613445378151266, 0.0, 0.016949152542372885, 0.033613445378151266, 0.016949152542372885], "auprc": [0.873645860498421, 0.898046497592234, 0.898046497592234, 0.920863309352518, 0.8805588385758877, 0.8805588385758877, 0.920863309352518, 0.898046497592234, 0.8805588385758877, 0.898046497592234]}]}