{"auroc": [0.5183333333333333, 0.7166666666666667, 0.5433333333333333, 0.6391666666666667, 0.4316666666666667, 0.3766666666666667, 0.6666666666666667, 0.6283333333333334, 0.38333333333333336, 0.7233333333333334], "acc": [0.4897959183673469, 0.4897959183673469, 0.4897959183673469, 0.5102040816326531, 0.4897959183673469, 0.4897959183673469, 0.4897959183673469, 0.5306122448979592, 0.4897959183673469, 0.4897959183673469], "aps": [0.5298347420191865, 0.7355823090738157, 0.6016324739485075, 0.6438098387312231, 0.4899411384315613, 0.42930441568123295, 0.6971872252927487, 0.6866461522159335, 0.4572438735589795, 0.7616606858187549], "f1": [0.0, 0.0, 0.0, 0.6756756756756758, 0.0, 0.0, 0.0, 0.6666666666666666, 0.0, 0.0], "auprc": [0.501905540243861, 0.7247303000323012, 0.574280474982791, 0.6189102876310085, 0.45814312055409445, 0.4101804943267499, 0.6872680191548869, 0.677353888549814, 0.44246079379364056, 0.7541734568978227]}