{"auroc": [0.7016666666666667, 0.7425, 0.6741666666666666, 0.72, 0.71, 0.33333333333333337, 0.72, 0.29333333333333333, 0.7133333333333334, 0.725], "acc": [0.4897959183673469, 0.4897959183673469, 0.5102040816326531, 0.5102040816326531, 0.5102040816326531, 0.5102040816326531, 0.4897959183673469, 0.5102040816326531, 0.4897959183673469, 0.4897959183673469], "aps": [0.6903775756647523, 0.734244748920989, 0.7017701867300022, 0.7164739766514232, 0.752208842874516, 0.4442064181655168, 0.7215474695276275, 0.41295144079945423, 0.7122827285008136, 0.7284273613874456], "f1": [0.0, 0.0, 0.6756756756756758, 0.6756756756756758, 0.6756756756756758, 0.6756756756756758, 0.0, 0.6756756756756758, 0.0, 0.0], "auprc": [0.6757051915959726, 0.7229314367078814, 0.689678810580576, 0.7060566577325613, 0.7436338469326137, 0.42848126254130936, 0.710275609116446, 0.3883225782868131, 0.6983827251292613, 0.7174361638377756]}