{"auroc": [0.29999999999999993, 0.5866666666666667, 0.7266666666666667, 0.7183333333333334, 0.31333333333333335, 0.5683333333333334, 0.6233333333333333, 0.6849999999999999, 0.215, 0.6116666666666668], "acc": [0.4897959183673469, 0.4897959183673469, 0.5102040816326531, 0.4897959183673469, 0.4897959183673469, 0.4897959183673469, 0.4897959183673469, 0.4897959183673469, 0.46938775510204084, 0.4897959183673469], "aps": [0.4024258544006443, 0.6000205612375925, 0.7283495092905581, 0.7361932801377337, 0.4038342120914829, 0.6304051540711318, 0.6709343727720838, 0.6876773365453948, 0.37033824696543344, 0.6684382829764439], "f1": [0.0, 0.0, 0.6756756756756758, 0.0, 0.0, 0.0, 0.0, 0.0, 0.0, 0.0], "auprc": [0.3838513898937832, 0.5831699203263248, 0.7183431568127959, 0.7258977337120657, 0.3873340661565603, 0.6180083616555521, 0.6614821197968563, 0.6715946600093632, 0.35503474347853786, 0.6587156362707485]}