{"auroc": [0.27666666666666667, 0.35, 0.4183333333333333, 0.5683333333333334, 0.7233333333333334, 0.365, 0.6083333333333334, 0.675, 0.45, 0.6783333333333333], "acc": [0.4897959183673469, 0.4897959183673469, 0.4897959183673469, 0.4897959183673469, 0.4897959183673469, 0.4897959183673469, 0.4897959183673469, 0.5102040816326531, 0.4897959183673469, 0.4897959183673469], "aps": [0.4064036285795411, 0.5099107407887281, 0.5574445335562038, 0.6192111502388907, 0.7128660505693616, 0.5454292658751012, 0.6052009933890179, 0.6301912675194025, 0.4850849085756331, 0.6468954933646368], "f1": [0.0, 0.0, 0.0, 0.0, 0.0, 0.0, 0.0, 0.6756756756756758, 0.0, 0.0], "auprc": [0.38039836195536675, 0.49884464912400356, 0.5468078593022999, 0.6088030838186462, 0.7035337511328371, 0.5363142185379443, 0.5656393074362273, 0.6110730957491969, 0.4563659310118758, 0.6076171706522022]}