{"enet": [{"auroc": [0.6950000000000001, 0.5, 0.5, 0.5, 0.5, 0.5, 0.5, 0.5, 0.5, 0.5], "acc": [0.46938775510204084, 0.4897959183673469, 0.4897959183673469, 0.4897959183673469, 0.4897959183673469, 0.4897959183673469, 0.4897959183673469, 0.4897959183673469, 0.4897959183673469, 0.4897959183673469], "aps": [0.6433174054730503, 0.5102040816326531, 0.5102040816326531, 0.5102040816326531, 0.5102040816326531, 0.5102040816326531, 0.5102040816326531, 0.5102040816326531, 0.5102040816326531, 0.5102040816326531], "f1": [0.0, 0.0, 0.0, 0.0, 0.0, 0.0, 0.0, 0.0, 0.0, 0.0], "auprc": [0.6399249296030244, 0.7551020408163265, 0.7551020408163265, 0.7551020408163265, 0.7551020408163265, 0.7551020408163265, 0.7551020408163265, 0.7551020408163265, 0.7551020408163265, 0.7551020408163265]}]}