{"enet": [{"auroc": [0.7241666666666667, 0.5, 0.5, 0.5, 0.5, 0.5, 0.5, 0.5, 0.5, 0.5], "acc": [0.5306122448979592, 0.4897959183673469, 0.4897959183673469, 0.4897959183673469, 0.4897959183673469, 0.4897959183673469, 0.4897959183673469, 0.4897959183673469, 0.4897959183673469, 0.4897959183673469], "aps": [0.6945382644285785, 0.5102040816326531, 0.5102040816326531, 0.5102040816326531, 0.5102040816326531, 0.5102040816326531, 0.5102040816326531, 0.5102040816326531, 0.5102040816326531, 0.5102040816326531], "f1": [0.20689655172413793, 0.0, 0.0, 0.0, 0.0, 0.0, 0.0, 0.0, 0.0, 0.0], "auprc": [0.7602335493760748, 0.7551020408163265, 0.7551020408163265, 0.7551020408163265, 0.7551020408163265, 0.7551020408163265, 0.7551020408163265, 0.7551020408163265, 0.7551020408163265, 0.7551020408163265]}]}