{"auroc": [0.6399999999999999, 0.7083333333333334, 0.7133333333333334, 0.7200000000000001, 0.6816666666666666, 0.755, 0.6683333333333333, 0.6083333333333333, 0.7116666666666667, 0.7083333333333333], "acc": [0.4897959183673469, 0.5102040816326531, 0.4897959183673469, 0.4897959183673469, 0.4897959183673469, 0.4897959183673469, 0.5102040816326531, 0.4897959183673469, 0.4897959183673469, 0.4897959183673469], "aps": [0.6845443258152237, 0.7031485249883334, 0.6844754059293701, 0.7162687751498436, 0.6751637776660613, 0.7716064016971947, 0.6739206325280437, 0.6405563393735196, 0.716985208715733, 0.6450915812572462], "f1": [0.0, 0.6756756756756758, 0.0, 0.0, 0.0, 0.0, 0.6756756756756758, 0.0, 0.0, 0.0], "auprc": [0.675086011354199, 0.692918525303346, 0.6687633756170421, 0.7050066371304822, 0.6626573907234782, 0.7643975711104043, 0.6633761574333042, 0.6273588378974586, 0.7070929323040893, 0.617942984130947]}