{"best_index": [123, 195, 143, 66, 201], "auroc": [0.542014742014742, 0.5208845208845209, 0.518918918918919, 0.5400491400491401, 0.5412776412776413], "acc": [0.5978260869565217, 0.40217391304347827, 0.40217391304347827, 0.5652173913043478, 0.5869565217391305], "aps": [0.4462702162737502, 0.4139043891706218, 0.4441782211870842, 0.4508182642050214, 0.44520766865926087], "f1": [0.0, 0.5736434108527132, 0.5736434108527132, 0.16666666666666669, 0.05], "auprc": [0.42806579168522724, 0.39694866642491106, 0.43242307178047656, 0.43910030249707416, 0.42670294682625287]}