{"best_index": [61, 54, 241, 80, 78], "auroc": [0.49090909090909096, 0.4776412776412777, 0.4923832923832924, 0.5135135135135136, 0.49140049140049147], "acc": [0.40217391304347827, 0.4891304347826087, 0.40217391304347827, 0.40217391304347827, 0.40217391304347827], "aps": [0.4109894146300194, 0.3802338813818581, 0.38208951131204827, 0.40551160127652497, 0.40520856744045447], "f1": [0.5736434108527132, 0.47191011235955055, 0.5736434108527132, 0.5736434108527132, 0.5736434108527132], "auprc": [0.40043124553715165, 0.36546776147468213, 0.3693213811796682, 0.3907855266962552, 0.3952774081770675]}