{"auroc": [0.4102857142857143, 0.6611428571428571, 0.7445714285714286, 0.5897142857142857, 0.46685714285714286, 0.696, 0.5948571428571428, 0.49771428571428566, 0.3182857142857143, 0.4634285714285714], "acc": [0.4166666666666667, 0.5833333333333334, 0.4166666666666667, 0.4166666666666667, 0.4166666666666667, 0.4166666666666667, 0.4166666666666667, 0.5833333333333334, 0.4166666666666667, 0.4166666666666667], "aps": [0.5801887617328808, 0.7410068637994199, 0.8011475301332085, 0.690996302526629, 0.5872908899537325, 0.7844278032101178, 0.6434855628345051, 0.6325119539927507, 0.5042365691378479, 0.5940012060106198], "f1": [0.0, 0.7368421052631579, 0.0, 0.0, 0.0, 0.0, 0.0, 0.7368421052631579, 0.0, 0.0], "auprc": [0.5695987912403992, 0.7356563774415288, 0.797184506178504, 0.6849461727915387, 0.5775113178067034, 0.7810788821530766, 0.6251679744482885, 0.6252129385538052, 0.48400149319004837, 0.5845229476256086]}