{"enet": [{"auroc": [0.7091428571428571, 0.7102857142857143, 0.5, 0.6908571428571428, 0.6908571428571428, 0.5, 0.5, 0.5, 0.5, 0.5], "acc": [0.4166666666666667, 0.4166666666666667, 0.4166666666666667, 0.4166666666666667, 0.4166666666666667, 0.4166666666666667, 0.4166666666666667, 0.4166666666666667, 0.4166666666666667, 0.4166666666666667], "aps": [0.780815183273306, 0.7824672970330774, 0.5833333333333334, 0.8183260373102104, 0.8183260373102104, 0.5833333333333334, 0.5833333333333334, 0.5833333333333334, 0.5833333333333334, 0.5833333333333334], "f1": [0.0, 0.0, 0.0, 0.0, 0.0, 0.0, 0.0, 0.0, 0.0, 0.0], "auprc": [0.7767330830958193, 0.7778927509173805, 0.7916666666666667, 0.8160859371634593, 0.8160859371634593, 0.7916666666666667, 0.7916666666666667, 0.7916666666666667, 0.7916666666666667, 0.7916666666666667]}]}