{"enet": [{"auroc": [0.5125714285714285, 0.5, 0.5, 0.5, 0.5, 0.5, 0.5, 0.5, 0.5, 0.5], "acc": [0.4166666666666667, 0.4166666666666667, 0.4166666666666667, 0.4166666666666667, 0.4166666666666667, 0.4166666666666667, 0.4166666666666667, 0.4166666666666667, 0.4166666666666667, 0.4166666666666667], "aps": [0.603707548631996, 0.5833333333333334, 0.5833333333333334, 0.5833333333333334, 0.5833333333333334, 0.5833333333333334, 0.5833333333333334, 0.5833333333333334, 0.5833333333333334, 0.5833333333333334], "f1": [0.0, 0.0, 0.0, 0.0, 0.0, 0.0, 0.0, 0.0, 0.0, 0.0], "auprc": [0.585348117786265, 0.7916666666666667, 0.7916666666666667, 0.7916666666666667, 0.7916666666666667, 0.7916666666666667, 0.7916666666666667, 0.7916666666666667, 0.7916666666666667, 0.7916666666666667]}]}