{"best_index": [93, 254, 103, 358, 77], "auroc": [0.36363636363636365, 0.4090909090909091, 0.6, 0.4727272727272728, 0.5], "acc": [0.42857142857142855, 0.47619047619047616, 0.5714285714285714, 0.38095238095238093, 0.42857142857142855], "aps": [0.4879143079143079, 0.4769867683915671, 0.6535730446024564, 0.5392857142857143, 0.5406578144078144], "f1": [0.5384615384615384, 0.6206896551724138, 0.608695652173913, 0.5517241379310345, 0.45454545454545453], "auprc": [0.4613195215517196, 0.4241698604972599, 0.6339690619837678, 0.5110021265284423, 0.5127113858363859]}