{"best_index": [84, 59, 148, 449, 124], "auroc": [0.4636363636363636, 0.6000000000000001, 0.6, 0.4909090909090909, 0.5363636363636364], "acc": [0.47619047619047616, 0.7142857142857143, 0.47619047619047616, 0.42857142857142855, 0.6190476190476191], "aps": [0.5298451599999587, 0.5655952380952382, 0.5918775668775669, 0.5446489183331288, 0.5174477861319966], "f1": [0.4210526315789474, 0.7272727272727272, 0.26666666666666666, 0.5714285714285714, 0.6363636363636365], "auprc": [0.5024659175104221, 0.5129898610161768, 0.5637426462426464, 0.5164580160981089, 0.4644427356269462]}