{"best_index": [134, 80, 127, 213, 66], "auroc": [0.48796068796068803, 0.5253071253071253, 0.5307125307125308, 0.5012285012285013, 0.5980343980343981], "acc": [0.5978260869565217, 0.5978260869565217, 0.5978260869565217, 0.5978260869565217, 0.41304347826086957], "aps": [0.41805695550290745, 0.41701142681458714, 0.4457154239339292, 0.4068364706199845, 0.5212696505478853], "f1": [0.17777777777777778, 0.0, 0.0, 0.0, 0.578125], "auprc": [0.3995440366397586, 0.4017376147760149, 0.43394374811110786, 0.3912275234604062, 0.5128386716412843]}