{"auroc": [0.5077700077700078, 0.5963480963480964, 0.5536130536130536, 0.5167055167055167, 0.6130536130536131, 0.6033411033411034, 0.6072261072261071, 0.6437451437451438, 0.6111111111111112, 0.5365190365190365], "acc": [0.15827338129496402, 0.15827338129496402, 0.15827338129496402, 0.15827338129496402, 0.15827338129496402, 0.15827338129496402, 0.15827338129496402, 0.15827338129496402, 0.15827338129496402, 0.15827338129496402], "aps": [0.8726920146386306, 0.8880282053905992, 0.8680045680914048, 0.8729556417643228, 0.8840201476973252, 0.8650878846504196, 0.8892605903367619, 0.8941756223605588, 0.8846785346095705, 0.8626489710972429], "f1": [0.0, 0.0, 0.0, 0.0, 0.0, 0.0, 0.0, 0.0, 0.0, 0.0], "auprc": [0.8714357707834557, 0.8867666057355887, 0.8651973956292408, 0.8717939816627156, 0.8812654314795327, 0.8613504594231212, 0.8869516050788345, 0.8921321112935943, 0.8814029110058014, 0.8610032315356267]}