{"auroc": [0.3173777315296566, 0.5567117585848075, 0.6077003121748179, 0.3891779396462019, 0.4953173777315297, 0.4849115504682623, 0.5015608740894901, 0.5525494276795005, 0.5171696149843912, 0.6576482830385015], "acc": [0.5, 0.5, 0.5, 0.5, 0.5, 0.5, 0.5, 0.5, 0.5, 0.5], "aps": [0.4353066061565557, 0.6250721163637507, 0.695502028371552, 0.48853942624290525, 0.5988715753348873, 0.5026798763109797, 0.6367876176585672, 0.5756422528322604, 0.5784046267234604, 0.649876334273632], "f1": [0.0, 0.0, 0.0, 0.0, 0.0, 0.6666666666666666, 0.0, 0.0, 0.6666666666666666, 0.0], "auprc": [0.4228313347034358, 0.6154082330416082, 0.6903047799731836, 0.47780870875296644, 0.5896706023921914, 0.48970549421591947, 0.6313740570888344, 0.5546213827089191, 0.568396945962806, 0.6373764225275317]}