{"auroc": [0.52, 0.5625, 0.51, 0.6174999999999999, 0.5375, 0.3925, 0.5825, 0.5125, 0.4375, 0.47000000000000003], "acc": [0.525, 0.5, 0.425, 0.5, 0.5, 0.45, 0.5, 0.5, 0.425, 0.55], "aps": [0.530884440919426, 0.6123406056053116, 0.5100081862581861, 0.6902508880853717, 0.5302331410823307, 0.4791925018686589, 0.6640194341712806, 0.5629062990237313, 0.5235582472378871, 0.5876769612597617], "f1": [0.6122448979591838, 0.6666666666666666, 0.5660377358490566, 0.6666666666666666, 0.6153846153846154, 0.5416666666666667, 0.6666666666666666, 0.6666666666666666, 0.5106382978723405, 0.6896551724137931], "auprc": [0.49992960570112505, 0.5988353086517387, 0.4863839242535387, 0.6816783174977332, 0.5034918673588837, 0.46158805686390375, 0.6543733899718676, 0.5486392745396764, 0.5053228425196579, 0.576504914117887]}