{"auroc": [0.38813735691987516, 0.40686784599375647, 0.400624349635796, 0.3735691987513007, 0.30385015608740895, 0.4058272632674298, 0.4255983350676379, 0.4984391259105099, 0.45057232049947976, 0.4432882414151925], "acc": [0.5, 0.5, 0.5, 0.5, 0.5, 0.5967741935483871, 0.5, 0.5, 0.5, 0.5], "aps": [0.4493824148480988, 0.5385466955276099, 0.5229572862282598, 0.5000902183479511, 0.3899792584974123, 0.5818440346135657, 0.5807200734765234, 0.6200435453704138, 0.5856259513838133, 0.5796828526693777], "f1": [0.0, 0.6666666666666666, 0.0, 0.0, 0.6666666666666666, 0.3902439024390244, 0.0, 0.0, 0.0, 0.0], "auprc": [0.4308281968113664, 0.5297086472218961, 0.5130266259240499, 0.4893049998573531, 0.37641253792740365, 0.5761387655690658, 0.5740995091484593, 0.6130604345884771, 0.5788725344801792, 0.5727291797346362]}