{"auroc": [0.23999999999999996, 0.32, 0.72, 0.6399999999999999, 0.68, 0.52, 0.48, 0.6000000000000001, 0.72, 0.6], "acc": [0.5, 0.5, 0.5, 0.5, 0.5, 0.5, 0.5, 0.5, 0.5, 0.5], "aps": [0.41349206349206347, 0.5638888888888889, 0.7892857142857144, 0.8, 0.8142857142857143, 0.6253968253968254, 0.6422222222222222, 0.6644444444444444, 0.7783333333333333, 0.6866666666666665], "f1": [0.6666666666666666, 0.6666666666666666, 0.0, 0.6666666666666666, 0.0, 0.6666666666666666, 0.6666666666666666, 0.6666666666666666, 0.0, 0.0], "auprc": [0.352936507936508, 0.5257936507936507, 0.7684523809523809, 0.7873015873015872, 0.8015873015873016, 0.586031746031746, 0.6030555555555555, 0.6255555555555556, 0.7563095238095239, 0.6477777777777778]}