{"auroc": [0.48, 0.4, 0.44000000000000006, 0.4, 0.4, 0.64, 0.56, 0.44, 0.6799999999999999, 0.6799999999999999], "acc": [0.5, 0.5, 0.5, 0.5, 0.5, 0.5, 0.5, 0.5, 0.5, 0.5], "aps": [0.5120634920634921, 0.5, 0.5333333333333333, 0.5, 0.5, 0.5961904761904762, 0.5592857142857143, 0.4859523809523809, 0.6961904761904762, 0.6961904761904762], "f1": [0.0, 0.0, 0.0, 0.0, 0.0, 0.0, 0.0, 0.0, 0.0, 0.0], "auprc": [0.43936507936507935, 0.41063492063492063, 0.44396825396825396, 0.41063492063492063, 0.41063492063492063, 0.508095238095238, 0.47011904761904755, 0.4151190476190476, 0.6580952380952381, 0.6580952380952381]}