{"auroc": [0.52, 0.72, 0.56, 0.4, 0.8, 0.6, 0.56, 0.24000000000000005, 0.6200000000000001, 0.64], "acc": [0.5, 0.5, 0.5, 0.5, 0.5, 0.5, 0.5, 0.5, 0.5, 0.5], "aps": [0.6192857142857142, 0.7892857142857144, 0.7388888888888889, 0.5, 0.8711111111111112, 0.6592857142857143, 0.6833333333333333, 0.4438888888888889, 0.75, 0.7611111111111111], "f1": [0.0, 0.6666666666666666, 0.0, 0.6666666666666666, 0.6666666666666666, 0.0, 0.0, 0.0, 0.0, 0.0], "auprc": [0.5817857142857144, 0.7684523809523809, 0.7180555555555554, 0.41063492063492063, 0.8605555555555555, 0.6201190476190476, 0.6456349206349206, 0.3574603174603174, 0.7361111111111112, 0.7400793650793651]}