{"auroc": [0.76, 0.72, 0.76, 0.6, 0.76, 0.68, 0.6399999999999999, 0.76, 0.72, 0.64], "acc": [0.5, 0.5, 0.5, 0.5, 0.5, 0.5, 0.5, 0.5, 0.5, 0.5], "aps": [0.7595238095238095, 0.6595238095238095, 0.8392857142857143, 0.6944444444444444, 0.7961904761904761, 0.7116666666666667, 0.7087301587301587, 0.7961904761904761, 0.8333333333333333, 0.7611111111111111], "f1": [0.0, 0.0, 0.0, 0.6666666666666666, 0.0, 0.0, 0.0, 0.6666666666666666, 0.0, 0.0], "auprc": [0.723095238095238, 0.5730952380952381, 0.8267857142857142, 0.6567460317460316, 0.7747619047619048, 0.6729761904761904, 0.671031746031746, 0.7747619047619048, 0.8211111111111111, 0.7400793650793651]}