{"auroc": [0.43999999999999995, 0.52, 0.52, 0.52, 0.52, 0.32000000000000006, 0.32000000000000006, 0.52, 0.6799999999999999, 0.6799999999999999], "acc": [0.5, 0.5, 0.5, 0.5, 0.5, 0.5, 0.5, 0.5, 0.5, 0.5], "aps": [0.46825396825396826, 0.5111111111111111, 0.5111111111111111, 0.5111111111111111, 0.5111111111111111, 0.45555555555555555, 0.45555555555555555, 0.5111111111111111, 0.6444444444444445, 0.6444444444444445], "f1": [0.0, 0.0, 0.0, 0.0, 0.0, 0.6666666666666666, 0.0, 0.0, 0.6666666666666666, 0.6666666666666666], "auprc": [0.626984126984127, 0.7055555555555556, 0.7055555555555556, 0.7055555555555556, 0.7055555555555556, 0.2722222222222222, 0.2722222222222222, 0.7055555555555556, 0.8222222222222222, 0.8222222222222222]}