{"auroc": [0.56, 0.56, 0.56, 0.44000000000000006, 0.64, 0.43999999999999995, 0.4, 0.45999999999999996, 0.6, 0.48], "acc": [0.5, 0.5, 0.5, 0.5, 0.5, 0.5, 0.5, 0.5, 0.5, 0.5], "aps": [0.6587301587301588, 0.5866666666666666, 0.5787301587301588, 0.5142857142857142, 0.6116666666666666, 0.52, 0.4777777777777778, 0.52, 0.7253968253968255, 0.52], "f1": [0.0, 0.0, 0.0, 0.6666666666666666, 0.0, 0.6666666666666666, 0.0, 0.0, 0.0, 0.0], "auprc": [0.6193650793650793, 0.4977777777777777, 0.48936507936507934, 0.42492063492063487, 0.5229761904761905, 0.4306349206349206, 0.40507936507936504, 0.4473015873015873, 0.7026984126984126, 0.44777777777777783]}