{"auroc": [0.6799999999999999, 0.6, 0.56, 0.76, 0.68, 0.52, 0.8, 0.76, 0.6799999999999999, 0.56], "acc": [0.5, 0.5, 0.5, 0.5, 0.5, 0.5, 0.5, 0.5, 0.5, 0.5], "aps": [0.7226190476190476, 0.7888888888888888, 0.5644444444444444, 0.8444444444444443, 0.7644444444444445, 0.5311111111111111, 0.8583333333333333, 0.8444444444444443, 0.6416666666666666, 0.5787301587301588], "f1": [0.6666666666666666, 0.6666666666666666, 0.0, 0.6666666666666666, 0.0, 0.0, 0.0, 0.6666666666666666, 0.0, 0.0], "auprc": [0.6851190476190475, 0.7763888888888888, 0.4755555555555555, 0.8322222222222222, 0.7422222222222223, 0.4588888888888889, 0.8463095238095237, 0.8322222222222222, 0.554642857142857, 0.48936507936507934]}