{"auroc": [0.56, 0.4000000000000001, 0.44, 0.4000000000000001, 0.62, 0.56, 0.4000000000000001, 0.36000000000000004, 0.36000000000000004, 0.6], "acc": [0.5, 0.5, 0.5, 0.5, 0.5, 0.5, 0.5, 0.5, 0.5, 0.5], "aps": [0.5499999999999999, 0.49428571428571433, 0.5053968253968254, 0.49428571428571433, 0.5952380952380951, 0.72, 0.49428571428571433, 0.48, 0.48, 0.731111111111111], "f1": [0.6666666666666666, 0.6666666666666666, 0.0, 0.0, 0.0, 0.0, 0.0, 0.0, 0.0, 0.0], "auprc": [0.475, 0.40658730158730155, 0.4176984126984127, 0.40658730158730155, 0.680952380952381, 0.6973015873015873, 0.40658730158730155, 0.39230158730158726, 0.3894444444444444, 0.7084126984126984]}