{"auroc": [0.6799999999999999, 0.48, 0.44, 0.76, 0.76, 0.39999999999999997, 0.26, 0.27999999999999997, 0.56, 0.84], "acc": [0.5, 0.5, 0.5, 0.5, 0.5, 0.5, 0.5, 0.5, 0.5, 0.5], "aps": [0.6416666666666666, 0.5166666666666666, 0.5777777777777777, 0.7595238095238095, 0.8222222222222222, 0.4720634920634921, 0.41888888888888887, 0.43015873015873013, 0.5422222222222222, 0.8761904761904762], "f1": [0.6666666666666666, 0.0, 0.0, 0.0, 0.6666666666666666, 0.0, 0.0, 0.0, 0.0, 0.6666666666666666], "auprc": [0.554642857142857, 0.43166666666666664, 0.6055555555555556, 0.723095238095238, 0.8311111111111111, 0.401031746031746, 0.35638888888888887, 0.3612698412698413, 0.4411111111111111, 0.8647619047619046]}