{"auroc": [0.52, 0.4, 0.52, 0.48, 0.52, 0.76, 0.44000000000000006, 0.48, 0.6, 0.6], "acc": [0.5, 0.5, 0.5, 0.5, 0.5, 0.5, 0.5, 0.5, 0.5, 0.5], "aps": [0.525952380952381, 0.49111111111111116, 0.5587301587301587, 0.5253968253968254, 0.5644444444444444, 0.7595238095238095, 0.5333333333333333, 0.52, 0.5926190476190476, 0.5628571428571428], "f1": [0.0, 0.0, 0.0, 0.0, 0.0, 0.6666666666666666, 0.0, 0.0, 0.0, 0.0], "auprc": [0.45345238095238094, 0.4034126984126984, 0.4693650793650793, 0.436031746031746, 0.47507936507936505, 0.723095238095238, 0.44396825396825396, 0.44777777777777783, 0.5034523809523809, 0.4914285714285714]}