{"auroc": [0.5253071253071253, 0.5375921375921376, 0.5484029484029485, 0.47567567567567576, 0.5577395577395577, 0.5395577395577396, 0.539066339066339, 0.5307125307125307, 0.5503685503685504, 0.545945945945946], "acc": [0.40217391304347827, 0.40217391304347827, 0.40217391304347827, 0.40217391304347827, 0.40217391304347827, 0.40217391304347827, 0.40217391304347827, 0.40217391304347827, 0.40217391304347827, 0.40217391304347827], "aps": [0.4026883935561428, 0.40727347391468494, 0.42065922312597226, 0.38150714491817245, 0.424365603307296, 0.41377350149483566, 0.4131514870771755, 0.4068154273990452, 0.4191128695041867, 0.41737820146658555], "f1": [0.5736434108527132, 0.5736434108527132, 0.5736434108527132, 0.5736434108527132, 0.5736434108527132, 0.5736434108527132, 0.5736434108527132, 0.5736434108527132, 0.5736434108527132, 0.5736434108527132], "auprc": [0.3900203486538375, 0.3940517798366717, 0.40764113723235784, 0.36752085591350514, 0.4096909779514794, 0.39997655214658817, 0.4003621483746813, 0.393396151029366, 0.40635187657826755, 0.4024649068793826]}