{"enet": [{"auroc": [0.5773955773955775, 0.5773955773955775, 0.5248157248157248, 0.5773955773955775, 0.5773955773955775, 0.5, 0.48157248157248156, 0.5056511056511057, 0.5557739557739558, 0.5238329238329238], "acc": [0.40217391304347827, 0.40217391304347827, 0.40217391304347827, 0.40217391304347827, 0.40217391304347827, 0.40217391304347827, 0.40217391304347827, 0.40217391304347827, 0.40217391304347827, 0.42391304347826086], "aps": [0.46141472727768923, 0.46141472727768923, 0.4193456640753539, 0.46141472727768923, 0.46141472727768923, 0.40217391304347827, 0.3947443902891, 0.38599209257219413, 0.4413453987652847, 0.42174809221468], "f1": [0.5736434108527132, 0.5736434108527132, 0.5736434108527132, 0.5736434108527132, 0.5736434108527132, 0.5736434108527132, 0.5736434108527132, 0.5736434108527132, 0.5736434108527132, 0.5826771653543308], "auprc": [0.45017750732494693, 0.45017750732494693, 0.4016671436183916, 0.45017750732494693, 0.45017750732494693, 0.7010869565217391, 0.3806870880998747, 0.37504438748670776, 0.427186176015935, 0.45581724870444096]}]}