{"enet": [{"auroc": [0.5248157248157248, 0.5130221130221131, 0.5140049140049141, 0.5140049140049141, 0.4751842751842752, 0.5140049140049141, 0.5248157248157248, 0.5, 0.5140049140049141, 0.5213759213759215], "acc": [0.40217391304347827, 0.40217391304347827, 0.40217391304347827, 0.40217391304347827, 0.40217391304347827, 0.40217391304347827, 0.40217391304347827, 0.40217391304347827, 0.40217391304347827, 0.40217391304347827], "aps": [0.4006263888052394, 0.3954119215574452, 0.4068578078963193, 0.4068578078963193, 0.39240461115724057, 0.4068578078963193, 0.4006263888052394, 0.40217391304347827, 0.4068578078963193, 0.4012123568391014], "f1": [0.5736434108527132, 0.5736434108527132, 0.5736434108527132, 0.5736434108527132, 0.5736434108527132, 0.5736434108527132, 0.5736434108527132, 0.5736434108527132, 0.5736434108527132, 0.5736434108527132], "auprc": [0.3875106768872332, 0.38300538136628814, 0.3929515937145679, 0.3929515937145679, 0.3768848161237815, 0.3929515937145679, 0.3875106768872332, 0.7010869565217391, 0.3929515937145679, 0.38798345115872857]}]}