{"auroc": [0.5189189189189191, 0.5248157248157248, 0.5331695331695332, 0.5297297297297296, 0.5272727272727273, 0.5272727272727273, 0.5031941031941032, 0.5228501228501229, 0.5282555282555282, 0.5287469287469287], "acc": [0.40217391304347827, 0.40217391304347827, 0.40217391304347827, 0.40217391304347827, 0.40217391304347827, 0.40217391304347827, 0.40217391304347827, 0.40217391304347827, 0.40217391304347827, 0.40217391304347827], "aps": [0.39526640657534834, 0.4013866009768368, 0.4060130629379355, 0.405533110533175, 0.40063681261200096, 0.4008616625008575, 0.3926971052771975, 0.3993597764629511, 0.3999828084287176, 0.40390199127287674], "f1": [0.5736434108527132, 0.5736434108527132, 0.5736434108527132, 0.5736434108527132, 0.5736434108527132, 0.5736434108527132, 0.5736434108527132, 0.5736434108527132, 0.5736434108527132, 0.5736434108527132], "auprc": [0.3827702065912647, 0.38854331446710216, 0.39281903614249597, 0.39278420304037565, 0.38803473437062075, 0.3880499637380666, 0.3797787343529893, 0.3860596959436029, 0.38780882827369906, 0.39174317304231077]}