{"enet": [{"auroc": [0.47960687960687964, 0.5321867321867322, 0.47960687960687964, 0.47960687960687964, 0.47960687960687964, 0.5321867321867322, 0.5321867321867322, 0.5, 0.47960687960687964, 0.47960687960687964], "acc": [0.40217391304347827, 0.40217391304347827, 0.40217391304347827, 0.40217391304347827, 0.40217391304347827, 0.40217391304347827, 0.40217391304347827, 0.40217391304347827, 0.40217391304347827, 0.40217391304347827], "aps": [0.4176191041400913, 0.4092414059752463, 0.4176191041400913, 0.4176191041400913, 0.4176191041400913, 0.4092414059752463, 0.4092414059752463, 0.40217391304347827, 0.4176191041400913, 0.4176191041400913], "f1": [0.5736434108527132, 0.5736434108527132, 0.5736434108527132, 0.5736434108527132, 0.5736434108527132, 0.5736434108527132, 0.5736434108527132, 0.5736434108527132, 0.5736434108527132, 0.5736434108527132], "auprc": [0.39913333960061625, 0.39374963380274747, 0.39913333960061625, 0.39913333960061625, 0.39913333960061625, 0.39374963380274747, 0.39374963380274747, 0.7010869565217391, 0.39913333960061625, 0.39913333960061625]}]}