{"auroc": [0.5420147420147421, 0.5292383292383293, 0.5287469287469287, 0.5056511056511057, 0.5341523341523342, 0.5164619164619164, 0.5410319410319411, 0.5257985257985258, 0.5292383292383293, 0.5164619164619164], "acc": [0.40217391304347827, 0.40217391304347827, 0.40217391304347827, 0.40217391304347827, 0.40217391304347827, 0.40217391304347827, 0.40217391304347827, 0.40217391304347827, 0.40217391304347827, 0.40217391304347827], "aps": [0.4067677501773136, 0.4017164096796473, 0.4006064552753765, 0.3895207885422219, 0.4091367278868474, 0.3937006009093344, 0.406692777061841, 0.40266299220502594, 0.39930987337145785, 0.3984039115341229], "f1": [0.5736434108527132, 0.5736434108527132, 0.5736434108527132, 0.5736434108527132, 0.5736434108527132, 0.5736434108527132, 0.5736434108527132, 0.5736434108527132, 0.5736434108527132, 0.5736434108527132], "auprc": [0.39423219435653484, 0.38893611187989924, 0.3876673147578331, 0.3768652248238856, 0.39603803567123474, 0.3811065817176155, 0.39384959142509335, 0.389765541236818, 0.38707089755512575, 0.3856941292733167]}