{"enet": [{"auroc": [0.48845208845208854, 0.48845208845208854, 0.48845208845208854, 0.48845208845208854, 0.5, 0.4491400491400492, 0.48845208845208854, 0.48845208845208854, 0.48845208845208854, 0.5012285012285013], "acc": [0.40217391304347827, 0.40217391304347827, 0.40217391304347827, 0.40217391304347827, 0.40217391304347827, 0.5978260869565217, 0.40217391304347827, 0.40217391304347827, 0.40217391304347827, 0.40217391304347827], "aps": [0.37373204099631213, 0.37373204099631213, 0.37373204099631213, 0.37373204099631213, 0.40217391304347827, 0.37371638727833667, 0.37373204099631213, 0.37373204099631213, 0.37373204099631213, 0.3804779768931698], "f1": [0.5736434108527132, 0.5736434108527132, 0.5736434108527132, 0.5736434108527132, 0.5736434108527132, 0.0, 0.5736434108527132, 0.5736434108527132, 0.5736434108527132, 0.5736434108527132], "auprc": [0.36160675409386467, 0.36160675409386467, 0.36160675409386467, 0.36160675409386467, 0.7010869565217391, 0.3606291327322728, 0.36160675409386467, 0.36160675409386467, 0.36160675409386467, 0.3686791579891827]}]}