{"enet": [{"auroc": [0.567076167076167, 0.567076167076167, 0.567076167076167, 0.567076167076167, 0.567076167076167, 0.5, 0.5985257985257986, 0.5638820638820639, 0.5783783783783785, 0.5], "acc": [0.40217391304347827, 0.40217391304347827, 0.40217391304347827, 0.40217391304347827, 0.40217391304347827, 0.40217391304347827, 0.40217391304347827, 0.40217391304347827, 0.40217391304347827, 0.40217391304347827], "aps": [0.4636316243598239, 0.4636316243598239, 0.4636316243598239, 0.4636316243598239, 0.4636316243598239, 0.40217391304347827, 0.467430164784599, 0.43640920332096805, 0.5272941839722067, 0.40217391304347827], "f1": [0.5736434108527132, 0.5736434108527132, 0.5736434108527132, 0.5736434108527132, 0.5736434108527132, 0.5736434108527132, 0.5736434108527132, 0.5736434108527132, 0.5736434108527132, 0.5736434108527132], "auprc": [0.44488396361042026, 0.44488396361042026, 0.44488396361042026, 0.44488396361042026, 0.44488396361042026, 0.7010869565217391, 0.45233147374610927, 0.7025558770932202, 0.5192160809783326, 0.7010869565217391]}]}