{"auroc": [0.36500000000000005, 0.7000000000000001, 0.4525, 0.525, 0.4275], "acc": [0.55, 0.6, 0.575, 0.55, 0.5], "aps": [0.524877011815342, 0.6782718111779056, 0.5783969819765366, 0.5679849824154432, 0.5217462602053119], "f1": [0.18181818181818182, 0.5294117647058824, 0.2608695652173913, 0.18181818181818182, 0.6666666666666666], "auprc": [0.5112734478806407, 0.6615620659957341, 0.5668418289224468, 0.5537084898668918, 0.5033992171016313]}