{"auroc": [0.385, 0.41000000000000003, 0.29500000000000004, 0.345, 0.31500000000000006], "acc": [0.35, 0.375, 0.35, 0.3, 0.325], "aps": [0.500757927005547, 0.45957695827953277, 0.4042249885574141, 0.46495469472601575, 0.4189513270337526], "f1": [0.4347826086956522, 0.4897959183673469, 0.4090909090909091, 0.3913043478260869, 0.425531914893617], "auprc": [0.4831617157053883, 0.4333168062089865, 0.37663561936394274, 0.44737015400335656, 0.39534151782077925]}