{"auroc": [0.37, 0.5700000000000001, 0.46749999999999997, 0.5075000000000001, 0.56], "acc": [0.375, 0.5, 0.475, 0.525, 0.525], "aps": [0.4480937135883009, 0.6240005245608694, 0.5483520093252713, 0.5878756373903433, 0.6887286075411077], "f1": [0.4444444444444445, 0.6666666666666666, 0.46153846153846156, 0.09523809523809523, 0.09523809523809523], "auprc": [0.42172698210761433, 0.610849806801318, 0.5302884293868099, 0.5745636477871033, 0.6819387985218002]}