{"auroc": [0.4, 0.44, 0.039999999999999994, 0.27999999999999997, 0.36, 0.39999999999999997, 0.4, 0.36, 0.36, 0.24], "acc": [0.4, 0.5, 0.5, 0.5, 0.5, 0.5, 0.5, 0.5, 0.5, 0.5], "aps": [0.519047619047619, 0.5053968253968254, 0.36103174603174604, 0.42682539682539683, 0.4755555555555555, 0.48666666666666664, 0.49111111111111116, 0.4634920634920635, 0.4577777777777778, 0.4157142857142857], "f1": [0.0, 0.0, 0.6666666666666666, 0.0, 0.6666666666666666, 0.0, 0.0, 0.0, 0.0, 0.0], "auprc": [0.4301587301587301, 0.4176984126984127, 0.3076984126984127, 0.3646031746031746, 0.4030555555555555, 0.413968253968254, 0.4034126984126984, 0.3912698412698413, 0.3867460317460317, 0.3534920634920634]}