{"auroc": [0.446124763705104, 0.5425330812854442, 0.4366729678638941, 0.44423440453686197, 0.43478260869565216], "acc": [0.45652173913043476, 0.43478260869565216, 0.45652173913043476, 0.45652173913043476, 0.45652173913043476], "aps": [0.4570255483603679, 0.5405889869237729, 0.46282217215090676, 0.45638981601689804, 0.47359889773363323], "f1": [0.19354838709677416, 0.27777777777777773, 0.3902439024390244, 0.19354838709677416, 0.24242424242424243], "auprc": [0.4372485684489419, 0.5135400100655094, 0.43946993669497514, 0.4364192424612761, 0.4496908167779145]}