{"auroc": [0.5700757575757576, 0.5757575757575758, 0.5700757575757576, 0.5738636363636364, 0.5700757575757576], "acc": [0.5, 0.5869565217391305, 0.5, 0.5434782608695652, 0.5], "aps": [0.5050304411262664, 0.5490252286378591, 0.5050304411262664, 0.5684596296881426, 0.5050304411262664], "f1": [0.3428571428571428, 0.4864864864864865, 0.3428571428571428, 0.5531914893617023, 0.3428571428571428], "auprc": [0.48253595969781493, 0.5208157884807777, 0.48253595969781493, 0.5511931171585399, 0.48253595969781493]}