{"auroc": [0.6457142857142857, 0.6611428571428571, 0.5777142857142857, 0.6148571428571428, 0.5205714285714286], "acc": [0.4166666666666667, 0.4166666666666667, 0.5833333333333334, 0.5833333333333334, 0.4166666666666667], "aps": [0.7020635349027335, 0.72059587792146, 0.6527642736601573, 0.6964314508097886, 0.5821553019237495], "f1": [0.0, 0.0, 0.7368421052631579, 0.7368421052631579, 0.0], "auprc": [0.6908856564596432, 0.7126441378522483, 0.6371934320723668, 0.6982077288660974, 0.562165183256258]}