{"auroc": [0.5377142857142857, 0.6097142857142858, 0.5182857142857142, 0.4954285714285714, 0.5319999999999999], "acc": [0.5833333333333334, 0.4166666666666667, 0.4166666666666667, 0.4166666666666667, 0.5833333333333334], "aps": [0.6807766284459946, 0.7263219107768305, 0.6815496377815015, 0.6447771210667649, 0.6116298445117673], "f1": [0.7368421052631579, 0.0, 0.0, 0.0, 0.7368421052631579], "auprc": [0.6747431143032533, 0.7210387338865859, 0.6768590251621307, 0.6363947719771115, 0.5943306825593713]}