{"auroc": [0.6657142857142858, 0.6005714285714285, 0.5045714285714286, 0.6657142857142857, 0.5822857142857143], "acc": [0.5833333333333334, 0.4166666666666667, 0.4166666666666667, 0.4166666666666667, 0.4166666666666667], "aps": [0.7076323752947871, 0.7022401925168209, 0.6032192972145721, 0.7408508024547161, 0.6345747341780041], "f1": [0.7368421052631579, 0.0, 0.0, 0.0, 0.0], "auprc": [0.6905041987610205, 0.6955783482489653, 0.5854027659444896, 0.7338299681939465, 0.6160250899305573]}