{"auroc": [0.6371428571428571, 0.6371428571428571, 0.564, 0.6371428571428571, 0.5628571428571428], "acc": [0.4166666666666667, 0.5833333333333334, 0.5833333333333334, 0.5833333333333334, 0.5833333333333334], "aps": [0.7289289459290266, 0.7367098565058386, 0.6567047479874384, 0.6913264092681495, 0.6296018455533794], "f1": [0.0, 0.7368421052631579, 0.7368421052631579, 0.7368421052631579, 0.7368421052631579], "auprc": [0.7229213232246955, 0.7316156660387396, 0.6458369467451547, 0.6822800263774998, 0.614825773232953]}