{"auroc": [0.5777142857142856, 0.5971428571428572, 0.5994285714285714, 0.508, 0.6565714285714286], "acc": [0.4166666666666667, 0.5833333333333334, 0.4166666666666667, 0.5833333333333334, 0.4166666666666667], "aps": [0.6168326685880772, 0.6787046463933405, 0.6507401652873338, 0.6571257670108226, 0.6754081465189855], "f1": [0.0, 0.7368421052631579, 0.0, 0.7368421052631579, 0.0], "auprc": [0.5997025211799554, 0.6620457457401172, 0.6325659258920981, 0.6470636224722822, 0.6595351431517373]}