{"best_index": [171, 240, 69, 405, 183], "auroc": [0.49385749385749395, 0.41498771498771503, 0.45110565110565115, 0.4982800982800984, 0.4348894348894349], "acc": [0.40217391304347827, 0.40217391304347827, 0.40217391304347827, 0.40217391304347827, 0.40217391304347827], "aps": [0.4387732432263246, 0.3399195568103043, 0.3997542127796975, 0.40346577300621356, 0.38747597674165485], "f1": [0.5736434108527132, 0.5736434108527132, 0.5736434108527132, 0.5736434108527132, 0.5736434108527132], "auprc": [0.42710399003822563, 0.328969538253869, 0.38354773386570873, 0.38763807040701026, 0.3714028819967315]}