{"best_index": [83, 81, 228, 228, 319], "auroc": [0.5928746928746929, 0.5901719901719902, 0.572972972972973, 0.5685503685503686, 0.6034398034398035], "acc": [0.5978260869565217, 0.40217391304347827, 0.40217391304347827, 0.40217391304347827, 0.40217391304347827], "aps": [0.4598270631060227, 0.5213196876312917, 0.47792635120564014, 0.4783596834750062, 0.46592878664732207], "f1": [0.0, 0.5736434108527132, 0.5736434108527132, 0.5736434108527132, 0.5736434108527132], "auprc": [0.4451694935059498, 0.5116797619161948, 0.46600084301901507, 0.46873829113209725, 0.44756281415514604]}