{"best_index": [49, 251, 321, 211, 235], "auroc": [0.49287469287469293, 0.49533169533169535, 0.5076167076167076, 0.4879606879606879, 0.4574938574938575], "acc": [0.5978260869565217, 0.5978260869565217, 0.5978260869565217, 0.5978260869565217, 0.5978260869565217], "aps": [0.4077990881083077, 0.4160718244167312, 0.42256627052684437, 0.40064780973177105, 0.40373107292182564], "f1": [0.0, 0.0, 0.0, 0.0, 0.0], "auprc": [0.3896738869711822, 0.4050881500793605, 0.41129718899702467, 0.38283825609166067, 0.3926140453997025]}