{"best_index": [54, 75, 139, 167, 36], "auroc": [0.48648648648648657, 0.601965601965602, 0.4855036855036855, 0.5238329238329238, 0.6088452088452089], "acc": [0.5978260869565217, 0.40217391304347827, 0.40217391304347827, 0.40217391304347827, 0.40217391304347827], "aps": [0.3893167729355175, 0.5019029434240176, 0.3991439989530473, 0.45261473871594016, 0.48876240432253015], "f1": [0.0, 0.5736434108527132, 0.5736434108527132, 0.5736434108527132, 0.5736434108527132], "auprc": [0.3738937524761368, 0.4831618603718668, 0.38105455432712326, 0.4407517833530393, 0.47007933275371194]}