{"enet": [{"auroc": [0.4514374514374515, 0.45143745143745145, 0.5, 0.44871794871794873, 0.5, 0.44871794871794873, 0.45143745143745145, 0.44871794871794873, 0.4514374514374515, 0.45143745143745145], "acc": [0.16546762589928057, 0.34532374100719426, 0.15827338129496402, 0.34532374100719426, 0.15827338129496402, 0.34532374100719426, 0.34532374100719426, 0.34532374100719426, 0.15827338129496402, 0.34532374100719426], "aps": [0.8301286892482138, 0.8301286892482138, 0.841726618705036, 0.8168333426195338, 0.841726618705036, 0.8168333426195338, 0.8301286892482138, 0.8168333426195338, 0.8301286892482138, 0.8301286892482138], "f1": [0.016949152542372885, 0.44848484848484854, 0.0, 0.44848484848484854, 0.0, 0.44848484848484854, 0.44848484848484854, 0.44848484848484854, 0.0, 0.44848484848484854], "auprc": [0.8280541572538569, 0.8280541572538569, 0.920863309352518, 0.8214064839395168, 0.920863309352518, 0.8214064839395168, 0.8280541572538569, 0.8214064839395168, 0.8280541572538569, 0.8280541572538569]}]}