{"auroc": [0.6161616161616161, 0.38150738150738145, 0.4075369075369075, 0.62004662004662, 0.35392385392385395, 0.3900543900543901, 0.6262626262626262, 0.37995337995337997, 0.3337218337218337, 0.37956487956487955], "acc": [0.15827338129496402, 0.15827338129496402, 0.15827338129496402, 0.15827338129496402, 0.15827338129496402, 0.15827338129496402, 0.15827338129496402, 0.841726618705036, 0.15827338129496402, 0.15827338129496402], "aps": [0.8736599317413494, 0.8047175777581002, 0.8212916597134208, 0.8748609943346553, 0.7845512621937962, 0.8171164809851953, 0.8759822397377288, 0.8080708954578099, 0.7972227472840315, 0.8087356184618576], "f1": [0.0, 0.0, 0.0, 0.0, 0.0, 0.0, 0.0, 0.9140624999999999, 0.0, 0.0], "auprc": [0.8656772652694763, 0.8017645697616512, 0.8129494982110501, 0.8668718915082918, 0.7783960941893092, 0.8087683135261508, 0.867942763979463, 0.8056467272482374, 0.7945875897143936, 0.8062405101869733]}