{"auroc": [0.45749999999999996, 0.535, 0.5375, 0.455, 0.5774999999999999, 0.685, 0.59, 0.4625000000000001, 0.455, 0.585], "acc": [0.5, 0.5, 0.5, 0.5, 0.5, 0.5, 0.5, 0.5, 0.5, 0.5], "aps": [0.5710679689007692, 0.6098314213939213, 0.6116288070148364, 0.5863073373754317, 0.6307537550208328, 0.697198760171418, 0.6591869884540662, 0.5887086615414618, 0.5834164537492541, 0.6567915768481284], "f1": [0.0, 0.6666666666666666, 0.0, 0.0, 0.0, 0.0, 0.0, 0.0, 0.0, 0.0], "auprc": [0.5543262745233434, 0.596030766112414, 0.5978485765699304, 0.5737343388854519, 0.6171003719269256, 0.6864050597861258, 0.6482284105549643, 0.5761228113198802, 0.5708035472506161, 0.6458114991210249]}