{"auroc": [0.6125, 0.58125, 0.5599999999999999, 0.7225, 0.5625, 0.615, 0.5674999999999999, 0.5674999999999999, 0.69, 0.5625], "acc": [0.5, 0.5, 0.5, 0.5, 0.5, 0.5, 0.5, 0.5, 0.5, 0.5], "aps": [0.7043543776043777, 0.7093220677011962, 0.6634080960519304, 0.7538689532824008, 0.664049121692956, 0.6893596484161, 0.6696631567806753, 0.6654380105818449, 0.7281137659936234, 0.6640107123898409], "f1": [0.0, 0.0, 0.0, 0.0, 0.0, 0.0, 0.0, 0.0, 0.0, 0.0], "auprc": [0.6967017496486669, 0.7051493174642427, 0.6542251997110807, 0.7465445631131828, 0.6548657694305978, 0.6803680310347009, 0.6606359239836472, 0.6562528545676829, 0.719886054750335, 0.654827585596458]}