{"auroc": [0.6805714285714285, 0.6794285714285714, 0.6805714285714285, 0.3177142857142857, 0.6794285714285714, 0.31885714285714284, 0.6805714285714285, 0.6805714285714285, 0.32171428571428573, 0.6805714285714285], "acc": [0.5833333333333334, 0.5833333333333334, 0.5833333333333334, 0.5833333333333334, 0.5833333333333334, 0.5833333333333334, 0.5833333333333334, 0.5833333333333334, 0.5833333333333334, 0.5833333333333334], "aps": [0.7386597034558745, 0.7355984789660787, 0.7386597034558745, 0.4744264282549454, 0.7311899406939087, 0.47477510298366343, 0.7386597034558745, 0.7386597034558745, 0.4760055469540582, 0.7386597034558745], "f1": [0.7368421052631579, 0.7368421052631579, 0.7368421052631579, 0.7368421052631579, 0.7368421052631579, 0.7368421052631579, 0.7368421052631579, 0.7368421052631579, 0.7368421052631579, 0.7368421052631579], "auprc": [0.7311182422888435, 0.7278869497718367, 0.7311182422888435, 0.4613991595300815, 0.730293756931606, 0.46178686656306345, 0.7311182422888435, 0.7311182422888435, 0.4628307030604334, 0.7311182422888435]}