{"rf": [{"auroc": [0.44457142857142856], "acc": [0.4166666666666667], "aps": [0.5993804586872001], "f1": [0.0]}], "enet": [{"auroc": [0.6142857142857143], "acc": [0.4166666666666667], "aps": [0.6646056267713192], "f1": [0.0]}]}