{"auroc": [0.6737142857142857, 0.6737142857142857, 0.6737142857142857, 0.6737142857142857, 0.6737142857142857, 0.6737142857142857, 0.48742857142857143, 0.6737142857142857, 0.3251428571428571, 0.6737142857142857], "acc": [0.5833333333333334, 0.4166666666666667, 0.4166666666666667, 0.5833333333333334, 0.5833333333333334, 0.4166666666666667, 0.5833333333333334, 0.5833333333333334, 0.5833333333333334, 0.5833333333333334], "aps": [0.7302577266366806, 0.7302577266366806, 0.7302577266366806, 0.7302577266366806, 0.7302577266366806, 0.7302577266366806, 0.6135619718597294, 0.7302577266366806, 0.47724228728256995, 0.7302577266366806], "f1": [0.7368421052631579, 0.0, 0.0, 0.7368421052631579, 0.7368421052631579, 0.0, 0.7368421052631579, 0.7368421052631579, 0.7368421052631579, 0.7368421052631579], "auprc": [0.7223983820635852, 0.7223983820635852, 0.7223983820635852, 0.7223983820635852, 0.7223983820635852, 0.7223983820635852, 0.6113652390243361, 0.7223983820635852, 0.46430811674197575, 0.7223983820635852]}