{"auroc": [0.31485714285714284, 0.6314285714285715, 0.3217142857142857, 0.6782857142857143, 0.31714285714285717, 0.3262857142857143, 0.6897142857142856, 0.5, 0.6177142857142857, 0.6074285714285714], "acc": [0.4166666666666667, 0.4166666666666667, 0.4166666666666667, 0.4166666666666667, 0.4166666666666667, 0.4166666666666667, 0.4166666666666667, 0.4166666666666667, 0.4166666666666667, 0.4166666666666667], "aps": [0.4695426562859041, 0.7030361850730995, 0.4720583548044226, 0.7216771602620597, 0.47012204930407264, 0.4762919761021555, 0.7382993750251864, 0.6008604723786283, 0.6893508785132048, 0.6680536200439844], "f1": [0.0, 0.0, 0.0, 0.0, 0.0, 0.0, 0.0, 0.0, 0.0, 0.0], "auprc": [0.45635504212174843, 0.6925500576750404, 0.4587896789883781, 0.7144558179680522, 0.4569359745816431, 0.46271855610769613, 0.7321291247948957, 0.5891643144726638, 0.680710870534361, 0.650064752043328]}