{"rf": [{"auroc": [0.5742857142857143], "acc": [0.4166666666666667], "aps": [0.7050864827643298], "f1": [0.0]}], "enet": [{"auroc": [0.6542857142857141], "acc": [0.4166666666666667], "aps": [0.7273067671281166], "f1": [0.0]}]}