{"auroc": [0.5, 0.6719999999999999, 0.6651428571428571, 0.3251428571428571, 0.3274285714285714, 0.5, 0.48342857142857143, 0.5, 0.3274285714285714, 0.3274285714285714], "acc": [0.4166666666666667, 0.4166666666666667, 0.4166666666666667, 0.4166666666666667, 0.4166666666666667, 0.4166666666666667, 0.5833333333333334, 0.4166666666666667, 0.4166666666666667, 0.4166666666666667], "aps": [0.5833333333333334, 0.7394127866752035, 0.7600300902779166, 0.47549411626104615, 0.4763248759153352, 0.5833333333333334, 0.5832106743309151, 0.5833333333333334, 0.47657499616545546, 0.4763248759153352], "f1": [0.0, 0.0, 0.0, 0.0, 0.0, 0.0, 0.7368421052631579, 0.0, 0.0, 0.0], "auprc": [0.7916666666666667, 0.7331808588421199, 0.7642255144842188, 0.4623588743978482, 0.46319006499374465, 0.7916666666666667, 0.5573614802556501, 0.7916666666666667, 0.4634474002510799, 0.46319006499374465]}