{"auroc": [0.3302857142857143, 0.677142857142857, 0.676, 0.32285714285714284, 0.31085714285714283, 0.6765714285714286, 0.676, 0.6771428571428572, 0.32285714285714284, 0.6765714285714286], "acc": [0.4166666666666667, 0.5833333333333334, 0.5833333333333334, 0.4166666666666667, 0.5833333333333334, 0.5833333333333334, 0.4166666666666667, 0.5833333333333334, 0.5833333333333334, 0.5833333333333334], "aps": [0.48878608728806283, 0.7362220204871465, 0.735011390135715, 0.47664241461101164, 0.4727716906232871, 0.735011390135715, 0.735011390135715, 0.7340965282005851, 0.47664241461101164, 0.7352266890212268], "f1": [0.0, 0.7368421052631579, 0.7368421052631579, 0.0, 0.7368421052631579, 0.7368421052631579, 0.0, 0.7368421052631579, 0.7368421052631579, 0.7368421052631579], "auprc": [0.46936550838370195, 0.7288623049846547, 0.7281511466787703, 0.4635175666209361, 0.45847702103110105, 0.7300559085835322, 0.7281511466787703, 0.7266677399561171, 0.4635175666209361, 0.7294219764722975]}