{"auroc": [0.31028571428571433, 0.31028571428571433, 0.31028571428571433, 0.31028571428571433, 0.31028571428571433, 0.31028571428571433, 0.31028571428571433, 0.31028571428571433, 0.31028571428571433, 0.31028571428571433], "acc": [0.4166666666666667, 0.4166666666666667, 0.4166666666666667, 0.4166666666666667, 0.4166666666666667, 0.4166666666666667, 0.4166666666666667, 0.4166666666666667, 0.4166666666666667, 0.4166666666666667], "aps": [0.47003237896329986, 0.47003237896329986, 0.47003237896329986, 0.47003237896329986, 0.47003237896329986, 0.47003237896329986, 0.47003237896329986, 0.47003237896329986, 0.47003237896329986, 0.47003237896329986], "f1": [0.0, 0.0, 0.0, 0.0, 0.0, 0.0, 0.0, 0.0, 0.0, 0.0], "auprc": [0.45710388889904924, 0.45710388889904924, 0.45710388889904924, 0.45710388889904924, 0.45710388889904924, 0.45710388889904924, 0.45710388889904924, 0.45710388889904924, 0.45710388889904924, 0.45710388889904924]}