{"rf": [{"auroc": [0.4222857142857143], "acc": [0.4166666666666667], "aps": [0.5193437014962439], "f1": [0.0], "auprc": [0.5001595291310788]}], "enet": [{"auroc": [0.3262857142857143], "acc": [0.4166666666666667], "aps": [0.47313394415710336], "f1": [0.0], "auprc": [0.46082904465338104]}]}