{"enet": [{"auroc": [0.5045714285714286, 0.5, 0.48742857142857143, 0.4725714285714286, 0.48742857142857143, 0.4725714285714286, 0.4725714285714286, 0.4725714285714286, 0.5285714285714286, 0.48742857142857143], "acc": [0.4166666666666667, 0.5833333333333334, 0.4166666666666667, 0.4166666666666667, 0.4166666666666667, 0.4166666666666667, 0.4166666666666667, 0.4166666666666667, 0.4666666666666667, 0.4166666666666667], "aps": [0.6795139442259212, 0.5833333333333334, 0.6847720140692787, 0.6404727655555321, 0.6847720140692787, 0.6404727655555321, 0.6404727655555321, 0.6404727655555321, 0.660605225199472, 0.6847720140692787], "f1": [0.0, 0.7368421052631579, 0.0, 0.0, 0.0, 0.0, 0.0, 0.0, 0.3333333333333333, 0.0], "auprc": [0.6746485995036701, 0.7916666666666667, 0.6816794663543259, 0.6347476344896065, 0.6816794663543259, 0.6347476344896065, 0.6347476344896065, 0.6347476344896065, 0.6566865352166898, 0.6816794663543259]}]}