{"auroc": [0.33085714285714285, 0.33085714285714285, 0.3325714285714286, 0.33085714285714285, 0.33085714285714285, 0.32971428571428574, 0.33085714285714285, 0.6691428571428572, 0.33085714285714285, 0.6708571428571428], "acc": [0.4166666666666667, 0.4166666666666667, 0.4166666666666667, 0.4166666666666667, 0.4166666666666667, 0.4166666666666667, 0.4166666666666667, 0.4166666666666667, 0.4166666666666667, 0.4166666666666667], "aps": [0.480166191388542, 0.4804486787799833, 0.4811185723409229, 0.480166191388542, 0.480166191388542, 0.47881274156179765, 0.480166191388542, 0.7393602303702249, 0.480166191388542, 0.7374907277753704], "f1": [0.0, 0.0, 0.0, 0.0, 0.0, 0.0, 0.0, 0.0, 0.0, 0.0], "auprc": [0.4670230583679201, 0.46633048023204626, 0.46764303363075244, 0.4670230583679201, 0.4670230583679201, 0.4656900953630633, 0.4670230583679201, 0.7333674817043908, 0.4670230583679201, 0.7336900280792702]}