{"auroc": [0.5411428571428571, 0.4257142857142857, 0.43485714285714283, 0.41657142857142854, 0.6234285714285714, 0.43485714285714283, 0.6348571428571428, 0.4108571428571428, 0.6154285714285714, 0.6154285714285714], "acc": [0.4166666666666667, 0.4166666666666667, 0.4166666666666667, 0.4166666666666667, 0.4166666666666667, 0.4166666666666667, 0.4166666666666667, 0.5833333333333334, 0.4166666666666667, 0.4166666666666667], "aps": [0.6375287521140026, 0.5500565979743846, 0.5533129258747554, 0.5508968386532633, 0.7106193074345708, 0.5666200793483918, 0.7245344700668883, 0.5487970242158728, 0.708187595076883, 0.7239279226792343], "f1": [0.0, 0.0, 0.0, 0.0, 0.0, 0.0, 0.0, 0.7368421052631579, 0.0, 0.0], "auprc": [0.6291245408269114, 0.5386250472172163, 0.5418932258573633, 0.5398476539457893, 0.7012556083429572, 0.5589329925963573, 0.7154479002424926, 0.5387528557069833, 0.6988389956569433, 0.7186084430930613]}