{"enet": [{"auroc": [0.6177142857142858, 0.5228571428571428, 0.5228571428571428, 0.5228571428571428, 0.5228571428571428, 0.5228571428571428, 0.5, 0.5228571428571428, 0.5228571428571428, 0.5228571428571428], "acc": [0.4166666666666667, 0.4166666666666667, 0.4166666666666667, 0.4166666666666667, 0.4166666666666667, 0.4166666666666667, 0.4166666666666667, 0.4166666666666667, 0.4166666666666667, 0.4166666666666667], "aps": [0.7018041943077924, 0.622981062702931, 0.622981062702931, 0.622981062702931, 0.622981062702931, 0.622981062702931, 0.5833333333333334, 0.622981062702931, 0.622981062702931, 0.622981062702931], "f1": [0.0, 0.0, 0.0, 0.0, 0.0, 0.0, 0.0, 0.0, 0.0, 0.0], "auprc": [0.6933326645905971, 0.611182915066186, 0.611182915066186, 0.611182915066186, 0.611182915066186, 0.611182915066186, 0.7916666666666667, 0.611182915066186, 0.611182915066186, 0.611182915066186]}]}