{"auroc": [0.5, 0.5, 0.692, 0.6914285714285715, 0.5, 0.308, 0.5, 0.5, 0.5, 0.5], "acc": [0.4166666666666667, 0.4166666666666667, 0.4166666666666667, 0.4166666666666667, 0.4166666666666667, 0.4166666666666667, 0.4166666666666667, 0.4166666666666667, 0.4166666666666667, 0.4166666666666667], "aps": [0.5833333333333334, 0.5833333333333334, 0.7547930128431374, 0.7541033576707237, 0.5833333333333334, 0.469232135093407, 0.5833333333333334, 0.5833333333333334, 0.5833333333333334, 0.5833333333333334], "f1": [0.0, 0.0, 0.0, 0.0, 0.0, 0.0, 0.0, 0.0, 0.0, 0.0], "auprc": [0.7916666666666667, 0.7916666666666667, 0.7488071950814915, 0.7484623674952846, 0.7916666666666667, 0.4565595388870891, 0.7916666666666667, 0.7916666666666667, 0.7916666666666667, 0.7916666666666667]}