{"auroc": [0.3354285714285714, 0.3354285714285714, 0.3354285714285714, 0.3342857142857143, 0.3365714285714286, 0.3354285714285714, 0.3365714285714286, 0.3331428571428571, 0.34114285714285714, 0.33771428571428574], "acc": [0.4166666666666667, 0.4166666666666667, 0.4166666666666667, 0.4166666666666667, 0.4166666666666667, 0.4166666666666667, 0.4166666666666667, 0.4166666666666667, 0.4166666666666667, 0.4166666666666667], "aps": [0.47666972418327913, 0.47666972418327913, 0.47666972418327913, 0.4761784165491144, 0.47719882471237973, 0.47684421478330163, 0.47722979411624944, 0.4758858985486818, 0.479751695056895, 0.4774964750665468], "f1": [0.0, 0.0, 0.0, 0.0, 0.0, 0.0, 0.0, 0.0, 0.0, 0.0], "auprc": [0.46368790259336784, 0.46368790259336784, 0.46368790259336784, 0.4631980485320852, 0.46421618912165435, 0.4638604779195047, 0.46424631777902875, 0.46290948804889853, 0.4666957569986489, 0.4645099012544044]}