{"auroc": [0.6737142857142857, 0.676, 0.6759999999999999, 0.6737142857142857, 0.6737142857142857, 0.6737142857142857, 0.6737142857142857, 0.6737142857142857, 0.6737142857142857, 0.6737142857142857], "acc": [0.5833333333333334, 0.5833333333333334, 0.5833333333333334, 0.5833333333333334, 0.5833333333333334, 0.5833333333333334, 0.5833333333333334, 0.5833333333333334, 0.4166666666666667, 0.5833333333333334], "aps": [0.7421528747454861, 0.7429419369013383, 0.7471259695837507, 0.7421528747454861, 0.7423681736309977, 0.7421528747454861, 0.7421528747454861, 0.7421528747454861, 0.7421528747454861, 0.7421528747454861], "f1": [0.7368421052631579, 0.7368421052631579, 0.7368421052631579, 0.7368421052631579, 0.7368421052631579, 0.7368421052631579, 0.7368421052631579, 0.7368421052631579, 0.0, 0.7368421052631579], "auprc": [0.7361856078503479, 0.7369785061073998, 0.7464001418325954, 0.7361856078503479, 0.7361809274397934, 0.7361856078503479, 0.7361856078503479, 0.7361856078503479, 0.7361856078503479, 0.7361856078503479]}