{"enet": [{"auroc": [0.41818181818181815, 0.5, 0.41818181818181815, 0.5, 0.5], "acc": [0.47619047619047616, 0.47619047619047616, 0.5238095238095238, 0.47619047619047616, 0.47619047619047616], "aps": [0.463015873015873, 0.47619047619047616, 0.463015873015873, 0.47619047619047616, 0.47619047619047616], "f1": [0.0, 0.6451612903225806, 0.16666666666666669, 0.6451612903225806, 0.6451612903225806], "auprc": [0.3994246031746032, 0.7380952380952381, 0.3994246031746032, 0.7380952380952381, 0.7380952380952381]}]}