{"auroc": [0.505, 0.4525, 0.5525, 0.495, 0.43749999999999994], "acc": [0.5, 0.475, 0.55, 0.5, 0.475], "aps": [0.5538560002810581, 0.5179131678749369, 0.5858511568093028, 0.49014249858328807, 0.5126210875042911], "f1": [0.6666666666666666, 0.5882352941176471, 0.6666666666666667, 0.5454545454545454, 0.5882352941176471], "auprc": [0.5398907411140459, 0.49951017577720946, 0.5679792164034443, 0.4639329270878518, 0.49423885736003903]}