{"auroc":[0.45719877567567563,0.5436852621621621,0.636559955036855,0.525503443980344,0.5161668346437346], "acc": [0.40217391304347827, 0.41304347826086957, 0.40217391304347827, 0.40217391304347827, 0.42391304347826086], "aps": [0.37740545494211997, 0.4803841187039507, 0.5749809411382212, 0.411460911348084, 0.43998631015031975], "f1": [0.5736434108527132, 0.578125, 0.5736434108527132, 0.5736434108527132, 0.5826771653543308], "auprc": [0.36433558521911835, 0.46873405912421146, 0.5639558777174951, 0.3994882392732193, 0.42152290780565904]}