{"enet": [{"auroc": [0.58, 0.58, 0.58, 0.5994285714285714, 0.5502857142857143, 0.58, 0.58, 0.5502857142857143, 0.58, 0.5502857142857143], "acc": [0.4166666666666667, 0.4166666666666667, 0.4166666666666667, 0.5833333333333334, 0.4166666666666667, 0.4166666666666667, 0.4166666666666667, 0.4166666666666667, 0.4166666666666667, 0.4166666666666667], "aps": [0.696859781941127, 0.696859781941127, 0.696859781941127, 0.7082704199980293, 0.6679466607699437, 0.696859781941127, 0.696859781941127, 0.6679466607699437, 0.696859781941127, 0.6679466607699437], "f1": [0.0, 0.0, 0.0, 0.7368421052631579, 0.0, 0.0, 0.0, 0.0, 0.0, 0.0], "auprc": [0.690460351246748, 0.690460351246748, 0.690460351246748, 0.702803826444632, 0.660430779496699, 0.690460351246748, 0.690460351246748, 0.660430779496699, 0.690460351246748, 0.660430779496699]}]}