{"rf": [{"auroc": [0.6348571428571429], "acc": [0.4166666666666667], "aps": [0.6926472962066181], "f1": [0.0]}], "enet": [{"auroc": [0.604], "acc": [0.4166666666666667], "aps": [0.6829583521431356], "f1": [0.0]}]}