{"rf": [{"auroc": [0.4428571428571429], "acc": [0.4166666666666667], "aps": [0.5620413006496069], "f1": [0.0], "auprc": [0.5499191285460228]}], "enet": [{"auroc": [0.5171428571428571], "acc": [0.4166666666666667], "aps": [0.6359804316256468], "f1": [0.0], "auprc": [0.6267739465047975]}]}