{"auroc": [0.4714285714285714, 0.4531428571428571, 0.6319999999999999, 0.5131428571428571, 0.6942857142857143, 0.7085714285714286, 0.6737142857142857, 0.4131428571428571, 0.34685714285714286, 0.3605714285714286], "acc": [0.4166666666666667, 0.4166666666666667, 0.5833333333333334, 0.5833333333333334, 0.4166666666666667, 0.4166666666666667, 0.4166666666666667, 0.4166666666666667, 0.5833333333333334, 0.5833333333333334], "aps": [0.6012349960571557, 0.5640288894203744, 0.693279504469265, 0.652337662603667, 0.779838916058971, 0.7929185875915086, 0.7388233724625596, 0.5193433634295581, 0.518705269678856, 0.5090681287007334], "f1": [0.0, 0.0, 0.7368421052631579, 0.7368421052631579, 0.0, 0.0, 0.0, 0.0, 0.7368421052631579, 0.7368421052631579], "auprc": [0.5898539075657493, 0.547725207823315, 0.6762604438396171, 0.6450150165388011, 0.7745591596584441, 0.7887479535429813, 0.7311337811022305, 0.5037437902099009, 0.4993370123333978, 0.49394738173679636]}