{"auroc": [0.45999999999999996, 0.4697142857142857, 0.6382857142857142, 0.5319999999999999, 0.5800000000000001, 0.6005714285714285, 0.4599999999999999, 0.6234285714285714, 0.3805714285714286, 0.6108571428571429], "acc": [0.4166666666666667, 0.4166666666666667, 0.4166666666666667, 0.4166666666666667, 0.5833333333333334, 0.5833333333333334, 0.4166666666666667, 0.5833333333333334, 0.4166666666666667, 0.5833333333333334], "aps": [0.5831291382282139, 0.6207668215937352, 0.7068148584905279, 0.6543169798262666, 0.6905298064256706, 0.6816564506075384, 0.6004020564024053, 0.6965921483315766, 0.5106004655065715, 0.6871539582808297], "f1": [0.0, 0.0, 0.0, 0.0, 0.7368421052631579, 0.7368421052631579, 0.0, 0.7368421052631579, 0.0, 0.7368421052631579], "auprc": [0.5640903330363274, 0.6123847681637008, 0.6975744113526999, 0.6456466830883003, 0.682828843467459, 0.6725854615072828, 0.5885589170345523, 0.6858211035179679, 0.49358792537056595, 0.6783514514283944]}