{"rf": [{"auroc": [0.5034285714285713], "acc": [0.4166666666666667], "aps": [0.6075476532076245], "f1": [0.0], "auprc": [0.6225071736011478]}], "enet": [{"auroc": [0.524], "acc": [0.4166666666666667], "aps": [0.6367599528846085], "f1": [0.0], "auprc": [0.6276868088541241]}]}