{"enet": [{"auroc": [0.524, 0.516, 0.5228571428571429, 0.5228571428571429, 0.524, 0.5228571428571429, 0.516, 0.524, 0.516, 0.5228571428571429], "acc": [0.4166666666666667, 0.4166666666666667, 0.4166666666666667, 0.4166666666666667, 0.4166666666666667, 0.4166666666666667, 0.4166666666666667, 0.4166666666666667, 0.4166666666666667, 0.4166666666666667], "aps": [0.6367599528846085, 0.6307702535262059, 0.6360265672002283, 0.6360265672002283, 0.6367599528846085, 0.6360265672002283, 0.6307702535262059, 0.6367599528846085, 0.6307702535262059, 0.6360265672002283], "f1": [0.0, 0.0, 0.0, 0.0, 0.0, 0.0, 0.0, 0.0, 0.0, 0.0], "auprc": [0.6276868088541241, 0.6194443097988885, 0.6269212757211948, 0.6269212757211948, 0.6276868088541241, 0.6269212757211948, 0.6194443097988885, 0.6276868088541241, 0.6194443097988885, 0.6269212757211948]}]}