{"auroc": [0.37999999999999995, 0.3571428571428571, 0.636, 0.36457142857142855, 0.6337142857142857, 0.39828571428571435, 0.5285714285714286, 0.6314285714285713, 0.3691428571428571, 0.6462857142857142], "acc": [0.4166666666666667, 0.4166666666666667, 0.4166666666666667, 0.4166666666666667, 0.4166666666666667, 0.4166666666666667, 0.4166666666666667, 0.4166666666666667, 0.4166666666666667, 0.4166666666666667], "aps": [0.5358797231016927, 0.5097785421385287, 0.7366467948934737, 0.530545885064183, 0.7356841732856908, 0.5221068247585333, 0.6275021097930064, 0.7324221504902578, 0.5243743465836489, 0.7419368456046073], "f1": [0.0, 0.0, 0.0, 0.0, 0.0, 0.0, 0.0, 0.0, 0.0, 0.0], "auprc": [0.5241576805891303, 0.4908199414537751, 0.7341736808590419, 0.5198334121552287, 0.7332042343685763, 0.5076680564949917, 0.6167834854285312, 0.7298581475986202, 0.510186866077499, 0.7395023271728364]}