{"auroc": [0.40171428571428575, 0.47714285714285715, 0.5262857142857142, 0.2817142857142857, 0.4302857142857143, 0.42, 0.49885714285714283, 0.6302857142857142, 0.32285714285714284, 0.6451428571428572], "acc": [0.4166666666666667, 0.4166666666666667, 0.4166666666666667, 0.4166666666666667, 0.4166666666666667, 0.4166666666666667, 0.4166666666666667, 0.4166666666666667, 0.4166666666666667, 0.4166666666666667], "aps": [0.5393911218933887, 0.5698666797597856, 0.5817005402611655, 0.45778650699485846, 0.5366667985287263, 0.5416445198921547, 0.5678223435717431, 0.733924685750878, 0.47799501662312693, 0.7603236477718824], "f1": [0.0, 0.0, 0.0, 0.0, 0.0, 0.0, 0.0, 0.0, 0.0, 0.0], "auprc": [0.5223245197945076, 0.5577343817276402, 0.5624053951075241, 0.44530256350978176, 0.518056566040575, 0.5245229934175466, 0.5508121524911263, 0.7285135846655396, 0.464025760443886, 0.7563039649513625]}