{"rf": [{"auroc": [0.5977142857142858], "acc": [0.4166666666666667], "aps": [0.6713590344173503], "f1": [0.0], "auprc": [0.7139640403830392]}], "enet": [{"auroc": [0.5502857142857143], "acc": [0.4166666666666667], "aps": [0.6553243205084153], "f1": [0.0], "auprc": [0.6441818143047661]}]}