{"auroc": [0.4820415879017013, 0.4272211720226843, 0.4820415879017013, 0.41020793950850665, 0.4366729678638942], "acc": [0.4782608695652174, 0.43478260869565216, 0.4782608695652174, 0.43478260869565216, 0.45652173913043476], "aps": [0.49807889395448984, 0.4619404141682994, 0.49673463283436564, 0.44395893429163735, 0.4621194536974175], "f1": [0.14285714285714285, 0.27777777777777773, 0.2, 0.2352941176470588, 0.13793103448275862], "auprc": [0.47400613704097333, 0.4381734255348672, 0.47278700893507614, 0.4229991113022655, 0.44080527666425584]}