{"auroc": [0.44234404536862004, 0.49716446124763713, 0.45368620037807184, 0.4952741020793951, 0.4007561436672967], "acc": [0.43478260869565216, 0.5434782608695652, 0.4782608695652174, 0.5, 0.3695652173913043], "aps": [0.4503983544406054, 0.4949687215553655, 0.5084840628914488, 0.48616286592440905, 0.44109379376192426], "f1": [0.07142857142857142, 0.3225806451612903, 0.25, 0.25806451612903225, 0.2564102564102564], "auprc": [0.4307786791767805, 0.473183651009804, 0.49201151834958035, 0.4644859451427782, 0.4155095175832733]}