{"auroc": [0.40264650283553877, 0.4234404536862004, 0.47258979206049145, 0.45746691871455575, 0.497164461247637], "acc": [0.43478260869565216, 0.41304347826086957, 0.5434782608695652, 0.43478260869565216, 0.5], "aps": [0.44567145189251384, 0.44152757926495734, 0.5032932513698799, 0.46276595036702356, 0.5108339594325039], "f1": [0.07142857142857142, 0.12903225806451613, 0.3225806451612903, 0.2352941176470588, 0.20689655172413793], "auprc": [0.4227869454726972, 0.42371249670030064, 0.4792663717126166, 0.4431524880456482, 0.48331437718421105]}