{"auroc": [0.6291428571428572, 0.5731428571428572, 0.5022857142857142, 0.4428571428571429, 0.564], "acc": [0.5833333333333334, 0.5833333333333334, 0.5333333333333333, 0.4166666666666667, 0.5333333333333333], "aps": [0.6882241016122526, 0.6930461466971909, 0.6307123457724627, 0.594584925500018, 0.6531062855642845], "f1": [0.7368421052631579, 0.7368421052631579, 0.5625, 0.0, 0.39130434782608686], "auprc": [0.6705012860702988, 0.6866998992088936, 0.612696588001638, 0.5828646354873438, 0.6351501597510754]}