{"auroc": [0.8311306901615271, 0.8737151248164464, 0.850709740577582, 0.9189916789035731, 0.7245064447707619, 0.9787893620492739, 0.6123348017621146, 0.8675966715614293, 0.8436939141784956, 0.8405938978626203], "acc": [0.8078291814946619, 0.8078291814946619, 0.8078291814946619, 0.8078291814946619, 0.19217081850533807, 0.9466192170818505, 0.19217081850533807, 0.8078291814946619, 0.8078291814946619, 0.8078291814946619], "aps": [0.955152265626135, 0.9581722554905735, 0.9500256682203552, 0.9778426853359723, 0.9116324272973737, 0.9948394408769985, 0.8857453794139394, 0.9574156711986316, 0.9586586580417842, 0.9550156441546925], "f1": [0.8937007874015748, 0.8937007874015748, 0.8937007874015748, 0.8937007874015748, 0.0, 0.9671772428884026, 0.0, 0.8937007874015748, 0.8937007874015748, 0.8937007874015748], "auprc": [0.9550313095140239, 0.957922437798572, 0.9498172368263427, 0.9777815932723009, 0.9112970286949659, 0.9948276388604205, 0.8853712276932255, 0.9571894020163592, 0.9585481460814133, 0.9548864283818952]}