{"enet": [{"auroc": [0.9441997063142438, 0.9441997063142438, 0.9371838799151575, 0.9441997063142438, 0.9393865230869636, 0.9353891336270191, 0.9441997063142438, 0.9441997063142438, 0.9441997063142438, 0.9441997063142438], "acc": [0.8469750889679716, 0.8469750889679716, 0.896797153024911, 0.8469750889679716, 0.7615658362989324, 0.8647686832740213, 0.8469750889679716, 0.8469750889679716, 0.8469750889679716, 0.8469750889679716], "aps": [0.9844004583058047, 0.9844004583058047, 0.9822545529283662, 0.9844004583058047, 0.98396199355047, 0.9809853959962831, 0.9844004583058047, 0.9844004583058047, 0.9844004583058047, 0.9844004583058047], "f1": [0.8983451536643026, 0.8983451536643026, 0.9356984478935698, 0.8983451536643026, 0.8295165394402035, 0.9124423963133641, 0.8983451536643026, 0.8983451536643026, 0.8983451536643026, 0.8983451536643026], "auprc": [0.9843568504212654, 0.9843568504212654, 0.9822031510741994, 0.9843568504212654, 0.9839205214212158, 0.9809264005614041, 0.9843568504212654, 0.9843568504212654, 0.9843568504212654, 0.9843568504212654]}]}