{"enet": [{"auroc": [0.6994615761135584, 0.6468428781204112, 0.6686245717082722, 0.6918746940773373, 0.6468428781204112, 0.635340186000979, 0.6468428781204112, 0.6660956110295319, 0.6738048621308533, 0.6994615761135584], "acc": [0.7259786476868327, 0.7473309608540926, 0.6903914590747331, 0.7188612099644128, 0.7473309608540926, 0.7117437722419929, 0.7473309608540926, 0.7402135231316725, 0.7188612099644128, 0.7259786476868327], "aps": [0.8875190278114258, 0.8591864584331784, 0.8732137911733754, 0.8809336897555692, 0.8591864584331784, 0.855208135585387, 0.8591864584331784, 0.8679530814661195, 0.8727393990134523, 0.8875190278114258], "f1": [0.819672131147541, 0.8397291196388261, 0.7952941176470587, 0.8158508158508159, 0.8397291196388261, 0.8129330254041571, 0.8397291196388261, 0.8329519450800915, 0.8149882903981265, 0.819672131147541], "auprc": [0.9192090856118272, 0.9143325692999743, 0.9061822664833952, 0.9200833106575187, 0.9143325692999743, 0.9080773846765838, 0.9143325692999743, 0.9181585898393204, 0.9173008212642747, 0.9192090856118272]}]}