{"enet": [{"auroc": [0.8947218143253386, 0.9301680535160712, 0.9301680535160712, 0.938570729319628, 0.9331049110784794, 0.9301680535160712, 0.9347364986131506, 0.938570729319628, 0.9301680535160712, 0.9259259259259259], "acc": [0.8896797153024911, 0.900355871886121, 0.900355871886121, 0.9252669039145908, 0.9074733096085409, 0.900355871886121, 0.9039145907473309, 0.9252669039145908, 0.900355871886121, 0.900355871886121], "aps": [0.9549699268763303, 0.9797685427129559, 0.9797685427129559, 0.9814581639654414, 0.9805678584213595, 0.9797685427129559, 0.981416909657585, 0.9814581639654414, 0.9797685427129559, 0.9765471736802765], "f1": [0.9303370786516854, 0.9380530973451328, 0.9380530973451328, 0.9536423841059603, 0.9424778761061946, 0.9380530973451328, 0.9398663697104677, 0.9536423841059603, 0.9380530973451328, 0.9385964912280701], "auprc": [0.9739369969689126, 0.9797088555282123, 0.9797088555282123, 0.9813995641081271, 0.9805104851166557, 0.9797088555282123, 0.9813644030343713, 0.9813995641081271, 0.9797088555282123, 0.9786724795249964]}]}