{"enet": [{"auroc": [0.7256485560450319, 0.8010279001468429, 0.8010279001468429, 0.78332517539566, 0.8010279001468429, 0.8140398107358461, 0.78332517539566, 0.78332517539566, 0.7674987763093489, 0.8140398107358461], "acc": [0.8185053380782918, 0.8434163701067615, 0.8434163701067615, 0.8398576512455516, 0.8434163701067615, 0.8291814946619217, 0.8398576512455516, 0.8398576512455516, 0.8327402135231317, 0.8291814946619217], "aps": [0.8875983216075637, 0.9205522067407728, 0.9205522067407728, 0.911901684615121, 0.9205522067407728, 0.9305282569121671, 0.911901684615121, 0.911901684615121, 0.9042897015439016, 0.9305282569121671], "f1": [0.8869179600886917, 0.9030837004405287, 0.9030837004405287, 0.9002217294900221, 0.9030837004405287, 0.8928571428571428, 0.9002217294900221, 0.9002217294900221, 0.8953229398663698, 0.8928571428571428], "auprc": [0.9351651398746231, 0.9470461568127694, 0.9470461568127694, 0.9462004806488986, 0.9470461568127694, 0.9491621028194381, 0.9462004806488986, 0.9462004806488986, 0.9446470128852497, 0.9491621028194381]}]}