{"auroc": [0.9645129711209006, 0.7805514765867189, 0.8030673845651819, 0.9671235111763746, 0.953091858378202, 0.9595366291401534, 0.7992331538587046, 0.6745390765214554, 0.9314733235438081, 0.7766356665035079], "acc": [0.9323843416370107, 0.8113879003558719, 0.8078291814946619, 0.9323843416370107, 0.8932384341637011, 0.9252669039145908, 0.8078291814946619, 0.19217081850533807, 0.900355871886121, 0.19217081850533807], "aps": [0.990872576671421, 0.9284407029107578, 0.9459376168014559, 0.9912432023451433, 0.9855940688558269, 0.9886972821387492, 0.9477461665702385, 0.90143454362638, 0.9801649321925164, 0.9333000483373538], "f1": [0.9580573951434879, 0.8954635108481263, 0.8937007874015748, 0.9587852494577006, 0.9377593360995851, 0.9534368070953437, 0.8937007874015748, 0.0, 0.9401709401709402, 0.0], "auprc": [0.9908490988113187, 0.9281157109402456, 0.9457749421556713, 0.9912200956968099, 0.9855450961430645, 0.9886642877559335, 0.9476099683311311, 0.9010614125944716, 0.9800992681249574, 0.9330572273798432]}