{"auroc": [0.6317506934247021, 0.510605318975363, 0.44003915810083205, 0.6028308043726546, 0.7532223853809756, 0.822238538097569, 0.6338717572197748, 0.4856012400065263, 0.5295725240659162, 0.6062571381954642], "acc": [0.8078291814946619, 0.8078291814946619, 0.8078291814946619, 0.8078291814946619, 0.8256227758007118, 0.8505338078291815, 0.19217081850533807, 0.8078291814946619, 0.8078291814946619, 0.8078291814946619], "aps": [0.8815312172415015, 0.776146284558217, 0.7595290523090839, 0.8517149518582341, 0.9045242919030465, 0.9284819365710213, 0.8656539153460485, 0.8112420393562313, 0.8079762214428348, 0.8575019327603947], "f1": [0.8937007874015748, 0.8937007874015748, 0.8937007874015748, 0.8937007874015748, 0.9025844930417496, 0.911764705882353, 0.0, 0.8937007874015748, 0.8937007874015748, 0.8937007874015748], "auprc": [0.8810187180336546, 0.7725695669772357, 0.7564216527270493, 0.8500612666338677, 0.9035627514606335, 0.9271582032407183, 0.8647526358550599, 0.8102824092961685, 0.804743107329887, 0.8566489751185773]}