{"auroc": [0.9620655898188938, 0.9740577581987273, 0.6957089247838147, 0.7037037037037037, 0.7667645619187469, 0.6814325338554413, 0.7054984499918421, 0.7209985315712187, 0.7954805025289607, 0.9719366944036548], "acc": [0.9252669039145908, 0.9110320284697508, 0.19217081850533807, 0.8078291814946619, 0.8185053380782918, 0.7508896797153025, 0.8078291814946619, 0.19217081850533807, 0.8078291814946619, 0.9323843416370107], "aps": [0.9902733686379815, 0.9937978222629, 0.9011748642146588, 0.900961232650284, 0.925833911503072, 0.9039947254185287, 0.8964099840952148, 0.9041303056390837, 0.9430504390160237, 0.9927902477565373], "f1": [0.953229398663697, 0.9435665914221218, 0.0, 0.8937007874015748, 0.8982035928143713, 0.8478260869565217, 0.8937007874015748, 0.0, 0.8937007874015748, 0.9574944071588367], "auprc": [0.9902493792032967, 0.9937838993988186, 0.9007423558440999, 0.900531720585638, 0.9254581555389714, 0.9036757023613169, 0.8958626843856391, 0.9036167305703169, 0.9428854416757734, 0.9927724302091734]}