{"rf": [{"auroc": [0.9470957741882853], "acc": [0.9217081850533808], "aps": [0.986095216124259], "f1": [0.9531914893617022], "auprc": [0.9860930101470894]}], "enet": [{"auroc": [0.9206232664382444], "acc": [0.8932384341637011], "aps": [0.9738886033799363], "f1": [0.9336283185840709], "auprc": [0.9737657196581974]}]}