{"auroc": [0.7848751835535976, 0.9344101811062163, 0.7761461902431065, 0.792258117147985, 0.7387828356991354, 0.9710393212595856, 0.5928373307227932, 0.7207945831293848, 0.7802251590797846, 0.7056616087453093], "acc": [0.8078291814946619, 0.8861209964412812, 0.8078291814946619, 0.8078291814946619, 0.19217081850533807, 0.9145907473309609, 0.8078291814946619, 0.19217081850533807, 0.8078291814946619, 0.8078291814946619], "aps": [0.93932226016308, 0.9837772262170529, 0.9340443704964092, 0.939075243371218, 0.9178773280278743, 0.9934773531767982, 0.8630794036574418, 0.918539888628948, 0.9398076354998135, 0.9143676746463062], "f1": [0.8937007874015748, 0.9310344827586207, 0.8937007874015748, 0.8937007874015748, 0.0, 0.9457013574660633, 0.8937007874015748, 0.0, 0.8937007874015748, 0.8937007874015748], "auprc": [0.939132813413085, 0.9837387361361525, 0.9338391178424007, 0.9388507456374716, 0.9175435674041332, 0.9934635975861437, 0.8624275654722191, 0.9183180005543259, 0.9396357981574417, 0.9141024482735673]}