{"rf": [{"auroc": [0.9599037363354543], "acc": [0.9145907473309609], "aps": [0.9903509528431238], "f1": [0.948936170212766], "auprc": [0.9903333100811993]}], "enet": [{"auroc": [0.9298417360091369], "acc": [0.8576512455516014], "aps": [0.9819193223599841], "f1": [0.9065420560747663], "auprc": [0.9818724781823764]}]}