{"enet": [{"auroc": [0.8532387012563224, 0.797275248817099, 0.8606624245390765, 0.8047805514765867, 0.7957252406591614, 0.8333333333333334, 0.8054331864904551, 0.8333333333333334, 0.7780225159079784, 0.797275248817099], "acc": [0.8220640569395018, 0.8220640569395018, 0.8434163701067615, 0.8327402135231317, 0.8291814946619217, 0.8540925266903915, 0.8327402135231317, 0.8540925266903915, 0.8256227758007118, 0.8220640569395018], "aps": [0.95066485203103, 0.9149208482263816, 0.9519926582336012, 0.9193260777235963, 0.9142292416220672, 0.9319687328498718, 0.9186470951741845, 0.9319687328498718, 0.9070786930323391, 0.9149208482263816], "f1": [0.8868778280542987, 0.8878923766816142, 0.9017857142857143, 0.8939051918735892, 0.8928571428571428, 0.9082774049217002, 0.8929384965831435, 0.9082774049217002, 0.8898876404494381, 0.8878923766816142], "auprc": [0.9504426401379368, 0.9492554490528664, 0.9517574682670823, 0.9526762787904258, 0.9485320403466977, 0.9567077244356705, 0.9526612937911751, 0.9567077244356705, 0.946320184402451, 0.9492554490528664]}]}