{"enet": [{"auroc": [0.9069179311470061, 0.9410181106216349, 0.9069179311470061, 0.9069179311470061, 0.9069179311470061, 0.9310654266601404, 0.9069179311470061, 0.9446891825746452, 0.9446891825746452, 0.8979441997063142], "acc": [0.896797153024911, 0.9039145907473309, 0.896797153024911, 0.896797153024911, 0.896797153024911, 0.8932384341637011, 0.896797153024911, 0.9145907473309609, 0.9145907473309609, 0.8861209964412812], "aps": [0.9680797366769187, 0.9773068395111587, 0.9680797366769187, 0.9680797366769187, 0.9680797366769187, 0.9744024177567501, 0.9680797366769187, 0.9777209760965266, 0.9777209760965266, 0.9636293047224679], "f1": [0.9356984478935698, 0.9393258426966292, 0.9356984478935698, 0.9356984478935698, 0.9356984478935698, 0.9327354260089686, 0.9356984478935698, 0.946188340807175, 0.946188340807175, 0.9292035398230089], "auprc": [0.9679278551418499, 0.9771683815500101, 0.9679278551418499, 0.9679278551418499, 0.9679278551418499, 0.9786591949721644, 0.9679278551418499, 0.9775852622499053, 0.9775852622499053, 0.9634348126397465]}]}