{"best_index": [111, 275, 101, 226, 245], "auroc": [0.5909090909090909, 0.5727272727272728, 0.5909090909090909, 0.6272727272727272, 0.6818181818181818], "acc": [0.5238095238095238, 0.7142857142857143, 0.5238095238095238, 0.6190476190476191, 0.7142857142857143], "aps": [0.5299135505017858, 0.5334776334776336, 0.5306654456654457, 0.5738003663003663, 0.5857700632700633], "f1": [0.4444444444444445, 0.7272727272727272, 0.28571428571428575, 0.6363636363636365, 0.75], "auprc": [0.4775048521739699, 0.4812927595280536, 0.48591436341436345, 0.520899100899101, 0.5329796592296593]}