{"best_index": [86, 237, 218, 219, 182], "auroc": [0.39999999999999997, 0.5, 0.6000000000000001, 0.44545454545454544, 0.5454545454545454], "acc": [0.5238095238095238, 0.5238095238095238, 0.6190476190476191, 0.5714285714285714, 0.5238095238095238], "aps": [0.5092930242272348, 0.5972801300007181, 0.6172985347985348, 0.5384795321637427, 0.6535301300007181], "f1": [0.0, 0.0, 0.6666666666666666, 0.30769230769230765, 0.0], "auprc": [0.48141259733558495, 0.5773778100983983, 0.5891351729625723, 0.5105270245750122, 0.6385797331753214]}