{"best_index": [73, 76, 66, 138, 212], "auroc": [0.5181818181818182, 0.4545454545454546, 0.5181818181818182, 0.5727272727272728, 0.5818181818181818], "acc": [0.5238095238095238, 0.42857142857142855, 0.47619047619047616, 0.6666666666666666, 0.6666666666666666], "aps": [0.5323900660742766, 0.47637941006362056, 0.5198412698412699, 0.526612554112554, 0.5432270069112174], "f1": [0.28571428571428575, 0.14285714285714288, 0.15384615384615383, 0.6666666666666666, 0.6666666666666666], "auprc": [0.47908559276980334, 0.42418986757996047, 0.46658496732026145, 0.48284132791872725, 0.4902111338953445]}