{"best_index": [135, 99, 100, 290, 84], "auroc": [0.6363636363636364, 0.4636363636363636, 0.5818181818181818, 0.6545454545454545, 0.6090909090909091], "acc": [0.6666666666666666, 0.5238095238095238, 0.5238095238095238, 0.6190476190476191, 0.7142857142857143], "aps": [0.6770940170940171, 0.5427008663850769, 0.6348684210526315, 0.6568234981392875, 0.7161080586080586], "f1": [0.6956521739130435, 0.16666666666666669, 0.16666666666666669, 0.6666666666666666, 0.5714285714285715], "auprc": [0.6583111358885353, 0.5148048301028177, 0.6085496009838115, 0.6298704537636426, 0.7048284391047548]}