{"auroc": [0.5954631379962193, 0.6049149338374291, 0.6540642722117203, 0.5992438563327032, 0.6200378071833649], "acc": [0.5652173913043478, 0.5652173913043478, 0.6304347826086957, 0.4782608695652174, 0.6086956521739131], "aps": [0.6567322946638288, 0.6549180100631289, 0.6732669804744331, 0.6281732705140605, 0.6742350302208181], "f1": [0.6, 0.6551724137931034, 0.6909090909090908, 0.6470588235294117, 0.6399999999999999], "auprc": [0.6482350422606981, 0.6461147849980804, 0.6622782086351154, 0.6158034874234297, 0.6665424424586773]}