{"auroc": [0.6578449905482042, 0.6200378071833649, 0.6389413988657845, 0.5935727788279772, 0.7145557655954632], "acc": [0.5, 0.5, 0.5, 0.5, 0.4782608695652174], "aps": [0.6672111258889494, 0.6067095717760219, 0.6575932221878483, 0.6431066542123903, 0.756149542973076], "f1": [0.6666666666666666, 0.6666666666666666, 0.6666666666666666, 0.6666666666666666, 0.6470588235294117], "auprc": [0.655711189286994, 0.5901033771513394, 0.6473502122383759, 0.6339416528929099, 0.7499284872275468]}