{"auroc": [0.7353497164461247, 0.669187145557656, 0.6843100189035917, 0.6597353497164461, 0.7051039697542534], "acc": [0.5434782608695652, 0.5434782608695652, 0.5652173913043478, 0.5869565217391305, 0.6956521739130435], "aps": [0.7225013511821016, 0.6846558657542127, 0.7102229237336788, 0.6933550431231134, 0.6994070303614004], "f1": [0.6769230769230768, 0.6769230769230768, 0.6875000000000001, 0.6122448979591837, 0.7307692307692308], "auprc": [0.7129007735998445, 0.6739289691735771, 0.702075680022237, 0.685603413532242, 0.6852045377449328]}