{"enet": [{"auroc": [0.6575000000000001, 0.7400000000000001, 0.7275, 0.715, 0.6275], "acc": [0.7, 0.7, 0.75, 0.725, 0.65], "aps": [0.7082181243212322, 0.7629171532690708, 0.7690660559518652, 0.6903081052371114, 0.6318014696780457], "f1": [0.6666666666666665, 0.6666666666666665, 0.7222222222222223, 0.6857142857142857, 0.5625000000000001], "auprc": [0.6971961752907576, 0.7544664334887412, 0.7611877316295586, 0.6737209483453779, 0.602436844574411]}]}