{"enet": [{"auroc": [0.5975, 0.5, 0.5, 0.5, 0.5], "acc": [0.575, 0.5, 0.5, 0.5, 0.5], "aps": [0.6508244006016419, 0.5, 0.5, 0.5, 0.5], "f1": [0.5405405405405405, 0.6666666666666666, 0.6666666666666666, 0.6666666666666666, 0.6666666666666666], "auprc": [0.6430132001062309, 0.75, 0.75, 0.75, 0.75]}]}