{"best_index": [68, 95, 87, 268, 131], "auroc": [0.4615384615384616, 0.4378698224852071, 0.40828402366863903, 0.4792899408284024, 0.4733727810650888], "acc": [0.46153846153846156, 0.38461538461538464, 0.4230769230769231, 0.46153846153846156, 0.38461538461538464], "aps": [0.5979379426816447, 0.5651573426573426, 0.5490257735575461, 0.5774791633487286, 0.5781600450831219], "f1": [0.588235294117647, 0.5555555555555555, 0.5945945945945945, 0.631578947368421, 0.5555555555555555], "auprc": [0.5840674800358783, 0.5416430674327093, 0.5255055128915365, 0.553514437447232, 0.5545983276536877]}