{"best_index": [39, 50, 344, 120, 111], "auroc": [0.34911242603550297, 0.3431952662721893, 0.3195266272189349, 0.35502958579881655, 0.35502958579881655], "acc": [0.38461538461538464, 0.4230769230769231, 0.38461538461538464, 0.38461538461538464, 0.38461538461538464], "aps": [0.5172515648602605, 0.47475692499719957, 0.48429738453765914, 0.520748068356764, 0.5653552155954902], "f1": [0.5555555555555555, 0.5945945945945945, 0.5555555555555555, 0.5555555555555555, 0.5555555555555555], "auprc": [0.4933541903049912, 0.4317166319569065, 0.46060377045942963, 0.4968506938014947, 0.5517951645354391]}