{"auroc": [0.5125307125307126, 0.5756756756756757, 0.5223587223587224, 0.4432432432432432, 0.4697788697788698, 0.5341523341523342, 0.5022113022113022, 0.44226044226044225, 0.5626535626535627, 0.5154791154791155], "acc": [0.40217391304347827, 0.40217391304347827, 0.40217391304347827, 0.40217391304347827, 0.40217391304347827, 0.40217391304347827, 0.40217391304347827, 0.40217391304347827, 0.40217391304347827, 0.40217391304347827], "aps": [0.4084976128830833, 0.444455222336907, 0.41199986048960646, 0.37589551262867776, 0.38184193545304385, 0.41329936612390483, 0.41238288497627806, 0.3655788945035684, 0.460081799491518, 0.40637319375658865], "f1": [0.5736434108527132, 0.5736434108527132, 0.5736434108527132, 0.5736434108527132, 0.5736434108527132, 0.5736434108527132, 0.5736434108527132, 0.5736434108527132, 0.5736434108527132, 0.5736434108527132], "auprc": [0.3926217877126459, 0.4304134167913589, 0.3962645875069158, 0.3603713223256322, 0.369255507672657, 0.3980040675377872, 0.3941759120033783, 0.3525097174559974, 0.4450421580264532, 0.3907786775070554]}