{"auroc": [0.3960302457466918, 0.3667296786389414, 0.38374291115311915, 0.3837429111531191, 0.3610586011342155], "acc": [0.5, 0.5, 0.5, 0.5, 0.5], "aps": [0.4640984654731458, 0.45334839553301204, 0.44779954345171735, 0.45631469979296063, 0.43286139086381387], "f1": [0.0, 0.0, 0.6666666666666666, 0.6666666666666666, 0.0], "auprc": [0.43158834185848244, 0.40566339586694644, 0.40164038859691037, 0.4171842650103519, 0.39671152421859107]}