{"auroc": [0.44612476370510395, 0.3818525519848771, 0.3591682419659736, 0.3856332703213611, 0.3809073724007561], "acc": [0.5, 0.5, 0.5, 0.5, 0.5], "aps": [0.4473471202369488, 0.4214055340316214, 0.4164901886395721, 0.42471705259076414, 0.42649996830297326], "f1": [0.0, 0.6666666666666666, 0.6666666666666666, 0.0, 0.0], "auprc": [0.4263640184840781, 0.4017989819214008, 0.3971294065846727, 0.4060449522924032, 0.4058875099618888]}