{"best_index": [69, 103, 87, 164, 89], "auroc": [0.41621621621621624, 0.4653562653562654, 0.4624078624078624, 0.4722358722358722, 0.4766584766584767], "acc": [0.40217391304347827, 0.40217391304347827, 0.4782608695652174, 0.40217391304347827, 0.40217391304347827], "aps": [0.3516681689744296, 0.36620791264030056, 0.36941283775062145, 0.3770899536525906, 0.3717100874081316], "f1": [0.5736434108527132, 0.5736434108527132, 0.3142857142857143, 0.5736434108527132, 0.5736434108527132], "auprc": [0.33954626029840473, 0.35412587537469054, 0.3562935942443233, 0.36435770792311006, 0.35985847549240774]}