{"best_index": [0, 169, 147, 112, 79], "auroc": [0.5, 0.44127764127764135, 0.5371007371007371, 0.4923832923832924, 0.5481572481572482], "acc": [0.40217391304347827, 0.40217391304347827, 0.40217391304347827, 0.40217391304347827, 0.40217391304347827], "aps": [0.40217391304347827, 0.3807062012367051, 0.4114801084941205, 0.4055219833076801, 0.4128307238275057], "f1": [0.5736434108527132, 0.5736434108527132, 0.5736434108527132, 0.5736434108527132, 0.5736434108527132], "auprc": [0.7010869565217391, 0.3631756251371406, 0.39846733538591794, 0.39506782251578365, 0.40006923346695744]}