{"best_index": [0, 241, 118, 144, 111], "auroc": [0.5, 0.40540540540540543, 0.5420147420147421, 0.3958230958230958, 0.5248157248157249], "acc": [0.40217391304347827, 0.40217391304347827, 0.40217391304347827, 0.5978260869565217, 0.40217391304347827], "aps": [0.40217391304347827, 0.34208234002507726, 0.4124170482246774, 0.38082501504935307, 0.405381253443634], "f1": [0.5736434108527132, 0.5736434108527132, 0.5736434108527132, 0.0, 0.5736434108527132], "auprc": [0.7010869565217391, 0.3296401061202499, 0.39958679259203495, 0.37272978679611557, 0.3921040016839371]}