{"best_index": [217, 82, 135, 126, 94], "auroc": [0.48796068796068803, 0.5036855036855037, 0.47616707616707615, 0.5287469287469287, 0.5341523341523342], "acc": [0.40217391304347827, 0.40217391304347827, 0.5978260869565217, 0.5978260869565217, 0.40217391304347827], "aps": [0.40208343577321753, 0.3949757781282898, 0.4315818948734592, 0.42373551748515603, 0.4144680193819275], "f1": [0.5736434108527132, 0.5736434108527132, 0.0, 0.0, 0.5736434108527132], "auprc": [0.3923178154826559, 0.3812695076606738, 0.41301026757153975, 0.40751777181840143, 0.40134128395522095]}