{"auroc": [0.5292383292383293, 0.5292383292383293, 0.47076167076167075, 0.5292383292383293, 0.5292383292383293, 0.5292383292383293, 0.5292383292383293, 0.5292383292383293, 0.5292383292383293, 0.5292383292383293], "acc": [0.40217391304347827, 0.40217391304347827, 0.5978260869565217, 0.40217391304347827, 0.40217391304347827, 0.40217391304347827, 0.40217391304347827, 0.40217391304347827, 0.40217391304347827, 0.40217391304347827], "aps": [0.40395529032969313, 0.40395529032969313, 0.3897111704851749, 0.40395529032969313, 0.40395529032969313, 0.40395529032969313, 0.40395529032969313, 0.40395529032969313, 0.40395529032969313, 0.40395529032969313], "f1": [0.5736434108527132, 0.5736434108527132, 0.0, 0.5736434108527132, 0.5736434108527132, 0.5736434108527132, 0.5736434108527132, 0.5736434108527132, 0.5736434108527132, 0.5736434108527132], "auprc": [0.3913943915354373, 0.3913943915354373, 0.3721655513614719, 0.3913943915354373, 0.3913943915354373, 0.3913943915354373, 0.3913943915354373, 0.3913943915354373, 0.3913943915354373, 0.3913943915354373]}