{"enet": [{"auroc": [0.8671887746777615, 0.8660466634034916, 0.872124326970142, 0.8660466634034916, 0.8660466634034916, 0.8660466634034916, 0.8223201174743026, 0.8660466634034916, 0.8660466634034916, 0.8569097732093327], "acc": [0.8505338078291815, 0.8790035587188612, 0.8185053380782918, 0.8790035587188612, 0.8790035587188612, 0.8790035587188612, 0.8754448398576512, 0.8790035587188612, 0.8790035587188612, 0.7722419928825622], "aps": [0.9467481061841352, 0.9457934714337259, 0.9538606819201962, 0.9457934714337259, 0.9457934714337259, 0.9457934714337259, 0.9259587679336442, 0.9457934714337259, 0.9457934714337259, 0.9463368202902942], "f1": [0.9054054054054055, 0.9257641921397379, 0.8838268792710706, 0.9257641921397379, 0.9257641921397379, 0.9257641921397379, 0.9234135667396061, 0.9257641921397379, 0.9257641921397379, 0.8439024390243903], "auprc": [0.9527539155946549, 0.9561217654190357, 0.9644382192697862, 0.9561217654190357, 0.9561217654190357, 0.9561217654190357, 0.9566453637214795, 0.9561217654190357, 0.9561217654190357, 0.961035850624925]}]}