{"enet": [{"auroc": [0.8669440365475608, 0.8590308370044053, 0.8590308370044053, 0.8655571871430902, 0.8655571871430902, 0.8748572360907163, 0.8590308370044053, 0.8748572360907163, 0.8655571871430902, 0.8428781204111601], "acc": [0.8434163701067615, 0.8505338078291815, 0.8505338078291815, 0.8540925266903915, 0.8540925266903915, 0.8683274021352313, 0.8505338078291815, 0.8683274021352313, 0.8540925266903915, 0.8576512455516014], "aps": [0.9528458230856597, 0.9418880505916039, 0.9418880505916039, 0.949864934086445, 0.949864934086445, 0.9470008623604181, 0.9418880505916039, 0.9470008623604181, 0.949864934086445, 0.931605794016348], "f1": [0.8986175115207373, 0.9041095890410958, 0.9041095890410958, 0.9066059225512529, 0.9066059225512529, 0.9160997732426305, 0.9041095890410958, 0.9160997732426305, 0.9066059225512529, 0.9148936170212766], "auprc": [0.9613264589548436, 0.9406500795855838, 0.9406500795855838, 0.9538175836587827, 0.9538175836587827, 0.9465388460002884, 0.9406500795855838, 0.9465388460002884, 0.9538175836587827, 0.9308324117473205]}]}