{"enet": [{"auroc": [0.8140806004242127, 0.8334964920868005, 0.8140806004242127, 0.8140806004242127, 0.8334964920868005, 0.8140806004242127, 0.8061266111926905, 0.8199543155490292, 0.8334964920868005, 0.8140806004242127], "acc": [0.8220640569395018, 0.8327402135231317, 0.8220640569395018, 0.8220640569395018, 0.8327402135231317, 0.8220640569395018, 0.8540925266903915, 0.8398576512455516, 0.8327402135231317, 0.8220640569395018], "aps": [0.9370273287470477, 0.9469856250128953, 0.9370273287470477, 0.9370273287470477, 0.9469856250128953, 0.9370273287470477, 0.9199062498768034, 0.9392243634051476, 0.9469856250128953, 0.9370273287470477], "f1": [0.8883928571428571, 0.8967032967032967, 0.8883928571428571, 0.8883928571428571, 0.8967032967032967, 0.8883928571428571, 0.9098901098901099, 0.8997772828507795, 0.8967032967032967, 0.8883928571428571], "auprc": [0.9367406062634651, 0.9467772310197702, 0.9367406062634651, 0.9367406062634651, 0.9467772310197702, 0.9367406062634651, 0.9524543832742256, 0.9389618685718837, 0.9467772310197702, 0.9367406062634651]}]}