{"auroc": [0.9563550334475445, 0.9526023821178007, 0.6645456028715939, 0.64406917931147, 0.5407896883667809, 0.5334475444607604, 0.7150432370696688, 0.9378365149290259, 0.6134769130363844, 0.6229401207374776], "acc": [0.9466192170818505, 0.900355871886121, 0.6298932384341637, 0.8078291814946619, 0.8078291814946619, 0.19217081850533807, 0.19217081850533807, 0.900355871886121, 0.8078291814946619, 0.20284697508896798], "aps": [0.9879022637722923, 0.985874585103333, 0.8690078474316327, 0.890080251533263, 0.860525267589038, 0.8327029973600383, 0.8999780117597855, 0.9797165114216387, 0.8698643153071148, 0.8735503828689171], "f1": [0.9668874172185431, 0.9416666666666667, 0.7346938775510204, 0.8937007874015748, 0.8937007874015748, 0.0, 0.0, 0.9411764705882353, 0.8937007874015748, 0.02608695652173913], "auprc": [0.9878695905028183, 0.9858316848213222, 0.8663055128368903, 0.889626607286736, 0.8600056513538243, 0.8318277193310584, 0.8995115900668815, 0.9796421709898664, 0.8689133822266315, 0.8729545998624638]}