{"auroc": [0.7149616576929352, 0.6527981726219612, 0.6908957415565344, 0.6040952847120248, 0.8936204927394354, 0.648352096589982, 0.9209495839451787, 0.7445749714472182, 0.7142274433023331, 0.731930168053516], "acc": [0.8078291814946619, 0.8185053380782918, 0.8078291814946619, 0.8078291814946619, 0.8647686832740213, 0.8149466192170819, 0.6583629893238434, 0.8078291814946619, 0.8078291814946619, 0.8078291814946619], "aps": [0.9036117387392588, 0.8624688945495373, 0.8782507279013593, 0.8598490783308643, 0.9546609379722022, 0.8575470893810793, 0.9710090576988336, 0.8944822129152695, 0.8863706040632552, 0.8904728149676963], "f1": [0.8937007874015748, 0.899009900990099, 0.8937007874015748, 0.8937007874015748, 0.9132420091324202, 0.8972332015810277, 0.7362637362637363, 0.8937007874015748, 0.8937007874015748, 0.8937007874015748], "auprc": [0.9029796009160042, 0.8610578904908208, 0.8755869472410571, 0.8590562772314403, 0.9540201270560578, 0.8556475059298277, 0.9708477121887387, 0.891700353246531, 0.8836795777652477, 0.8878303208322584]}