{"enet": [{"auroc": [0.8212595855767664, 0.849404470549845, 0.8339859683472017, 0.8107358459781366, 0.8107358459781366, 0.8387991515744819, 0.8339859683472017, 0.8339859683472017, 0.8387991515744819, 0.8212595855767664], "acc": [0.5480427046263345, 0.5800711743772242, 0.5693950177935944, 0.4875444839857651, 0.4875444839857651, 0.49466192170818507, 0.5693950177935944, 0.5693950177935944, 0.49466192170818507, 0.5480427046263345], "aps": [0.927389456957014, 0.9480236316742575, 0.9365323021692917, 0.9300133723529823, 0.9300133723529823, 0.9412418751911023, 0.9365323021692917, 0.9365323021692917, 0.9412418751911023, 0.927389456957014], "f1": [0.6275659824046921, 0.6569767441860465, 0.6472303206997084, 0.5471698113207547, 0.5471698113207547, 0.55625, 0.6472303206997084, 0.6472303206997084, 0.55625, 0.6275659824046921], "auprc": [0.9451663333450437, 0.9543115659917052, 0.9447078649618572, 0.941197641639852, 0.941197641639852, 0.9452554642224977, 0.9447078649618572, 0.9447078649618572, 0.9452554642224977, 0.9451663333450437]}]}