{"rf": [{"auroc": [0.9737722303801599], "acc": [0.9074733096085409], "aps": [0.993562335242254], "f1": [0.9456066945606695], "auprc": [0.9936184478429789]}], "enet": [{"auroc": [0.910262685593082], "acc": [0.8647686832740213], "aps": [0.9758653845138169], "f1": [0.9155555555555555], "auprc": [0.9757966279083281]}]}