{"enet": [{"auroc": [0.7988252569750367, 0.775493555229238, 0.775493555229238, 0.8106542666014032, 0.7988252569750367, 0.8009463207701093, 0.8274596182085169, 0.8479360417686409, 0.8218306412139011, 0.8106542666014032], "acc": [0.7864768683274022, 0.6832740213523132, 0.6832740213523132, 0.7935943060498221, 0.7864768683274022, 0.6832740213523132, 0.6690391459074733, 0.7117437722419929, 0.7935943060498221, 0.7935943060498221], "aps": [0.9191172897604815, 0.9127720087225424, 0.9127720087225424, 0.9276108073908432, 0.9191172897604815, 0.9234791701856032, 0.9349605663061769, 0.9424328405152851, 0.9321530568408744, 0.9276108073908432], "f1": [0.8591549295774649, 0.7712082262210798, 0.7712082262210798, 0.8651162790697674, 0.8591549295774649, 0.7700258397932817, 0.7546174142480212, 0.7917737789203085, 0.863849765258216, 0.8651162790697674], "auprc": [0.9482417589574031, 0.9371665374332678, 0.9371665374332678, 0.9502910274071792, 0.9482417589574031, 0.9454297709840674, 0.9452610228280081, 0.9583744545394243, 0.948716323459549, 0.9502910274071792]}]}