{"enet": [{"auroc": [0.8529123837493882, 0.8641703377386196, 0.8504650024473812, 0.8529123837493882, 0.8641703377386196, 0.8641703377386196, 0.8457741882852016, 0.8683308859520313, 0.8529123837493882, 0.804005547397618], "acc": [0.8540925266903915, 0.8327402135231317, 0.8291814946619217, 0.8540925266903915, 0.8327402135231317, 0.8327402135231317, 0.8576512455516014, 0.8647686832740213, 0.8540925266903915, 0.8327402135231317], "aps": [0.9402671598270289, 0.9521776843678127, 0.9409980515875516, 0.9402671598270289, 0.9521776843678127, 0.9521776843678127, 0.9419295653918234, 0.9511315984333668, 0.9402671598270289, 0.918769922219181], "f1": [0.9078651685393259, 0.8929384965831435, 0.8894009216589862, 0.9078651685393259, 0.8929384965831435, 0.8929384965831435, 0.9099099099099099, 0.9151785714285716, 0.9078651685393259, 0.8939051918735892], "auprc": [0.9610687671303857, 0.9519309204270103, 0.9577087949693918, 0.9610687671303857, 0.9519309204270103, 0.9519309204270103, 0.941732949079633, 0.9508657850205041, 0.9610687671303857, 0.9519179426903248]}]}