{"enet": [{"auroc": [0.8623755914504814, 0.8623755914504814, 0.8623755914504814, 0.8826072768804046, 0.8826072768804046, 0.8826072768804046, 0.8623755914504814, 0.8826072768804046, 0.8623755914504814, 0.8623755914504814], "acc": [0.8185053380782918, 0.8185053380782918, 0.8185053380782918, 0.8505338078291815, 0.8505338078291815, 0.8505338078291815, 0.8185053380782918, 0.8505338078291815, 0.8185053380782918, 0.8185053380782918], "aps": [0.9551182494948707, 0.9551182494948707, 0.9551182494948707, 0.9577456970896554, 0.9577456970896554, 0.9577456970896554, 0.9551182494948707, 0.9577456970896554, 0.9551182494948707, 0.9551182494948707], "f1": [0.8848758465011287, 0.8848758465011287, 0.8848758465011287, 0.9032258064516129, 0.9032258064516129, 0.9032258064516129, 0.8848758465011287, 0.9032258064516129, 0.8848758465011287, 0.8848758465011287], "auprc": [0.9571160462487682, 0.9571160462487682, 0.9571160462487682, 0.957399117455074, 0.957399117455074, 0.957399117455074, 0.9571160462487682, 0.957399117455074, 0.9571160462487682, 0.9571160462487682]}]}