{"enet": [{"auroc": [0.8423070647740251, 0.8565834557023985, 0.8409202153695546, 0.8565834557023985, 0.7276472507750041, 0.8409202153695546, 0.8220753793441018, 0.8561347691303639, 0.8518518518518519, 0.8364333496492087], "acc": [0.26334519572953735, 0.3167259786476868, 0.2597864768683274, 0.3167259786476868, 0.28825622775800713, 0.2597864768683274, 0.2526690391459075, 0.2491103202846975, 0.2597864768683274, 0.23843416370106763], "aps": [0.942238217638382, 0.9487930071962962, 0.9354520747525346, 0.9487930071962962, 0.8935780444323382, 0.9354520747525346, 0.9240831222393817, 0.9420431692356128, 0.9528431414481503, 0.9462648819611202], "f1": [0.1686746987951807, 0.2727272727272727, 0.16129032258064516, 0.2727272727272727, 0.2248062015503876, 0.16129032258064516, 0.1532258064516129, 0.13877551020408166, 0.15447154471544716, 0.10833333333333334], "auprc": [0.9418754233511559, 0.9484394101995047, 0.9347960514959172, 0.9484394101995047, 0.9185456572085919, 0.9347960514959172, 0.9253887353526973, 0.9433807805346317, 0.9526653340186069, 0.9460058702872467]}]}