{"enet": [{"auroc": [0.8952520802741067, 0.9034915973241964, 0.9034915973241964, 0.900228422254854, 0.9034915973241964, 0.900228422254854, 0.9016152716593244, 0.900228422254854, 0.9034915973241964, 0.9034915973241964], "acc": [0.8932384341637011, 0.8790035587188612, 0.8790035587188612, 0.896797153024911, 0.8790035587188612, 0.896797153024911, 0.8718861209964412, 0.896797153024911, 0.8790035587188612, 0.8790035587188612], "aps": [0.9590609439986741, 0.9730942040095214, 0.9730942040095214, 0.9714929843468721, 0.9730942040095214, 0.9714929843468721, 0.9696067055708703, 0.9714929843468721, 0.9730942040095214, 0.9730942040095214], "f1": [0.9324324324324325, 0.9241071428571428, 0.9241071428571428, 0.9356984478935698, 0.9241071428571428, 0.9356984478935698, 0.9192825112107623, 0.9356984478935698, 0.9241071428571428, 0.9241071428571428], "auprc": [0.973918022748256, 0.9730170091243282, 0.9730170091243282, 0.9714075821534691, 0.9730170091243282, 0.9714075821534691, 0.9695047429783377, 0.9714075821534691, 0.9730170091243282, 0.9730170091243282]}]}