{"enet": [{"auroc": [0.8596834720182739, 0.8817099037363354, 0.8817099037363354, 0.8601729482786751, 0.8925599608418991, 0.8727769619840103, 0.8925599608418991, 0.8601729482786751, 0.8761625061184533, 0.8817099037363354], "acc": [0.8113879003558719, 0.8540925266903915, 0.8540925266903915, 0.8149466192170819, 0.8505338078291815, 0.8149466192170819, 0.8505338078291815, 0.8149466192170819, 0.8327402135231317, 0.8540925266903915], "aps": [0.9459278741302837, 0.9530463470107324, 0.9530463470107324, 0.9454882797740627, 0.9626912343677093, 0.9508596063001418, 0.9626912343677093, 0.9454882797740627, 0.9543225856371049, 0.9530463470107324], "f1": [0.8747044917257683, 0.9053117782909931, 0.9053117782909931, 0.8761904761904762, 0.9023255813953489, 0.8761904761904762, 0.9023255813953489, 0.8761904761904762, 0.8904428904428904, 0.9053117782909931], "auprc": [0.960567528868627, 0.9569715317698735, 0.9569715317698735, 0.9451639772657521, 0.9625119080851229, 0.9655982995046858, 0.9625119080851229, 0.9451639772657521, 0.9670177536763285, 0.9569715317698735]}]}