{"enet": [{"auroc": [0.7442894436286507, 0.6702153695545766, 0.8483439386523087, 0.8450807635829661, 0.6398678414096917, 0.8450807635829661, 0.8483439386523087, 0.8483439386523087, 0.6398678414096917, 0.8614782183064122], "acc": [0.3202846975088968, 0.26334519572953735, 0.24555160142348753, 0.21708185053380782, 0.2206405693950178, 0.21708185053380782, 0.24555160142348753, 0.24555160142348753, 0.2206405693950178, 0.2206405693950178], "aps": [0.8958844946665782, 0.872717940674012, 0.931730381265796, 0.9408833085006976, 0.8413101049312058, 0.9408833085006976, 0.931730381265796, 0.931730381265796, 0.8413101049312058, 0.9422872815391425], "f1": [0.2899628252788104, 0.16194331983805668, 0.14516129032258066, 0.06779661016949153, 0.0912863070539419, 0.06779661016949153, 0.14516129032258066, 0.14516129032258066, 0.0912863070539419, 0.0759493670886076], "auprc": [0.9262522296215033, 0.9133379112597823, 0.9329649463889411, 0.9403551442370277, 0.8964839484630844, 0.9403551442370277, 0.9329649463889411, 0.9329649463889411, 0.8964839484630844, 0.9417334480105686]}]}