{"auroc": [0.9651656061347691, 0.6649534997552619, 0.690814162179801, 0.9761788219937999, 0.6638929678577256, 0.982297275248817, 0.7449012889541525, 0.6556534508076358, 0.6990536792298906, 0.6217164300864743], "acc": [0.9323843416370107, 0.8078291814946619, 0.8078291814946619, 0.9572953736654805, 0.8078291814946619, 0.9537366548042705, 0.8078291814946619, 0.8078291814946619, 0.8078291814946619, 0.7758007117437722], "aps": [0.9874284384948601, 0.8520770801889337, 0.8797787333821498, 0.9934731505788563, 0.8560732144921848, 0.9955723558424715, 0.891268967984131, 0.8563238868225864, 0.8853900499839087, 0.8415379054643], "f1": [0.9582417582417582, 0.8937007874015748, 0.8937007874015748, 0.9736842105263158, 0.8937007874015748, 0.9713024282560706, 0.8937007874015748, 0.8937007874015748, 0.8937007874015748, 0.8633405639913233], "auprc": [0.9873620166184914, 0.8488511639399652, 0.8781406799264205, 0.9934560883468584, 0.8529399674111249, 0.9955619126037167, 0.8885590829950605, 0.853374076980821, 0.8838608352165662, 0.8383873901784361]}