{"auroc": [0.8839125469081417, 0.6635666503507913, 0.9306575297764725, 0.893131016479034, 0.8539729156469245, 0.9170337738619677, 0.7100668950889216, 0.7327459618208517, 0.91548376570403, 0.7543644966552455], "acc": [0.693950177935943, 0.8078291814946619, 0.7651245551601423, 0.7259786476868327, 0.8754448398576512, 0.7544483985765125, 0.8078291814946619, 0.8078291814946619, 0.5160142348754448, 0.8078291814946619], "aps": [0.9593019630418032, 0.8796153387155438, 0.9765756394517439, 0.9522864921763501, 0.9442479135469397, 0.9694154773806746, 0.8977646041739284, 0.8996943015496129, 0.9729211909383841, 0.9062374872879517], "f1": [0.7736842105263159, 0.8937007874015748, 0.8324873096446699, 0.8020565552699229, 0.9278350515463918, 0.8253164556962025, 0.8937007874015748, 0.8937007874015748, 0.575, 0.8937007874015748], "auprc": [0.9591143385192051, 0.8789132224632709, 0.9764811801379032, 0.9517414294084052, 0.9439112185461445, 0.9692513206536397, 0.8971261227135499, 0.8988910984321988, 0.9728016477721905, 0.9037774379582987]}