{"enet": [{"auroc": [0.9427312775330396, 0.945097079458313, 0.9427312775330396, 0.9297601566324034, 0.9495023658019253, 0.9495023658019253, 0.9495023658019253, 0.9427312775330396, 0.9427312775330396, 0.9495023658019253], "acc": [0.8505338078291815, 0.8683274021352313, 0.8505338078291815, 0.8718861209964412, 0.8469750889679716, 0.8469750889679716, 0.8469750889679716, 0.8505338078291815, 0.8505338078291815, 0.8469750889679716], "aps": [0.9862465231826874, 0.9851366933476315, 0.9862465231826874, 0.9809700588106782, 0.9879090412560305, 0.9879090412560305, 0.9879090412560305, 0.9862465231826874, 0.9862465231826874, 0.9879090412560305], "f1": [0.9009433962264151, 0.9133489461358315, 0.9009433962264151, 0.9170506912442395, 0.8973747016706443, 0.8973747016706443, 0.8973747016706443, 0.9009433962264151, 0.9009433962264151, 0.8973747016706443], "auprc": [0.9862151767654908, 0.9850967627821695, 0.9862151767654908, 0.9809194821857854, 0.987881644189724, 0.987881644189724, 0.987881644189724, 0.9862151767654908, 0.9862151767654908, 0.987881644189724]}]}