{"auroc": [0.6097142857142857, 0.6234285714285714, 0.5994285714285714, 0.5902857142857143, 0.6142857142857142, 0.6165714285714287, 0.6108571428571428, 0.6462857142857141, 0.6097142857142858, 0.6131428571428571], "acc": [0.4166666666666667, 0.4166666666666667, 0.4166666666666667, 0.4166666666666667, 0.6166666666666667, 0.4166666666666667, 0.4166666666666667, 0.4166666666666667, 0.4166666666666667, 0.5833333333333334], "aps": [0.6865619274236919, 0.709428205450963, 0.6860983995221316, 0.6748881578728265, 0.6869118896661731, 0.7104875466351261, 0.7131888003764328, 0.7555789723296932, 0.7079643425494512, 0.6933163115324257], "f1": [0.0, 0.0, 0.0, 0.0, 0.7356321839080461, 0.0, 0.0, 0.0, 0.0, 0.7368421052631579], "auprc": [0.6693080565430714, 0.6994399826901833, 0.6690509694834312, 0.6575301214762534, 0.6696434935047826, 0.7007136381825955, 0.703469095585363, 0.7510845397079441, 0.6981870504675735, 0.6763100283013661]}