{"auroc": [0.5914285714285714, 0.6028571428571428, 0.5, 0.6045714285714285, 0.5085714285714286, 0.6125714285714285, 0.544, 0.5337142857142857, 0.512, 0.6057142857142858], "acc": [0.5833333333333334, 0.5833333333333334, 0.4166666666666667, 0.5833333333333334, 0.5833333333333334, 0.5833333333333334, 0.5833333333333334, 0.4166666666666667, 0.4166666666666667, 0.4166666666666667], "aps": [0.6591698841698842, 0.644047619047619, 0.5833333333333334, 0.7436138934862383, 0.587450152474783, 0.7319440137350277, 0.6055472263868067, 0.5979448621553883, 0.6068668380173796, 0.7357162731131432], "f1": [0.7368421052631579, 0.7368421052631579, 0.0, 0.7368421052631579, 0.7368421052631579, 0.7368421052631579, 0.7368421052631579, 0.0, 0.0, 0.0], "auprc": [0.7361486486486486, 0.7470238095238095, 0.7916666666666667, 0.7418211544946397, 0.6874091015716631, 0.7321715863682872, 0.6853823088455773, 0.5975438596491228, 0.5804139845605935, 0.7404463594206805]}