{"best_index": [43, 263, 0, 205, 255], "auroc": [0.5683046683046683, 0.3717444717444718, 0.5405405405405406, 0.43366093366093367, 0.5302211302211302], "acc": [0.5978260869565217, 0.40217391304347827, 0.5978260869565217, 0.40217391304347827, 0.5978260869565217], "aps": [0.452459830500221, 0.33676437365056716, 0.431763887510036, 0.3660456972682551, 0.4384822285252198], "f1": [0.0, 0.5736434108527132, 0.0, 0.5736434108527132, 0.0], "auprc": [0.43699685066093963, 0.3223337180048684, 0.41833738968544787, 0.34991475699937014, 0.42094581131126296]}