{"best_index": [0, 2, 0, 131, 90], "auroc": [0.5346437346437347, 0.4668304668304668, 0.5314496314496315, 0.5226044226044226, 0.5206388206388206], "acc": [0.5978260869565217, 0.40217391304347827, 0.5978260869565217, 0.5978260869565217, 0.40217391304347827], "aps": [0.416065316920627, 0.3882009099400404, 0.41975441975441974, 0.3978406832739563, 0.4001079757486652], "f1": [0.0, 0.5736434108527132, 0.0, 0.0, 0.5736434108527132], "auprc": [0.39847720136387277, 0.37462713549670074, 0.42352917352917346, 0.3870602995937914, 0.386115549714012]}