{"best_index": [233, 114, 6, 280, 158], "auroc": [0.5297297297297298, 0.46756756756756757, 0.4958230958230958, 0.5336609336609337, 0.5265356265356265], "acc": [0.5978260869565217, 0.40217391304347827, 0.5978260869565217, 0.5978260869565217, 0.40217391304347827], "aps": [0.3963830560604754, 0.3900558166862515, 0.40090320108171834, 0.40105748031250427, 0.39777208475334175], "f1": [0.0, 0.5736434108527132, 0.0, 0.0, 0.5736434108527132], "auprc": [0.39037890812084364, 0.39773061104582846, 0.3743182848228891, 0.3907359096649202, 0.3877265781973427]}