{"auroc": [0.6733333333333332, 0.645, 0.6883333333333334, 0.7133333333333334, 0.7383333333333334, 0.6816666666666666, 0.625, 0.6816666666666666, 0.6633333333333333, 0.7016666666666667], "acc": [0.4897959183673469, 0.4897959183673469, 0.4897959183673469, 0.4897959183673469, 0.4897959183673469, 0.5306122448979592, 0.4897959183673469, 0.4897959183673469, 0.4897959183673469, 0.4897959183673469], "aps": [0.6927605786427036, 0.650449687730704, 0.7031429389571243, 0.7067957204448789, 0.7839504561190249, 0.7217147810240745, 0.6470863072674864, 0.71110531472878, 0.693217581911586, 0.7103210572582119], "f1": [0.0, 0.0, 0.0, 0.0, 0.0, 0.34285714285714286, 0.0, 0.0, 0.0, 0.0], "auprc": [0.6812911885807355, 0.638864459974427, 0.6929469874156392, 0.6961741168240501, 0.7782793302461171, 0.7141663910324321, 0.6365055209996882, 0.7026563934313996, 0.6830832528230427, 0.6989705077647009]}