{"auroc": [0.53, 0.6533333333333333, 0.6466666666666666, 0.525, 0.5766666666666667, 0.6266666666666667, 0.6149999999999999, 0.6383333333333333, 0.655, 0.45333333333333337], "acc": [0.4897959183673469, 0.4897959183673469, 0.4897959183673469, 0.4897959183673469, 0.4897959183673469, 0.4897959183673469, 0.4897959183673469, 0.4897959183673469, 0.4897959183673469, 0.4897959183673469], "aps": [0.6090761881477128, 0.7156534392381075, 0.6734337723799918, 0.6627272823847806, 0.6700265644521366, 0.6749471863347908, 0.6291733857223891, 0.720244946615537, 0.6681436545510759, 0.4797572680099629], "f1": [0.0, 0.0, 0.0, 0.0, 0.0, 0.0, 0.0, 0.0, 0.0, 0.0], "auprc": [0.5964211528808283, 0.7066419632608452, 0.6586079365863797, 0.6556081573038428, 0.6616545224647169, 0.6636337699012003, 0.6151253672812236, 0.7128996386233224, 0.6525465704029665, 0.45560325885549996]}