{"auroc": [0.49833333333333335, 0.4516666666666667, 0.735, 0.6400000000000001, 0.7000000000000001, 0.5733333333333334, 0.5316666666666666, 0.7366666666666666, 0.49999999999999994, 0.525], "acc": [0.4897959183673469, 0.4897959183673469, 0.4897959183673469, 0.4897959183673469, 0.4897959183673469, 0.4897959183673469, 0.4897959183673469, 0.4897959183673469, 0.4897959183673469, 0.4897959183673469], "aps": [0.5159090328342139, 0.5227945401925316, 0.7236251052066842, 0.6853465415257869, 0.7046369362805425, 0.6473617689093247, 0.5872429363773222, 0.7266528807177014, 0.5163114912946113, 0.5435875213810101], "f1": [0.0, 0.0, 0.0, 0.0, 0.0, 0.0, 0.0, 0.0, 0.0, 0.0], "auprc": [0.47589262349331857, 0.5056115379837212, 0.7126652137676657, 0.6711851674154748, 0.6942119647138192, 0.6367918529454263, 0.5741160831700673, 0.7169149682227522, 0.49231063037553024, 0.5166844698074884]}