{"auroc": [0.567076167076167, 0.46584766584766585, 0.45159705159705166, 0.6292383292383293, 0.6024570024570025, 0.582063882063882, 0.6000000000000001, 0.5862407862407862, 0.5896805896805897, 0.5324324324324324], "acc": [0.40217391304347827, 0.40217391304347827, 0.40217391304347827, 0.40217391304347827, 0.5978260869565217, 0.40217391304347827, 0.40217391304347827, 0.40217391304347827, 0.40217391304347827, 0.40217391304347827], "aps": [0.43034750632962093, 0.396728772591305, 0.3632406367120904, 0.5418471004323792, 0.4603679046791722, 0.43278750976757757, 0.4682700146842256, 0.4445911825157851, 0.45631014392464364, 0.46554556814502845], "f1": [0.5736434108527132, 0.5736434108527132, 0.5736434108527132, 0.5736434108527132, 0.0, 0.5736434108527132, 0.5736434108527132, 0.5736434108527132, 0.5736434108527132, 0.5736434108527132], "auprc": [0.41485285070949984, 0.38078969892326053, 0.3520444665993583, 0.5239855843705257, 0.4465177726902202, 0.42004341795409994, 0.45189593099834696, 0.4300310034855998, 0.440412927921862, 0.45391480732094347]}