{"auroc": [0.4434889434889435, 0.44299754299754307, 0.44520884520884524, 0.4400491400491401, 0.43439803439803437, 0.442014742014742, 0.44275184275184276, 0.5619164619164619, 0.4597051597051597, 0.4405405405405406], "acc": [0.40217391304347827, 0.40217391304347827, 0.40217391304347827, 0.40217391304347827, 0.40217391304347827, 0.5978260869565217, 0.40217391304347827, 0.40217391304347827, 0.40217391304347827, 0.5978260869565217], "aps": [0.37039762970890644, 0.3714295439081982, 0.36936248535577443, 0.3682130786670314, 0.3745014488908814, 0.3724848905526319, 0.37019137825036535, 0.44869666083256143, 0.38522490165336837, 0.3714984836972789], "f1": [0.5736434108527132, 0.5736434108527132, 0.5736434108527132, 0.5736434108527132, 0.5736434108527132, 0.0, 0.5736434108527132, 0.5736434108527132, 0.5736434108527132, 0.0], "auprc": [0.356521589860466, 0.35828813355097655, 0.3581322268082382, 0.3530573444128506, 0.3587172778043477, 0.3566097206766562, 0.35545101985982425, 0.4373921332525553, 0.31153660601323796, 0.3366478608948488]}