{"enet": [{"auroc": [0.6584766584766585, 0.548894348894349, 0.6584766584766585, 0.6049140049140049, 0.548894348894349, 0.6584766584766585, 0.6584766584766585, 0.6511056511056511, 0.6584766584766585, 0.6584766584766585], "acc": [0.40217391304347827, 0.5978260869565217, 0.40217391304347827, 0.5978260869565217, 0.5978260869565217, 0.40217391304347827, 0.40217391304347827, 0.40217391304347827, 0.40217391304347827, 0.40217391304347827], "aps": [0.5813124826576088, 0.44830042037966517, 0.5813124826576088, 0.49657294391168727, 0.44830042037966517, 0.5813124826576088, 0.5813124826576088, 0.5852891156555993, 0.5813124826576088, 0.5813124826576088], "f1": [0.5736434108527132, 0.0, 0.5736434108527132, 0.0, 0.0, 0.5736434108527132, 0.5736434108527132, 0.5736434108527132, 0.5736434108527132, 0.5736434108527132], "auprc": [0.5720174837961987, 0.43699620402633127, 0.5720174837961987, 0.4854726747808365, 0.43699620402633127, 0.5720174837961987, 0.5720174837961987, 0.5761509998034147, 0.5720174837961987, 0.5720174837961987]}]}