{"auroc": [0.6221130221130222, 0.5307125307125308, 0.5791154791154791, 0.36904176904176905, 0.37223587223587223, 0.36437346437346446, 0.3660933660933661, 0.37002457002457007, 0.35872235872235875, 0.3452088452088452], "acc": [0.40217391304347827, 0.40217391304347827, 0.40217391304347827, 0.40217391304347827, 0.5978260869565217, 0.40217391304347827, 0.40217391304347827, 0.40217391304347827, 0.40217391304347827, 0.5978260869565217], "aps": [0.47947311037055185, 0.41646544245475403, 0.45818526389789804, 0.36627519989687446, 0.3448364987696329, 0.3249630949796291, 0.33877356335401576, 0.333835956092992, 0.32507535577775504, 0.3294956810056485], "f1": [0.5736434108527132, 0.5736434108527132, 0.5736434108527132, 0.5736434108527132, 0.0, 0.5736434108527132, 0.5736434108527132, 0.5736434108527132, 0.5736434108527132, 0.0], "auprc": [0.46411133229272267, 0.40364518740256405, 0.43968593323597616, 0.3561040079989262, 0.3359371322665094, 0.3148048792685801, 0.3226884840127497, 0.3213703986126072, 0.3138651036699472, 0.317638980854585]}