{"enet": [{"auroc": [0.5493857493857495, 0.48009828009828004, 0.5493857493857495, 0.5660933660933661, 0.6004914004914005, 0.5621621621621622, 0.5621621621621622, 0.5493857493857495, 0.5493857493857495, 0.5621621621621622], "acc": [0.40217391304347827, 0.40217391304347827, 0.40217391304347827, 0.40217391304347827, 0.40217391304347827, 0.40217391304347827, 0.40217391304347827, 0.40217391304347827, 0.40217391304347827, 0.40217391304347827], "aps": [0.43213654097445164, 0.3804623739664537, 0.43213654097445164, 0.4358724920815571, 0.4809806083709923, 0.4255300498406941, 0.4255300498406941, 0.43213654097445164, 0.43213654097445164, 0.4255300498406941], "f1": [0.5736434108527132, 0.5736434108527132, 0.5736434108527132, 0.5736434108527132, 0.5736434108527132, 0.5736434108527132, 0.5736434108527132, 0.5736434108527132, 0.5736434108527132, 0.5736434108527132], "auprc": [0.416031347385264, 0.36787956268706146, 0.416031347385264, 0.41977440543097483, 0.4645417102731641, 0.4099103509667139, 0.4099103509667139, 0.416031347385264, 0.416031347385264, 0.4099103509667139]}]}