{"enet": [{"auroc": [0.5302211302211303, 0.5277641277641278, 0.5867321867321867, 0.5277641277641278, 0.5867321867321867, 0.5277641277641278, 0.5149877149877149, 0.515970515970516, 0.5277641277641278, 0.5783783783783785], "acc": [0.40217391304347827, 0.40217391304347827, 0.40217391304347827, 0.40217391304347827, 0.40217391304347827, 0.40217391304347827, 0.40217391304347827, 0.40217391304347827, 0.40217391304347827, 0.5760869565217391], "aps": [0.42095379260211874, 0.4120378090219361, 0.45010803152221546, 0.4120378090219361, 0.45010803152221546, 0.4120378090219361, 0.4140418219439371, 0.4184014589094491, 0.4120378090219361, 0.44669649618555496], "f1": [0.5736434108527132, 0.5736434108527132, 0.5736434108527132, 0.5736434108527132, 0.5736434108527132, 0.5736434108527132, 0.5736434108527132, 0.5736434108527132, 0.5736434108527132, 0.09302325581395349], "auprc": [0.40785314442342757, 0.3992408263663455, 0.43620857809761615, 0.3992408263663455, 0.43620857809761615, 0.3992408263663455, 0.40028227839339764, 0.4042454230946201, 0.3992408263663455, 0.43272827646307577]}]}