{"auroc": [0.5208845208845209, 0.5081081081081081, 0.4918918918918919, 0.5334152334152334, 0.5199017199017198, 0.48574938574938575, 0.505896805896806, 0.5017199017199017, 0.5466830466830468, 0.5110565110565111], "acc": [0.40217391304347827, 0.5978260869565217, 0.5978260869565217, 0.5978260869565217, 0.40217391304347827, 0.40217391304347827, 0.40217391304347827, 0.40217391304347827, 0.5978260869565217, 0.40217391304347827], "aps": [0.428944803984573, 0.4267160370383404, 0.4344348525890422, 0.43351907192006245, 0.4317791932373493, 0.3871835959401345, 0.41811722463556583, 0.42025197831275474, 0.43951883040223416, 0.4117292865146267], "f1": [0.5736434108527132, 0.0, 0.0, 0.0, 0.5736434108527132, 0.5736434108527132, 0.5736434108527132, 0.5736434108527132, 0.0, 0.5736434108527132], "auprc": [0.4107063136056898, 0.40836757940164486, 0.4234898441151041, 0.4146729607757511, 0.420631676615665, 0.3732858062517199, 0.4074423203539078, 0.4017471494855234, 0.42090035431798434, 0.3937632078330944]}