{"auroc": [0.5341523341523342, 0.5518427518427518, 0.545945945945946, 0.544963144963145, 0.5449631449631449, 0.5513513513513514, 0.5027027027027027, 0.5501228501228501, 0.4776412776412777, 0.5105651105651106], "acc": [0.40217391304347827, 0.40217391304347827, 0.40217391304347827, 0.5978260869565217, 0.40217391304347827, 0.5978260869565217, 0.40217391304347827, 0.40217391304347827, 0.40217391304347827, 0.40217391304347827], "aps": [0.43721518098467005, 0.43607831407203634, 0.4760386969251818, 0.44383704934978274, 0.4518836250997825, 0.44504592236836193, 0.39293514746752134, 0.44939154448572555, 0.4035318941848345, 0.45259462226352065], "f1": [0.5736434108527132, 0.5736434108527132, 0.5736434108527132, 0.0, 0.5736434108527132, 0.0, 0.5736434108527132, 0.5736434108527132, 0.5736434108527132, 0.5736434108527132], "auprc": [0.42083848603855345, 0.42112562011105703, 0.46413184296345394, 0.4287768274228141, 0.43549781974549645, 0.4289417285440692, 0.3792666451078624, 0.4384840239534588, 0.3859690915430646, 0.43434946829948995]}