{"enet": [{"auroc": [0.5405405405405406, 0.5, 0.5292383292383294, 0.5547911547911548, 0.4899262899262899, 0.5665847665847666, 0.624078624078624, 0.5405405405405406, 0.5125307125307126, 0.5665847665847666], "acc": [0.5978260869565217, 0.40217391304347827, 0.5978260869565217, 0.40217391304347827, 0.40217391304347827, 0.40217391304347827, 0.40217391304347827, 0.5978260869565217, 0.5978260869565217, 0.40217391304347827], "aps": [0.4593408614460921, 0.40217391304347827, 0.4350163369886598, 0.4597841632505184, 0.40660599621090676, 0.4604195531059079, 0.5233111499744049, 0.4593408614460921, 0.4340294369440726, 0.4604195531059079], "f1": [0.0, 0.5736434108527132, 0.0, 0.5736434108527132, 0.5736434108527132, 0.5736434108527132, 0.5736434108527132, 0.0, 0.0, 0.5736434108527132], "auprc": [0.44065134465326317, 0.7010869565217391, 0.4167576492054439, 0.44127234063627774, 0.3911226246219878, 0.4442848589992602, 0.5047119793952036, 0.44065134465326317, 0.4177714472309672, 0.4442848589992602]}]}