{"auroc": [0.5987714987714988, 0.45945945945945943, 0.5135135135135136, 0.5184275184275184, 0.5056511056511057, 0.48697788697788696, 0.48083538083538085, 0.4216216216216217, 0.43046683046683043, 0.47911547911547914], "acc": [0.40217391304347827, 0.40217391304347827, 0.5978260869565217, 0.40217391304347827, 0.40217391304347827, 0.40217391304347827, 0.40217391304347827, 0.40217391304347827, 0.40217391304347827, 0.40217391304347827], "aps": [0.522451980047802, 0.4000084378591634, 0.43655260738828167, 0.4283725761751456, 0.4111269638681413, 0.40678351734810625, 0.3788227287933986, 0.3817115024680214, 0.378407782838722, 0.4059444527041446], "f1": [0.5736434108527132, 0.5736434108527132, 0.0, 0.5736434108527132, 0.5736434108527132, 0.5736434108527132, 0.5736434108527132, 0.5736434108527132, 0.5736434108527132, 0.5736434108527132], "auprc": [0.5051532231022219, 0.3889167042645973, 0.42513424311984455, 0.41711514591683424, 0.40048340421177697, 0.39584682728814796, 0.36664626678327206, 0.37095120342232896, 0.36787129601120583, 0.39504376594004337]}