{"auroc": [0.5476658476658477, 0.36511056511056517, 0.4624078624078624, 0.518918918918919, 0.5759213759213759, 0.544963144963145, 0.5371007371007371, 0.573955773955774, 0.490909090909091, 0.5570024570024571], "acc": [0.5978260869565217, 0.40217391304347827, 0.40217391304347827, 0.40217391304347827, 0.40217391304347827, 0.40217391304347827, 0.5978260869565217, 0.40217391304347827, 0.40217391304347827, 0.40217391304347827], "aps": [0.447627336556953, 0.32876374012458737, 0.4454315452192572, 0.4056688861007037, 0.4502499237200034, 0.4207674732729964, 0.4299398177628363, 0.46926897141879625, 0.39196206310761494, 0.4209303712396204], "f1": [0.0, 0.5736434108527132, 0.5736434108527132, 0.5736434108527132, 0.5736434108527132, 0.5736434108527132, 0.0, 0.5736434108527132, 0.5736434108527132, 0.5736434108527132], "auprc": [0.43183939634209917, 0.3164746112670448, 0.436655559367929, 0.3935821038957872, 0.4357279197668694, 0.40726927450189154, 0.4122327379264764, 0.4582125951515703, 0.3786802501622904, 0.40917370864623326]}