{"best_index": [68, 89, 111, 88, 90], "auroc": [0.6325714285714286, 0.5274285714285714, 0.6497142857142857, 0.6291428571428571, 0.6542857142857144], "acc": [0.5833333333333334, 0.5833333333333334, 0.5833333333333334, 0.5833333333333334, 0.48333333333333334], "aps": [0.7277653802110284, 0.6211334593016089, 0.7346571229501337, 0.7564238870511033, 0.7722108002957913], "f1": [0.7368421052631579, 0.7368421052631579, 0.7368421052631579, 0.7368421052631579, 0.20512820512820512], "auprc": [0.7205619512297216, 0.6107306293784297, 0.7289531931138094, 0.7528137824179415, 0.7685794385102319]}