{"best_index": [95, 119, 56, 157, 183], "auroc": [0.5617142857142857, 0.7171428571428572, 0.49657142857142855, 0.5994285714285714, 0.5468571428571429], "acc": [0.5833333333333334, 0.5833333333333334, 0.5833333333333334, 0.4166666666666667, 0.5833333333333334], "aps": [0.6895005012898112, 0.7870829244769885, 0.5783442522333118, 0.7323605227844335, 0.6361765125245418], "f1": [0.7368421052631579, 0.7368421052631579, 0.7368421052631579, 0.0, 0.7368421052631579], "auprc": [0.6829767748800883, 0.7828898879165949, 0.5589772642415393, 0.7278774579560708, 0.6179898718717473]}