{"auroc": [0.6120000000000001, 0.6245714285714286, 0.5914285714285714, 0.644, 0.4588571428571428, 0.39942857142857147, 0.6405714285714286, 0.66, 0.5548571428571428, 0.5845714285714285], "acc": [0.4166666666666667, 0.4166666666666667, 0.4166666666666667, 0.4166666666666667, 0.4166666666666667, 0.4166666666666667, 0.4166666666666667, 0.4166666666666667, 0.4166666666666667, 0.4166666666666667], "aps": [0.7140159756371657, 0.7256735202837512, 0.6727463804974719, 0.714437734983985, 0.5391610121807555, 0.5059744872485079, 0.7083653451671337, 0.7163523663848359, 0.6809453829458417, 0.6420795598700825], "f1": [0.0, 0.0, 0.0, 0.0, 0.0, 0.0, 0.0, 0.0, 0.0, 0.0], "auprc": [0.706358352919479, 0.7184196162078756, 0.6556200476036063, 0.7041460783850332, 0.5207745768281625, 0.4919763597479603, 0.6999210997952117, 0.7056523165709695, 0.6737563863531822, 0.6301551861512871]}