{"auroc": [0.5857142857142856, 0.5651428571428572, 0.5708571428571428, 0.5925714285714285, 0.6074285714285714, 0.6177142857142857, 0.6474285714285714, 0.372, 0.568, 0.5308571428571429], "acc": [0.5833333333333334, 0.4666666666666667, 0.4666666666666667, 0.5833333333333334, 0.43333333333333335, 0.5833333333333334, 0.5833333333333334, 0.4166666666666667, 0.6333333333333333, 0.5833333333333334], "aps": [0.7212414740773389, 0.6971799909114358, 0.7095275922528409, 0.6921514971223065, 0.684906850969452, 0.7033708804091023, 0.7619852594007618, 0.5097863916857177, 0.6604586949623732, 0.6095759432333715], "f1": [0.7368421052631579, 0.3333333333333333, 0.15789473684210528, 0.7368421052631579, 0.15, 0.7368421052631579, 0.7368421052631579, 0.0, 0.7555555555555554, 0.7368421052631579], "auprc": [0.7170547595476364, 0.691947111322384, 0.7043650946218951, 0.685774001007794, 0.6740381870708143, 0.6931146679679883, 0.7585973170886251, 0.49101872881256015, 0.6527297473161617, 0.5973697212148833]}