{"auroc": [0.38228571428571423, 0.4451428571428571, 0.41999999999999993, 0.39599999999999996, 0.388, 0.4085714285714286, 0.3377142857142857, 0.40742857142857136, 0.42799999999999994, 0.4017142857142857], "acc": [0.4166666666666667, 0.4166666666666667, 0.4166666666666667, 0.4166666666666667, 0.4166666666666667, 0.4166666666666667, 0.4166666666666667, 0.4166666666666667, 0.4166666666666667, 0.4166666666666667], "aps": [0.5471607846942945, 0.6078107026926715, 0.5841218414271712, 0.5579987938155777, 0.5585801039488851, 0.5718195074514029, 0.47432452003815534, 0.5436453450287287, 0.6224696679254735, 0.5468597160255025], "f1": [0.0, 0.0, 0.0, 0.0, 0.0, 0.0, 0.0, 0.0, 0.0, 0.0], "auprc": [0.5302388139835701, 0.5900499968361423, 0.5748072081993933, 0.5390060455175465, 0.5397359876669693, 0.5533556604249148, 0.4620199995113492, 0.5281278829542737, 0.6155491381606131, 0.5273996148836546]}