{"rf": [{"auroc": [0.6674285714285714], "acc": [0.4166666666666667], "aps": [0.7844876009980422], "f1": [0.0]}], "enet": [{"auroc": [0.5], "acc": [0.5833333333333334], "aps": [0.5833333333333334], "f1": [0.7368421052631579]}]}