{"auroc": [0.37085714285714283, 0.3388571428571429, 0.37657142857142856, 0.3365714285714285, 0.33085714285714285, 0.33999999999999997, 0.3365714285714286, 0.3365714285714286, 0.3445714285714286, 0.3857142857142857], "acc": [0.4166666666666667, 0.4166666666666667, 0.4166666666666667, 0.4166666666666667, 0.4166666666666667, 0.4166666666666667, 0.4166666666666667, 0.4166666666666667, 0.4166666666666667, 0.4166666666666667], "aps": [0.5065865094445274, 0.4834765343261896, 0.5141385307891742, 0.4841918147808013, 0.4821166537590058, 0.482801856859684, 0.47973001070883897, 0.4800825329382066, 0.49318288478267286, 0.514759135122456], "f1": [0.0, 0.0, 0.0, 0.0, 0.0, 0.0, 0.0, 0.0, 0.0, 0.0], "auprc": [0.49240628925623986, 0.46788934622614736, 0.49588145871052797, 0.4700403003830319, 0.4683380117649023, 0.4691908440402305, 0.4667014233719643, 0.4666583926422608, 0.47787084966704674, 0.49886575841458675]}