{"auroc": [0.7068571428571429, 0.6771428571428572, 0.6359999999999999, 0.66, 0.564, 0.6382857142857143, 0.6165714285714284, 0.5582857142857143, 0.6737142857142857, 0.5605714285714285], "acc": [0.4166666666666667, 0.5833333333333334, 0.5833333333333334, 0.5833333333333334, 0.5833333333333334, 0.5833333333333334, 0.5833333333333334, 0.5833333333333334, 0.5833333333333334, 0.4166666666666667], "aps": [0.7908815340477934, 0.7699101261434842, 0.7211893703646203, 0.7577279123048731, 0.6584641576885528, 0.7016359642003359, 0.7060012530431544, 0.7087559820219663, 0.7826499911628454, 0.6800085973164061], "f1": [0.0, 0.7368421052631579, 0.7368421052631579, 0.7368421052631579, 0.7368421052631579, 0.7368421052631579, 0.7368421052631579, 0.7368421052631579, 0.7368421052631579, 0.0], "auprc": [0.7870918607570602, 0.7651747889236391, 0.7133858155686623, 0.7533223089241059, 0.6471119423621566, 0.6909748850472494, 0.6954663599625278, 0.7040639975303064, 0.7791137425183117, 0.6698091403033936]}