{"auroc": [0.4645714285714285, 0.4771428571428571, 0.39485714285714285, 0.5308571428571429, 0.40971428571428564, 0.38, 0.46685714285714286, 0.43257142857142855, 0.48171428571428565, 0.40857142857142853], "acc": [0.4166666666666667, 0.4166666666666667, 0.4166666666666667, 0.4166666666666667, 0.4166666666666667, 0.4166666666666667, 0.4166666666666667, 0.4166666666666667, 0.4166666666666667, 0.4166666666666667], "aps": [0.5760424399311387, 0.583744711873135, 0.5293339652289366, 0.6478967942326389, 0.5493641499537432, 0.49805210905783476, 0.5873991541492473, 0.5495947645969955, 0.6023680806097399, 0.5180406529264804], "f1": [0.0, 0.0, 0.0, 0.0, 0.0, 0.0, 0.0, 0.0, 0.0, 0.0], "auprc": [0.5571807894159428, 0.5648819976071864, 0.5125620453295296, 0.6399573845360264, 0.530117036923921, 0.4852484892809814, 0.5753147300738547, 0.5301059966369326, 0.5906130441544862, 0.5014958223542904]}