{"auroc": [0.308, 0.42000000000000004, 0.3102857142857143, 0.31714285714285717, 0.30342857142857144, 0.3125714285714286, 0.32057142857142856, 0.31485714285714284, 0.33999999999999997, 0.6868571428571429], "acc": [0.4166666666666667, 0.4166666666666667, 0.4166666666666667, 0.4166666666666667, 0.4166666666666667, 0.4166666666666667, 0.4166666666666667, 0.4166666666666667, 0.4166666666666667, 0.5833333333333334], "aps": [0.47280290342927644, 0.5667501154609808, 0.47307287381470114, 0.4735661834376163, 0.4705019543932065, 0.4725012427364552, 0.47745004375808536, 0.47584793787163343, 0.4867518235199243, 0.7727976442200629], "f1": [0.0, 0.0, 0.0, 0.0, 0.0, 0.0, 0.0, 0.0, 0.0, 0.7368421052631579], "auprc": [0.4601428248608488, 0.5580852806687969, 0.4602622228624923, 0.46097438936636675, 0.45815185640479683, 0.4599367673693538, 0.46482498177924664, 0.4631256383177924, 0.4739040102962332, 0.7700768120687645]}