{"enet": [{"auroc": [0.5, 0.5, 0.5, 0.4531428571428571, 0.5, 0.5, 0.396, 0.5, 0.5, 0.5], "acc": [0.4166666666666667, 0.4166666666666667, 0.4166666666666667, 0.4166666666666667, 0.4166666666666667, 0.4166666666666667, 0.4166666666666667, 0.4166666666666667, 0.4166666666666667, 0.4166666666666667], "aps": [0.5833333333333334, 0.5833333333333334, 0.5833333333333334, 0.5948115812822956, 0.5833333333333334, 0.5833333333333334, 0.5471030069109251, 0.5833333333333334, 0.5833333333333334, 0.5833333333333334], "f1": [0.0, 0.0, 0.0, 0.0, 0.0, 0.0, 0.0, 0.0, 0.0, 0.0], "auprc": [0.7916666666666667, 0.7916666666666667, 0.7916666666666667, 0.5851297331383919, 0.7916666666666667, 0.7916666666666667, 0.5282098019368537, 0.7916666666666667, 0.7916666666666667, 0.7916666666666667]}]}