{"rf": [{"auroc": [0.3485714285714286], "acc": [0.5833333333333334], "aps": [0.5156313074680421], "f1": [0.7368421052631579]}], "enet": [{"auroc": [0.6462857142857144], "acc": [0.4166666666666667], "aps": [0.7655000409770826], "f1": [0.0]}]}