{"rf": [{"auroc": [0.6114285714285714], "acc": [0.4166666666666667], "aps": [0.7119255733983963], "f1": [0.0], "auprc": [0.7392084597330069]}], "enet": [{"auroc": [0.5], "acc": [0.4166666666666667], "aps": [0.5833333333333334], "f1": [0.0], "auprc": [0.7916666666666667]}]}