{"auroc": [0.3331428571428572, 0.516, 0.48628571428571427, 0.348, 0.3434285714285714, 0.32285714285714284, 0.3857142857142857, 0.38799999999999996, 0.33542857142857135, 0.43942857142857145], "acc": [0.4166666666666667, 0.4166666666666667, 0.4166666666666667, 0.4166666666666667, 0.4166666666666667, 0.4166666666666667, 0.4166666666666667, 0.4166666666666667, 0.4166666666666667, 0.4166666666666667], "aps": [0.48671958552261607, 0.6077043155786332, 0.5992017613158688, 0.49415384621666464, 0.477997813625365, 0.47316096339763347, 0.5046522221143432, 0.5101683032944822, 0.48045101420649194, 0.526970282796303], "f1": [0.0, 0.0, 0.0, 0.0, 0.0, 0.0, 0.0, 0.0, 0.0, 0.0], "auprc": [0.4717436315935114, 0.5886593112067096, 0.5801699949189043, 0.4776272664540693, 0.4659303277442344, 0.46081013392068537, 0.48833381119094854, 0.4968436166453728, 0.4664273316339239, 0.5141239015463582]}