{"auroc": [0.6131428571428572, 0.6485714285714286, 0.5765714285714286, 0.604, 0.49657142857142855, 0.508, 0.46342857142857136, 0.6268571428571429, 0.6759999999999999, 0.5914285714285714], "acc": [0.4166666666666667, 0.4166666666666667, 0.4166666666666667, 0.4166666666666667, 0.4166666666666667, 0.4166666666666667, 0.4166666666666667, 0.5833333333333334, 0.4166666666666667, 0.4166666666666667], "aps": [0.752441341347054, 0.7700949340329772, 0.6996975495007729, 0.7186006442395138, 0.6049137488253838, 0.6440551126255539, 0.6010334350645675, 0.6828617389252863, 0.8088419714835022, 0.7205538159429575], "f1": [0.0, 0.0, 0.0, 0.0, 0.0, 0.0, 0.0, 0.7368421052631579, 0.0, 0.0], "auprc": [0.748172656100225, 0.7661632264992553, 0.6937974006538916, 0.7122742876245681, 0.585973800434453, 0.6362349674569103, 0.5917273337740258, 0.6791070167624002, 0.8067116729585373, 0.7158881258968298]}