{"rf": [{"auroc": [0.5325714285714285], "acc": [0.5833333333333334], "aps": [0.6121126440535953], "f1": [0.7368421052631579]}], "enet": [{"auroc": [0.5502857142857143], "acc": [0.4166666666666667], "aps": [0.6546903902980611], "f1": [0.0]}]}