{"rf": [{"auroc": [0.296], "acc": [0.4166666666666667], "aps": [0.48480936376297545], "f1": [0.0], "auprc": [0.4849942568639938]}], "enet": [{"auroc": [0.5228571428571429], "acc": [0.5833333333333334], "aps": [0.6222471335386981], "f1": [0.7368421052631579], "auprc": [0.604136521890279]}]}