{"rf": [{"auroc": [0.5439999999999999], "acc": [0.5833333333333334], "aps": [0.5844959962489178], "f1": [0.7368421052631579]}], "enet": [{"auroc": [0.5662857142857143], "acc": [0.5833333333333334], "aps": [0.6566529330312785], "f1": [0.7368421052631579]}]}