{"rf": [{"auroc": [0.653142857142857], "acc": [0.4166666666666667], "aps": [0.6623085192562993], "f1": [0.0], "auprc": [0.6369552446897933]}], "enet": [{"auroc": [0.46228571428571436], "acc": [0.4166666666666667], "aps": [0.6046372814275227], "f1": [0.0], "auprc": [0.595263366786926]}]}