{"auroc": [0.42914285714285716, 0.3628571428571428, 0.6862857142857143, 0.35942857142857143, 0.4165714285714286, 0.4062857142857143, 0.3777142857142857, 0.3971428571428572, 0.35257142857142854, 0.364], "acc": [0.4166666666666667, 0.4166666666666667, 0.5833333333333334, 0.4166666666666667, 0.4166666666666667, 0.4166666666666667, 0.4166666666666667, 0.4166666666666667, 0.4166666666666667, 0.4166666666666667], "aps": [0.5168561356540247, 0.48790517182036564, 0.7827754933209352, 0.4829613313349761, 0.5084327006881175, 0.5289308803613704, 0.5132460540645526, 0.5260069702670913, 0.48147463346641617, 0.4856493137400876], "f1": [0.0, 0.0, 0.7368421052631579, 0.0, 0.0, 0.0, 0.0, 0.0, 0.0, 0.0], "auprc": [0.5022051540441826, 0.4742739754507901, 0.7793602728217675, 0.4701566456788496, 0.4939292148669788, 0.5177023519719656, 0.4941822323369627, 0.5150374628941988, 0.4690491715626693, 0.4723417466872315]}