{"enet": [{"auroc": [0.4154285714285714, 0.5, 0.5, 0.5, 0.36857142857142855, 0.36971428571428566, 0.5, 0.4154285714285714, 0.36971428571428566, 0.5314285714285715], "acc": [0.4166666666666667, 0.4166666666666667, 0.4166666666666667, 0.4166666666666667, 0.4166666666666667, 0.4166666666666667, 0.4166666666666667, 0.4166666666666667, 0.4166666666666667, 0.5666666666666667], "aps": [0.5273834520601822, 0.5833333333333334, 0.5833333333333334, 0.5833333333333334, 0.4958662211318282, 0.4947435915736352, 0.5833333333333334, 0.5273834520601822, 0.4947435915736352, 0.6000352360817477], "f1": [0.0, 0.0, 0.0, 0.0, 0.0, 0.0, 0.0, 0.0, 0.0, 0.6666666666666666], "auprc": [0.5120145827448371, 0.7916666666666667, 0.7916666666666667, 0.7916666666666667, 0.48205351234920546, 0.4815702247474014, 0.7916666666666667, 0.5120145827448371, 0.4815702247474014, 0.7486554917950267]}]}