{"auroc": [0.3525714285714286, 0.33885714285714286, 0.35942857142857143, 0.33085714285714285, 0.3377142857142857, 0.3377142857142857, 0.32857142857142857, 0.33885714285714286, 0.33428571428571424, 0.3365714285714286], "acc": [0.4166666666666667, 0.4166666666666667, 0.4166666666666667, 0.4166666666666667, 0.4166666666666667, 0.4166666666666667, 0.4166666666666667, 0.4166666666666667, 0.4166666666666667, 0.4166666666666667], "aps": [0.48749218119840876, 0.4828988093547407, 0.49098309312166094, 0.48069284172086507, 0.48308520420599566, 0.48385489054939573, 0.4790077064144073, 0.4831708279288272, 0.4827133210527891, 0.48311109828341775], "f1": [0.0, 0.0, 0.0, 0.0, 0.0, 0.0, 0.0, 0.0, 0.0, 0.0], "auprc": [0.47436833054112565, 0.4697140815912634, 0.47784073233169366, 0.46752701524260964, 0.46987548603430707, 0.470679502170042, 0.46585942329835456, 0.46997452444749005, 0.4695392323863734, 0.4699618432115886]}