{"auroc": [0.636, 0.6017142857142858, 0.6348571428571429, 0.48057142857142854, 0.6497142857142857, 0.5422857142857143, 0.572, 0.6462857142857142, 0.5434285714285715, 0.588], "acc": [0.5833333333333334, 0.5833333333333334, 0.5833333333333334, 0.4166666666666667, 0.5833333333333334, 0.5833333333333334, 0.5833333333333334, 0.5833333333333334, 0.5833333333333334, 0.5833333333333334], "aps": [0.7106020636183371, 0.6792997191650549, 0.6967595820313769, 0.6242054099501585, 0.7615668436903135, 0.6550011659800126, 0.7177223732384134, 0.7158610614954415, 0.6402689020118362, 0.6602441694332252], "f1": [0.7368421052631579, 0.7368421052631579, 0.7368421052631579, 0.0, 0.7368421052631579, 0.7368421052631579, 0.7368421052631579, 0.7368421052631579, 0.7368421052631579, 0.7368421052631579], "auprc": [0.7003236937431597, 0.6622129784036904, 0.6892346792264423, 0.6176726060162115, 0.7577652613404736, 0.6474393451921535, 0.7130167626274508, 0.6994923655992156, 0.6311862336062208, 0.6491066758063768]}