{"auroc": [0.6337142857142857, 0.6211428571428571, 0.4542857142857143, 0.47485714285714287, 0.6908571428571428, 0.4771428571428571, 0.6679999999999999, 0.6268571428571428, 0.7628571428571429, 0.6588571428571428], "acc": [0.5833333333333334, 0.5833333333333334, 0.4166666666666667, 0.5833333333333334, 0.5833333333333334, 0.5666666666666667, 0.5833333333333334, 0.5833333333333334, 0.5833333333333334, 0.5833333333333334], "aps": [0.7354593844975051, 0.6923258914534874, 0.6039297889575092, 0.581812557368071, 0.7555183317910286, 0.6139942170263106, 0.7331648552208833, 0.7011148571307022, 0.8264914749253324, 0.7206051975664998], "f1": [0.7368421052631579, 0.7368421052631579, 0.0, 0.7368421052631579, 0.7368421052631579, 0.723404255319149, 0.7368421052631579, 0.7368421052631579, 0.7368421052631579, 0.7368421052631579], "auprc": [0.7307418987894753, 0.6846412174457297, 0.5929172311880482, 0.5626707444880883, 0.7499371777623136, 0.605267530619675, 0.7254696604045657, 0.6928380721706616, 0.8232910184626453, 0.7126354738126847]}