{"rf": [{"auroc": [0.3988571428571428], "acc": [0.4166666666666667], "aps": [0.5260242341794145], "f1": [0.0]}], "enet": [{"auroc": [0.5342857142857143], "acc": [0.4166666666666667], "aps": [0.6138051741845452], "f1": [0.0]}]}