{"rf": [{"auroc": [0.6525714285714286], "acc": [0.5833333333333334], "aps": [0.7232260591286307], "f1": [0.7368421052631579]}], "enet": [{"auroc": [0.6862857142857142], "acc": [0.5833333333333334], "aps": [0.7774445237639354], "f1": [0.7368421052631579]}]}