{"auroc": [0.5365714285714285, 0.5057142857142857, 0.42000000000000004, 0.4188571428571429, 0.4017142857142857, 0.40857142857142853, 0.5034285714285714, 0.34914285714285714, 0.40285714285714286, 0.5388571428571428], "acc": [0.4166666666666667, 0.4166666666666667, 0.4166666666666667, 0.4166666666666667, 0.4166666666666667, 0.4166666666666667, 0.4166666666666667, 0.4166666666666667, 0.4166666666666667, 0.4166666666666667], "aps": [0.6881676602533627, 0.6493169774172344, 0.5703203089896003, 0.5513589285498781, 0.5601107184010515, 0.5454491767933184, 0.6373389364246103, 0.480480217885922, 0.510880505407174, 0.6905837480558256], "f1": [0.0, 0.0, 0.0, 0.0, 0.0, 0.0, 0.0, 0.0, 0.0, 0.0], "auprc": [0.6821004289810927, 0.6408188947948247, 0.5510733669941399, 0.5343305672902874, 0.5479469222199124, 0.5260377297058456, 0.6280643232913631, 0.46799276676858126, 0.4946770270175751, 0.6851805764506554]}