{"auroc": [0.6685714285714286, 0.6679999999999999, 0.604, 0.3342857142857143, 0.5091428571428571, 0.6725714285714286, 0.5594285714285714, 0.7217142857142858, 0.6017142857142856, 0.6417142857142858], "acc": [0.5833333333333334, 0.4166666666666667, 0.4166666666666667, 0.4166666666666667, 0.4166666666666667, 0.4166666666666667, 0.4166666666666667, 0.5833333333333334, 0.6166666666666667, 0.4166666666666667], "aps": [0.76356484925913, 0.8025791215699932, 0.7202566871665363, 0.487137768310845, 0.6665712722189544, 0.8099859294658182, 0.6462492231873463, 0.8255200494046946, 0.7134845941080032, 0.7731365025674285], "f1": [0.7368421052631579, 0.0, 0.0, 0.0, 0.0, 0.0, 0.0, 0.7368421052631579, 0.7526881720430108, 0.0], "auprc": [0.7583939052149302, 0.800196937499132, 0.7146264964170118, 0.4715746640081575, 0.6598565631301351, 0.8075558606404348, 0.6283703343059261, 0.8231015351926766, 0.708535075182548, 0.7696288189415625]}