{"enet": [{"auroc": [0.5, 0.5, 0.5, 0.5, 0.5, 0.5, 0.4902857142857143, 0.35142857142857137, 0.5, 0.5], "acc": [0.5833333333333334, 0.4166666666666667, 0.4166666666666667, 0.4166666666666667, 0.5833333333333334, 0.5833333333333334, 0.5666666666666667, 0.4166666666666667, 0.4166666666666667, 0.5833333333333334], "aps": [0.5833333333333334, 0.5833333333333334, 0.5833333333333334, 0.5833333333333334, 0.5833333333333334, 0.5833333333333334, 0.5791979949874687, 0.5002020611366963, 0.5833333333333334, 0.5833333333333334], "f1": [0.7368421052631579, 0.0, 0.0, 0.0, 0.7368421052631579, 0.7368421052631579, 0.7173913043478262, 0.0, 0.0, 0.7368421052631579], "auprc": [0.7916666666666667, 0.7916666666666667, 0.7916666666666667, 0.7916666666666667, 0.7916666666666667, 0.7916666666666667, 0.7772837265577738, 0.4837207644530608, 0.7916666666666667, 0.7916666666666667]}]}