{"auroc": [0.6668571428571429, 0.5411428571428571, 0.404, 0.6874285714285715, 0.6725714285714285, 0.604, 0.6554285714285715, 0.5422857142857143, 0.7388571428571429, 0.5331428571428571], "acc": [0.5833333333333334, 0.5833333333333334, 0.4166666666666667, 0.5833333333333334, 0.5833333333333334, 0.5833333333333334, 0.5833333333333334, 0.5833333333333334, 0.5833333333333334, 0.5833333333333334], "aps": [0.7761459203781141, 0.6283874802197408, 0.5862748537965343, 0.7523875676883759, 0.7305004174217217, 0.694992506611187, 0.7223567440511867, 0.6556006360517832, 0.818442451416835, 0.6260712135762027], "f1": [0.7368421052631579, 0.7368421052631579, 0.0, 0.7368421052631579, 0.7368421052631579, 0.7368421052631579, 0.7368421052631579, 0.7368421052631579, 0.7368421052631579, 0.7368421052631579], "auprc": [0.7722935755011919, 0.6168169724820906, 0.5772490349041876, 0.7464193932821398, 0.7228288915330492, 0.6868184049654518, 0.7153192100833703, 0.6468819444752457, 0.8154274785621999, 0.617798986536718]}