{"rf": [{"auroc": [0.4491428571428571], "acc": [0.4166666666666667], "aps": [0.567441270227533], "f1": [0.0]}], "enet": [{"auroc": [0.332], "acc": [0.4166666666666667], "aps": [0.47494766471939626], "f1": [0.0]}]}