{"auroc": [0.524, 0.4908571428571429, 0.3171428571428571, 0.37999999999999995, 0.34914285714285714, 0.3754285714285714, 0.4371428571428571, 0.33428571428571424, 0.524, 0.38457142857142856], "acc": [0.4166666666666667, 0.4166666666666667, 0.4166666666666667, 0.4166666666666667, 0.4166666666666667, 0.4166666666666667, 0.4166666666666667, 0.4166666666666667, 0.4166666666666667, 0.4166666666666667], "aps": [0.6014766192738471, 0.5845558198594543, 0.48255448195779027, 0.5093236273187078, 0.4906071116745894, 0.5073151068087276, 0.5460186343852425, 0.47850574824837866, 0.6048691149880504, 0.5003751314715403], "f1": [0.0, 0.0, 0.0, 0.0, 0.0, 0.0, 0.0, 0.0, 0.0, 0.0], "auprc": [0.5899263508230604, 0.5676408078153458, 0.4662586083875072, 0.4937011801793059, 0.47443155685728844, 0.49171272086065937, 0.5292234898310056, 0.4659453888041374, 0.5856510986459369, 0.4875368288899118]}