{"rf": [{"auroc": [0.3514285714285714], "acc": [0.5666666666666667], "aps": [0.5541242502077388], "f1": [0.723404255319149]}], "enet": [{"auroc": [0.5], "acc": [0.4166666666666667], "aps": [0.5833333333333334], "f1": [0.0]}]}