{"rf": [{"auroc": [0.5274285714285715], "acc": [0.43333333333333335], "aps": [0.6335941214528602], "f1": [0.05555555555555556]}], "enet": [{"auroc": [0.6131428571428572], "acc": [0.5833333333333334], "aps": [0.6743002413462414], "f1": [0.7368421052631579]}]}