{"auroc": [0.3731428571428571, 0.4165714285714286, 0.5022857142857142, 0.3605714285714286, 0.4531428571428571, 0.39142857142857146, 0.5182857142857142, 0.6154285714285714, 0.5697142857142857, 0.5811428571428571], "acc": [0.4166666666666667, 0.4166666666666667, 0.4166666666666667, 0.4166666666666667, 0.4166666666666667, 0.4166666666666667, 0.4166666666666667, 0.4166666666666667, 0.4166666666666667, 0.4166666666666667], "aps": [0.5035917424545983, 0.5109406105982696, 0.562643991148854, 0.49210434768128986, 0.5514589234448345, 0.5004758244375571, 0.5939387451030322, 0.6671772055192764, 0.6512289011830391, 0.7204986579951965], "f1": [0.0, 0.0, 0.0, 0.0, 0.0, 0.0, 0.0, 0.0, 0.0, 0.0], "auprc": [0.4884708243623397, 0.4977722084389915, 0.547336158187385, 0.47680646661166975, 0.5399739010413289, 0.4871958050369224, 0.5771233200740931, 0.6515599054749288, 0.6328152798330373, 0.7163433294895865]}