{"enet": [{"auroc": [0.5502857142857143, 0.5, 0.5, 0.5, 0.5, 0.5, 0.5, 0.5, 0.5, 0.5], "acc": [0.5833333333333334, 0.4166666666666667, 0.4166666666666667, 0.4166666666666667, 0.4166666666666667, 0.4166666666666667, 0.4166666666666667, 0.4166666666666667, 0.4166666666666667, 0.4166666666666667], "aps": [0.6428627065148577, 0.5833333333333334, 0.5833333333333334, 0.5833333333333334, 0.5833333333333334, 0.5833333333333334, 0.5833333333333334, 0.5833333333333334, 0.5833333333333334, 0.5833333333333334], "f1": [0.7368421052631579, 0.0, 0.0, 0.0, 0.0, 0.0, 0.0, 0.0, 0.0, 0.0], "auprc": [0.6248867504641586, 0.7916666666666667, 0.7916666666666667, 0.7916666666666667, 0.7916666666666667, 0.7916666666666667, 0.7916666666666667, 0.7916666666666667, 0.7916666666666667, 0.7916666666666667]}]}