{"rf": [{"auroc": [0.7154285714285714], "acc": [0.4166666666666667], "aps": [0.7627939755974531], "f1": [0.0], "auprc": [0.735828916176485]}], "enet": [{"auroc": [0.46685714285714286], "acc": [0.4166666666666667], "aps": [0.5987347007117766], "f1": [0.0], "auprc": [0.5868186458192625]}]}