{"rf": [{"auroc": [0.5960000000000001], "acc": [0.5833333333333334], "aps": [0.6808085710207327], "f1": [0.7368421052631579]}], "enet": [{"auroc": [0.5937142857142856], "acc": [0.5833333333333334], "aps": [0.7358348071716555], "f1": [0.7368421052631579]}]}