{"auroc": [0.6302857142857142, 0.6748571428571428, 0.652, 0.6142857142857143, 0.6702857142857143, 0.6782857142857143, 0.5800000000000001, 0.692, 0.6657142857142857, 0.7], "acc": [0.5833333333333334, 0.5833333333333334, 0.5833333333333334, 0.5833333333333334, 0.5833333333333334, 0.5833333333333334, 0.5833333333333334, 0.4166666666666667, 0.5833333333333334, 0.5833333333333334], "aps": [0.6467917664007192, 0.7090377777397534, 0.7239062132896693, 0.7219895530115753, 0.7496484445511697, 0.7489874850774736, 0.636046907033377, 0.7605147077043827, 0.7418407947136958, 0.7740687074214154], "f1": [0.7368421052631579, 0.7368421052631579, 0.7368421052631579, 0.7368421052631579, 0.7368421052631579, 0.7368421052631579, 0.7368421052631579, 0.0, 0.7368421052631579, 0.7368421052631579], "auprc": [0.6303930260050747, 0.6980157738151634, 0.7162097563668605, 0.7161678855661165, 0.7406253948821112, 0.7431559668655675, 0.6176766645343825, 0.7553187824519612, 0.7346454531880298, 0.769429575564454]}