{"rf": [{"auroc": [0.33771428571428574], "acc": [0.4166666666666667], "aps": [0.5236054421768708], "f1": [0.0], "auprc": [0.43619047619047624]}], "enet": [{"auroc": [0.5], "acc": [0.4166666666666667], "aps": [0.5833333333333334], "f1": [0.0], "auprc": [0.7916666666666667]}]}