{"rf": [{"auroc": [0.6028571428571429], "acc": [0.4166666666666667], "aps": [0.6424036669422418], "f1": [0.0]}], "enet": [{"auroc": [0.5], "acc": [0.5833333333333334], "aps": [0.5833333333333334], "f1": [0.7368421052631579]}]}