{"auroc": [0.66, 0.6337142857142858, 0.7137142857142857, 0.7068571428571429, 0.6074285714285714, 0.6017142857142856, 0.6017142857142856, 0.5274285714285714, 0.5319999999999999, 0.5434285714285714], "acc": [0.5833333333333334, 0.5833333333333334, 0.5833333333333334, 0.5833333333333334, 0.5833333333333334, 0.5833333333333334, 0.5833333333333334, 0.5833333333333334, 0.5833333333333334, 0.4166666666666667], "aps": [0.7284350147765125, 0.7126966901349459, 0.8286123740494358, 0.767169041328982, 0.7106123231433038, 0.6794748279844899, 0.6307976604202337, 0.6550828438451595, 0.6160843667370114, 0.6276727423847418], "f1": [0.7368421052631579, 0.7368421052631579, 0.7368421052631579, 0.7368421052631579, 0.7368421052631579, 0.7368421052631579, 0.7368421052631579, 0.7368421052631579, 0.7368421052631579, 0.0], "auprc": [0.7220683558268541, 0.705961491766443, 0.8264608605408178, 0.7620938890488702, 0.7047009035962752, 0.6706885128807489, 0.6118407315658569, 0.6465427092323094, 0.5971400024585987, 0.6092347901658108]}