{"auroc": [0.6668571428571429, 0.6245714285714287, 0.6211428571428571, 0.4851428571428572, 0.5194285714285715, 0.47828571428571426, 0.5605714285714286, 0.36857142857142855, 0.40285714285714286, 0.5457142857142857], "acc": [0.43333333333333335, 0.43333333333333335, 0.4166666666666667, 0.4166666666666667, 0.4166666666666667, 0.4166666666666667, 0.4166666666666667, 0.4166666666666667, 0.4166666666666667, 0.4166666666666667], "aps": [0.7322920608134914, 0.7126910698797878, 0.7293218542554128, 0.585748301058137, 0.6467620963609394, 0.6311593625810307, 0.6799319285058265, 0.5109990344369751, 0.549134502899529, 0.669688901544068], "f1": [0.10526315789473684, 0.05555555555555556, 0.0, 0.0, 0.0, 0.0, 0.0, 0.0, 0.0, 0.0], "auprc": [0.7224611175830317, 0.7063218059025665, 0.7202520381661542, 0.5735572000587258, 0.6396730267010504, 0.6242704739894336, 0.671831621888821, 0.4998286522065667, 0.5368544245572499, 0.6628951713464535]}