{"enet": [{"auroc": [0.6908571428571428, 0.5, 0.5, 0.6474285714285715, 0.5, 0.5, 0.5, 0.5, 0.5, 0.6474285714285715], "acc": [0.4166666666666667, 0.4166666666666667, 0.4166666666666667, 0.4166666666666667, 0.4166666666666667, 0.4166666666666667, 0.4166666666666667, 0.4166666666666667, 0.4166666666666667, 0.4166666666666667], "aps": [0.7470286859700184, 0.5833333333333334, 0.5833333333333334, 0.6685399480882678, 0.5833333333333334, 0.5833333333333334, 0.5833333333333334, 0.5833333333333334, 0.5833333333333334, 0.6685399480882678], "f1": [0.0, 0.0, 0.0, 0.0, 0.0, 0.0, 0.0, 0.0, 0.0, 0.0], "auprc": [0.7405707397072323, 0.7916666666666667, 0.7916666666666667, 0.6525186571570897, 0.7916666666666667, 0.7916666666666667, 0.7916666666666667, 0.7916666666666667, 0.7916666666666667, 0.6525186571570897]}]}