{"enet": [{"auroc": [0.5377142857142857, 0.5720000000000001, 0.5720000000000001, 0.5697142857142856, 0.5697142857142856, 0.5720000000000001, 0.5697142857142856, 0.5720000000000001, 0.5720000000000001, 0.5720000000000001], "acc": [0.5833333333333334, 0.5833333333333334, 0.5833333333333334, 0.5833333333333334, 0.5833333333333334, 0.5833333333333334, 0.5833333333333334, 0.5833333333333334, 0.5833333333333334, 0.5833333333333334], "aps": [0.652841556578129, 0.6891907257798245, 0.6891907257798245, 0.6706386987472126, 0.6706386987472126, 0.6891907257798245, 0.6706386987472126, 0.6891907257798245, 0.6891907257798245, 0.6891907257798245], "f1": [0.7368421052631579, 0.7368421052631579, 0.7368421052631579, 0.7368421052631579, 0.7368421052631579, 0.7368421052631579, 0.7368421052631579, 0.7368421052631579, 0.7368421052631579, 0.7368421052631579], "auprc": [0.6460183928290052, 0.6834253496659889, 0.6834253496659889, 0.6623208164504453, 0.6623208164504453, 0.6834253496659889, 0.6623208164504453, 0.6834253496659889, 0.6834253496659889, 0.6834253496659889]}]}