{"auroc": [0.610586011342155, 0.6918714555765595, 0.6559546313799621, 0.6729678638941399, 0.669187145557656], "acc": [0.5, 0.5, 0.5, 0.5, 0.5], "aps": [0.6015118897551696, 0.698087294872561, 0.6406412665937886, 0.6812180954057384, 0.6679750901812262], "f1": [0.6666666666666666, 0.6666666666666666, 0.6666666666666666, 0.6666666666666666, 0.6666666666666666], "auprc": [0.5849303882445507, 0.7031656984128762, 0.6224742661421666, 0.7191991964303177, 0.6567933810157967]}