{"auroc": [0.6389413988657845, 0.6455576559546314, 0.661625708884688, 0.6710775047258979, 0.6351606805293006], "acc": [0.5, 0.5, 0.5, 0.5, 0.5], "aps": [0.642138921435556, 0.6046195652173914, 0.6164562228361851, 0.669033247979061, 0.6110771859644522], "f1": [0.0, 0.6666666666666666, 0.0, 0.0, 0.0], "auprc": [0.6426235554740651, 0.6582880434782608, 0.6297544754657232, 0.6609821954278101, 0.6355800294065875]}