{"auroc": [0.6228733459357277, 0.6493383742911154, 0.6833648393194708, 0.6701323251417769, 0.6275992438563327], "acc": [0.5, 0.5, 0.5, 0.5, 0.5], "aps": [0.5752741697129968, 0.6146735617323853, 0.6951481672212196, 0.6284451547669525, 0.6076547909355855], "f1": [0.0, 0.6666666666666666, 0.6666666666666666, 0.6666666666666666, 0.0], "auprc": [0.6918176868631875, 0.6925369032785913, 0.7110199679185536, 0.7778660244771336, 0.7639439058400577]}