{"best_index": [432, 288, 207, 131, 65], "auroc": [0.6909090909090909, 0.4818181818181818, 0.7636363636363637, 0.6181818181818182, 0.5818181818181818], "acc": [0.5238095238095238, 0.5238095238095238, 0.47619047619047616, 0.5714285714285714, 0.5238095238095238], "aps": [0.6921681096681096, 0.5519428284134166, 0.7995337995337994, 0.5864981750275868, 0.6251388888888889], "f1": [0.0, 0.16666666666666669, 0.6451612903225806, 0.30769230769230765, 0.0], "auprc": [0.672870577135283, 0.5237583046038928, 0.7898526254447307, 0.534164120193532, 0.6052035939206991]}