{"best_index": [166, 539, 124, 191, 83], "auroc": [0.5727272727272728, 0.6090909090909091, 0.5363636363636364, 0.509090909090909, 0.5363636363636364], "acc": [0.5238095238095238, 0.6666666666666666, 0.5714285714285714, 0.42857142857142855, 0.42857142857142855], "aps": [0.6268883404177521, 0.5782666894509, 0.5354978354978355, 0.5792881679723785, 0.5112904252610135], "f1": [0.5833333333333334, 0.6956521739130435, 0.47058823529411764, 0.5714285714285714, 0.5384615384615384], "auprc": [0.6068902854970966, 0.5254951773372826, 0.4824631654894813, 0.5520935789356842, 0.46739883074441896]}