{"best_index": [0, 170, 263, 81, 74], "auroc": [0.5909090909090908, 0.5181818181818181, 0.6090909090909091, 0.5272727272727272, 0.5454545454545455], "acc": [0.47619047619047616, 0.47619047619047616, 0.5714285714285714, 0.47619047619047616, 0.42857142857142855], "aps": [0.5263157894736842, 0.5368116145979923, 0.6468830730672835, 0.5600668337510443, 0.5699619334913453], "f1": [0.6451612903225806, 0.6451612903225806, 0.5263157894736842, 0.6451612903225806, 0.6], "auprc": [0.763157894736842, 0.4843763196298026, 0.62713656957078, 0.5326278838120944, 0.5416873159520218]}