{"best_index": [184, 134, 227, 148, 183], "auroc": [0.5818181818181819, 0.4363636363636364, 0.509090909090909, 0.6272727272727274, 0.44545454545454544], "acc": [0.5238095238095238, 0.42857142857142855, 0.6190476190476191, 0.42857142857142855, 0.47619047619047616], "aps": [0.6249774735068853, 0.5272295321637427, 0.6147572362278244, 0.7274050510892616, 0.5269428284134167], "f1": [0.0, 0.5384615384615384, 0.4285714285714285, 0.5714285714285714, 0.47619047619047616], "auprc": [0.6050789243436302, 0.49918868820378115, 0.5957042752998635, 0.7164084307505361, 0.49879983943644934]}