{"best_index": [89, 237, 108, 639, 117], "auroc": [0.6181818181818182, 0.6, 0.6454545454545455, 0.6545454545454545, 0.6], "acc": [0.5714285714285714, 0.5714285714285714, 0.5714285714285714, 0.6190476190476191, 0.7142857142857143], "aps": [0.6480761395467277, 0.623095238095238, 0.7280939893439893, 0.7319035131535131, 0.6273809523809524], "f1": [0.18181818181818182, 0.5714285714285713, 0.6666666666666667, 0.33333333333333337, 0.7], "auprc": [0.6209901005856887, 0.5958857834631829, 0.7167850899100898, 0.7206129287379286, 0.6001597744360901]}