{"best_index": [837, 268, 117, 824, 156], "auroc": [0.5090909090909091, 0.5, 0.509090909090909, 0.44545454545454544, 0.5272727272727273], "acc": [0.5238095238095238, 0.47619047619047616, 0.5714285714285714, 0.42857142857142855, 0.5238095238095238], "aps": [0.5013155849997956, 0.5019138755980861, 0.483187134502924, 0.46897681266102315, 0.5355189255189255], "f1": [0.4444444444444445, 0.3529411764705882, 0.5263157894736842, 0.33333333333333326, 0.5], "auprc": [0.44882613001034055, 0.44859108727529784, 0.44323958463277346, 0.416805095489306, 0.4822166747940742]}