{"best_index": [381, 131, 398, 1999, 1999], "auroc": [0.5909090909090908, 0.5727272727272728, 0.40454545454545454, 0.45454545454545453, 0.5], "acc": [0.5238095238095238, 0.5238095238095238, 0.47619047619047616, 0.5238095238095238, 0.47619047619047616], "aps": [0.5263157894736842, 0.5296903096903096, 0.4358333333333333, 0.47619047619047616, 0.47619047619047616], "f1": [0.6666666666666666, 0.5454545454545454, 0.26666666666666666, 0.0, 0.6451612903225806], "auprc": [0.763157894736842, 0.6648451548451548, 0.42595238095238097, 0.23809523809523808, 0.7380952380952381]}