{"auroc": [0.4633333333333333, 0.655, 0.7566666666666667, 0.6566666666666667, 0.64, 0.6883333333333334, 0.5966666666666667, 0.6833333333333333, 0.5900000000000001, 0.5266666666666666], "acc": [0.4897959183673469, 0.4897959183673469, 0.4897959183673469, 0.4897959183673469, 0.4897959183673469, 0.4897959183673469, 0.4897959183673469, 0.4897959183673469, 0.4897959183673469, 0.4897959183673469], "aps": [0.515135264365129, 0.6162008679339686, 0.7238137224061709, 0.6594496078589627, 0.6545317811850216, 0.6633316481577352, 0.5821802529152355, 0.6767187528160161, 0.5749359350270459, 0.5579102948265935], "f1": [0.0, 0.0, 0.0, 0.0, 0.0, 0.0, 0.0, 0.0, 0.0, 0.0], "auprc": [0.49721490098798615, 0.589487406425312, 0.7117555303002427, 0.643353931451011, 0.6408130862159448, 0.6472778687398555, 0.5553663949172523, 0.6630392358917623, 0.5502313357939864, 0.5407981872767701]}