{"auroc": [0.445, 0.6066666666666667, 0.7366666666666666, 0.5716666666666667, 0.6583333333333333, 0.6, 0.5366666666666667, 0.7516666666666666, 0.47333333333333333, 0.5333333333333333], "acc": [0.4897959183673469, 0.4897959183673469, 0.4897959183673469, 0.4897959183673469, 0.4897959183673469, 0.4897959183673469, 0.4897959183673469, 0.4897959183673469, 0.4897959183673469, 0.4897959183673469], "aps": [0.5223553027873875, 0.6016712815121416, 0.6742579394509698, 0.6682886519193671, 0.6263154859978389, 0.5772013211350139, 0.5366287491350629, 0.7233337035765526, 0.4994200447423742, 0.5196869488760406], "f1": [0.0, 0.0, 0.0, 0.0, 0.0, 0.0, 0.0, 0.0, 0.0, 0.0], "auprc": [0.5073614946971082, 0.5849716650006679, 0.6463178346125686, 0.6594941273970364, 0.6031026025635673, 0.5494454895435626, 0.5136350273416153, 0.711162081762961, 0.4753663816052772, 0.4929745424324453]}