{"best_index": [30, 67, 126, 196, 15], "auroc": [0.5036855036855037, 0.5302211302211302, 0.5434889434889435, 0.5874692874692875, 0.49484029484029485], "acc": [0.5978260869565217, 0.40217391304347827, 0.40217391304347827, 0.5978260869565217, 0.40217391304347827], "aps": [0.43386225097720976, 0.4524458956983829, 0.4983631465766628, 0.5135827101684463, 0.41095596458011874], "f1": [0.0, 0.5736434108527132, 0.5736434108527132, 0.0, 0.5736434108527132], "auprc": [0.4152539330206084, 0.4406803733914713, 0.4900731189882619, 0.5042258525306504, 0.4004189326840972]}