{"auroc": [0.4987714987714988, 0.4800982800982801, 0.5095823095823097, 0.49140049140049147, 0.44324324324324327, 0.5071253071253071, 0.48009828009828015, 0.47911547911547914, 0.5095823095823097, 0.4938574938574939], "acc": [0.40217391304347827, 0.40217391304347827, 0.40217391304347827, 0.40217391304347827, 0.40217391304347827, 0.40217391304347827, 0.40217391304347827, 0.40217391304347827, 0.40217391304347827, 0.40217391304347827], "aps": [0.4368870935753735, 0.40506918674018366, 0.4037358705551489, 0.40315676844904047, 0.38643675351594536, 0.4620680559957749, 0.40965225287447127, 0.4417195392026395, 0.469080084154274, 0.3999217359313566], "f1": [0.5736434108527132, 0.5736434108527132, 0.5736434108527132, 0.5736434108527132, 0.5736434108527132, 0.5736434108527132, 0.5736434108527132, 0.5736434108527132, 0.5736434108527132, 0.5736434108527132], "auprc": [0.418468498509296, 0.3873487113017955, 0.38933704997476015, 0.38534526504648753, 0.3686476613573686, 0.450174099021266, 0.3913701152803637, 0.4296942513791643, 0.461219003187981, 0.3856825777067477]}