{"auroc": [0.6171990171990172, 0.44938574938574943, 0.45012285012285014, 0.43636363636363634, 0.4339066339066339, 0.4864864864864865, 0.43095823095823094, 0.4171990171990172, 0.4525798525798526, 0.5385749385749385], "acc": [0.40217391304347827, 0.40217391304347827, 0.40217391304347827, 0.40217391304347827, 0.40217391304347827, 0.40217391304347827, 0.40217391304347827, 0.40217391304347827, 0.40217391304347827, 0.40217391304347827], "aps": [0.4760883238531632, 0.3833784783907578, 0.37874609911785767, 0.3616296074801522, 0.3625631331072177, 0.3904417254049608, 0.3661826058148542, 0.36997370445161726, 0.3865519879417245, 0.4227240151206397], "f1": [0.5736434108527132, 0.5736434108527132, 0.5736434108527132, 0.5736434108527132, 0.5736434108527132, 0.5736434108527132, 0.5736434108527132, 0.5736434108527132, 0.5736434108527132, 0.5736434108527132], "auprc": [0.4624868942092258, 0.36858611763840166, 0.3657756162013074, 0.3485173858512589, 0.34900613500494343, 0.37310094219379325, 0.3522225630347867, 0.35286031549199426, 0.37141509832730707, 0.4077802026298094]}