{"auroc": [0.5746928746928748, 0.553071253071253, 0.47223587223587227, 0.457002457002457, 0.45061425061425064, 0.4402948402948403, 0.44987714987714994, 0.4604422604422605, 0.49287469287469293, 0.45945945945945954], "acc": [0.40217391304347827, 0.5978260869565217, 0.40217391304347827, 0.40217391304347827, 0.40217391304347827, 0.40217391304347827, 0.40217391304347827, 0.40217391304347827, 0.40217391304347827, 0.40217391304347827], "aps": [0.48441033675247813, 0.4610779158555356, 0.4031843928948522, 0.39606007319860437, 0.37950124534944096, 0.3853734488955708, 0.3751082315131004, 0.4095967652081519, 0.4035995052505828, 0.40079942010526726], "f1": [0.5736434108527132, 0.0, 0.5736434108527132, 0.5736434108527132, 0.5736434108527132, 0.5736434108527132, 0.5736434108527132, 0.5736434108527132, 0.5736434108527132, 0.5736434108527132], "auprc": [0.4679457431247381, 0.44244335729769524, 0.38699516655772886, 0.37791474144871845, 0.3658611414796164, 0.3672576018538875, 0.36026359633837474, 0.3916857124806972, 0.3899027566375717, 0.38254449277219227]}