{"auroc": [0.49828009828009834, 0.4788697788697789, 0.458968058968059, 0.399017199017199, 0.49606879606879606, 0.4668304668304668, 0.5361179361179361, 0.4221130221130222, 0.5088452088452089, 0.5093366093366094], "acc": [0.40217391304347827, 0.40217391304347827, 0.5978260869565217, 0.40217391304347827, 0.5978260869565217, 0.40217391304347827, 0.40217391304347827, 0.40217391304347827, 0.40217391304347827, 0.40217391304347827], "aps": [0.3825667976882787, 0.4023021521921479, 0.3739170179135234, 0.34731444256420274, 0.41505635019039283, 0.3772845438031801, 0.460764526567507, 0.35467559011722893, 0.4068479558643039, 0.4288097900014103], "f1": [0.5736434108527132, 0.5736434108527132, 0.0, 0.5736434108527132, 0.0, 0.5736434108527132, 0.5736434108527132, 0.5736434108527132, 0.5736434108527132, 0.5736434108527132], "auprc": [0.3709349445497555, 0.3920716302211257, 0.35776576377651864, 0.3357369732151988, 0.3997187703426864, 0.36465207042223813, 0.45128879659434773, 0.34245118583430856, 0.3898784116252975, 0.4163032533433444]}