{"auroc": [0.24, 0.4, 0.48, 0.4800000000000001, 0.52, 0.28, 0.32, 0.43999999999999995, 0.44000000000000006, 0.44], "acc": [0.5, 0.5, 0.5, 0.5, 0.5, 0.5, 0.5, 0.5, 0.5, 0.5], "aps": [0.44126984126984126, 0.48095238095238096, 0.62, 0.5476190476190476, 0.5392857142857144, 0.44126984126984126, 0.46571428571428575, 0.4920634920634921, 0.5142857142857142, 0.5911111111111111], "f1": [0.0, 0.0, 0.0, 0.0, 0.0, 0.0, 0.0, 0.0, 0.0, 0.0], "auprc": [0.3559126984126984, 0.40825396825396826, 0.5806349206349206, 0.4582539682539682, 0.45011904761904764, 0.36924603174603177, 0.37849206349206344, 0.4193650793650794, 0.42492063492063487, 0.5534126984126984]}