{"enet": [{"auroc": [0.56, 0.11999999999999997, 0.44, 0.11999999999999997, 0.44, 0.44, 0.44, 0.44, 0.11999999999999997, 0.11999999999999997], "acc": [0.7, 0.5, 0.3, 0.5, 0.5, 0.5, 0.3, 0.5, 0.5, 0.5], "aps": [0.5976190476190476, 0.38126984126984126, 0.49682539682539684, 0.38126984126984126, 0.47111111111111115, 0.47111111111111115, 0.49682539682539684, 0.47111111111111115, 0.38126984126984126, 0.38126984126984126], "f1": [0.6666666666666665, 0.0, 0.3636363636363636, 0.0, 0.5454545454545454, 0.5454545454545454, 0.3636363636363636, 0.5454545454545454, 0.0, 0.0], "auprc": [0.5099206349206349, 0.32591269841269843, 0.5746031746031747, 0.32591269841269843, 0.5684126984126984, 0.5684126984126984, 0.5746031746031747, 0.5684126984126984, 0.32591269841269843, 0.32591269841269843]}]}