{"auroc": [0.11999999999999997, 0.24, 0.36, 0.24, 0.36, 0.4, 0.32000000000000006, 0.44, 0.64, 0.44], "acc": [0.5, 0.4, 0.4, 0.5, 0.5, 0.4, 0.5, 0.4, 0.5, 0.4], "aps": [0.38126984126984126, 0.41888888888888887, 0.4577777777777778, 0.4157142857142857, 0.4768253968253968, 0.49111111111111116, 0.4442857142857143, 0.4859523809523809, 0.6783333333333333, 0.4859523809523809], "f1": [0.0, 0.0, 0.0, 0.0, 0.0, 0.0, 0.0, 0.0, 0.0, 0.0], "auprc": [0.32591269841269843, 0.35638888888888887, 0.3867460317460317, 0.3534920634920634, 0.3896031746031746, 0.4034126984126984, 0.3815873015873016, 0.4151190476190476, 0.6396428571428572, 0.4151190476190476]}