{"auroc": [0.5172882672882674, 0.439005439005439, 0.49514374514374515, 0.5470085470085471, 0.453962703962704, 0.5470085470085471, 0.52000777000777, 0.5470085470085471, 0.5233100233100233, 0.466006216006216], "acc": [0.15827338129496402, 0.15827338129496402, 0.15827338129496402, 0.15827338129496402, 0.15827338129496402, 0.15827338129496402, 0.15827338129496402, 0.15827338129496402, 0.15827338129496402, 0.15827338129496402], "aps": [0.8439540279939224, 0.8294399445478582, 0.8333779240184183, 0.856607022074648, 0.8301494866528712, 0.856607022074648, 0.8474842503619482, 0.856607022074648, 0.8442607350183529, 0.8339007115985534], "f1": [0.0, 0.0, 0.0, 0.0, 0.0, 0.0, 0.0, 0.0, 0.0, 0.0], "auprc": [0.841057566268729, 0.7437798013337582, 0.830377925144766, 0.928303511037324, 0.828038165795552, 0.928303511037324, 0.8821725836114325, 0.928303511037324, 0.8413565149507837, 0.7899107287596495]}