{"auroc": [0.5348595213319459, 0.5369406867845994, 0.5764828303850156, 0.5379812695109261, 0.5525494276795005, 0.5400624349635796, 0.5577523413111343, 0.5317377731529657, 0.5941727367325702, 0.5369406867845994], "acc": [0.5, 0.5, 0.5, 0.5, 0.5, 0.5, 0.5, 0.5, 0.5, 0.5], "aps": [0.5861009735193814, 0.5819098031837487, 0.6068188097783244, 0.5588220420945886, 0.6057536300288118, 0.590566574472129, 0.5652179673362515, 0.6437562673884016, 0.6158165473119901, 0.6373208749280441], "f1": [0.0, 0.0, 0.0, 0.0, 0.0, 0.0, 0.0, 0.0, 0.0, 0.0], "auprc": [0.5733624462190833, 0.5689861047892099, 0.5940768954439575, 0.5453212466384791, 0.5957850341279831, 0.5778539413440588, 0.5517238438466786, 0.6383809219239184, 0.6029765395108823, 0.6314523899825455]}