{"auroc": [0.5858585858585859, 0.5854700854700854, 0.3811188811188811, 0.5854700854700854, 0.557109557109557, 0.5388500388500389, 0.5881895881895882, 0.5606060606060606, 0.5858585858585859, 0.583916083916084], "acc": [0.15827338129496402, 0.15827338129496402, 0.15827338129496402, 0.15827338129496402, 0.15827338129496402, 0.15827338129496402, 0.15827338129496402, 0.15827338129496402, 0.15827338129496402, 0.15827338129496402], "aps": [0.8546791176533644, 0.8543123408612849, 0.8019617847924779, 0.8543808815525527, 0.8476037834579233, 0.8421368044042989, 0.8553459585204599, 0.855954573625611, 0.8546340401704314, 0.8536096965468924], "f1": [0.0, 0.0, 0.0, 0.0, 0.0, 0.0, 0.0, 0.0, 0.0, 0.0], "auprc": [0.848665188414774, 0.848380309091837, 0.7956312483238743, 0.8484496764752016, 0.8415450582090158, 0.8358865506892035, 0.8494095384020108, 0.8538118390096683, 0.8486200437244464, 0.847949409601493]}