{"auroc": [0.5875, 0.6475, 0.5875, 0.5875, 0.5875, 0.5875, 0.5875, 0.5875, 0.59, 0.5875], "acc": [0.5, 0.5, 0.5, 0.5, 0.5, 0.5, 0.5, 0.5, 0.5, 0.5], "aps": [0.6852762395865845, 0.7044541930823076, 0.6852762395865845, 0.6852762395865845, 0.6852762395865845, 0.6852762395865845, 0.6852762395865845, 0.6852762395865845, 0.6867236080076371, 0.6852762395865845], "f1": [0.6666666666666666, 0.6666666666666666, 0.6666666666666666, 0.6666666666666666, 0.6666666666666666, 0.6666666666666666, 0.6666666666666666, 0.6666666666666666, 0.6666666666666666, 0.6666666666666666], "auprc": [0.6772839693141418, 0.696483396902509, 0.6772839693141418, 0.6772839693141418, 0.6772839693141418, 0.6772839693141418, 0.6772839693141418, 0.6772839693141418, 0.6787386476767149, 0.6772839693141418]}