{"auroc": [0.5375, 0.5375, 0.5375, 0.5375, 0.5375, 0.5375, 0.5375, 0.5375, 0.4625000000000001, 0.5375], "acc": [0.475, 0.5, 0.5, 0.5, 0.475, 0.5, 0.5, 0.5, 0.5, 0.5], "aps": [0.6116288070148364, 0.6116288070148364, 0.6116288070148364, 0.6116288070148364, 0.6116288070148364, 0.6116288070148364, 0.6116288070148364, 0.6116288070148364, 0.5887086615414618, 0.6116288070148364], "f1": [0.6440677966101694, 0.6666666666666666, 0.6666666666666666, 0.6666666666666666, 0.6440677966101694, 0.6666666666666666, 0.6666666666666666, 0.6666666666666666, 0.0, 0.6666666666666666], "auprc": [0.5978485765699304, 0.5978485765699304, 0.5978485765699304, 0.5978485765699304, 0.5978485765699304, 0.5978485765699304, 0.5978485765699304, 0.5978485765699304, 0.5761228113198802, 0.5978485765699304]}