{"auroc": [0.5750000000000001, 0.5750000000000001, 0.58, 0.5775, 0.5775, 0.5725, 0.5750000000000001, 0.5725, 0.4325, 0.5750000000000001], "acc": [0.5, 0.5, 0.5, 0.5, 0.425, 0.5, 0.5, 0.5, 0.5, 0.5], "aps": [0.6561897523745349, 0.6566179473679474, 0.6631389263889264, 0.6595025627525628, 0.6590743677591504, 0.6554321766169593, 0.6561897523745349, 0.6554321766169593, 0.5596112061135547, 0.6561897523745349], "f1": [0.6666666666666666, 0.6666666666666666, 0.6666666666666666, 0.6666666666666666, 0.5818181818181818, 0.6666666666666666, 0.6666666666666666, 0.6666666666666666, 0.6666666666666666, 0.6666666666666666], "auprc": [0.645507382459992, 0.6459386938583878, 0.6526587793284733, 0.648896153065847, 0.6484648416674511, 0.6447505703876556, 0.645507382459992, 0.6447505703876556, 0.5463731945606392, 0.645507382459992]}