{"auroc": [0.5825, 0.5800000000000001, 0.5825, 0.42000000000000004, 0.41750000000000004, 0.5825, 0.5800000000000001, 0.5825, 0.5825, 0.5825], "acc": [0.5, 0.5, 0.5, 0.5, 0.5, 0.5, 0.5, 0.5, 0.5, 0.5], "aps": [0.6825774352804386, 0.6813916645294504, 0.6825774352804386, 0.5586322166002256, 0.5573164271265414, 0.6825774352804386, 0.6813916645294504, 0.6825774352804386, 0.6825774352804386, 0.6825774352804386], "f1": [0.6666666666666666, 0.6666666666666666, 0.6666666666666666, 0.0, 0.0, 0.6666666666666666, 0.6666666666666666, 0.6666666666666666, 0.6666666666666666, 0.6666666666666666], "auprc": [0.673934872780703, 0.6727467493099708, 0.673934872780703, 0.5454042671939674, 0.5440927776858835, 0.673934872780703, 0.6727467493099708, 0.673934872780703, 0.673934872780703, 0.673934872780703]}