{"auroc": [0.5166666666666667, 0.5583333333333333, 0.4416666666666667, 0.755, 0.5433333333333333, 0.4966666666666667, 0.45, 0.6283333333333333, 0.4100000000000001, 0.3633333333333334], "acc": [0.4897959183673469, 0.4897959183673469, 0.4897959183673469, 0.5102040816326531, 0.4897959183673469, 0.4897959183673469, 0.4897959183673469, 0.4897959183673469, 0.4897959183673469, 0.4897959183673469], "aps": [0.5582450689014538, 0.5965997110911937, 0.5281846859350221, 0.7344977762602509, 0.6213612773221244, 0.5452720995942513, 0.5441335362094459, 0.6576762365555504, 0.4878143287944837, 0.4867859800916538], "f1": [0.0, 0.0, 0.0, 0.6756756756756758, 0.0, 0.0, 0.0, 0.0, 0.0, 0.0], "auprc": [0.5448504193223532, 0.5845637204056338, 0.5146836206702825, 0.7205712696928237, 0.6066271220903744, 0.5307193197154957, 0.5322282318987519, 0.6466824047725686, 0.4707913391961432, 0.47333033026075]}