{"auroc": [0.5566666666666666, 0.3833333333333333, 0.35500000000000004, 0.5733333333333333, 0.43999999999999995, 0.27666666666666667, 0.32000000000000006, 0.3516666666666667, 0.39, 0.33333333333333337], "acc": [0.4897959183673469, 0.4897959183673469, 0.4897959183673469, 0.4897959183673469, 0.4897959183673469, 0.4897959183673469, 0.4897959183673469, 0.4897959183673469, 0.4897959183673469, 0.4897959183673469], "aps": [0.5459414704767466, 0.4654709417761496, 0.4276733582156401, 0.5673577818176325, 0.479032801615541, 0.39261235193676775, 0.4194749531714462, 0.43189094712364884, 0.4383166723335862, 0.4184439776233194], "f1": [0.0, 0.0, 0.0, 0.0, 0.0, 0.0, 0.0, 0.0, 0.0, 0.0], "auprc": [0.5150110918745396, 0.4488912980527207, 0.4058151684153284, 0.5483857475723791, 0.45497890673546953, 0.37470175187804594, 0.3942235207290269, 0.4053201810577318, 0.41772558829330786, 0.3960250360814133]}