{"auroc": [0.39333333333333337, 0.4166666666666667, 0.29666666666666663, 0.6083333333333333, 0.30333333333333334, 0.275, 0.31, 0.33999999999999997, 0.3933333333333333, 0.5683333333333334], "acc": [0.4897959183673469, 0.4897959183673469, 0.4897959183673469, 0.4897959183673469, 0.4897959183673469, 0.4897959183673469, 0.4897959183673469, 0.4897959183673469, 0.4897959183673469, 0.4897959183673469], "aps": [0.4899413619988965, 0.48425637270601946, 0.41916123669195304, 0.5876189732535416, 0.4331564698540002, 0.4069863725478732, 0.43902221695269705, 0.46644003544647, 0.4736489259691464, 0.5634804408938534], "f1": [0.0, 0.0, 0.0, 0.0, 0.0, 0.0, 0.0, 0.0, 0.0, 0.0], "auprc": [0.4729405768471492, 0.46684398877778116, 0.3927210610869801, 0.5700662253534178, 0.41826149939742774, 0.38178053172307946, 0.4232195524102357, 0.44892446908746697, 0.4562857631991447, 0.5464496434146422]}