{"auroc": [0.3666666666666667, 0.31666666666666665, 0.59, 0.34833333333333333, 0.49999999999999994, 0.27166666666666667, 0.42, 0.7133333333333334, 0.45833333333333337, 0.40666666666666673], "acc": [0.4897959183673469, 0.4897959183673469, 0.4897959183673469, 0.4897959183673469, 0.4897959183673469, 0.4897959183673469, 0.4897959183673469, 0.5102040816326531, 0.4897959183673469, 0.4897959183673469], "aps": [0.4292205310429233, 0.4423794131850099, 0.5625524388326816, 0.4270666246675796, 0.5306404136157429, 0.3956270757557049, 0.4670105748154054, 0.7063576818951646, 0.49951796329639686, 0.47409130395697907], "f1": [0.0, 0.0, 0.0, 0.0, 0.0, 0.0, 0.0, 0.6756756756756758, 0.0, 0.0], "auprc": [0.40785245271018733, 0.425765990874981, 0.5374557050384515, 0.40380239589140443, 0.5129069472937499, 0.37429451657770346, 0.4394417284273395, 0.692195132555566, 0.4825671406087969, 0.45744886686429775]}