{"auroc": [0.5316666666666666, 0.5116666666666667, 0.42833333333333334, 0.615, 0.645, 0.5333333333333333, 0.5233333333333333, 0.71, 0.5050000000000001, 0.36833333333333335], "acc": [0.4897959183673469, 0.4897959183673469, 0.4897959183673469, 0.4897959183673469, 0.4897959183673469, 0.4897959183673469, 0.4897959183673469, 0.4897959183673469, 0.4897959183673469, 0.4897959183673469], "aps": [0.5810250703478869, 0.556594711615589, 0.48179329033487134, 0.6111087535345564, 0.6307679574953267, 0.564377626975341, 0.5140414981404129, 0.6989827484437301, 0.5325229705536576, 0.47815145744618454], "f1": [0.0, 0.0, 0.0, 0.0, 0.0, 0.0, 0.0, 0.0, 0.0, 0.0], "auprc": [0.5657492714547145, 0.5415624481650608, 0.4585934147901111, 0.5914778603915706, 0.6142071257404406, 0.550572279759358, 0.49147206394557, 0.6862911797765435, 0.5025149193460983, 0.4593434046476707]}