{"auroc": [0.5416666666666666, 0.5783333333333334, 0.35000000000000003, 0.30833333333333335, 0.3833333333333333, 0.42333333333333334, 0.5116666666666667, 0.5833333333333334, 0.5549999999999999, 0.5583333333333333], "acc": [0.4897959183673469, 0.4897959183673469, 0.4897959183673469, 0.4897959183673469, 0.4897959183673469, 0.4897959183673469, 0.4897959183673469, 0.4897959183673469, 0.4897959183673469, 0.4897959183673469], "aps": [0.5466047633586442, 0.5647389094011439, 0.4383017526897403, 0.4114481564961556, 0.4663872233993666, 0.464239579084303, 0.5332324298612119, 0.5701823333910279, 0.5547435465369136, 0.5726514533475504], "f1": [0.0, 0.0, 0.0, 0.0, 0.0, 0.0, 0.0, 0.0, 0.0, 0.0], "auprc": [0.5291527446844241, 0.5475075533559473, 0.4106855119126984, 0.389188851598859, 0.4386411249599908, 0.43776811766974966, 0.5145625091556121, 0.5523176986929007, 0.5367870996424633, 0.5535584061313173]}