{"auroc": [0.26166666666666666, 0.30333333333333334, 0.2683333333333333, 0.2783333333333334, 0.29, 0.26333333333333336, 0.30333333333333334, 0.26166666666666666, 0.30166666666666664, 0.265], "acc": [0.4897959183673469, 0.4897959183673469, 0.4897959183673469, 0.4897959183673469, 0.4897959183673469, 0.4897959183673469, 0.4897959183673469, 0.4897959183673469, 0.4897959183673469, 0.4897959183673469], "aps": [0.3876256747772632, 0.4028652943152485, 0.39186469156141723, 0.39587669944305764, 0.39951657253811407, 0.3893037245284722, 0.4063190471475117, 0.3887878823523892, 0.4025782977481508, 0.39076067146803545], "f1": [0.0, 0.0, 0.0, 0.0, 0.0, 0.0, 0.0, 0.0, 0.0, 0.0], "auprc": [0.36994754476951397, 0.38379239762618506, 0.37306612752094226, 0.3764798501643728, 0.380624866712177, 0.370854511936745, 0.3854218264858313, 0.3702955047069451, 0.38322278294007966, 0.3719708556984055]}