{"auroc": [0.6816666666666666, 0.7299999999999999, 0.715, 0.5333333333333333, 0.7116666666666666, 0.6316666666666666, 0.6666666666666667, 0.6466666666666667, 0.38333333333333336, 0.5466666666666667], "acc": [0.4897959183673469, 0.4897959183673469, 0.4897959183673469, 0.4897959183673469, 0.4897959183673469, 0.4897959183673469, 0.4897959183673469, 0.4897959183673469, 0.4897959183673469, 0.4897959183673469], "aps": [0.6964549774552973, 0.7187076894592759, 0.7217909435781771, 0.5707061248717401, 0.7117272780642616, 0.6442002781552472, 0.6850407814373536, 0.627603229193193, 0.4980864282301426, 0.6301374536420769], "f1": [0.0, 0.0, 0.0, 0.0, 0.0, 0.0, 0.0, 0.0, 0.0, 0.0], "auprc": [0.6841140628618706, 0.7065525339782365, 0.7055810723740269, 0.5558288566399537, 0.6994655593053617, 0.6295463963039648, 0.672425973440049, 0.6011948905008624, 0.48394931515914963, 0.6166364953020009]}