{"auroc": [0.4542857142857143, 0.35257142857142854, 0.508, 0.37085714285714283, 0.3651428571428571, 0.33085714285714285, 0.356, 0.39028571428571424, 0.32971428571428574, 0.3422857142857143], "acc": [0.4166666666666667, 0.4166666666666667, 0.4166666666666667, 0.4166666666666667, 0.4166666666666667, 0.4166666666666667, 0.4166666666666667, 0.4166666666666667, 0.4166666666666667, 0.4166666666666667], "aps": [0.6205547138221738, 0.491068331908562, 0.599412626719138, 0.539017463545068, 0.5119658522073912, 0.49715043693489885, 0.49780501804693933, 0.5528157517420433, 0.47718626489611554, 0.48977050295177765], "f1": [0.0, 0.0, 0.0, 0.0, 0.0, 0.0, 0.0, 0.0, 0.0, 0.0], "auprc": [0.6128181862836111, 0.47325755762050703, 0.5810499183530873, 0.527256964565267, 0.5012631452496147, 0.4865461040479328, 0.48194288966490156, 0.543544382245569, 0.4640798000261566, 0.4740629065703134]}