{"auroc": [0.3342857142857143, 0.3388571428571428, 0.3354285714285714, 0.3365714285714286, 0.3868571428571429, 0.32628571428571423, 0.34228571428571425, 0.3308571428571428, 0.32057142857142856, 0.3262857142857143], "acc": [0.4166666666666667, 0.4166666666666667, 0.4166666666666667, 0.4166666666666667, 0.4166666666666667, 0.4166666666666667, 0.4166666666666667, 0.4166666666666667, 0.4166666666666667, 0.4166666666666667], "aps": [0.47924047648651225, 0.4819640233342492, 0.4899631617349577, 0.4825216837673715, 0.5742323710330494, 0.47768251420115226, 0.48708141439564634, 0.47825842671237295, 0.4749317534927127, 0.47669872885991804], "f1": [0.0, 0.0, 0.0, 0.0, 0.0, 0.0, 0.0, 0.0, 0.0, 0.0], "auprc": [0.46649596881806493, 0.46883710951010077, 0.4751324713147208, 0.4682395580537208, 0.5652288948650721, 0.46441481479137514, 0.472591281000095, 0.46517374601136324, 0.46182460538054304, 0.4634688831013094]}