{"auroc": [0.4714285714285714, 0.3537142857142857, 0.4051428571428571, 0.2908571428571428, 0.3137142857142857, 0.37657142857142856, 0.3731428571428571, 0.36057142857142854, 0.37657142857142856, 0.34685714285714286], "acc": [0.4166666666666667, 0.4166666666666667, 0.4166666666666667, 0.4166666666666667, 0.4166666666666667, 0.4166666666666667, 0.4166666666666667, 0.4166666666666667, 0.4166666666666667, 0.4166666666666667], "aps": [0.5513681335888033, 0.5174583359387878, 0.5430789504507438, 0.4626138207876175, 0.47651445341715293, 0.5051486905195384, 0.5091530709749585, 0.5155854330834957, 0.5055520292133844, 0.49754797390286576], "f1": [0.0, 0.0, 0.0, 0.0, 0.0, 0.0, 0.0, 0.0, 0.0, 0.0], "auprc": [0.5363499202483191, 0.49815125314986763, 0.5237475784307097, 0.4497571500635704, 0.46320404951264715, 0.49082833835862605, 0.49336110627706764, 0.4963040922988568, 0.4914597215730545, 0.48218123626195375]}