{"auroc": [0.4131428571428571, 0.5068571428571429, 0.4565714285714286, 0.48628571428571427, 0.41542857142857137, 0.4668571428571428, 0.4188571428571429, 0.43599999999999994, 0.35257142857142854, 0.3262857142857143], "acc": [0.4166666666666667, 0.4166666666666667, 0.4166666666666667, 0.4166666666666667, 0.4166666666666667, 0.4166666666666667, 0.4166666666666667, 0.4166666666666667, 0.4166666666666667, 0.4166666666666667], "aps": [0.5233544795024474, 0.6504407959704445, 0.5414490439929716, 0.5829008480568341, 0.5295699984615827, 0.5982902555005818, 0.5513120401182074, 0.5995508078547831, 0.5136647926627025, 0.4835776250565219], "f1": [0.0, 0.0, 0.0, 0.0, 0.0, 0.0, 0.0, 0.0, 0.0, 0.0], "auprc": [0.508726828358992, 0.6426792001239338, 0.524574725123262, 0.5643215062202023, 0.5105206449588828, 0.5799977844616252, 0.5323052024333981, 0.5817131886641027, 0.4967956519660905, 0.469021516394474]}