{"auroc": [0.41085714285714287, 0.36628571428571427, 0.29771428571428565, 0.33885714285714286, 0.35485714285714287, 0.37885714285714284, 0.372, 0.3297142857142857, 0.31599999999999995, 0.36742857142857144], "acc": [0.4166666666666667, 0.4166666666666667, 0.4166666666666667, 0.4166666666666667, 0.4166666666666667, 0.4166666666666667, 0.4166666666666667, 0.4166666666666667, 0.4166666666666667, 0.4166666666666667], "aps": [0.5313647441616836, 0.5032007290069165, 0.46525764961223093, 0.48379633794236143, 0.48839090438536686, 0.505609649922654, 0.5005266983216569, 0.48091633709824355, 0.4762515393060069, 0.5006498508234161], "f1": [0.0, 0.0, 0.0, 0.0, 0.0, 0.0, 0.0, 0.0, 0.0, 0.0], "auprc": [0.5163639027260096, 0.488405682521591, 0.4522437858641051, 0.4699690368784022, 0.474254848930876, 0.4873578689104453, 0.4846511040750243, 0.46628932515804417, 0.4619555723579079, 0.4845105951292309]}