{"best_index": [185, 79, 79, 761, 207], "auroc": [0.4688090737240076, 0.39697542533081287, 0.391304347826087, 0.4574669187145558, 0.40264650283553877], "acc": [0.5, 0.3695652173913043, 0.5, 0.45652173913043476, 0.4782608695652174], "aps": [0.511174292033422, 0.4229957708048596, 0.46299817161510504, 0.48277834100289857, 0.44489376232548555], "f1": [0.3783783783783784, 0.0, 0.6666666666666666, 0.2857142857142857, 0.2], "auprc": [0.48349546598897614, 0.40680830562264203, 0.4478499923913457, 0.45884211545011305, 0.42154000350906945]}