{"best_index": [376, 89, 225, 486, 71], "auroc": [0.446124763705104, 0.385633270321361, 0.4782608695652174, 0.5368620037807182, 0.3931947069943289], "acc": [0.4782608695652174, 0.5, 0.5, 0.5, 0.391304347826087], "aps": [0.47457886930787113, 0.41982594546160273, 0.5229952790039962, 0.5507097457101412, 0.4305702221625923], "f1": [0.14285714285714285, 0.0, 0.3428571428571428, 0.5490196078431373, 0.06666666666666667], "auprc": [0.44741285474948006, 0.40249014010204937, 0.5063318762992294, 0.5232170794487991, 0.4088774445135126]}