{"best_index": [91, 240, 291, 237, 524], "auroc": [0.3459357277882797, 0.4120982986767486, 0.43667296786389415, 0.5122873345935728, 0.4688090737240076], "acc": [0.43478260869565216, 0.5434782608695652, 0.45652173913043476, 0.5434782608695652, 0.5434782608695652], "aps": [0.4134863774753656, 0.47672120904186793, 0.4670537202094764, 0.593407374334278, 0.5331322964748817], "f1": [0.0, 0.27586206896551724, 0.13793103448275862, 0.3225806451612903, 0.27586206896551724], "auprc": [0.39528700629171915, 0.449328921597358, 0.4434046550303122, 0.580742797514385, 0.5166942870139604]}