{"best_index": [334, 44, 97, 121, 393], "auroc": [0.35160680529300564, 0.3440453686200378, 0.3402646502835539, 0.34215500945179583, 0.37807183364839314], "acc": [0.5, 0.43478260869565216, 0.41304347826086957, 0.45652173913043476, 0.4782608695652174], "aps": [0.44493590018880635, 0.41066249423233725, 0.4116418630808461, 0.4143186544323275, 0.452120840064368], "f1": [0.0, 0.18750000000000003, 0.06896551724137931, 0.07407407407407408, 0.25], "auprc": [0.41788034514867045, 0.3906788654043881, 0.3925764932050813, 0.39238456414398676, 0.42857452215756914]}