{"best_index": [54, 366, 85, 267, 166], "auroc": [0.41398865784499056, 0.41587901701323254, 0.40831758034026466, 0.4839319470699433, 0.37429111531190923], "acc": [0.43478260869565216, 0.5217391304347826, 0.5, 0.45652173913043476, 0.5], "aps": [0.4476782578273771, 0.49489294246632365, 0.4932986493243888, 0.5351221831794045, 0.4841542946418531], "f1": [0.07142857142857142, 0.26666666666666666, 0.0, 0.19354838709677416, 0.20689655172413793], "auprc": [0.4276292075511101, 0.4785472381474106, 0.4768400555270407, 0.5221423957342399, 0.46793971993352035]}