{"best_index": [60, 87, 104, 156, 810], "auroc": [0.3648393194706994, 0.43478260869565216, 0.4593572778827978, 0.446124763705104, 0.5765595463137996], "acc": [0.5, 0.5, 0.391304347826087, 0.41304347826086957, 0.5], "aps": [0.414855432007827, 0.46817702273786216, 0.45441953448167294, 0.4493356710426372, 0.5893919370780711], "f1": [0.0, 0.14814814814814817, 0.1764705882352941, 0.12903225806451613, 0.30303030303030304], "auprc": [0.3963615323325785, 0.44463962461628376, 0.4348171594923933, 0.4287627236229402, 0.5763266401797749]}