{"enet": [{"auroc": [0.5509784075573549, 0.5509784075573549, 0.5509784075573549, 0.5509784075573549, 0.5439608636977058, 0.5442307692307693, 0.5449392712550608, 0.5439608636977058, 0.5445681511470986, 0.5449392712550608], "acc": [0.7326478149100257, 0.7326478149100257, 0.7326478149100257, 0.7326478149100257, 0.7326478149100257, 0.7326478149100257, 0.7326478149100257, 0.7326478149100257, 0.7326478149100257, 0.7326478149100257], "aps": [0.746917435729725, 0.746917435729725, 0.746917435729725, 0.746917435729725, 0.7372894613844133, 0.7372122383376877, 0.7389698976716377, 0.7372894613844133, 0.7376734071963462, 0.7389698976716377], "f1": [0.8456973293768546, 0.8456973293768546, 0.8456973293768546, 0.8456973293768546, 0.8456973293768546, 0.8456973293768546, 0.8456973293768546, 0.8456973293768546, 0.8456973293768546, 0.8456973293768546], "auprc": [0.7440513298618754, 0.7440513298618754, 0.7440513298618754, 0.7440513298618754, 0.734226144231204, 0.7341520963028122, 0.7359669902166834, 0.734226144231204, 0.7346193819423925, 0.7359669902166834]}]}