{"enet": [{"auroc": [0.46634615384615385, 0.5, 0.5, 0.5, 0.5391025641025642, 0.5, 0.5, 0.5, 0.46634615384615385, 0.5], "acc": [0.48586118251928023, 0.7326478149100257, 0.7326478149100257, 0.7326478149100257, 0.6349614395886889, 0.7326478149100257, 0.7326478149100257, 0.7326478149100257, 0.48586118251928023, 0.7326478149100257], "aps": [0.7184992139532485, 0.7326478149100257, 0.7326478149100257, 0.7326478149100257, 0.749375419125835, 0.7326478149100257, 0.7326478149100257, 0.7326478149100257, 0.7184992139532485, 0.7326478149100257], "f1": [0.5901639344262295, 0.8456973293768546, 0.8456973293768546, 0.8456973293768546, 0.7551724137931035, 0.8456973293768546, 0.8456973293768546, 0.8456973293768546, 0.5901639344262295, 0.8456973293768546], "auprc": [0.7877916727612402, 0.8663239074550129, 0.8663239074550129, 0.8663239074550129, 0.8429180773590957, 0.8663239074550129, 0.8663239074550129, 0.8663239074550129, 0.7877916727612402, 0.8663239074550129]}]}