{"auroc": [0.6442645074224023, 0.578525641025641, 0.6904520917678812, 0.6988191632928474, 0.5565958164642375, 0.5042341430499325, 0.5565114709851552, 0.4458670715249663, 0.48992914979757085, 0.48739878542510123], "acc": [0.7326478149100257, 0.7326478149100257, 0.7326478149100257, 0.7326478149100257, 0.7326478149100257, 0.7326478149100257, 0.7326478149100257, 0.26735218508997427, 0.7326478149100257, 0.7326478149100257], "aps": [0.8413561490971752, 0.7783847069047458, 0.8615870390083087, 0.8612245336550275, 0.77917125325494, 0.732522764733496, 0.7767438427286678, 0.7145592904049063, 0.7388560416274115, 0.7400471010461782], "f1": [0.8456973293768546, 0.8456973293768546, 0.8456973293768546, 0.8456973293768546, 0.8456973293768546, 0.8456973293768546, 0.8456973293768546, 0.0, 0.8456973293768546, 0.8456973293768546], "auprc": [0.840827224819329, 0.7773504919262237, 0.8611772427161111, 0.8606777801979727, 0.7780700869569677, 0.7305685186415644, 0.7754471458194092, 0.7131576660344878, 0.737723952757825, 0.7388606379493448]}