{"enet": [{"auroc": [0.497165991902834, 0.5, 0.5375168690958165, 0.5098515519568151, 0.5386977058029689, 0.5280364372469637, 0.5365721997300945, 0.5310053981106613, 0.5375168690958165, 0.5365721997300945], "acc": [0.609254498714653, 0.7326478149100257, 0.7043701799485861, 0.6658097686375322, 0.7249357326478149, 0.6401028277634961, 0.6838046272493573, 0.6683804627249358, 0.7043701799485861, 0.6838046272493573], "aps": [0.7338504975797673, 0.7326478149100257, 0.7503542970166546, 0.734840592536807, 0.7562779285649922, 0.745527945466031, 0.7595754231458254, 0.7462668184424823, 0.7503542970166546, 0.7595754231458254], "f1": [0.7406143344709897, 0.8456973293768546, 0.8205928237129485, 0.7875816993464052, 0.8376327769347497, 0.7552447552447553, 0.8062992125984252, 0.7839195979899498, 0.8205928237129485, 0.8062992125984252], "auprc": [0.7893635813093929, 0.8663239074550129, 0.8228614613577405, 0.8012295461048189, 0.7548935905913738, 0.8358723951280195, 0.7578041040972202, 0.8445476212310297, 0.8228614613577405, 0.7578041040972202]}]}