{"enet": [{"auroc": [0.49218960863697714, 0.5, 0.5, 0.537027665317139, 0.5, 0.5072537112010796, 0.5, 0.5, 0.5, 0.5], "acc": [0.6298200514138818, 0.7326478149100257, 0.7326478149100257, 0.6555269922879178, 0.7326478149100257, 0.6786632390745502, 0.7326478149100257, 0.7326478149100257, 0.7326478149100257, 0.7326478149100257], "aps": [0.7206483280068279, 0.7326478149100257, 0.7326478149100257, 0.7505083687218397, 0.7326478149100257, 0.7360218724335148, 0.7326478149100257, 0.7326478149100257, 0.7326478149100257, 0.7326478149100257], "f1": [0.7491289198606271, 0.8456973293768546, 0.8456973293768546, 0.7751677852348993, 0.8456973293768546, 0.7993579454253612, 0.8456973293768546, 0.8456973293768546, 0.8456973293768546, 0.8456973293768546], "auprc": [0.7842661536824443, 0.8663239074550129, 0.8663239074550129, 0.8497255438371198, 0.8663239074550129, 0.8496794062282959, 0.8663239074550129, 0.8663239074550129, 0.8663239074550129, 0.8663239074550129]}]}