{"auroc": [0.5850202429149798, 0.5053981106612685, 0.5168016194331984, 0.5396086369770581, 0.5730431848852902, 0.5615047233468285, 0.5343960863697705, 0.5350371120107963, 0.5631578947368421, 0.6601214574898786], "acc": [0.7326478149100257, 0.7326478149100257, 0.7326478149100257, 0.7326478149100257, 0.26735218508997427, 0.7326478149100257, 0.26735218508997427, 0.7326478149100257, 0.26735218508997427, 0.7326478149100257], "aps": [0.7743083899781147, 0.7168797177703894, 0.7306947836798747, 0.7346042465251759, 0.7905681739580548, 0.765041263624087, 0.7675112406603388, 0.7768584420318292, 0.7595957799993236, 0.8500507163334302], "f1": [0.8456973293768546, 0.8456973293768546, 0.8456973293768546, 0.8456973293768546, 0.0, 0.8456973293768546, 0.0, 0.8456973293768546, 0.0, 0.8456973293768546], "auprc": [0.7730235944315049, 0.7141214710074635, 0.7277095804958336, 0.7324218399346669, 0.7897769062558396, 0.763855065198335, 0.7662026956878066, 0.7760997498247217, 0.7580786349967594, 0.8496188672264889]}