{"auroc": [0.6502361673414305, 0.6357793522267207, 0.6727901484480432, 0.6475708502024292, 0.7459851551956814, 0.5987179487179486, 0.5442307692307693, 0.5032557354925775, 0.6921727395411605, 0.7076248313090419], "acc": [0.7326478149100257, 0.7326478149100257, 0.26735218508997427, 0.7326478149100257, 0.7326478149100257, 0.26735218508997427, 0.26735218508997427, 0.7326478149100257, 0.26735218508997427, 0.7326478149100257], "aps": [0.8164359180285767, 0.8121531257757029, 0.8363316763684769, 0.8008111762247163, 0.8640877247843086, 0.7876108055325919, 0.7636312480481245, 0.7426475357178353, 0.8556704051445356, 0.841669450885185], "f1": [0.8456973293768546, 0.8456973293768546, 0.0, 0.8456973293768546, 0.8456973293768546, 0.0, 0.0, 0.8456973293768546, 0.0, 0.8456973293768546], "auprc": [0.8154311874513854, 0.8114244815042136, 0.8355679767546398, 0.799684763719233, 0.8635726643198764, 0.7868415899845943, 0.7635011974623015, 0.7411418068827673, 0.8552458701310531, 0.8408445837631422]}