{"enet": [{"auroc": [0.5352395411605937, 0.5071693657219973, 0.5226045883940619, 0.5071693657219973, 0.49031713900134943, 0.49031713900134943, 0.5352395411605937, 0.6014170040485831, 0.5352395411605937, 0.48512145748987856], "acc": [0.609254498714653, 0.6298200514138818, 0.6658097686375322, 0.6298200514138818, 0.6195372750642674, 0.6195372750642674, 0.609254498714653, 0.7172236503856041, 0.609254498714653, 0.6041131105398457], "aps": [0.7640433927857493, 0.7348940253294175, 0.7422199888745926, 0.7348940253294175, 0.7310270635443283, 0.7310270635443283, 0.7640433927857493, 0.8040042850911495, 0.7640433927857493, 0.7259961813557239], "f1": [0.7406143344709897, 0.7534246575342466, 0.7840531561461794, 0.7534246575342466, 0.7457044673539519, 0.7457044673539519, 0.7406143344709897, 0.8343373493975905, 0.7406143344709897, 0.7317073170731706], "auprc": [0.764454386532574, 0.8356836128949856, 0.8464002569663379, 0.8356836128949856, 0.7295484668982551, 0.7295484668982551, 0.764454386532574, 0.803133163210952, 0.764454386532574, 0.8249458729611143]}]}