{"best_index": [75, 29, 144, 192, 79], "auroc": [0.6446124763705103, 0.6275992438563327, 0.6238185255198488, 0.6408317580340265, 0.6748582230623819], "acc": [0.5, 0.5, 0.5, 0.5, 0.5], "aps": [0.6380480437164611, 0.6747429018460899, 0.6409392886374983, 0.6618897224480633, 0.7046213410534069], "f1": [0.6666666666666666, 0.6666666666666666, 0.6666666666666666, 0.6666666666666666, 0.6666666666666666], "auprc": [0.6255277132307453, 0.664892591157012, 0.6302497462697172, 0.6517352683463695, 0.6969867338218181]}