{"best_index": [62, 91, 246, 113, 164], "auroc": [0.6427221172022685, 0.5368620037807184, 0.6899810964083175, 0.6408317580340264, 0.5671077504725898], "acc": [0.5, 0.4782608695652174, 0.5, 0.5, 0.5], "aps": [0.6247750473658843, 0.6006309476426513, 0.7132262951102891, 0.6821057749402748, 0.6402826727287642], "f1": [0.6666666666666666, 0.6470588235294117, 0.6567164179104478, 0.6567164179104478, 0.6666666666666666], "auprc": [0.5988071695322796, 0.5898763568295842, 0.704102143994358, 0.6733337175044929, 0.6301795085782613]}