{"best_index": [65, 56, 83, 183, 113], "auroc": [0.6805293005671077, 0.551984877126654, 0.6824196597353496, 0.6748582230623817, 0.6616257088846881], "acc": [0.5, 0.5, 0.45652173913043476, 0.5217391304347826, 0.5217391304347826], "aps": [0.7327438460224998, 0.6157482683154161, 0.7040412517800081, 0.7302774197491083, 0.7313332104770763], "f1": [0.6666666666666666, 0.6666666666666666, 0.6268656716417911, 0.6562499999999999, 0.6562499999999999], "auprc": [0.7262367590976235, 0.6034404569883544, 0.69024357015625, 0.7223826102430039, 0.7253235892599943]}