{"auroc": [0.4026465028355387, 0.39697542533081287, 0.44045368620037806, 0.38752362948960306, 0.43289224952741023], "acc": [0.4782608695652174, 0.3695652173913043, 0.391304347826087, 0.43478260869565216, 0.45652173913043476], "aps": [0.440676384396269, 0.42382112168037767, 0.4488285116781001, 0.42545781515381154, 0.4616119553070986], "f1": [0.2, 0.0, 0.125, 0.0, 0.19354838709677416], "auprc": [0.41794835101934286, 0.4074249618375475, 0.43103394598393374, 0.40622465176798594, 0.439879742807877]}