{"auroc": [0.41209829867674863, 0.37051039697542537, 0.42533081285444235, 0.3724007561436673, 0.46124763705103966], "acc": [0.45652173913043476, 0.43478260869565216, 0.4782608695652174, 0.43478260869565216, 0.43478260869565216], "aps": [0.4403025787346226, 0.43259578325588477, 0.4525682862075258, 0.4225049563773711, 0.461373956108126], "f1": [0.13793103448275862, 0.18750000000000003, 0.14285714285714285, 0.0, 0.07142857142857142], "auprc": [0.4192278558146877, 0.40958113678830027, 0.4310539318839849, 0.4022198057469206, 0.4421149241054658]}