{"auroc": [0.389413988657845, 0.42533081285444235, 0.4215500945179585, 0.4007561436672968, 0.387523629489603], "acc": [0.43478260869565216, 0.5, 0.5434782608695652, 0.45652173913043476, 0.5], "aps": [0.43372806716174184, 0.46808321601229974, 0.468795345862617, 0.44719402136062814, 0.44877679727974096], "f1": [0.13333333333333333, 0.20689655172413793, 0.3225806451612903, 0.13793103448275862, 0.25806451612903225], "auprc": [0.41486112937929975, 0.4462514321579042, 0.4470166116450415, 0.42703037615953787, 0.4275425337755914]}