{"auroc": [0.43478260869565216, 0.42344045368620037, 0.40831758034026466, 0.4877126654064272, 0.41776937618147447], "acc": [0.45652173913043476, 0.45652173913043476, 0.45652173913043476, 0.5, 0.4782608695652174], "aps": [0.4501777009883774, 0.4494195131509801, 0.439249248405739, 0.4723940536835601, 0.4407859937203588], "f1": [0.13793103448275862, 0.13793103448275862, 0.13793103448275862, 0.6666666666666666, 0.14285714285714285], "auprc": [0.42900258664100427, 0.4279993380181991, 0.4181771127232304, 0.4525189496638223, 0.4200377669381141]}