{"enet": [{"auroc": [0.48, 0.6799999999999999, 0.56, 0.66, 0.6799999999999999, 0.6799999999999999, 0.56, 0.64, 0.56, 0.6799999999999999], "acc": [0.4, 0.5, 0.7, 0.6, 0.5, 0.5, 0.7, 0.6, 0.7, 0.5], "aps": [0.5311111111111111, 0.6295238095238095, 0.6166666666666667, 0.6333333333333333, 0.6295238095238095, 0.6295238095238095, 0.6166666666666667, 0.5821428571428571, 0.6166666666666667, 0.6295238095238095], "f1": [0.0, 0.0, 0.6666666666666665, 0.6666666666666666, 0.0, 0.0, 0.6666666666666665, 0.6666666666666666, 0.6666666666666665, 0.0], "auprc": [0.4417460317460317, 0.5414285714285714, 0.6623015873015872, 0.7666666666666666, 0.5414285714285714, 0.5414285714285714, 0.6623015873015872, 0.7482142857142857, 0.6623015873015872, 0.5414285714285714]}]}