{"auroc": [0.6399999999999999, 0.6000000000000001, 0.44, 0.56, 0.52, 0.8, 0.48, 0.44, 0.52, 0.44], "acc": [0.5, 0.5, 0.5, 0.5, 0.5, 0.5, 0.5, 0.5, 0.5, 0.5], "aps": [0.7087301587301587, 0.7342857142857142, 0.5911111111111111, 0.6587301587301588, 0.6444444444444444, 0.71, 0.5533333333333333, 0.5301587301587302, 0.5533333333333332, 0.5301587301587302], "f1": [0.0, 0.0, 0.6666666666666666, 0.0, 0.0, 0.0, 0.6666666666666666, 0.0, 0.0, 0.0], "auprc": [0.671031746031746, 0.7115873015873015, 0.5534126984126984, 0.6193650793650793, 0.6050793650793651, 0.6266666666666667, 0.4639682539682539, 0.44126984126984126, 0.4644444444444444, 0.44126984126984126]}