{"auroc": [0.6, 0.52, 0.6, 0.48, 0.56, 0.43999999999999995, 0.6800000000000002, 0.64, 0.27999999999999997, 0.56], "acc": [0.5, 0.5, 0.5, 0.5, 0.5, 0.5, 0.5, 0.5, 0.5, 0.5], "aps": [0.6087301587301588, 0.5644444444444444, 0.731111111111111, 0.6301587301587301, 0.5726190476190476, 0.52, 0.7433333333333334, 0.7533333333333332, 0.42682539682539683, 0.6676190476190476], "f1": [0.0, 0.0, 0.0, 0.6666666666666666, 0.0, 0.0, 0.0, 0.0, 0.6666666666666666, 0.6666666666666666], "auprc": [0.521031746031746, 0.47507936507936505, 0.7084126984126984, 0.5912698412698413, 0.48345238095238097, 0.4306349206349206, 0.7077777777777778, 0.731111111111111, 0.3646031746031746, 0.6282539682539683]}