{"auroc": [0.7200000000000001, 0.56, 0.6, 0.36, 0.4, 0.76, 0.44, 0.64, 0.36, 0.72], "acc": [0.5, 0.5, 0.5, 0.5, 0.5, 0.5, 0.5, 0.5, 0.5, 0.5], "aps": [0.7544444444444445, 0.5866666666666666, 0.731111111111111, 0.5079365079365079, 0.519047619047619, 0.6861904761904761, 0.5301587301587302, 0.6116666666666666, 0.4755555555555555, 0.7295238095238095], "f1": [0.0, 0.0, 0.0, 0.0, 0.6666666666666666, 0.0, 0.0, 0.0, 0.5454545454545454, 0.6666666666666666], "auprc": [0.7188888888888889, 0.4977777777777777, 0.7084126984126984, 0.4192460317460317, 0.4301587301587301, 0.6014285714285714, 0.44126984126984126, 0.5229761904761905, 0.4030555555555555, 0.6914285714285714]}