{"enet": [{"auroc": [0.36, 0.36, 0.36, 0.36, 0.44, 0.36, 0.5, 0.36, 0.36, 0.36], "acc": [0.5, 0.5, 0.5, 0.5, 0.5, 0.5, 0.4, 0.5, 0.5, 0.5], "aps": [0.4888888888888888, 0.5634920634920635, 0.5634920634920635, 0.5634920634920635, 0.5, 0.5634920634920635, 0.52, 0.5634920634920635, 0.5634920634920635, 0.5634920634920635], "f1": [0.28571428571428575, 0.0, 0.0, 0.0, 0.4444444444444445, 0.0, 0.25, 0.0, 0.0, 0.0], "auprc": [0.39972222222222215, 0.5279365079365079, 0.5279365079365079, 0.5279365079365079, 0.5161904761904762, 0.5279365079365079, 0.4533333333333333, 0.5279365079365079, 0.5279365079365079, 0.5279365079365079]}]}