{"enet": [{"auroc": [0.6799999999999999, 0.64, 0.64, 0.64, 0.64, 0.8, 0.8800000000000001, 0.8800000000000001, 0.64, 0.64], "acc": [0.5, 0.5, 0.5, 0.5, 0.5, 0.8, 0.8, 0.8, 0.5, 0.5], "aps": [0.6295238095238095, 0.6926190476190477, 0.6926190476190477, 0.6926190476190477, 0.6926190476190477, 0.7195238095238095, 0.8066666666666668, 0.8066666666666668, 0.6926190476190477, 0.6926190476190477], "f1": [0.0, 0.0, 0.0, 0.0, 0.0, 0.8000000000000002, 0.8000000000000002, 0.8000000000000002, 0.0, 0.0], "auprc": [0.5414285714285714, 0.6534523809523809, 0.6534523809523809, 0.6534523809523809, 0.6534523809523809, 0.7680952380952379, 0.8833333333333334, 0.8833333333333334, 0.6534523809523809, 0.6534523809523809]}]}