{"auroc": [0.43999999999999995, 0.36000000000000004, 0.36, 0.36, 0.48, 0.64, 0.4800000000000001, 0.4000000000000001, 0.48, 0.52], "acc": [0.5, 0.5, 0.5, 0.5, 0.5, 0.5, 0.5, 0.5, 0.5, 0.5], "aps": [0.49777777777777776, 0.48, 0.4553968253968254, 0.4634920634920635, 0.62, 0.6226190476190476, 0.5342857142857143, 0.49428571428571433, 0.52, 0.5533333333333332], "f1": [0.0, 0.0, 0.0, 0.6666666666666666, 0.0, 0.6666666666666666, 0.0, 0.0, 0.6666666666666666, 0.0], "auprc": [0.42507936507936506, 0.39230158730158726, 0.39269841269841266, 0.3912698412698413, 0.5806349206349206, 0.5351190476190475, 0.4449206349206349, 0.40658730158730155, 0.44777777777777783, 0.4644444444444444]}