{"auroc": [0.5575, 0.6175, 0.5375000000000001, 0.585, 0.5075000000000001], "acc": [0.525, 0.525, 0.575, 0.55, 0.55], "aps": [0.6330259612005671, 0.6082338496327621, 0.5623260690898693, 0.6008774364404418, 0.5542190332357443], "f1": [0.4571428571428572, 0.5128205128205129, 0.5405405405405405, 0.47058823529411764, 0.608695652173913], "auprc": [0.6223913122359681, 0.5789680153269984, 0.5323564470047945, 0.583046120265425, 0.5363612134261715]}