{"auroc": [0.5700000000000001, 0.5225, 0.565, 0.52, 0.5325], "acc": [0.5, 0.525, 0.6, 0.5, 0.5], "aps": [0.6199451976276316, 0.5408981848664245, 0.5678958032897394, 0.597277203033143, 0.6062283630553755], "f1": [0.6551724137931034, 0.6415094339622641, 0.6190476190476191, 0.4736842105263158, 0.5238095238095238], "auprc": [0.6065167509805316, 0.5224683184618139, 0.5505701893517163, 0.5855259431021891, 0.5930815618123496]}