{"auroc": [0.6062857142857142, 0.6599999999999998, 0.5708571428571428, 0.6714285714285714, 0.616, 0.6537142857142857, 0.62, 0.5920000000000001, 0.6028571428571428, 0.6337142857142857], "acc": [0.4166666666666667, 0.4166666666666667, 0.5833333333333334, 0.4166666666666667, 0.5833333333333334, 0.4166666666666667, 0.4166666666666667, 0.4166666666666667, 0.4166666666666667, 0.4166666666666667], "aps": [0.7644471882686684, 0.7820522625575815, 0.6569581700687982, 0.7910728104757824, 0.7049177811359676, 0.7112133060420501, 0.7107689160808883, 0.71619465128172, 0.723570794318186, 0.7553737405601527], "f1": [0.0, 0.0, 0.7368421052631579, 0.0, 0.7368421052631579, 0.0, 0.0, 0.0, 0.0, 0.0], "auprc": [0.7622583768263423, 0.7781869358701151, 0.6386043104608832, 0.7878343623155689, 0.6948689014565842, 0.7006199812836043, 0.7032510124119847, 0.7103587240041865, 0.718169743220649, 0.7514879500126254]}