{"auroc": [0.692, 0.6017142857142858, 0.5942857142857143, 0.6348571428571429, 0.6782857142857143, 0.6131428571428572, 0.4937142857142857, 0.7337142857142857, 0.6234285714285714, 0.6537142857142857], "acc": [0.5833333333333334, 0.5833333333333334, 0.5833333333333334, 0.5833333333333334, 0.4166666666666667, 0.5833333333333334, 0.4166666666666667, 0.5833333333333334, 0.5833333333333334, 0.4166666666666667], "aps": [0.7497085234158329, 0.7371755519784469, 0.7334566297802024, 0.6459406774256816, 0.7940152164734992, 0.6397823700517622, 0.6036161918504458, 0.7988733407415716, 0.7466934788724112, 0.701980692657454], "f1": [0.7368421052631579, 0.7368421052631579, 0.7368421052631579, 0.7368421052631579, 0.0, 0.7368421052631579, 0.0, 0.7368421052631579, 0.7368421052631579, 0.0], "auprc": [0.7441446649460569, 0.7330112435468308, 0.7284791092849868, 0.629801740933807, 0.7920664999632075, 0.6238186857767385, 0.5947673160947781, 0.7949455804530554, 0.743866757569322, 0.6932096129660418]}