{"auroc": [0.5102857142857142, 0.41942857142857143, 0.5651428571428572, 0.5994285714285714, 0.6411428571428571, 0.48857142857142855, 0.37771428571428567, 0.6594285714285715, 0.6268571428571429, 0.5331428571428571], "acc": [0.4166666666666667, 0.5833333333333334, 0.4166666666666667, 0.5833333333333334, 0.5833333333333334, 0.5833333333333334, 0.4166666666666667, 0.5833333333333334, 0.5833333333333334, 0.5833333333333334], "aps": [0.6152233925016111, 0.5936930107049149, 0.6541906229148085, 0.7585258848496664, 0.7278336342797653, 0.6327526191434957, 0.5323711023119906, 0.7240881470418433, 0.7157476457584013, 0.6520522995387714], "f1": [0.0, 0.7368421052631579, 0.0, 0.7368421052631579, 0.7368421052631579, 0.7368421052631579, 0.0, 0.7368421052631579, 0.7368421052631579, 0.7368421052631579], "auprc": [0.5983681794048803, 0.5859085042667855, 0.6429030286704218, 0.7554838264091326, 0.722905841940653, 0.6250497257580673, 0.5280302967901473, 0.7075534947152483, 0.7093706889648742, 0.6433409966141383]}