{"enet": [{"auroc": [0.5731428571428572, 0.5228571428571428, 0.5731428571428572, 0.5228571428571428, 0.5228571428571428, 0.5731428571428572, 0.49542857142857144, 0.6074285714285714, 0.5228571428571428, 0.6257142857142857], "acc": [0.4166666666666667, 0.4166666666666667, 0.4166666666666667, 0.4166666666666667, 0.4166666666666667, 0.4166666666666667, 0.4166666666666667, 0.4166666666666667, 0.4166666666666667, 0.5833333333333334], "aps": [0.6309047127364352, 0.6071655594642839, 0.6309047127364352, 0.6071655594642839, 0.6071655594642839, 0.6309047127364352, 0.5814628699429208, 0.6884870109346151, 0.6071655594642839, 0.7174613334992563], "f1": [0.0, 0.0, 0.0, 0.0, 0.0, 0.0, 0.0, 0.0, 0.0, 0.7126436781609196], "auprc": [0.6119204134129907, 0.5879703351474179, 0.6119204134129907, 0.5879703351474179, 0.5879703351474179, 0.6119204134129907, 0.56449800701423, 0.6799183139712295, 0.5879703351474179, 0.7113878407061405]}]}