{"enet": [{"auroc": [0.5, 0.5, 0.5205714285714286, 0.5, 0.5, 0.5, 0.5, 0.692, 0.5, 0.6908571428571427], "acc": [0.5833333333333334, 0.4166666666666667, 0.4166666666666667, 0.4166666666666667, 0.4166666666666667, 0.4166666666666667, 0.4166666666666667, 0.4166666666666667, 0.4166666666666667, 0.6166666666666667], "aps": [0.5833333333333334, 0.5833333333333334, 0.6251919855768844, 0.5833333333333334, 0.5833333333333334, 0.5833333333333334, 0.5833333333333334, 0.7883739242606801, 0.5833333333333334, 0.7515130868129989], "f1": [0.7368421052631579, 0.0, 0.0, 0.0, 0.0, 0.0, 0.0, 0.0, 0.0, 0.7088607594936709], "auprc": [0.7916666666666667, 0.7916666666666667, 0.6140697025819796, 0.7916666666666667, 0.7916666666666667, 0.7916666666666667, 0.7916666666666667, 0.7839943856914633, 0.7916666666666667, 0.744749710084188]}]}