{"auroc": [0.45199999999999996, 0.5022857142857142, 0.40399999999999997, 0.5834285714285715, 0.5022857142857142, 0.4417142857142857, 0.5525714285714285, 0.516, 0.5422857142857143, 0.37771428571428567], "acc": [0.5833333333333334, 0.4166666666666667, 0.4166666666666667, 0.5833333333333334, 0.5833333333333334, 0.5833333333333334, 0.5833333333333334, 0.5833333333333334, 0.5833333333333334, 0.5833333333333334], "aps": [0.5959342434686035, 0.6483741023058188, 0.5401074143271669, 0.7192111304624117, 0.6544993417235095, 0.6127537695341306, 0.6945414916902997, 0.6440810075683199, 0.650772418893164, 0.5199413401998301], "f1": [0.7368421052631579, 0.0, 0.0, 0.7368421052631579, 0.7368421052631579, 0.7368421052631579, 0.7368421052631579, 0.7368421052631579, 0.7368421052631579, 0.7368421052631579], "auprc": [0.5909615610267338, 0.6440295046795129, 0.5241338098898748, 0.7164022081053241, 0.6488156059538855, 0.6066585258607465, 0.6913774881119938, 0.6357306752863878, 0.6422330508302475, 0.5011277850700615]}