{"auroc": [0.5708571428571428, 0.6165714285714285, 0.570857142857143, 0.5017142857142857, 0.5057142857142857, 0.6245714285714286, 0.5771428571428572, 0.5091428571428571, 0.6411428571428571, 0.6199999999999999], "acc": [0.5833333333333334, 0.5833333333333334, 0.4166666666666667, 0.5833333333333334, 0.5833333333333334, 0.5833333333333334, 0.5833333333333334, 0.5833333333333334, 0.4166666666666667, 0.5833333333333334], "aps": [0.6749541796668829, 0.7054338061569846, 0.6895385139253448, 0.6517683082004682, 0.6138901927894277, 0.7073595852982532, 0.6663984442220524, 0.6318899195271162, 0.7276148865107682, 0.700344657773945], "f1": [0.7368421052631579, 0.7368421052631579, 0.0, 0.7368421052631579, 0.7368421052631579, 0.7368421052631579, 0.7368421052631579, 0.7368421052631579, 0.0, 0.7368421052631579], "auprc": [0.6652964737651234, 0.6985887464575431, 0.6828321776922297, 0.6458714635440523, 0.6025034929494898, 0.6979952187467787, 0.6555043785936776, 0.6214900123359991, 0.7214735455953547, 0.6904211878705472]}