{"auroc": [0.7205714285714286, 0.5085714285714286, 0.6114285714285714, 0.6542857142857144, 0.6485714285714286, 0.6754285714285715, 0.6371428571428572, 0.6428571428571429, 0.6531428571428571, 0.5422857142857143], "acc": [0.4166666666666667, 0.4166666666666667, 0.4166666666666667, 0.4166666666666667, 0.4166666666666667, 0.4166666666666667, 0.4166666666666667, 0.4166666666666667, 0.4166666666666667, 0.5833333333333334], "aps": [0.8028893622332096, 0.5730103975655167, 0.7250864355741423, 0.7587390405295316, 0.7379175791551108, 0.7598278535539039, 0.7638487076304556, 0.7288671475689205, 0.7757724968908096, 0.6461526868131636], "f1": [0.0, 0.0, 0.0, 0.0, 0.0, 0.0, 0.0, 0.0, 0.0, 0.7368421052631579], "auprc": [0.804883877527565, 0.5334019170575058, 0.7295382762190851, 0.7543441185687504, 0.7290148561613132, 0.7520252830667078, 0.7601675402584407, 0.719581304412754, 0.7725185085614075, 0.6270700540855707]}