{"auroc": [0.5537142857142857, 0.6645714285714286, 0.6297142857142857, 0.6462857142857144, 0.6428571428571428, 0.645142857142857, 0.4794285714285714, 0.5960000000000001, 0.6588571428571428, 0.588], "acc": [0.4166666666666667, 0.4166666666666667, 0.4166666666666667, 0.4166666666666667, 0.4166666666666667, 0.4166666666666667, 0.4166666666666667, 0.4166666666666667, 0.4166666666666667, 0.4166666666666667], "aps": [0.640502820191232, 0.7644835844246601, 0.7123644138796802, 0.6642376501692554, 0.6733947260745372, 0.6608691503110099, 0.6440206825168985, 0.647054466596633, 0.7025194765621688, 0.702953851548471], "f1": [0.0, 0.0, 0.0, 0.0, 0.0, 0.0, 0.0, 0.0, 0.0, 0.0], "auprc": [0.6318541284542945, 0.7602047003082649, 0.7053414515774016, 0.6481584579250543, 0.6551177407255009, 0.6445654688654257, 0.6406290340103512, 0.6336573644394564, 0.6925729654824956, 0.697158365024215]}