{"auroc": [0.46799999999999997, 0.5245714285714286, 0.6782857142857143, 0.3354285714285714, 0.5588571428571428, 0.5634285714285714, 0.5617142857142857, 0.516, 0.5754285714285714, 0.5274285714285714], "acc": [0.5833333333333334, 0.5833333333333334, 0.4166666666666667, 0.5833333333333334, 0.4166666666666667, 0.4166666666666667, 0.5833333333333334, 0.5833333333333334, 0.5833333333333334, 0.5833333333333334], "aps": [0.6123187402501103, 0.6758706481672306, 0.7421759859233741, 0.48381542578619613, 0.6973979563810154, 0.6480846202931738, 0.6559477188026812, 0.6720423166810311, 0.7121486165446838, 0.6362519168745303], "f1": [0.7368421052631579, 0.7368421052631579, 0.0, 0.7368421052631579, 0.0, 0.0, 0.7368421052631579, 0.7368421052631579, 0.7368421052631579, 0.7368421052631579], "auprc": [0.604940782788762, 0.6727246666009081, 0.7318971586563778, 0.46720320684571137, 0.6936684851024408, 0.6317373357023499, 0.6391632373364746, 0.665518481446429, 0.7079472674748737, 0.6187744984224759]}