{"auroc": [0.6171428571428571, 0.6382857142857142, 0.644, 0.5251428571428571, 0.6542857142857144, 0.6371428571428571, 0.6405714285714286, 0.36342857142857143, 0.2874285714285714, 0.7479999999999999], "acc": [0.4166666666666667, 0.4166666666666667, 0.4166666666666667, 0.5833333333333334, 0.4166666666666667, 0.4166666666666667, 0.4166666666666667, 0.4166666666666667, 0.5833333333333334, 0.5833333333333334], "aps": [0.6957968392691697, 0.7298356916067329, 0.732794910782528, 0.6063504567292701, 0.7429915924430252, 0.7134502751782854, 0.741194323208484, 0.5633792111521547, 0.49204936449849146, 0.7757446307837499], "f1": [0.0, 0.0, 0.0, 0.7368421052631579, 0.0, 0.0, 0.0, 0.0, 0.7368421052631579, 0.7368421052631579], "auprc": [0.6872176505498221, 0.7203133336825348, 0.7233097823292881, 0.5875651425579809, 0.7367499978358071, 0.6967576643363664, 0.7341487702991696, 0.556002500230974, 0.4803443822603598, 0.7600155143969651]}