{"enet": [{"auroc": [0.4188571428571428, 0.3994285714285714, 0.4474285714285714, 0.4188571428571428, 0.36857142857142855, 0.4188571428571428, 0.3914285714285714, 0.39599999999999996, 0.36857142857142855, 0.3994285714285714], "acc": [0.4166666666666667, 0.4166666666666667, 0.5833333333333334, 0.4166666666666667, 0.4166666666666667, 0.4166666666666667, 0.4166666666666667, 0.4166666666666667, 0.4166666666666667, 0.4166666666666667], "aps": [0.5508564818454865, 0.5271319315880834, 0.5656569526641202, 0.5508564818454865, 0.49890825608013367, 0.5508564818454865, 0.5070121745639367, 0.5213002182861779, 0.49890825608013367, 0.5271319315880834], "f1": [0.0, 0.0, 0.7368421052631579, 0.0, 0.0, 0.0, 0.0, 0.0, 0.0, 0.0], "auprc": [0.5390785623568203, 0.5112688765070409, 0.5501138307783531, 0.5390785623568203, 0.4839413645087298, 0.5390785623568203, 0.49220646415614955, 0.5056536109161742, 0.4839413645087298, 0.5112688765070409]}]}