{"auroc": [0.4057142857142857, 0.5737142857142857, 0.6485714285714286, 0.5457142857142857, 0.5531428571428572, 0.5880000000000001, 0.5577142857142856, 0.48171428571428565, 0.41142857142857137, 0.6211428571428571], "acc": [0.4166666666666667, 0.4166666666666667, 0.4166666666666667, 0.4166666666666667, 0.4166666666666667, 0.5833333333333334, 0.4166666666666667, 0.4166666666666667, 0.5833333333333334, 0.4166666666666667], "aps": [0.5212292890904332, 0.6635498871264082, 0.771673556929492, 0.6521244879043764, 0.6850385439955917, 0.6716418684043431, 0.7051248352782572, 0.5806381587919315, 0.5513321109591268, 0.710059778822803], "f1": [0.0, 0.0, 0.0, 0.0, 0.0, 0.7368421052631579, 0.0, 0.0, 0.7368421052631579, 0.0], "auprc": [0.5048958377795375, 0.6546108218053077, 0.7680706297637069, 0.6448185765939365, 0.6745850918270231, 0.660116729652196, 0.7010819084485314, 0.5620410407698506, 0.5393297247267622, 0.7039349342206891]}