{"auroc": [0.6205714285714286, 0.4188571428571428, 0.5548571428571428, 0.5720000000000001, 0.6337142857142857, 0.5965714285714285, 0.566857142857143, 0.5708571428571428, 0.58, 0.5777142857142857], "acc": [0.4166666666666667, 0.4166666666666667, 0.4166666666666667, 0.4166666666666667, 0.4166666666666667, 0.5833333333333334, 0.4166666666666667, 0.4166666666666667, 0.4166666666666667, 0.4166666666666667], "aps": [0.7019617410716575, 0.5260161426084993, 0.6632452333247573, 0.672682519990308, 0.734286604261916, 0.696585435494966, 0.6825826761765752, 0.6676534917656924, 0.6750962883526285, 0.6651361748149758], "f1": [0.0, 0.0, 0.0, 0.0, 0.0, 0.7368421052631579, 0.0, 0.0, 0.0, 0.0], "auprc": [0.6834971928545862, 0.511236569580868, 0.6460249296766019, 0.6618639560466811, 0.7268478888985057, 0.6886797144760205, 0.6662899425610382, 0.656625239018953, 0.6646187355358241, 0.6537916102534205]}