{"auroc": [0.5022857142857143, 0.5834285714285714, 0.5468571428571428, 0.5217142857142857, 0.562857142857143, 0.5422857142857143, 0.4874285714285714, 0.5754285714285714, 0.5685714285714285, 0.5594285714285713], "acc": [0.4166666666666667, 0.4166666666666667, 0.4166666666666667, 0.4166666666666667, 0.4166666666666667, 0.4166666666666667, 0.4166666666666667, 0.4166666666666667, 0.4166666666666667, 0.4166666666666667], "aps": [0.6504909405722833, 0.6730006443678309, 0.6499250132311769, 0.6514512841802986, 0.6624158078805338, 0.6483936160962925, 0.6275684212658014, 0.6625840596150308, 0.6629204350074909, 0.6578681378400763], "f1": [0.0, 0.0, 0.0, 0.0, 0.0, 0.0, 0.0, 0.0, 0.0, 0.0], "auprc": [0.6445476176352883, 0.6623633115379247, 0.6411287430088415, 0.6450595336918097, 0.653716668468298, 0.6396280742151578, 0.6201902768002651, 0.6517419780402122, 0.6521620800638911, 0.6491257546885831]}