{"auroc": [0.46799999999999997, 0.404, 0.5005714285714286, 0.45828571428571424, 0.5125714285714286, 0.396, 0.6165714285714285, 0.4828571428571429, 0.508, 0.4542857142857143], "acc": [0.4166666666666667, 0.4166666666666667, 0.4166666666666667, 0.5833333333333334, 0.4166666666666667, 0.4166666666666667, 0.5833333333333334, 0.4166666666666667, 0.4166666666666667, 0.4166666666666667], "aps": [0.559019879795303, 0.5407773507077364, 0.6099675197892228, 0.541341464691862, 0.6275119575591593, 0.5509953243277596, 0.6764074085514045, 0.6165515346162965, 0.6181974793522673, 0.5921080155131982], "f1": [0.0, 0.0, 0.0, 0.7368421052631579, 0.0, 0.0, 0.7368421052631579, 0.0, 0.0, 0.0], "auprc": [0.54206886318743, 0.5298059208777757, 0.598470144190472, 0.523023792482749, 0.6180232551200054, 0.5386009680758844, 0.6585928833506828, 0.6081015862376052, 0.6086070137575623, 0.5822206886173202]}