{"auroc": [0.3834285714285714, 0.3834285714285714, 0.37542857142857144, 0.3857142857142857, 0.3811428571428571, 0.6222857142857143, 0.38, 0.36971428571428566, 0.3811428571428571, 0.3811428571428571], "acc": [0.4166666666666667, 0.4166666666666667, 0.4166666666666667, 0.5833333333333334, 0.4166666666666667, 0.4166666666666667, 0.4166666666666667, 0.4166666666666667, 0.4166666666666667, 0.5833333333333334], "aps": [0.558337139248558, 0.5592695401809589, 0.5581305268768201, 0.5606931525275236, 0.5589232269430201, 0.6732424979305429, 0.5622048665031203, 0.5197063265425742, 0.5576404569607564, 0.5591394095680833], "f1": [0.0, 0.0, 0.0, 0.7368421052631579, 0.0, 0.0, 0.0, 0.0, 0.0, 0.7368421052631579], "auprc": [0.5489243697995193, 0.5498426012440665, 0.5486920721426772, 0.5512655551492214, 0.5495013484011002, 0.655075367972419, 0.5528446195433062, 0.5008678410850779, 0.5482275075290653, 0.5497204929940215]}