{"enet": [{"auroc": [0.4451428571428571, 0.4451428571428571, 0.4451428571428571, 0.4451428571428571, 0.4268571428571429, 0.4451428571428571, 0.3891428571428572, 0.4451428571428571, 0.4051428571428572, 0.436], "acc": [0.5833333333333334, 0.5833333333333334, 0.5833333333333334, 0.5833333333333334, 0.5833333333333334, 0.5833333333333334, 0.4166666666666667, 0.5833333333333334, 0.5833333333333334, 0.5833333333333334], "aps": [0.5778871572117619, 0.5778871572117619, 0.5778871572117619, 0.5778871572117619, 0.5744681752539581, 0.5778871572117619, 0.5286131455835762, 0.5778871572117619, 0.5718995695265738, 0.5773568342451034], "f1": [0.7368421052631579, 0.7368421052631579, 0.7368421052631579, 0.7368421052631579, 0.7368421052631579, 0.7368421052631579, 0.0, 0.7368421052631579, 0.7368421052631579, 0.7368421052631579], "auprc": [0.5587504223659705, 0.5587504223659705, 0.5587504223659705, 0.5587504223659705, 0.5556008920176809, 0.5587504223659705, 0.5168066784459158, 0.5587504223659705, 0.5596944521637445, 0.5584784408312167]}]}