{"rf": [{"auroc": [0.348], "acc": [0.4166666666666667], "aps": [0.5018422693390358], "f1": [0.0], "auprc": [0.48144033815578346]}], "enet": [{"auroc": [0.32057142857142856], "acc": [0.4166666666666667], "aps": [0.5188640890673326], "f1": [0.0], "auprc": [0.5066852802436783]}]}