{"auroc": [0.6468571428571429, 0.5137142857142857, 0.6451428571428571, 0.4497142857142858, 0.46799999999999997, 0.4531428571428571, 0.6154285714285714, 0.5142857142857142, 0.46114285714285713, 0.6091428571428572], "acc": [0.4166666666666667, 0.4166666666666667, 0.4166666666666667, 0.4166666666666667, 0.4166666666666667, 0.4166666666666667, 0.4166666666666667, 0.4166666666666667, 0.5833333333333334, 0.4166666666666667], "aps": [0.7064331989860827, 0.660794636219572, 0.7327826811734742, 0.5987219422320752, 0.6058891121918106, 0.5938119924032574, 0.6953299068754647, 0.6243649437376803, 0.5389804161943166, 0.7001591238140386], "f1": [0.0, 0.0, 0.0, 0.0, 0.0, 0.0, 0.0, 0.0, 0.7368421052631579, 0.0], "auprc": [0.6989060653993928, 0.6550032846813107, 0.7269688771975099, 0.5914073312217873, 0.598573496547014, 0.5858153130426119, 0.6849409138904127, 0.6130697081678044, 0.5247321845757933, 0.6935442506031373]}