{"auroc": [0.45085714285714285, 0.6177142857142858, 0.4725714285714286, 0.5068571428571429, 0.5542857142857143, 0.6188571428571428, 0.6045714285714285, 0.5051428571428571, 0.644, 0.5388571428571428], "acc": [0.4166666666666667, 0.4166666666666667, 0.4166666666666667, 0.4166666666666667, 0.4166666666666667, 0.4166666666666667, 0.4166666666666667, 0.4166666666666667, 0.4166666666666667, 0.4166666666666667], "aps": [0.6156647077560868, 0.7309266150804101, 0.6014149700325937, 0.5917179143818696, 0.6636176654500421, 0.7074763680872622, 0.7155744011869287, 0.6113273923574944, 0.7395043139833631, 0.6324921844661996], "f1": [0.0, 0.0, 0.0, 0.0, 0.0, 0.0, 0.0, 0.0, 0.0, 0.0], "auprc": [0.6091462995556058, 0.7265203317901076, 0.5917540258437199, 0.5754542323955942, 0.6559241800525832, 0.7013861027850081, 0.7110955454744454, 0.590775505462605, 0.7334918614990973, 0.6206249531776361]}