{"auroc": [0.5668571428571427, 0.5754285714285714, 0.5674285714285714, 0.5674285714285714, 0.5651428571428572, 0.5548571428571427, 0.5262857142857142, 0.5868571428571427, 0.41257142857142853, 0.5708571428571428], "acc": [0.4166666666666667, 0.4166666666666667, 0.4166666666666667, 0.4166666666666667, 0.4166666666666667, 0.4166666666666667, 0.4166666666666667, 0.4166666666666667, 0.5833333333333334, 0.4166666666666667], "aps": [0.6565820621171355, 0.6632723468652605, 0.6556351664821153, 0.6571655470506695, 0.6549722272985262, 0.646493040190623, 0.620297555416199, 0.6685773692065436, 0.6163772860885851, 0.6592717513330046], "f1": [0.0, 0.0, 0.0, 0.0, 0.0, 0.0, 0.0, 0.0, 0.7368421052631579, 0.0], "auprc": [0.6466910823688624, 0.6519739437004326, 0.6441406906608486, 0.6457575503148313, 0.6434792716308751, 0.6348215690774144, 0.6079054461298988, 0.6574457045006746, 0.6107509458681145, 0.647883514596179]}