{"rf": [{"auroc": [0.5057142857142858], "acc": [0.4166666666666667], "aps": [0.6317779549951853], "f1": [0.0], "auprc": [0.6307016832493311]}], "enet": [{"auroc": [0.6154285714285714], "acc": [0.4166666666666667], "aps": [0.6846721878045131], "f1": [0.0], "auprc": [0.6735725992798766]}]}