{"rf": [{"auroc": [0.4634285714285714], "acc": [0.4166666666666667], "aps": [0.5667253108139807], "f1": [0.0]}], "enet": [{"auroc": [0.5091428571428571], "acc": [0.4166666666666667], "aps": [0.6035061435652384], "f1": [0.0]}]}