{"auroc": [0.43599999999999994, 0.6302857142857142, 0.5388571428571429, 0.3685714285714285, 0.5720000000000001, 0.47314285714285714, 0.45257142857142857, 0.45714285714285713, 0.624, 0.6302857142857142], "acc": [0.5833333333333334, 0.5833333333333334, 0.4166666666666667, 0.4166666666666667, 0.5833333333333334, 0.5833333333333334, 0.4166666666666667, 0.5833333333333334, 0.4166666666666667, 0.5833333333333334], "aps": [0.6011809886914778, 0.7421998283927235, 0.7037378826173184, 0.519034789565881, 0.6983895412161109, 0.6323875479675298, 0.6196765453941393, 0.5926817433022081, 0.6993143174808144, 0.7323802410038565], "f1": [0.7368421052631579, 0.7368421052631579, 0.0, 0.0, 0.7368421052631579, 0.7368421052631579, 0.0, 0.7368421052631579, 0.0, 0.7368421052631579], "auprc": [0.5974531473753669, 0.7380127432269269, 0.7004369090847973, 0.5029403468503713, 0.6935629865597014, 0.6248232263374094, 0.6028662758853993, 0.5872669747905229, 0.693993049053745, 0.7262208680539521]}