{"auroc": [0.5182857142857143, 0.47657142857142853, 0.6040000000000001, 0.2611428571428571, 0.31942857142857145, 0.3377142857142857, 0.6634285714285714, 0.4137142857142857, 0.23485714285714285, 0.316], "acc": [0.4166666666666667, 0.5833333333333334, 0.5833333333333334, 0.5833333333333334, 0.5833333333333334, 0.5833333333333334, 0.5833333333333334, 0.4166666666666667, 0.4166666666666667, 0.5833333333333334], "aps": [0.6447465664465635, 0.6299945939047302, 0.7369368307120492, 0.47415537788480233, 0.5141893152045737, 0.5100648289140697, 0.7549135343182881, 0.527056999280708, 0.47607139626054645, 0.5182414979395648], "f1": [0.0, 0.7368421052631579, 0.7368421052631579, 0.7368421052631579, 0.7368421052631579, 0.7368421052631579, 0.7368421052631579, 0.0, 0.0, 0.7368421052631579], "auprc": [0.6287583777832886, 0.6213732577004648, 0.7333913057226453, 0.45536413878128956, 0.5022664037086417, 0.49065472805178145, 0.7488640400313402, 0.5124338608599757, 0.46456267711027194, 0.5060390429484799]}