{"auroc": [0.6794285714285715, 0.7102857142857143, 0.5514285714285714, 0.7548571428571428, 0.5034285714285714, 0.35028571428571426, 0.6942857142857143, 0.6759999999999999, 0.6308571428571428, 0.661142857142857], "acc": [0.5833333333333334, 0.5833333333333334, 0.5833333333333334, 0.4166666666666667, 0.5833333333333334, 0.5833333333333334, 0.4166666666666667, 0.5833333333333334, 0.4166666666666667, 0.5833333333333334], "aps": [0.7224119075650113, 0.7501521918418823, 0.6216107242895487, 0.7894374871968576, 0.6364485734972348, 0.5292181232377662, 0.790583515395606, 0.7404277694628504, 0.6627547938195618, 0.735990917513958], "f1": [0.7368421052631579, 0.7368421052631579, 0.7368421052631579, 0.0, 0.7368421052631579, 0.7368421052631579, 0.0, 0.7368421052631579, 0.0, 0.7368421052631579], "auprc": [0.7141585828337083, 0.7444975299183962, 0.6099128634875598, 0.784830979594327, 0.6311283837896998, 0.5114497754188483, 0.7886152777337, 0.7340247488577066, 0.6443930495889789, 0.7287904221273052]}