{"enet": [{"auroc": [0.5880000000000001, 0.6142857142857143, 0.5765714285714286, 0.5880000000000001, 0.6165714285714285, 0.5880000000000001, 0.5445714285714286, 0.5845714285714285, 0.5765714285714286, 0.5868571428571429], "acc": [0.4166666666666667, 0.4166666666666667, 0.4166666666666667, 0.4166666666666667, 0.4166666666666667, 0.4166666666666667, 0.4166666666666667, 0.4166666666666667, 0.4166666666666667, 0.4166666666666667], "aps": [0.6485135232851768, 0.6809275543243947, 0.6539456089163925, 0.6485135232851768, 0.682218798830286, 0.6485135232851768, 0.6232856040409418, 0.643167141903892, 0.6539456089163925, 0.6457925986580159], "f1": [0.0, 0.0, 0.0, 0.0, 0.0, 0.0, 0.0, 0.0, 0.0, 0.0], "auprc": [0.6297592253746904, 0.669570962386029, 0.6422580176474214, 0.6297592253746904, 0.6708757068630112, 0.6297592253746904, 0.6113291301813258, 0.6243278800077967, 0.6422580176474214, 0.62698459028026]}]}