{"rf": [{"auroc": [0.5554285714285715], "acc": [0.4166666666666667], "aps": [0.605373611895351], "f1": [0.0], "auprc": [0.6094908714473932]}], "enet": [{"auroc": [0.3857142857142857], "acc": [0.4166666666666667], "aps": [0.5178342991408644], "f1": [0.0], "auprc": [0.4989653750338857]}]}