{"enet": [{"auroc": [0.684, 0.6085714285714285, 0.6805714285714285, 0.6885714285714286, 0.6885714285714286, 0.7011428571428571, 0.6085714285714285, 0.6885714285714286, 0.6085714285714285, 0.6085714285714285], "acc": [0.4166666666666667, 0.4166666666666667, 0.4166666666666667, 0.4166666666666667, 0.4166666666666667, 0.4166666666666667, 0.4166666666666667, 0.4166666666666667, 0.4166666666666667, 0.4166666666666667], "aps": [0.759930495399087, 0.6677091207271634, 0.7545034400837572, 0.7593455104574677, 0.7593455104574677, 0.7712013026959635, 0.6677091207271634, 0.7593455104574677, 0.6677091207271634, 0.6677091207271634], "f1": [0.0, 0.0, 0.0, 0.0, 0.0, 0.0, 0.0, 0.0, 0.0, 0.0], "auprc": [0.7543446074973562, 0.6498709682034158, 0.7487191067614382, 0.7535812009476125, 0.7535812009476125, 0.7658324948391332, 0.6498709682034158, 0.7535812009476125, 0.6498709682034158, 0.6498709682034158]}]}