{"rf": [{"auroc": [0.4005714285714286], "acc": [0.4166666666666667], "aps": [0.5231095732514375], "f1": [0.0], "auprc": [0.50403498418866]}], "enet": [{"auroc": [0.36971428571428566], "acc": [0.4166666666666667], "aps": [0.5770892169696091], "f1": [0.0], "auprc": [0.568786397535402]}]}