{"auroc": [0.40399999999999997, 0.5548571428571428, 0.6565714285714286, 0.596, 0.42171428571428565, 0.5845714285714286, 0.4302857142857143, 0.4285714285714285, 0.4702857142857142, 0.48171428571428576], "acc": [0.4166666666666667, 0.4166666666666667, 0.4166666666666667, 0.4166666666666667, 0.4166666666666667, 0.4166666666666667, 0.4166666666666667, 0.4166666666666667, 0.4166666666666667, 0.4166666666666667], "aps": [0.5272885267780264, 0.6422820988954042, 0.7197027128913851, 0.6917436566549844, 0.547304916540707, 0.668496364717242, 0.5410660500701565, 0.5796122194566437, 0.5940264255832937, 0.6174314398062887], "f1": [0.0, 0.0, 0.0, 0.0, 0.0, 0.0, 0.0, 0.0, 0.0, 0.0], "auprc": [0.5109698214589975, 0.6332102909761209, 0.7098045951625402, 0.6834827633074466, 0.5427316760585825, 0.660520635016995, 0.5255559496155157, 0.5695465207705457, 0.577318378765691, 0.6101773815660754]}