{"auroc": [0.6302857142857142, 0.6279999999999999, 0.6245714285714286, 0.6319999999999999, 0.6051428571428572, 0.586857142857143, 0.6222857142857143, 0.6062857142857143, 0.6222857142857143, 0.5879999999999999], "acc": [0.4166666666666667, 0.4166666666666667, 0.4166666666666667, 0.4166666666666667, 0.5833333333333334, 0.5833333333333334, 0.4166666666666667, 0.4166666666666667, 0.4166666666666667, 0.4166666666666667], "aps": [0.7313218589862382, 0.7345917320427925, 0.7347365505522566, 0.7312564270353606, 0.6956944811803267, 0.6858095281971995, 0.7290419975160941, 0.7182790994950894, 0.7104813423512244, 0.7016605950111107], "f1": [0.0, 0.0, 0.0, 0.0, 0.7368421052631579, 0.7368421052631579, 0.0, 0.0, 0.0, 0.0], "auprc": [0.7249765519299026, 0.7289157801081548, 0.7297481774628378, 0.7251772997397056, 0.6874352276227135, 0.6759818989638327, 0.7235596218283833, 0.7126415167225257, 0.7033221637747717, 0.6957146314472384]}