{"rf": [{"auroc": [0.356], "acc": [0.4166666666666667], "aps": [0.49819974305212966], "f1": [0.0], "auprc": [0.48649226227322034]}], "enet": [{"auroc": [0.33085714285714285], "acc": [0.5833333333333334], "aps": [0.5158763598626476], "f1": [0.7368421052631579], "auprc": [0.5037913219285467]}]}