{"auroc": [0.6165714285714285, 0.4645714285714286, 0.5788571428571428, 0.5834285714285714, 0.5834285714285714, 0.5594285714285714, 0.45085714285714285, 0.5822857142857143, 0.4542857142857142, 0.5822857142857143], "acc": [0.4166666666666667, 0.4166666666666667, 0.4166666666666667, 0.4166666666666667, 0.4166666666666667, 0.5833333333333334, 0.4166666666666667, 0.4166666666666667, 0.4166666666666667, 0.4166666666666667], "aps": [0.6937945638879939, 0.5824489692576841, 0.6522947130240115, 0.6589039639294171, 0.6540444759812343, 0.6298479455186192, 0.6174406678968709, 0.6609508174787374, 0.5728731416705148, 0.6522074709709774], "f1": [0.0, 0.0, 0.0, 0.0, 0.0, 0.7368421052631579, 0.0, 0.0, 0.0, 0.0], "auprc": [0.6764701129180494, 0.5707030703736757, 0.6340347193684385, 0.6407399667359852, 0.6356423280884126, 0.6112660510961274, 0.6090071801762162, 0.6495775252193471, 0.5606496100879512, 0.6337522404698896]}