{"auroc": [0.644, 0.4565714285714286, 0.4845714285714285, 0.4885714285714285, 0.42, 0.4714285714285714, 0.3982857142857143, 0.6348571428571428, 0.5011428571428571, 0.5205714285714287], "acc": [0.4166666666666667, 0.4166666666666667, 0.4166666666666667, 0.4166666666666667, 0.4166666666666667, 0.4166666666666667, 0.4166666666666667, 0.4166666666666667, 0.5833333333333334, 0.4166666666666667], "aps": [0.7481680131916684, 0.5870213212622153, 0.6348908490386981, 0.6151036231458806, 0.581721968157001, 0.6240084094479648, 0.5430087327385793, 0.7242433134558676, 0.5982253689183666, 0.6545086510771181], "f1": [0.0, 0.0, 0.0, 0.0, 0.0, 0.0, 0.0, 0.0, 0.7368421052631579, 0.0], "auprc": [0.743599065695466, 0.5770990328802654, 0.6270770060947185, 0.6057885066802449, 0.573515985029851, 0.6125820801919403, 0.5238606767761737, 0.7185765446905671, 0.5794968118842019, 0.6469974323237531]}