{"auroc": [0.6337142857142857, 0.5354285714285714, 0.4594285714285714, 0.5262857142857142, 0.5782857142857143, 0.39371428571428574, 0.588, 0.48628571428571427, 0.692, 0.4097142857142857], "acc": [0.5833333333333334, 0.4166666666666667, 0.5833333333333334, 0.5833333333333334, 0.4166666666666667, 0.5833333333333334, 0.4166666666666667, 0.5833333333333334, 0.5833333333333334, 0.4166666666666667], "aps": [0.7231589917262115, 0.6211055036771214, 0.5484965322135996, 0.5836544205932852, 0.6202624165486771, 0.5182551756249889, 0.6875644179433102, 0.5876649470869056, 0.7852005115775902, 0.5129974314874739], "f1": [0.7368421052631579, 0.0, 0.7368421052631579, 0.7368421052631579, 0.0, 0.7368421052631579, 0.0, 0.7368421052631579, 0.7368421052631579, 0.0], "auprc": [0.7171069978674937, 0.6117472044496383, 0.5324445514242426, 0.5682203177115305, 0.6006588835819788, 0.5019140748931087, 0.6806429508156357, 0.5757552275808612, 0.7817333380700457, 0.49761598852509425]}