{"enet": [{"auroc": [0.6885714285714286, 0.5514285714285714, 0.5502857142857143, 0.5525714285714285, 0.5502857142857143, 0.5502857142857143, 0.5354285714285715, 0.6748571428571428, 0.5514285714285714, 0.6885714285714286], "acc": [0.4166666666666667, 0.4166666666666667, 0.4166666666666667, 0.4166666666666667, 0.4166666666666667, 0.4166666666666667, 0.4166666666666667, 0.4166666666666667, 0.4166666666666667, 0.4166666666666667], "aps": [0.757655498530436, 0.6559340999378525, 0.6575920308754942, 0.6275531484353004, 0.6575920308754942, 0.6575920308754942, 0.6080966829640387, 0.7479784814757917, 0.6559340999378525, 0.757655498530436], "f1": [0.0, 0.0, 0.0, 0.0, 0.0, 0.0, 0.0, 0.0, 0.0, 0.0], "auprc": [0.7488305687379888, 0.6470207186524537, 0.6497827973062706, 0.6169630681125363, 0.6497827973062706, 0.6497827973062706, 0.5889854708705844, 0.738988260732205, 0.6470207186524537, 0.7488305687379888]}]}