{"enet": [{"auroc": [0.5182857142857142, 0.40857142857142853, 0.5868571428571429, 0.5868571428571429, 0.412, 0.39714285714285713, 0.412, 0.412, 0.412, 0.5868571428571429], "acc": [0.4166666666666667, 0.4166666666666667, 0.5833333333333334, 0.5833333333333334, 0.4166666666666667, 0.4166666666666667, 0.4166666666666667, 0.4166666666666667, 0.4166666666666667, 0.5833333333333334], "aps": [0.5730872451207727, 0.5278258521830465, 0.6986794340270818, 0.6986794340270818, 0.541987140446374, 0.5350927179730895, 0.541987140446374, 0.541987140446374, 0.541987140446374, 0.6986794340270818], "f1": [0.0, 0.0, 0.7368421052631579, 0.7368421052631579, 0.0, 0.0, 0.0, 0.0, 0.0, 0.7368421052631579], "auprc": [0.5579823856292055, 0.5091284581188317, 0.6925643523598953, 0.6925643523598953, 0.530696217566503, 0.5234196264689278, 0.530696217566503, 0.530696217566503, 0.530696217566503, 0.6925643523598953]}]}