{"rf": [{"auroc": [0.4354285714285714], "acc": [0.4166666666666667], "aps": [0.565514389185302], "f1": [0.0], "auprc": [0.5364445011123885]}], "enet": [{"auroc": [0.5182857142857142], "acc": [0.4166666666666667], "aps": [0.5730872451207727], "f1": [0.0], "auprc": [0.5579823856292055]}]}