{"enet": [{"auroc": [0.4268571428571429, 0.5, 0.5, 0.5, 0.5, 0.6462857142857142, 0.5, 0.5, 0.5, 0.5], "acc": [0.4166666666666667, 0.4166666666666667, 0.4166666666666667, 0.4166666666666667, 0.4166666666666667, 0.4166666666666667, 0.4166666666666667, 0.4166666666666667, 0.4166666666666667, 0.4166666666666667], "aps": [0.5698479811613496, 0.5833333333333334, 0.5833333333333334, 0.5833333333333334, 0.5833333333333334, 0.7817350216910387, 0.5833333333333334, 0.5833333333333334, 0.5833333333333334, 0.5833333333333334], "f1": [0.0, 0.0, 0.0, 0.0, 0.0, 0.0, 0.0, 0.0, 0.0, 0.0], "auprc": [0.5576765806194562, 0.7916666666666667, 0.7916666666666667, 0.7916666666666667, 0.7916666666666667, 0.7784502701126138, 0.7916666666666667, 0.7916666666666667, 0.7916666666666667, 0.7916666666666667]}]}