{"rf": [{"auroc": [0.5], "acc": [0.4166666666666667], "aps": [0.6019063289651525], "f1": [0.0], "auprc": [0.6357680834571591]}], "enet": [{"auroc": [0.6222857142857143], "acc": [0.4166666666666667], "aps": [0.7104353968611227], "f1": [0.0], "auprc": [0.7036540020086075]}]}