{"enet": [{"auroc": [0.5605714285714285, 0.6862857142857144, 0.5605714285714285, 0.5902857142857143, 0.6005714285714285, 0.5605714285714285, 0.5514285714285714, 0.5834285714285714, 0.5605714285714285, 0.5845714285714286], "acc": [0.4166666666666667, 0.5833333333333334, 0.4166666666666667, 0.4166666666666667, 0.4166666666666667, 0.4166666666666667, 0.4166666666666667, 0.4166666666666667, 0.4166666666666667, 0.4166666666666667], "aps": [0.662645524949894, 0.7810372536143884, 0.662645524949894, 0.6866880869777557, 0.6949105590557236, 0.662645524949894, 0.6705673356983581, 0.6709165409857204, 0.6513729813152485, 0.6723079574053382], "f1": [0.0, 0.7368421052631579, 0.0, 0.0, 0.0, 0.0, 0.0, 0.0, 0.0, 0.0], "auprc": [0.6535679402101073, 0.7759194756171247, 0.6535679402101073, 0.6762148543019634, 0.6869073681263611, 0.6535679402101073, 0.6623340416516399, 0.6620068623783147, 0.6420062527984094, 0.6632968473452002]}]}