{"auroc": [0.5845714285714285, 0.45885714285714285, 0.5559999999999999, 0.4382857142857143, 0.5034285714285714, 0.6365714285714286, 0.5765714285714285, 0.6668571428571428, 0.44628571428571434, 0.6022857142857143], "acc": [0.5833333333333334, 0.4166666666666667, 0.4166666666666667, 0.4166666666666667, 0.4166666666666667, 0.4166666666666667, 0.4166666666666667, 0.5833333333333334, 0.5833333333333334, 0.5833333333333334], "aps": [0.6767278818802165, 0.5484852486596685, 0.6755698330730915, 0.5532706212401726, 0.6030265326009713, 0.7272271011795418, 0.6309452803427475, 0.7341158243388402, 0.5437309676106103, 0.7191804866189094], "f1": [0.7368421052631579, 0.10256410256410256, 0.0, 0.0, 0.0, 0.0, 0.0, 0.7368421052631579, 0.7368421052631579, 0.7368421052631579], "auprc": [0.6659638591974576, 0.5296181648154783, 0.6687069921865924, 0.5338354818835436, 0.5839948135319692, 0.7210368735721878, 0.6124603815952528, 0.7240646315047148, 0.5275259544044761, 0.713226975150887]}