{"auroc": [0.396, 0.6108571428571428, 0.4005714285714285, 0.3411428571428572, 0.36628571428571427, 0.42514285714285716, 0.4211428571428571, 0.4137142857142857, 0.5285714285714286, 0.348], "acc": [0.4166666666666667, 0.4166666666666667, 0.4166666666666667, 0.4166666666666667, 0.4166666666666667, 0.4166666666666667, 0.4166666666666667, 0.4166666666666667, 0.4166666666666667, 0.4166666666666667], "aps": [0.5477311931319554, 0.7305185267142464, 0.5812043340408156, 0.5854397982476809, 0.5534872185624494, 0.605290398265573, 0.5517068265329013, 0.5901862644134885, 0.6176637875596802, 0.5354594304847877], "f1": [0.0, 0.0, 0.0, 0.0, 0.0, 0.0, 0.0, 0.0, 0.0, 0.0], "auprc": [0.5348864258701018, 0.7279653999836451, 0.5727456776318205, 0.5786016893768001, 0.5438738157373931, 0.5973919668677881, 0.5347898833266984, 0.5831732055407265, 0.6056917191050604, 0.525594942208553]}