{"auroc": [0.6405714285714286, 0.6245714285714286, 0.6222857142857142, 0.644, 0.636, 0.636, 0.6891428571428571, 0.6314285714285715, 0.6302857142857143, 0.484], "acc": [0.4166666666666667, 0.4166666666666667, 0.4166666666666667, 0.4166666666666667, 0.4166666666666667, 0.4166666666666667, 0.4166666666666667, 0.4166666666666667, 0.4166666666666667, 0.5833333333333334], "aps": [0.7153731133650492, 0.7060821304681077, 0.6931450800556461, 0.7287123515527923, 0.7244468080883362, 0.7252490945068879, 0.760118193009162, 0.7139635384110379, 0.71187378619972, 0.6489543385936031], "f1": [0.0, 0.0, 0.0, 0.0, 0.0, 0.0, 0.0, 0.0, 0.0, 0.7368421052631579], "auprc": [0.7053889225487343, 0.6981756005807794, 0.6755393241810446, 0.721816050456173, 0.7164365594830329, 0.7173496421971202, 0.7582123031260327, 0.7036949875930153, 0.7017271526112773, 0.6423827524939488]}