{"rf": [{"auroc": [0.44399999999999995], "acc": [0.4166666666666667], "aps": [0.5550697129294421], "f1": [0.0]}], "enet": [{"auroc": [0.508], "acc": [0.4166666666666667], "aps": [0.6085953844307975], "f1": [0.0]}]}