{"rf": [{"auroc": [0.46914285714285714], "acc": [0.4166666666666667], "aps": [0.6100401393805255], "f1": [0.0], "auprc": [0.6356777855870038]}], "enet": [{"auroc": [0.6211428571428571], "acc": [0.4166666666666667], "aps": [0.7021023059753828], "f1": [0.0], "auprc": [0.6920775351666592]}]}