{"auroc": [0.6011428571428571, 0.5011428571428571, 0.5777142857142857, 0.6148571428571429, 0.6451428571428571, 0.6205714285714286, 0.5674285714285714, 0.6211428571428571, 0.6291428571428572, 0.5937142857142856], "acc": [0.5833333333333334, 0.5833333333333334, 0.5833333333333334, 0.4166666666666667, 0.4166666666666667, 0.4166666666666667, 0.5833333333333334, 0.4, 0.4166666666666667, 0.4166666666666667], "aps": [0.6695115279274511, 0.586695173995333, 0.6464294108954307, 0.7268049947131412, 0.6758911018840952, 0.7148385302105714, 0.6498352871486923, 0.6588074819870599, 0.6733049858320872, 0.6960701464049387], "f1": [0.7368421052631579, 0.7368421052631579, 0.7368421052631579, 0.0, 0.0, 0.0, 0.7368421052631579, 0.0, 0.0, 0.0], "auprc": [0.6604223311015418, 0.5687230340457049, 0.6274679643060628, 0.7216620279381809, 0.6603768977548887, 0.708679046410837, 0.6456288745394997, 0.6427541665679253, 0.6551359772581011, 0.6896020701760073]}