{"auroc": [0.4234285714285714, 0.36857142857142855, 0.31485714285714284, 0.3051428571428571, 0.3405714285714285, 0.31371428571428567, 0.3114285714285714, 0.3297142857142857, 0.27485714285714286, 0.35485714285714287], "acc": [0.4166666666666667, 0.4166666666666667, 0.4166666666666667, 0.4166666666666667, 0.4166666666666667, 0.4166666666666667, 0.4166666666666667, 0.5833333333333334, 0.4166666666666667, 0.4166666666666667], "aps": [0.5219534663236911, 0.5143650428584245, 0.47640137809053623, 0.47879662788299304, 0.4881410391922368, 0.4772589193603176, 0.4780949886889401, 0.48962255204771227, 0.46129165825550733, 0.4962344232055557], "f1": [0.0, 0.0, 0.0, 0.0, 0.0, 0.0, 0.0, 0.7368421052631579, 0.0, 0.0], "auprc": [0.5068468083681119, 0.4960573372904655, 0.46035879786329337, 0.4647775267823786, 0.4736462268795485, 0.4620892628914893, 0.46359603363280644, 0.47462175902224013, 0.4471746408271943, 0.48061965584887223]}