{"enet": [{"auroc": [0.4062857142857142, 0.4154285714285714, 0.41542857142857137, 0.4062857142857142, 0.44742857142857145, 0.38799999999999996, 0.4382857142857143, 0.4199999999999999, 0.42457142857142854, 0.4154285714285714], "acc": [0.5833333333333334, 0.5833333333333334, 0.5833333333333334, 0.5833333333333334, 0.4166666666666667, 0.4166666666666667, 0.4166666666666667, 0.5833333333333334, 0.5833333333333334, 0.5833333333333334], "aps": [0.5182973750676464, 0.5205483235366255, 0.5217775599554195, 0.5182973750676464, 0.6077701622918908, 0.5042866064427226, 0.5578409147158692, 0.5202941154606785, 0.5229423926055154, 0.5205483235366255], "f1": [0.7368421052631579, 0.7368421052631579, 0.7368421052631579, 0.7368421052631579, 0.0, 0.0, 0.0, 0.7368421052631579, 0.7368421052631579, 0.7368421052631579], "auprc": [0.5020805257038807, 0.5048727929027892, 0.5055685127716731, 0.5020805257038807, 0.5903506869857897, 0.4897359028196412, 0.5462601725132261, 0.5059666391924498, 0.5086225440926397, 0.5048727929027892]}]}