{"rf": [{"auroc": [0.5], "acc": [0.5833333333333334], "aps": [0.5833333333333334], "f1": [0.7368421052631579], "auprc": [0.7916666666666667]}], "enet": [{"auroc": [0.5434285714285714], "acc": [0.4166666666666667], "aps": [0.6165983045550218], "f1": [0.0], "auprc": [0.5975208376048051]}]}