{"auroc": [0.4051428571428571, 0.39257142857142857, 0.36857142857142855, 0.34685714285714286, 0.348, 0.35028571428571426, 0.46799999999999997, 0.3434285714285714, 0.38, 0.42457142857142854], "acc": [0.4166666666666667, 0.4166666666666667, 0.5833333333333334, 0.5833333333333334, 0.4166666666666667, 0.5833333333333334, 0.4166666666666667, 0.5833333333333334, 0.5833333333333334, 0.5833333333333334], "aps": [0.5392353213851812, 0.5413441626851355, 0.5021952072757715, 0.4857150497454388, 0.4849783255529886, 0.4955662904321725, 0.6278355885964081, 0.4839626558385714, 0.5067865999612178, 0.5395377965002186], "f1": [0.0, 0.0, 0.7368421052631579, 0.7368421052631579, 0.0, 0.7368421052631579, 0.0, 0.7368421052631579, 0.7368421052631579, 0.7368421052631579], "auprc": [0.5223116255911958, 0.5294657894430199, 0.48342520641398057, 0.4695826438593222, 0.47139285212983856, 0.47701124272576234, 0.6209849924872967, 0.46904986373573, 0.49180440466304753, 0.5277803493048673]}