{"enet": [{"auroc": [0.42114285714285715, 0.4188571428571428, 0.4497142857142857, 0.42114285714285715, 0.29085714285714287, 0.4531428571428571, 0.4497142857142857, 0.3537142857142857, 0.29085714285714287, 0.4188571428571428], "acc": [0.4166666666666667, 0.4166666666666667, 0.4166666666666667, 0.4166666666666667, 0.5833333333333334, 0.4166666666666667, 0.4166666666666667, 0.4166666666666667, 0.5833333333333334, 0.4166666666666667], "aps": [0.577118829546329, 0.5462818308832602, 0.5632288434078987, 0.577118829546329, 0.5067077644470466, 0.5679010393756778, 0.5632288434078987, 0.5130353753054961, 0.5067077644470466, 0.5462818308832602], "f1": [0.0, 0.0, 0.0, 0.0, 0.7368421052631579, 0.0, 0.0, 0.0, 0.7368421052631579, 0.0], "auprc": [0.5687415299367387, 0.5268879585984694, 0.550993126707405, 0.5687415299367387, 0.49483437244476997, 0.5555826126627771, 0.550993126707405, 0.49358493653978436, 0.49483437244476997, 0.5268879585984694]}]}