{"rf": [{"auroc": [0.6617142857142857], "acc": [0.4166666666666667], "aps": [0.6830361636720754], "f1": [0.0]}], "enet": [{"auroc": [0.5594285714285715], "acc": [0.4166666666666667], "aps": [0.6385303521808646], "f1": [0.0]}]}