{"rf": [{"auroc": [0.25199999999999995], "acc": [0.4166666666666667], "aps": [0.4920189326567829], "f1": [0.0]}], "enet": [{"auroc": [0.4874285714285714], "acc": [0.4166666666666667], "aps": [0.600808765167794], "f1": [0.0]}]}