{"auroc": [0.5034285714285714, 0.41828571428571426, 0.48742857142857143, 0.5971428571428571, 0.6097142857142858, 0.6348571428571428, 0.637142857142857, 0.6005714285714285, 0.4628571428571429, 0.456], "acc": [0.4166666666666667, 0.5833333333333334, 0.4166666666666667, 0.4166666666666667, 0.4166666666666667, 0.4166666666666667, 0.4166666666666667, 0.4166666666666667, 0.4166666666666667, 0.4166666666666667], "aps": [0.5838135107011182, 0.5315686158076971, 0.5718755820008334, 0.6754622994726338, 0.6778217932474716, 0.7157215394193814, 0.713198409452346, 0.671241837174066, 0.5619644992419006, 0.5427091742683683], "f1": [0.0, 0.7368421052631579, 0.0, 0.0, 0.0, 0.0, 0.0, 0.0, 0.0, 0.0], "auprc": [0.5656870068999011, 0.5134848223453732, 0.5531192264012021, 0.6585310924931753, 0.6608213940640639, 0.6997103938585048, 0.6968633028770661, 0.6541704345623551, 0.5435129949758071, 0.5273717988713695]}