{"auroc": [0.7297142857142856, 0.5142857142857142, 0.5491428571428572, 0.38685714285714284, 0.5891428571428572, 0.6017142857142858, 0.596, 0.6348571428571429, 0.5914285714285715, 0.5742857142857143], "acc": [0.5833333333333334, 0.5833333333333334, 0.5833333333333334, 0.4166666666666667, 0.4166666666666667, 0.5833333333333334, 0.5833333333333334, 0.5833333333333334, 0.4166666666666667, 0.5833333333333334], "aps": [0.7987507465747279, 0.6187105982882402, 0.6350635469863075, 0.5406388105337723, 0.6418090573178007, 0.678557639510707, 0.6545610083214811, 0.7055665968182611, 0.7254768127145257, 0.6689018008627892], "f1": [0.7368421052631579, 0.7368421052631579, 0.7368421052631579, 0.0, 0.05405405405405405, 0.7368421052631579, 0.7368421052631579, 0.7368421052631579, 0.0, 0.7368421052631579], "auprc": [0.7949146897742526, 0.6104235835892069, 0.625689321120783, 0.5184712864875084, 0.630133994435576, 0.6696961559954336, 0.6429711818427565, 0.697261836206348, 0.7204529814866731, 0.6614162152002263]}