{"auroc": [0.4954285714285714, 0.49199999999999994, 0.5674285714285714, 0.5102857142857142, 0.5359999999999999, 0.4908571428571428, 0.5405714285714286, 0.4817142857142857, 0.5674285714285714, 0.49999999999999994], "acc": [0.4166666666666667, 0.4166666666666667, 0.4166666666666667, 0.4166666666666667, 0.4166666666666667, 0.4166666666666667, 0.4166666666666667, 0.4166666666666667, 0.4166666666666667, 0.4166666666666667], "aps": [0.6235296677201742, 0.6233967662867567, 0.6673081726017572, 0.6296415250506562, 0.5970115489243947, 0.5993397981786242, 0.6798347311131214, 0.5928499348909513, 0.6541243778796806, 0.6099789800852633], "f1": [0.0, 0.0, 0.0, 0.0, 0.0, 0.0, 0.0, 0.0, 0.0, 0.0], "auprc": [0.6146759236599859, 0.6150477890427756, 0.6593680954353354, 0.6202123657412164, 0.5802491453433615, 0.5897140676107472, 0.6746730224343771, 0.5805605631634744, 0.6359496326472096, 0.6005066291359067]}