{"auroc": [0.4542857142857143, 0.40114285714285713, 0.4034285714285714, 0.5925714285714286, 0.6211428571428571, 0.5982857142857142, 0.5777142857142856, 0.6005714285714284, 0.5857142857142857, 0.5942857142857143], "acc": [0.4166666666666667, 0.43333333333333335, 0.4166666666666667, 0.4166666666666667, 0.4166666666666667, 0.5833333333333334, 0.4166666666666667, 0.4166666666666667, 0.4166666666666667, 0.4166666666666667], "aps": [0.5968092415609422, 0.5889682930913975, 0.5912070054967433, 0.6643588386635819, 0.692883627423927, 0.6717847319376972, 0.6562542375820666, 0.678551989909409, 0.6628794152610501, 0.6682909278237891], "f1": [0.0, 0.05555555555555556, 0.0, 0.0, 0.0, 0.7368421052631579, 0.0, 0.0, 0.0, 0.0], "auprc": [0.5884479074675154, 0.5845106573273097, 0.5854097070078931, 0.6529842319801177, 0.6750428883198718, 0.6537877463471105, 0.6447734363477488, 0.6674823135570663, 0.6515311179241977, 0.6572658785538212]}