{"enet": [{"auroc": [0.5994285714285714, 0.49771428571428566, 0.6005714285714286, 0.6005714285714286, 0.6005714285714286, 0.5994285714285714, 0.54, 0.54, 0.5822857142857143, 0.5742857142857143], "acc": [0.4166666666666667, 0.4166666666666667, 0.4166666666666667, 0.4166666666666667, 0.4166666666666667, 0.4166666666666667, 0.4166666666666667, 0.4166666666666667, 0.4166666666666667, 0.4166666666666667], "aps": [0.7456099692563839, 0.6576368993597603, 0.6874863202706265, 0.6874863202706265, 0.6874863202706265, 0.7456099692563839, 0.6425472315508262, 0.6425472315508262, 0.6879864951662314, 0.6683857176193793], "f1": [0.0, 0.0, 0.0, 0.0, 0.0, 0.0, 0.0, 0.0, 0.0, 0.0], "auprc": [0.7416543388992943, 0.6495626308767509, 0.6767368713520284, 0.6767368713520284, 0.6767368713520284, 0.7416543388992943, 0.624426827263965, 0.624426827263965, 0.6712399708241168, 0.657324366962882]}]}