{"auroc": [0.6508571428571428, 0.6120000000000001, 0.764, 0.6348571428571428, 0.492, 0.6365714285714286, 0.38399999999999995, 0.6965714285714286, 0.6617142857142857, 0.6634285714285714], "acc": [0.4166666666666667, 0.4166666666666667, 0.4166666666666667, 0.4166666666666667, 0.4166666666666667, 0.4166666666666667, 0.4166666666666667, 0.4166666666666667, 0.5833333333333334, 0.5833333333333334], "aps": [0.7571481524705981, 0.7329624295742176, 0.8459073726986442, 0.7443413059645205, 0.6208147306568638, 0.7398997968668568, 0.5574960317786355, 0.8029067142382552, 0.7661225855861092, 0.7273617504903618], "f1": [0.0, 0.0, 0.0, 0.0, 0.0, 0.0, 0.0, 0.0, 0.7368421052631579, 0.7368421052631579], "auprc": [0.752916729140317, 0.7291435254690702, 0.8455313965630816, 0.7400393828629912, 0.6158760234786593, 0.7361761396918965, 0.552999276797489, 0.7996689133382421, 0.7636314993015446, 0.7192757813089945]}