{"auroc": [0.4839999999999999, 0.4325714285714285, 0.5188571428571429, 0.5582857142857143, 0.5154285714285713, 0.5228571428571428, 0.5537142857142858, 0.388, 0.5045714285714287, 0.49142857142857144], "acc": [0.5833333333333334, 0.4166666666666667, 0.5833333333333334, 0.5833333333333334, 0.5833333333333334, 0.5833333333333334, 0.5833333333333334, 0.4166666666666667, 0.5833333333333334, 0.4166666666666667], "aps": [0.6035023290190935, 0.5906759718739888, 0.6238272328515206, 0.6662506852671386, 0.6264433046186972, 0.6283057349182292, 0.6700520779734618, 0.5255956494446244, 0.6378819675384427, 0.5917523223796725], "f1": [0.7368421052631579, 0.0, 0.7368421052631579, 0.7368421052631579, 0.7368421052631579, 0.7368421052631579, 0.7368421052631579, 0.0, 0.7368421052631579, 0.0], "auprc": [0.5849274165631226, 0.5742294117017582, 0.6063149257160811, 0.6575268664016648, 0.6141728610037254, 0.6102834075124761, 0.661638250422449, 0.5055628158308967, 0.626119850489174, 0.5800578658887464]}