{"enet": [{"auroc": [0.5445714285714285, 0.46799999999999997, 0.5594285714285715, 0.46799999999999997, 0.5445714285714285, 0.5788571428571428, 0.5731428571428572, 0.5628571428571428, 0.5388571428571429, 0.5388571428571429], "acc": [0.4166666666666667, 0.4166666666666667, 0.4166666666666667, 0.4166666666666667, 0.4166666666666667, 0.5833333333333334, 0.6166666666666667, 0.4166666666666667, 0.4166666666666667, 0.4166666666666667], "aps": [0.6843603226999452, 0.6182590251250523, 0.7002666275570346, 0.6182590251250523, 0.6843603226999452, 0.7143586772145343, 0.7029066592246033, 0.6967122533136278, 0.6661225772282223, 0.6661225772282223], "f1": [0.0, 0.0, 0.0, 0.0, 0.0, 0.7368421052631579, 0.7472527472527473, 0.0, 0.0, 0.0], "auprc": [0.6782382866218818, 0.6113977890594634, 0.6947450633545733, 0.6113977890594634, 0.6782382866218818, 0.7093925098168019, 0.6973543015934109, 0.6904369645519975, 0.6588665793875716, 0.6588665793875716]}]}