{"enet": [{"auroc": [0.6154285714285714, 0.6280000000000001, 0.6062857142857143, 0.6314285714285715, 0.6154285714285714, 0.6314285714285715, 0.5845714285714286, 0.6062857142857143, 0.6245714285714286, 0.6154285714285714], "acc": [0.4166666666666667, 0.4166666666666667, 0.4166666666666667, 0.4166666666666667, 0.4166666666666667, 0.4166666666666667, 0.4166666666666667, 0.4166666666666667, 0.4166666666666667, 0.4166666666666667], "aps": [0.6846721878045131, 0.705360676143673, 0.6859022368281255, 0.7051045312209152, 0.6846721878045131, 0.720169207173756, 0.6463085668607883, 0.6859022368281255, 0.7045579682528949, 0.6846721878045131], "f1": [0.0, 0.0, 0.0, 0.0, 0.0, 0.0, 0.0, 0.0, 0.0, 0.0], "auprc": [0.6735725992798766, 0.6948896927497125, 0.6748841601725893, 0.6944426916345888, 0.6735725992798766, 0.7122158036956215, 0.6276598727849894, 0.6748841601725893, 0.69410587288908, 0.6735725992798766]}]}