{"auroc": [0.4388571428571428, 0.5274285714285715, 0.5445714285714285, 0.5662857142857143, 0.578857142857143, 0.6005714285714285, 0.6148571428571429, 0.3662857142857142, 0.6325714285714286, 0.6234285714285713], "acc": [0.4166666666666667, 0.5833333333333334, 0.5833333333333334, 0.5833333333333334, 0.5833333333333334, 0.5833333333333334, 0.5833333333333334, 0.5833333333333334, 0.5833333333333334, 0.5833333333333334], "aps": [0.578375332349196, 0.6576315633519232, 0.6148765358454644, 0.6391876843575642, 0.641786308330091, 0.6916523881807174, 0.6575805193246331, 0.5509115266068739, 0.7230648267971187, 0.6720730702793358], "f1": [0.0, 0.7368421052631579, 0.7368421052631579, 0.7368421052631579, 0.7368421052631579, 0.7368421052631579, 0.7368421052631579, 0.7368421052631579, 0.7368421052631579, 0.7368421052631579], "auprc": [0.5637787105863641, 0.6502164067340073, 0.5959552337372865, 0.6274690923796042, 0.6298635418153066, 0.6835112447931727, 0.6391012975514001, 0.53270366132357, 0.7134846537942946, 0.6627629402490498]}