{"rf": [{"auroc": [0.45599999999999996], "acc": [0.4166666666666667], "aps": [0.5694333132831885], "f1": [0.0], "auprc": [0.6028953627980912]}], "enet": [{"auroc": [0.5159999999999999], "acc": [0.4166666666666667], "aps": [0.592056247878358], "f1": [0.0], "auprc": [0.5727910462955286]}]}