{"rf": [{"auroc": [0.45999999999999996], "acc": [0.4166666666666667], "aps": [0.6052720774989525], "f1": [0.0], "auprc": [0.6001147568802667]}], "enet": [{"auroc": [0.6017142857142856], "acc": [0.4166666666666667], "aps": [0.7178549687345916], "f1": [0.0], "auprc": [0.7145826750860997]}]}