{"auroc": [0.41657142857142854, 0.36914285714285716, 0.656, 0.6222857142857143, 0.636, 0.6211428571428571, 0.6234285714285714, 0.6737142857142857, 0.6428571428571429, 0.6308571428571428], "acc": [0.5833333333333334, 0.5833333333333334, 0.4166666666666667, 0.4166666666666667, 0.4166666666666667, 0.4166666666666667, 0.4166666666666667, 0.4166666666666667, 0.4166666666666667, 0.4166666666666667], "aps": [0.5988007567875495, 0.5685367287389407, 0.7242954261045701, 0.7154392531848536, 0.7195431138142551, 0.709174843974869, 0.7463813555241362, 0.7546431290769682, 0.7243957411052859, 0.6950972637307609], "f1": [0.7368421052631579, 0.7368421052631579, 0.0, 0.0, 0.0, 0.0, 0.0, 0.0, 0.0, 0.0], "auprc": [0.593067316304512, 0.5641290970912148, 0.7231046154743359, 0.7103156666946453, 0.7094788737984391, 0.6984714349958275, 0.7421687957601776, 0.7479651969184316, 0.7145454926891245, 0.6778548951370353]}