{"auroc": [0.7475, 0.73, 0.73, 0.6162500000000001, 0.7325, 0.7375, 0.72, 0.7525, 0.7224999999999999, 0.715], "acc": [0.5, 0.5, 0.5, 0.5, 0.5, 0.5, 0.5, 0.5, 0.5, 0.5], "aps": [0.7317735809082558, 0.7136540703982093, 0.7212219288709227, 0.6622339405866364, 0.702683580734412, 0.72030471684748, 0.6951249350131714, 0.7622677164167102, 0.7073165685578612, 0.7045234297865878], "f1": [0.0, 0.6666666666666666, 0.0, 0.6666666666666666, 0.0, 0.6666666666666666, 0.0, 0.0, 0.6666666666666666, 0.0], "auprc": [0.7200511271046001, 0.7015042541285881, 0.7093082083281977, 0.6521939873601852, 0.6866370096154725, 0.7084306013292474, 0.678597533963795, 0.7544317219195904, 0.6952215708843523, 0.6919011069168393]}