{"auroc": [0.5452653485952134, 0.4516129032258065, 0.5379812695109261, 0.43912591050988553, 0.5577523413111343, 0.46618106139438087, 0.558792924037461, 0.5681581685744017, 0.5707596253902185, 0.5567117585848075], "acc": [0.5, 0.5, 0.5, 0.5, 0.5, 0.5, 0.5, 0.5, 0.5, 0.5], "aps": [0.5232886712647028, 0.4710950530024766, 0.5108729538688862, 0.49817009751701535, 0.5368281192587424, 0.5090751035321301, 0.5194377278497085, 0.5298031252265196, 0.5184608566146646, 0.5355837479343928], "f1": [0.0, 0.6666666666666666, 0.0, 0.0, 0.0, 0.0, 0.0, 0.0, 0.6666666666666666, 0.6666666666666666], "auprc": [0.5045185586314619, 0.45035515875684573, 0.4895281583452388, 0.4793252395266894, 0.5181148485225582, 0.49054737519469716, 0.5007770577491083, 0.511121818711975, 0.49800799669172274, 0.5145294991087851]}