{"auroc": [0.5425, 0.5775, 0.44, 0.5800000000000001, 0.5549999999999999, 0.5075000000000001, 0.44250000000000006, 0.5549999999999999, 0.585, 0.57], "acc": [0.5, 0.5, 0.5, 0.5, 0.5, 0.5, 0.5, 0.575, 0.5, 0.55], "aps": [0.6605914469254988, 0.650094249820995, 0.5942823006031978, 0.6897077881269058, 0.6881746189099132, 0.6337697465055689, 0.5068291988232587, 0.6090012224534282, 0.6916386409689843, 0.6945233091340552], "f1": [0.0, 0.0, 0.6666666666666666, 0.6666666666666666, 0.6666666666666666, 0.0, 0.6666666666666666, 0.2608695652173913, 0.6666666666666666, 0.18181818181818182], "auprc": [0.6524813833449818, 0.6407370319858243, 0.5838527587092346, 0.6823231309378404, 0.6810761551800772, 0.6246114507610638, 0.48854511588589583, 0.5972149708190437, 0.6842801017442537, 0.6875049991961482]}