{"auroc": [0.40499999999999997, 0.33, 0.4375, 0.42000000000000004, 0.30000000000000004, 0.48250000000000004, 0.37499999999999994, 0.475, 0.2375, 0.48750000000000004], "acc": [0.55, 0.45, 0.5, 0.5, 0.3, 0.5, 0.525, 0.5, 0.5, 0.6], "aps": [0.5444183939523124, 0.48712965030073907, 0.5388961616195407, 0.57468512952224, 0.4665044512893199, 0.6251155284154777, 0.49502614700571757, 0.6017956378059452, 0.424378792320781, 0.654774384884679], "f1": [0.18181818181818182, 0.21428571428571425, 0.0, 0.6666666666666666, 0.3, 0.0, 0.1739130434782609, 0.0, 0.0, 0.33333333333333337], "auprc": [0.5312421877913592, 0.47359625420233886, 0.5248374383532861, 0.562614586417748, 0.45356518289642245, 0.6162397622970646, 0.48153770943261176, 0.5908330565211068, 0.40794559580364625, 0.6479294560623208]}