{"enet": [{"auroc": [0.595, 0.5675, 0.4725, 0.4725, 0.54125, 0.7475, 0.5, 0.4725, 0.54125, 0.5], "acc": [0.525, 0.475, 0.525, 0.525, 0.5, 0.55, 0.5, 0.525, 0.5, 0.5], "aps": [0.5751236596006334, 0.6656376037561014, 0.48708129282656537, 0.48708129282656537, 0.5330070635010151, 0.7381663087837409, 0.5, 0.48708129282656537, 0.5330070635010151, 0.5], "f1": [0.5957446808510639, 0.6440677966101694, 0.6545454545454545, 0.6545454545454545, 0.6, 0.24999999999999997, 0.6666666666666666, 0.6545454545454545, 0.6, 0.6666666666666666], "auprc": [0.5451426822092807, 0.6555432963476285, 0.6658889245428108, 0.6658889245428108, 0.6792785655168455, 0.7270307976480176, 0.75, 0.6658889245428108, 0.6792785655168455, 0.75]}]}