{"auroc": [0.5318570318570319, 0.5462315462315462, 0.44133644133644134, 0.5388500388500389, 0.5388500388500389, 0.5046620046620047, 0.566045066045066, 0.5062160062160063, 0.5473970473970474, 0.46153846153846156], "acc": [0.15827338129496402, 0.15827338129496402, 0.15827338129496402, 0.15827338129496402, 0.15827338129496402, 0.15827338129496402, 0.15827338129496402, 0.15827338129496402, 0.15827338129496402, 0.15827338129496402], "aps": [0.8508913131087362, 0.8658813899240818, 0.8210672598453498, 0.8721705853464345, 0.8682715744009375, 0.856541233580057, 0.8935308520994701, 0.8600171326102162, 0.87531782542831, 0.8358995465275649], "f1": [0.0, 0.0, 0.0, 0.0, 0.0, 0.0, 0.0, 0.0, 0.0, 0.0], "auprc": [0.8488043178596953, 0.8634813492316651, 0.8154140905388358, 0.8704790501523991, 0.8665309456926298, 0.8547214490612769, 0.8926509594131826, 0.8583284668186075, 0.8734701318948686, 0.8337701021484907]}