{"auroc": [0.3737373737373737, 0.4852369852369852, 0.3764568764568764, 0.43045843045843046, 0.4327894327894328, 0.513986013986014, 0.38927738927738925, 0.3605283605283605, 0.4902874902874903, 0.4630924630924631], "acc": [0.15827338129496402, 0.15827338129496402, 0.15827338129496402, 0.15827338129496402, 0.15827338129496402, 0.841726618705036, 0.15827338129496402, 0.841726618705036, 0.15827338129496402, 0.15827338129496402], "aps": [0.8048721412774563, 0.8465972888959341, 0.8025502592659696, 0.8368359526239437, 0.8127522616767865, 0.8691589460397833, 0.8007146027391765, 0.7960765103953962, 0.8645702643910167, 0.8395198353112916], "f1": [0.0, 0.0, 0.0, 0.0, 0.0, 0.9140624999999999, 0.0, 0.9140624999999999, 0.0, 0.0], "auprc": [0.8014599732627896, 0.8423884024838919, 0.8000499641045589, 0.8344101014529526, 0.809533897101655, 0.8679675527297073, 0.7977281190977292, 0.7890533837820384, 0.8633958309626174, 0.8363982058847016]}