{"auroc": [0.5348595213319459, 0.6368366285119667, 0.372528616024974, 0.6233090530697191, 0.4162330905306971, 0.6389177939646201, 0.3787721123829344, 0.5078043704474505, 0.6368366285119668, 0.5483870967741935], "acc": [0.5, 0.5, 0.4032258064516129, 0.5, 0.5, 0.5, 0.5, 0.5, 0.5, 0.5], "aps": [0.5334077303770518, 0.6736885922379576, 0.4317539896954779, 0.6637340935421434, 0.46016973111423987, 0.6124814342573464, 0.4778578465609876, 0.5378680068743117, 0.6787453944954354, 0.6519796168050057], "f1": [0.0, 0.0, 0.5066666666666667, 0.0, 0.0, 0.0, 0.0, 0.0, 0.0, 0.0], "auprc": [0.5144949454903698, 0.66646610900839, 0.4148834751504793, 0.6551170182741648, 0.44775054603146724, 0.5917291142489105, 0.46726620744340686, 0.5269716438959264, 0.6703072132259701, 0.643960433624632]}