{"auroc": [0.39021852237252863, 0.5088449531737773, 0.49947970863683666, 0.5171696149843912, 0.41727367325702397, 0.6326742976066597, 0.4141519250780437, 0.4443288241415192, 0.48699271592091575, 0.4422476586888658], "acc": [0.5, 0.5, 0.5, 0.5, 0.5, 0.5, 0.46774193548387094, 0.5, 0.5, 0.5], "aps": [0.46197941590843133, 0.5144152883909698, 0.5385558287646421, 0.5379804422546194, 0.5008637303510876, 0.6132393460515791, 0.43400670982875716, 0.48324961565744473, 0.5062123833668553, 0.5068777445158643], "f1": [0.0, 0.0, 0.0, 0.0, 0.0, 0.6666666666666666, 0.0, 0.0, 0.0, 0.0], "auprc": [0.44047749567191335, 0.4927013068133779, 0.5172423724916361, 0.5167011904500184, 0.4795492246318189, 0.592312372800025, 0.41682090569263686, 0.46451837997781653, 0.48744132631969184, 0.48542730016333285]}