{"auroc": [0.4992229992229992, 0.34498834498834496, 0.5343822843822844, 0.5419580419580419, 0.45376845376845376, 0.513986013986014, 0.58003108003108, 0.32575757575757575, 0.5038850038850039, 0.46697746697746695], "acc": [0.15827338129496402, 0.15827338129496402, 0.841726618705036, 0.15827338129496402, 0.15827338129496402, 0.3237410071942446, 0.15827338129496402, 0.15827338129496402, 0.15827338129496402, 0.15827338129496402], "aps": [0.8612610448378075, 0.7878781456056926, 0.879354644297289, 0.8824257600708992, 0.8349192406567656, 0.8677284306348028, 0.8918019832195042, 0.7777449729761824, 0.8671516842257806, 0.8483282094006468], "f1": [0.0, 0.0, 0.9140624999999999, 0.0, 0.0, 0.3648648648648649, 0.0, 0.0, 0.0, 0.0], "auprc": [0.8597803030928701, 0.7843289081874945, 0.87845477030394, 0.8814676452634285, 0.8312441571630674, 0.8664417362371364, 0.890920030433434, 0.7712188569039278, 0.8659773743241113, 0.8467050698002672]}