{"auroc": [0.5442247658688866, 0.5327783558792925, 0.5712799167533819, 0.571279916753382, 0.5723204994797086, 0.554630593132154, 0.5691987513007284, 0.6222684703433923, 0.5119667013527576, 0.5369406867845994], "acc": [0.5, 0.5, 0.5, 0.5, 0.5, 0.5, 0.5, 0.5, 0.5, 0.5], "aps": [0.5710586335716777, 0.5585388996850179, 0.6021254225245267, 0.5710618177442112, 0.5538859747033356, 0.6072929013542805, 0.6491919511210524, 0.6478361337698915, 0.5593421470662829, 0.5884887874981578], "f1": [0.0, 0.6666666666666666, 0.0, 0.0, 0.0, 0.0, 0.0, 0.0, 0.0, 0.0], "auprc": [0.5604565435167294, 0.5476563777405514, 0.5932999548897853, 0.5601241006264388, 0.5403488143903091, 0.5988194218603221, 0.6430442915909219, 0.6381983261425017, 0.5488186408625884, 0.5780499313864036]}