{"auroc": [0.6618106139438085, 0.6586888657648282, 0.3902185223725286, 0.4682622268470343, 0.5754422476586889, 0.40790842872008326, 0.4183142559833507, 0.43600416233090533, 0.6503642039542143, 0.6399583766909469], "acc": [0.5, 0.5, 0.5, 0.5, 0.5, 0.5, 0.4838709677419355, 0.5, 0.5, 0.5], "aps": [0.6338590861705593, 0.6473175372100426, 0.4283594786475021, 0.46787540917512854, 0.5550055596741771, 0.4422416413426423, 0.44723473249327633, 0.46379053593934805, 0.6408951819212234, 0.6550182271395982], "f1": [0.0, 0.0, 0.0, 0.0, 0.0, 0.6666666666666666, 0.0, 0.0, 0.0, 0.0], "auprc": [0.613374353501588, 0.6274762315834324, 0.4140568182778527, 0.45131517053682085, 0.536136619033564, 0.42711222582773767, 0.4303589614273433, 0.4457828757708177, 0.6211467905390076, 0.6353661474259584]}