{"auroc": [0.473970473970474, 0.4017094017094017, 0.5611888111888113, 0.5198135198135198, 0.4409479409479409, 0.4475524475524475, 0.37373737373737376, 0.36324786324786323, 0.41491841491841497, 0.40792540792540793], "acc": [0.15827338129496402, 0.15827338129496402, 0.15827338129496402, 0.15827338129496402, 0.15827338129496402, 0.841726618705036, 0.15827338129496402, 0.15827338129496402, 0.15827338129496402, 0.15827338129496402], "aps": [0.8446336507794759, 0.8027453833132814, 0.8928096930907777, 0.8527160505512447, 0.8357538844319596, 0.8472863007014089, 0.8022199487735695, 0.7897284527306869, 0.8320353415884019, 0.8261189451205715], "f1": [0.0, 0.0, 0.0, 0.0, 0.0, 0.9140624999999999, 0.0, 0.0, 0.0, 0.0], "auprc": [0.84262304852323, 0.7998243239866505, 0.892111970920868, 0.8444750590671783, 0.8304461132471618, 0.8457777358396822, 0.7965350336789936, 0.7837149643348117, 0.8301336841192377, 0.823503957202196]}