{"auroc": [0.43750000000000006, 0.445, 0.37, 0.47750000000000004, 0.5425, 0.46499999999999997, 0.635, 0.405, 0.6375000000000001, 0.52], "acc": [0.55, 0.5, 0.5, 0.5, 0.5, 0.5, 0.5, 0.5, 0.5, 0.5], "aps": [0.528801423242556, 0.5149540063117232, 0.4866835029006082, 0.5274964862351432, 0.5706319991056833, 0.5146570877054857, 0.6653852205451204, 0.4920987601339598, 0.6168718092843118, 0.554986996558154], "f1": [0.24999999999999997, 0.6666666666666666, 0.6666666666666666, 0.6666666666666666, 0.6666666666666666, 0.6666666666666666, 0.6666666666666666, 0.0, 0.6666666666666666, 0.0], "auprc": [0.49915943359776327, 0.4845637913455909, 0.45651701526116106, 0.4970505068859381, 0.540300165906203, 0.4843026253922513, 0.6381473083522582, 0.46136468260045116, 0.5871184443246956, 0.525155868804685]}