{"auroc": [0.3352758352758353, 0.5081585081585082, 0.43822843822843827, 0.4794094794094794, 0.3834498834498835, 0.3978243978243978, 0.35470085470085466, 0.4797979797979798, 0.4825174825174825, 0.641025641025641], "acc": [0.15827338129496402, 0.15827338129496402, 0.15827338129496402, 0.15827338129496402, 0.15827338129496402, 0.15827338129496402, 0.15827338129496402, 0.15827338129496402, 0.15827338129496402, 0.15827338129496402], "aps": [0.7747137836701419, 0.8639128119110376, 0.8383708681290095, 0.8493894622839, 0.8030496038395192, 0.8104455347513223, 0.8041851915598575, 0.8554647720992936, 0.8445385691273299, 0.9110055795221724], "f1": [0.0, 0.0, 0.0, 0.0, 0.0, 0.0, 0.0, 0.0, 0.0, 0.0], "auprc": [0.7711604400548375, 0.8626687679797993, 0.8366538369400984, 0.8473582602684426, 0.7973889593234404, 0.806829420032696, 0.8014182506608398, 0.8540347262646093, 0.8411284354528141, 0.9103795281399072]}