{"enet": [{"auroc": [0.365, 0.5, 0.365, 0.5, 0.5, 0.5, 0.5, 0.5, 0.5, 0.5], "acc": [0.375, 0.5, 0.375, 0.5, 0.5, 0.5, 0.5, 0.5, 0.5, 0.5], "aps": [0.46940071961001006, 0.5, 0.43027985482980413, 0.5, 0.5, 0.5, 0.5, 0.5, 0.5, 0.5], "f1": [0.46808510638297873, 0.6666666666666666, 0.4444444444444445, 0.6666666666666666, 0.6666666666666666, 0.6666666666666666, 0.6666666666666666, 0.6666666666666666, 0.6666666666666666, 0.6666666666666666], "auprc": [0.4523880921368564, 0.75, 0.5760155665869122, 0.75, 0.75, 0.75, 0.75, 0.75, 0.75, 0.75]}]}