{"auroc": [0.42579642579642574, 0.4526029526029526, 0.5023310023310023, 0.5310800310800311, 0.6060606060606061, 0.480963480963481, 0.4153069153069153, 0.5038850038850039, 0.4386169386169386, 0.6149961149961151], "acc": [0.15827338129496402, 0.15827338129496402, 0.15827338129496402, 0.15827338129496402, 0.15827338129496402, 0.15827338129496402, 0.841726618705036, 0.15827338129496402, 0.15827338129496402, 0.841726618705036], "aps": [0.8339925618769233, 0.8235607541015917, 0.8557736215812568, 0.8646041046069851, 0.8915872389982836, 0.8463755599950482, 0.8335579767657185, 0.8575947672086559, 0.836192062607251, 0.8759208964465399], "f1": [0.0, 0.0, 0.0, 0.0, 0.0, 0.0, 0.9140624999999999, 0.0, 0.0, 0.9140624999999999], "auprc": [0.8315377975149164, 0.8199357431035914, 0.8537450660406374, 0.8626904724895236, 0.8904201868666761, 0.8440952341363817, 0.8311702522772693, 0.855560025997121, 0.8342564765065181, 0.8708695706605896]}