{"auroc": [0.526029526029526, 0.5066045066045066, 0.371017871017871, 0.426961926961927, 0.486013986013986, 0.37684537684537683, 0.42657342657342656, 0.6503496503496503, 0.42773892773892774, 0.4700854700854701], "acc": [0.15827338129496402, 0.15827338129496402, 0.15827338129496402, 0.15827338129496402, 0.15827338129496402, 0.15827338129496402, 0.15827338129496402, 0.15827338129496402, 0.15827338129496402, 0.15827338129496402], "aps": [0.8664254973100467, 0.8572544197204186, 0.8009008849456021, 0.8396480254383913, 0.8552207069734705, 0.8176434279903415, 0.8293491872314478, 0.9177109308730125, 0.8226935464787919, 0.8500854203207158], "f1": [0.0, 0.0, 0.0, 0.0, 0.0, 0.0, 0.0, 0.0, 0.0, 0.0], "auprc": [0.8644383536388935, 0.8551493842666953, 0.7982678211033238, 0.837480887533312, 0.8532497596063893, 0.8151720393522937, 0.8268761018807561, 0.917197892231461, 0.820172593042173, 0.8486618980121801]}