{"enet": [{"auroc": [0.44522144522144524, 0.5, 0.5, 0.5, 0.5, 0.5, 0.5, 0.5, 0.5, 0.5], "acc": [0.15827338129496402, 0.15827338129496402, 0.15827338129496402, 0.15827338129496402, 0.15827338129496402, 0.15827338129496402, 0.15827338129496402, 0.15827338129496402, 0.15827338129496402, 0.15827338129496402], "aps": [0.8477580944466605, 0.841726618705036, 0.841726618705036, 0.841726618705036, 0.841726618705036, 0.841726618705036, 0.841726618705036, 0.841726618705036, 0.841726618705036, 0.841726618705036], "f1": [0.0, 0.0, 0.0, 0.0, 0.0, 0.0, 0.0, 0.0, 0.0, 0.0], "auprc": [0.8465130394576253, 0.920863309352518, 0.920863309352518, 0.920863309352518, 0.920863309352518, 0.920863309352518, 0.920863309352518, 0.920863309352518, 0.920863309352518, 0.920863309352518]}]}