{"enet": [{"auroc": [0.5675, 0.49124999999999996, 0.5387500000000001, 0.5125, 0.6425000000000001, 0.46249999999999997, 0.5125, 0.6425000000000001, 0.49124999999999996, 0.6425000000000001], "acc": [0.45, 0.45, 0.525, 0.5, 0.6, 0.5, 0.5, 0.6, 0.45, 0.6], "aps": [0.5643418306839358, 0.4986832986832987, 0.5293738553113554, 0.5935796594602539, 0.6368536671661672, 0.484866124425621, 0.5935796594602539, 0.6368536671661672, 0.4986832986832987, 0.6368536671661672], "f1": [0.6071428571428571, 0.6071428571428571, 0.6415094339622641, 0.6666666666666666, 0.5294117647058824, 0.5833333333333334, 0.6666666666666666, 0.5294117647058824, 0.6071428571428571, 0.5294117647058824], "auprc": [0.5381520411044405, 0.7101687973398499, 0.70168563753039, 0.5653423994430227, 0.6079561383893354, 0.6246139498268852, 0.5653423994430227, 0.6079561383893354, 0.7101687973398499, 0.6079561383893354]}]}