{"auroc": [0.305, 0.44499999999999995, 0.4425, 0.475, 0.49750000000000005, 0.3475000000000001, 0.64, 0.4525, 0.3325, 0.47250000000000003], "acc": [0.5, 0.5, 0.5, 0.5, 0.55, 0.525, 0.5, 0.5, 0.525, 0.5], "aps": [0.4378646051071537, 0.5790387429442521, 0.5864575799698266, 0.6022570836148423, 0.6153784257764774, 0.5233336730762217, 0.643886484874488, 0.5814367792354771, 0.4828988084891348, 0.606788381869027], "f1": [0.0, 0.0, 0.6666666666666666, 0.6666666666666666, 0.4375, 0.29629629629629634, 0.0, 0.6666666666666666, 0.1739130434782609, 0.6666666666666666], "auprc": [0.4214919032481035, 0.5625607261134126, 0.5737688845053625, 0.589722585989441, 0.6031422237976283, 0.5119423040952434, 0.6271790305824793, 0.5652310364269117, 0.453036506371318, 0.5947545667624683]}