{"auroc": [0.4704739704739705, 0.36169386169386175, 0.35198135198135205, 0.5862470862470862, 0.3939393939393939, 0.4821289821289822, 0.43628593628593626, 0.39355089355089357, 0.493006993006993, 0.4358974358974359], "acc": [0.15827338129496402, 0.15827338129496402, 0.15827338129496402, 0.2589928057553957, 0.15827338129496402, 0.15827338129496402, 0.15827338129496402, 0.15827338129496402, 0.15827338129496402, 0.15827338129496402], "aps": [0.8444592480285683, 0.7985162514257478, 0.787089882616401, 0.8832041079323869, 0.8255356318177011, 0.845782338213972, 0.7998031412153986, 0.7966294787373229, 0.8541786130135519, 0.8152243974677003], "f1": [0.0, 0.0, 0.0, 0.2589928057553957, 0.0, 0.0, 0.0, 0.0, 0.0, 0.0], "auprc": [0.8427435736463518, 0.7947911133718876, 0.780960410568833, 0.8820135411900187, 0.8236170368526109, 0.8441811161494144, 0.7954062283269421, 0.7925435612302809, 0.8523632525972851, 0.8125715792986408]}