{"enet": [{"auroc": [0.40750000000000003, 0.375, 0.605, 0.5, 0.5725, 0.375, 0.375, 0.5700000000000001, 0.49625, 0.5725], "acc": [0.475, 0.4, 0.65, 0.5, 0.6, 0.4, 0.4, 0.475, 0.475, 0.6], "aps": [0.48473783972657314, 0.44095125188609907, 0.6339722103876515, 0.5, 0.5620975870975871, 0.44095125188609907, 0.44095125188609907, 0.6901860092844214, 0.4875611170212266, 0.5620975870975871], "f1": [0.6181818181818183, 0.5555555555555556, 0.6111111111111112, 0.6666666666666666, 0.6521739130434783, 0.5555555555555556, 0.5555555555555556, 0.553191489361702, 0.553191489361702, 0.6521739130434783], "auprc": [0.4671152198680996, 0.6092304726653198, 0.7013195651509228, 0.75, 0.70571109999235, 0.6092304726653198, 0.6092304726653198, 0.6826870510965513, 0.6327957481712772, 0.70571109999235]}]}