{"auroc": [0.43750000000000006, 0.3675, 0.39499999999999996, 0.4025, 0.3975, 0.3575, 0.3025, 0.3975, 0.34375, 0.4325], "acc": [0.5, 0.5, 0.45, 0.5, 0.5, 0.5, 0.5, 0.475, 0.5, 0.5], "aps": [0.4732295617269845, 0.45052874313474894, 0.5098426194085575, 0.43858436066304113, 0.4483851011270476, 0.4202662298423168, 0.39506303975032464, 0.503357529443468, 0.4129282885379241, 0.46484742539676305], "f1": [0.0, 0.6666666666666666, 0.5217391304347826, 0.6666666666666666, 0.6666666666666666, 0.6666666666666666, 0.6666666666666666, 0.553191489361702, 0.6666666666666666, 0.6666666666666666], "auprc": [0.4426154656888924, 0.4204413415735063, 0.4923276264250304, 0.41366055004701086, 0.4223553403285767, 0.39735987992103233, 0.3753057278650135, 0.48971837287752873, 0.3910387031276344, 0.4348341505733102]}