{"auroc": [0.4219114219114219, 0.4312354312354312, 0.4121989121989122, 0.5275835275835276, 0.44599844599844596, 0.40559440559440557, 0.40404040404040403, 0.4393939393939394, 0.41025641025641024, 0.3679098679098679], "acc": [0.15827338129496402, 0.15827338129496402, 0.15827338129496402, 0.841726618705036, 0.15827338129496402, 0.15827338129496402, 0.15827338129496402, 0.15827338129496402, 0.15827338129496402, 0.841726618705036], "aps": [0.8293567817528456, 0.8431023195779987, 0.8315854691109679, 0.88018197051267, 0.8427196289623422, 0.827945802481078, 0.8291962240576556, 0.8367186347452131, 0.8181682687288137, 0.8154878832331434], "f1": [0.0, 0.0, 0.0, 0.9140624999999999, 0.0, 0.0, 0.0, 0.0, 0.0, 0.9140624999999999], "auprc": [0.8269425573125042, 0.8414095780382109, 0.8292316048477661, 0.8791922795351241, 0.840565575242612, 0.8255825194949058, 0.8268589046079378, 0.8343374102546901, 0.8096376985507274, 0.8127263324758263]}