{"best_index": [113, 234, 388, 222, 540], "auroc": [0.35250000000000004, 0.475, 0.5425, 0.5375000000000001, 0.4275], "acc": [0.4, 0.5, 0.475, 0.475, 0.45], "aps": [0.47649461470825216, 0.5480960294232353, 0.6212944853884567, 0.6122516414395933, 0.5493871466393018], "f1": [0.47826086956521735, 0.6296296296296295, 0.6181818181818183, 0.6181818181818183, 0.5769230769230769], "auprc": [0.4585944069147806, 0.5299815718115749, 0.607954225313711, 0.598654302382351, 0.5357183766269534]}