{"best_index": [119, 72, 275, 321, 49], "auroc": [0.5825, 0.4875, 0.47000000000000003, 0.6125, 0.63], "acc": [0.575, 0.425, 0.55, 0.525, 0.55], "aps": [0.6547219146690644, 0.6310432129512575, 0.5453927416844875, 0.7200048944484428, 0.7007847410652719], "f1": [0.5641025641025641, 0.5490196078431372, 0.18181818181818182, 0.5957446808510639, 0.47058823529411764], "auprc": [0.6450873522869934, 0.6215046479729134, 0.5311018024944352, 0.7136516605517436, 0.6929063130212052]}