{"best_index": [105, 394, 44, 92, 211], "auroc": [0.38999999999999996, 0.36, 0.4, 0.3925, 0.41500000000000004], "acc": [0.325, 0.375, 0.325, 0.425, 0.475], "aps": [0.528967168860314, 0.49841930325573336, 0.5324726406437295, 0.5278212756383559, 0.5461285055117091], "f1": [0.37209302325581395, 0.4897959183673469, 0.39999999999999997, 0.41025641025641024, 0.5882352941176471], "auprc": [0.5150632416114658, 0.4846752208274404, 0.5151271062557321, 0.5138371325222764, 0.5329454643526617]}