{"best_index": [86, 125, 42, 145, 178], "auroc": [0.32, 0.29, 0.29500000000000004, 0.41000000000000003, 0.3325], "acc": [0.5, 0.375, 0.4, 0.4, 0.4], "aps": [0.4475916224380829, 0.43855189538380135, 0.45744731908859504, 0.45469007045821563, 0.429926000826154], "f1": [0.0, 0.46808510638297873, 0.5714285714285714, 0.5, 0.5199999999999999], "auprc": [0.41721093383836827, 0.4092498953969234, 0.44021938242780934, 0.42870489878690105, 0.403798232473241]}