{"best_index": [165, 98, 110, 195, 289], "auroc": [0.475, 0.355, 0.52, 0.725, 0.65], "acc": [0.55, 0.375, 0.575, 0.6, 0.625], "aps": [0.5608737111271942, 0.4839389137666817, 0.598344604892012, 0.7663065481436893, 0.6888736246849838], "f1": [0.4, 0.3243243243243243, 0.5641025641025641, 0.5789473684210527, 0.6666666666666665], "auprc": [0.5433785818820971, 0.4667698323538882, 0.5846127565991941, 0.7598763125068397, 0.6804220498281173]}