{"best_index": [204, 116, 705, 152, 127], "auroc": [0.4725, 0.335, 0.4, 0.435, 0.35500000000000004], "acc": [0.45, 0.5, 0.425, 0.475, 0.35], "aps": [0.5762938430177942, 0.4546326644615934, 0.5330190229022265, 0.5919554891781278, 0.5163409964216416], "f1": [0.5925925925925927, 0.6666666666666666, 0.37837837837837834, 0.5882352941176471, 0.4347826086956522], "auprc": [0.5646038260045506, 0.4373252423787255, 0.5215367363273259, 0.5835181273516197, 0.505073972704098]}