{"best_index": [135, 25, 265, 259, 244], "auroc": [0.6299999999999999, 0.45, 0.485, 0.6074999999999999, 0.5349999999999999], "acc": [0.525, 0.5, 0.5, 0.575, 0.475], "aps": [0.6274559413821356, 0.5272565726080157, 0.5766207315456808, 0.6153131705610153, 0.5585672971261206], "f1": [0.5957446808510639, 0.0, 0.4736842105263158, 0.6530612244897959, 0.553191489361702], "auprc": [0.5987209941811754, 0.5088380661190891, 0.5482354038667319, 0.5861575936829037, 0.5286176730593023]}