{"auroc": [0.5523341523341524, 0.4663390663390664, 0.514004914004914, 0.5302211302211303, 0.5056511056511057, 0.48918918918918924, 0.535872235872236, 0.5164619164619165, 0.4756756756756757, 0.42137592137592134], "acc": [0.5978260869565217, 0.40217391304347827, 0.40217391304347827, 0.40217391304347827, 0.40217391304347827, 0.40217391304347827, 0.40217391304347827, 0.5978260869565217, 0.40217391304347827, 0.40217391304347827], "aps": [0.44461922251150093, 0.40957800740271894, 0.4103164827562043, 0.44530373281710545, 0.42413798424913457, 0.39157656808845753, 0.43271103866162897, 0.41606319575654793, 0.3820729115383294, 0.3476511141479652], "f1": [0.0, 0.5736434108527132, 0.5736434108527132, 0.5736434108527132, 0.5736434108527132, 0.5736434108527132, 0.5736434108527132, 0.0, 0.5736434108527132, 0.5736434108527132], "auprc": [0.43067909573336516, 0.3976267259821141, 0.3952444861520294, 0.4336829850854519, 0.41292233281775786, 0.37816097336536647, 0.4142726728992994, 0.39863348805287063, 0.36970695239784335, 0.3337712560220588]}