{"auroc": [0.514987714987715, 0.5938574938574939, 0.47371007371007373, 0.625061425061425, 0.42457002457002463, 0.5906633906633906, 0.4761670761670762, 0.5941031941031942, 0.5589680589680589, 0.5454545454545455], "acc": [0.5978260869565217, 0.40217391304347827, 0.40217391304347827, 0.40217391304347827, 0.40217391304347827, 0.40217391304347827, 0.40217391304347827, 0.40217391304347827, 0.40217391304347827, 0.5978260869565217], "aps": [0.4063645907491711, 0.4690123532861833, 0.41834995164047956, 0.5045419290837959, 0.3828462626359048, 0.4681528315711019, 0.39866287933236544, 0.4699205344294124, 0.43738917963474266, 0.44343348445313635], "f1": [0.0, 0.5736434108527132, 0.5736434108527132, 0.5736434108527132, 0.5736434108527132, 0.5736434108527132, 0.5736434108527132, 0.5736434108527132, 0.5736434108527132, 0.0], "auprc": [0.39057577586978487, 0.45123828177688097, 0.4066953602875262, 0.49252373520319886, 0.36498413715181055, 0.45010693470740176, 0.3829727879781477, 0.45208930417258436, 0.41920010030827076, 0.4276557399573572]}