{"auroc": [0.4980343980343981, 0.5614250614250614, 0.5361179361179362, 0.5496314496314496, 0.5542997542997543, 0.5486486486486487, 0.4452088452088452, 0.471990171990172, 0.5631449631449632, 0.46486486486486495], "acc": [0.40217391304347827, 0.40217391304347827, 0.40217391304347827, 0.40217391304347827, 0.40217391304347827, 0.40217391304347827, 0.40217391304347827, 0.5978260869565217, 0.40217391304347827, 0.40217391304347827], "aps": [0.4250174584775472, 0.49581739643416456, 0.48222453884722116, 0.441860491438859, 0.4658692715359665, 0.4706461948624819, 0.36600595476863396, 0.3846102062339296, 0.4696352808184483, 0.39374690518307154], "f1": [0.5736434108527132, 0.5736434108527132, 0.5736434108527132, 0.5736434108527132, 0.5736434108527132, 0.5736434108527132, 0.5736434108527132, 0.0, 0.5736434108527132, 0.5736434108527132], "auprc": [0.41359741062367933, 0.4845331767645777, 0.47388253200874275, 0.42741423109180876, 0.4539892212791819, 0.45924783345180004, 0.35157946594413025, 0.3703082440448811, 0.458236228756614, 0.3756033204399983]}