{"auroc": [0.542014742014742, 0.47248157248157246, 0.5233415233415234, 0.5262899262899263, 0.5167076167076168, 0.44742014742014746, 0.5012285012285013, 0.5407862407862408, 0.47149877149877156, 0.5044226044226046], "acc": [0.40217391304347827, 0.40217391304347827, 0.5978260869565217, 0.40217391304347827, 0.40217391304347827, 0.40217391304347827, 0.40217391304347827, 0.40217391304347827, 0.40217391304347827, 0.40217391304347827], "aps": [0.45501792471335106, 0.43830436917357685, 0.4007447604706832, 0.42336040282679477, 0.4241713722302888, 0.3620304720422971, 0.4094605046524246, 0.4508366081202852, 0.3674328418675884, 0.4208277390956836], "f1": [0.5736434108527132, 0.5736434108527132, 0.0, 0.5736434108527132, 0.5736434108527132, 0.5736434108527132, 0.5736434108527132, 0.5736434108527132, 0.5736434108527132, 0.5736434108527132], "auprc": [0.44429344302418056, 0.428525511439239, 0.3884266985879993, 0.4058881712079439, 0.4117985594999435, 0.3501276098979068, 0.3914857724452899, 0.4392242140919415, 0.3561534542309024, 0.4024950216546967]}