{"enet": [{"auroc": [0.4049140049140049, 0.41867321867321866, 0.5, 0.41867321867321866, 0.4083538083538084, 0.45159705159705166, 0.543980343980344, 0.5110565110565111, 0.4, 0.5110565110565111], "acc": [0.5978260869565217, 0.5978260869565217, 0.40217391304347827, 0.5978260869565217, 0.5978260869565217, 0.5978260869565217, 0.40217391304347827, 0.40217391304347827, 0.5978260869565217, 0.40217391304347827], "aps": [0.35868549381090975, 0.35860234389629747, 0.40217391304347827, 0.35860234389629747, 0.39748594017654193, 0.39423394453421284, 0.48618442942847767, 0.4095540010520027, 0.37224662701470845, 0.4095540010520027], "f1": [0.0, 0.0, 0.5736434108527132, 0.0, 0.0, 0.0, 0.5736434108527132, 0.5736434108527132, 0.0, 0.5736434108527132], "auprc": [0.3414626070001592, 0.34523732625678066, 0.7010869565217391, 0.34523732625678066, 0.38861351604737554, 0.3840975242787502, 0.46999081385298264, 0.5271405583845135, 0.3543819336671713, 0.5271405583845135]}]}