{"enet": [{"auroc": [0.5002457002457004, 0.5, 0.48992628992629, 0.48992628992629, 0.5, 0.5, 0.5, 0.4972972972972973, 0.4972972972972973, 0.5], "acc": [0.40217391304347827, 0.40217391304347827, 0.6086956521739131, 0.6086956521739131, 0.40217391304347827, 0.40217391304347827, 0.40217391304347827, 0.4673913043478261, 0.4673913043478261, 0.40217391304347827], "aps": [0.4231755059939246, 0.40217391304347827, 0.43953291515543363, 0.43953291515543363, 0.40217391304347827, 0.40217391304347827, 0.40217391304347827, 0.4671640436607723, 0.4671640436607723, 0.40217391304347827], "f1": [0.5736434108527132, 0.5736434108527132, 0.052631578947368425, 0.052631578947368425, 0.5736434108527132, 0.5736434108527132, 0.5736434108527132, 0.5585585585585585, 0.5585585585585585, 0.5736434108527132], "auprc": [0.40476187306190264, 0.7010869565217391, 0.42809551051194716, 0.42809551051194716, 0.7010869565217391, 0.7010869565217391, 0.7010869565217391, 0.45854115041098054, 0.45854115041098054, 0.7010869565217391]}]}