{"enet": [{"auroc": [0.6570024570024571, 0.5665847665847665, 0.5415233415233416, 0.5665847665847665, 0.5, 0.6570024570024571, 0.5665847665847665, 0.5, 0.5695331695331696, 0.5484029484029485], "acc": [0.40217391304347827, 0.40217391304347827, 0.5978260869565217, 0.40217391304347827, 0.40217391304347827, 0.40217391304347827, 0.40217391304347827, 0.40217391304347827, 0.5978260869565217, 0.5978260869565217], "aps": [0.5026811375665858, 0.4565122249249305, 0.4378547912548067, 0.4565122249249305, 0.40217391304347827, 0.5026811375665858, 0.4565122249249305, 0.40217391304347827, 0.46383873845930657, 0.4425729127842142], "f1": [0.5736434108527132, 0.5736434108527132, 0.0, 0.5736434108527132, 0.5736434108527132, 0.5736434108527132, 0.5736434108527132, 0.5736434108527132, 0.0, 0.0], "auprc": [0.4869819262832622, 0.4418107128357855, 0.42158802290878866, 0.4418107128357855, 0.7010869565217391, 0.4869819262832622, 0.4418107128357855, 0.7010869565217391, 0.44872844240036924, 0.4261603634369853]}]}