{"auroc": [0.4624078624078624, 0.4872235872235872, 0.4660933660933661, 0.4457002457002457, 0.4943488943488944, 0.4955773955773956, 0.5066339066339067, 0.5068796068796069, 0.49680589680589676, 0.5017199017199017], "acc": [0.40217391304347827, 0.40217391304347827, 0.40217391304347827, 0.40217391304347827, 0.40217391304347827, 0.40217391304347827, 0.40217391304347827, 0.40217391304347827, 0.40217391304347827, 0.40217391304347827], "aps": [0.4017267606385638, 0.39550758578763445, 0.4305087443453442, 0.3775638430947248, 0.4264622473372752, 0.4079729805655746, 0.41756643754353046, 0.4116055476564947, 0.4134510379520741, 0.42788176575480935], "f1": [0.5736434108527132, 0.5736434108527132, 0.5736434108527132, 0.5736434108527132, 0.5736434108527132, 0.5736434108527132, 0.5736434108527132, 0.5736434108527132, 0.5736434108527132, 0.5736434108527132], "auprc": [0.39160292124225093, 0.37769637504769454, 0.42104210809597264, 0.3625860666078782, 0.414978016899872, 0.39797309330955705, 0.4018068205381293, 0.39401261395671, 0.40246975049119377, 0.40963817487047727]}