{"enet": [{"auroc": [0.48992628992628995, 0.5022113022113022, 0.5695331695331696, 0.5695331695331696, 0.5022113022113022, 0.5, 0.5233415233415234, 0.5695331695331696, 0.5695331695331696, 0.5022113022113022], "acc": [0.40217391304347827, 0.40217391304347827, 0.40217391304347827, 0.40217391304347827, 0.40217391304347827, 0.40217391304347827, 0.40217391304347827, 0.40217391304347827, 0.40217391304347827, 0.40217391304347827], "aps": [0.3985578030606928, 0.40489096515254386, 0.4609314373897312, 0.4609314373897312, 0.40489096515254386, 0.40217391304347827, 0.42119104164060095, 0.4609314373897312, 0.4609314373897312, 0.40489096515254386], "f1": [0.5736434108527132, 0.5736434108527132, 0.5736434108527132, 0.5736434108527132, 0.5736434108527132, 0.5736434108527132, 0.5736434108527132, 0.5736434108527132, 0.5736434108527132, 0.5736434108527132], "auprc": [0.38388760217198925, 0.38716884923178346, 0.44928774347417477, 0.44928774347417477, 0.38716884923178346, 0.7010869565217391, 0.4029987685335815, 0.44928774347417477, 0.44928774347417477, 0.38716884923178346]}]}