{"auroc": [0.51007371007371, 0.5196560196560197, 0.5066339066339066, 0.498034398034398, 0.5046683046683047, 0.48255528255528257, 0.4968058968058968, 0.4987714987714988, 0.5017199017199018, 0.4611793611793612], "acc": [0.5978260869565217, 0.5978260869565217, 0.40217391304347827, 0.5978260869565217, 0.40217391304347827, 0.40217391304347827, 0.40217391304347827, 0.40217391304347827, 0.40217391304347827, 0.5978260869565217], "aps": [0.4074365168849219, 0.42906080567949956, 0.42387772772166843, 0.39349129249156534, 0.40367507933950697, 0.4153836028957658, 0.3939614901136105, 0.3920284449083318, 0.3905667562684671, 0.38658866768158606], "f1": [0.0, 0.0, 0.5736434108527132, 0.0, 0.5736434108527132, 0.5736434108527132, 0.5736434108527132, 0.5736434108527132, 0.5736434108527132, 0.0], "auprc": [0.3918544451837567, 0.4189269747527776, 0.40815589791263907, 0.37792829371719694, 0.3880886608279777, 0.3969280472977456, 0.3785264395190363, 0.3771524433710193, 0.37763402828129794, 0.37184768095487275]}