{"enet": [{"auroc": [0.5282555282555284, 0.5282555282555284, 0.5484029484029485, 0.5282555282555284, 0.5282555282555284, 0.5282555282555284, 0.5, 0.5282555282555284, 0.5282555282555284, 0.5], "acc": [0.40217391304347827, 0.40217391304347827, 0.40217391304347827, 0.40217391304347827, 0.40217391304347827, 0.40217391304347827, 0.40217391304347827, 0.40217391304347827, 0.40217391304347827, 0.40217391304347827], "aps": [0.4189563446064999, 0.4189563446064999, 0.43513741623610663, 0.4189563446064999, 0.4189563446064999, 0.4189563446064999, 0.40217391304347827, 0.4189563446064999, 0.4189563446064999, 0.40217391304347827], "f1": [0.5736434108527132, 0.5736434108527132, 0.5736434108527132, 0.5736434108527132, 0.5736434108527132, 0.5736434108527132, 0.5736434108527132, 0.5736434108527132, 0.5736434108527132, 0.5736434108527132], "auprc": [0.40114729525495796, 0.40114729525495796, 0.41886788373695355, 0.40114729525495796, 0.40114729525495796, 0.40114729525495796, 0.7010869565217391, 0.40114729525495796, 0.40114729525495796, 0.7010869565217391]}]}