{"enet": [{"auroc": [0.5508599508599509, 0.5886977886977887, 0.5508599508599509, 0.5508599508599509, 0.5508599508599509, 0.5636363636363637, 0.5, 0.5886977886977887, 0.5, 0.5508599508599509], "acc": [0.40217391304347827, 0.40217391304347827, 0.40217391304347827, 0.40217391304347827, 0.40217391304347827, 0.40217391304347827, 0.40217391304347827, 0.40217391304347827, 0.40217391304347827, 0.40217391304347827], "aps": [0.45217282404854864, 0.466356164636826, 0.45217282404854864, 0.45217282404854864, 0.45217282404854864, 0.4808008449958362, 0.40217391304347827, 0.466356164636826, 0.40217391304347827, 0.45217282404854864], "f1": [0.5736434108527132, 0.5736434108527132, 0.5736434108527132, 0.5736434108527132, 0.5736434108527132, 0.5736434108527132, 0.5736434108527132, 0.5736434108527132, 0.5736434108527132, 0.5736434108527132], "auprc": [0.4334836213200805, 0.4517579721708734, 0.4334836213200805, 0.4334836213200805, 0.4334836213200805, 0.4711702184429409, 0.7010869565217391, 0.4517579721708734, 0.7010869565217391, 0.4334836213200805]}]}