{"auroc": [0.5095823095823095, 0.6004914004914005, 0.5508599508599509, 0.577886977886978, 0.5901719901719903, 0.6282555282555282, 0.4938574938574939, 0.5668304668304669, 0.5203931203931205, 0.6105651105651105], "acc": [0.5978260869565217, 0.40217391304347827, 0.40217391304347827, 0.40217391304347827, 0.40217391304347827, 0.40217391304347827, 0.5978260869565217, 0.40217391304347827, 0.40217391304347827, 0.40217391304347827], "aps": [0.45062177200268255, 0.48282537324654884, 0.46023248460679417, 0.46072504190038654, 0.5083292049976057, 0.5046933592693772, 0.4219805589113686, 0.4821624406433763, 0.4146593647953668, 0.48722356286447055], "f1": [0.0, 0.5736434108527132, 0.5736434108527132, 0.5736434108527132, 0.5736434108527132, 0.5736434108527132, 0.0, 0.5736434108527132, 0.5736434108527132, 0.5736434108527132], "auprc": [0.44069743805486816, 0.47142580693353353, 0.45090475979807476, 0.44909435565155503, 0.49641494875263614, 0.4930570517063106, 0.4135066656787255, 0.4703306683675621, 0.3965234561854271, 0.46864179725790023]}