{"auroc": [0.5415233415233416, 0.5842751842751843, 0.534889434889435, 0.6098280098280099, 0.6127764127764128, 0.539066339066339, 0.602948402948403, 0.600982800982801, 0.5262899262899263, 0.602948402948403], "acc": [0.5978260869565217, 0.40217391304347827, 0.5978260869565217, 0.40217391304347827, 0.40217391304347827, 0.40217391304347827, 0.40217391304347827, 0.40217391304347827, 0.40217391304347827, 0.40217391304347827], "aps": [0.4686303012572768, 0.5094670905522496, 0.4220009373310114, 0.5498521289591507, 0.5635193831295793, 0.47119816165758655, 0.46839194963575426, 0.5451485665203073, 0.4748339180735869, 0.5297818955426274], "f1": [0.0, 0.5736434108527132, 0.0, 0.5736434108527132, 0.5736434108527132, 0.5736434108527132, 0.5736434108527132, 0.5736434108527132, 0.5736434108527132, 0.5736434108527132], "auprc": [0.45722198027941624, 0.4920983142046916, 0.40613651104984955, 0.5426970854508104, 0.5568430395552173, 0.4529343911070829, 0.45016689524488634, 0.5363182540605387, 0.45720918950787015, 0.5186459351900349]}