{"auroc": [0.5882063882063883, 0.6167076167076168, 0.5651105651105652, 0.4958230958230958, 0.5454545454545455, 0.572972972972973, 0.5601965601965602, 0.5916461916461917, 0.5783783783783784, 0.5088452088452089], "acc": [0.40217391304347827, 0.40217391304347827, 0.40217391304347827, 0.44565217391304346, 0.40217391304347827, 0.40217391304347827, 0.5978260869565217, 0.40217391304347827, 0.40217391304347827, 0.40217391304347827], "aps": [0.4525576168631478, 0.4761345908222136, 0.4399642260664118, 0.39242895856967974, 0.4443110465601626, 0.4492525418977888, 0.43128042230844404, 0.5562541571771056, 0.5622806409202992, 0.4030352415763164], "f1": [0.5736434108527132, 0.5736434108527132, 0.5736434108527132, 0.5920000000000001, 0.5736434108527132, 0.5736434108527132, 0.0, 0.5736434108527132, 0.5736434108527132, 0.5736434108527132], "auprc": [0.43716215682196646, 0.45844622224833576, 0.4246037152188299, 0.37891717124662244, 0.42879836293249324, 0.43385266214107043, 0.4176045670058849, 0.5499288404167633, 0.5560375667648125, 0.3874347517802044]}