{"auroc": [0.46584766584766585, 0.4882063882063882, 0.5781326781326781, 0.4835380835380836, 0.4968058968058968, 0.48009828009828015, 0.4491400491400492, 0.509090909090909, 0.5076167076167076, 0.5034398034398035], "acc": [0.40217391304347827, 0.40217391304347827, 0.40217391304347827, 0.40217391304347827, 0.40217391304347827, 0.40217391304347827, 0.40217391304347827, 0.5978260869565217, 0.40217391304347827, 0.40217391304347827], "aps": [0.42621689783606664, 0.39164043847517416, 0.5218231684014943, 0.4310840554062879, 0.42314435696457237, 0.42827118209982873, 0.37063346343691445, 0.4115265482387468, 0.4266888578166022, 0.40198054978046704], "f1": [0.5736434108527132, 0.5736434108527132, 0.5736434108527132, 0.5736434108527132, 0.5736434108527132, 0.5736434108527132, 0.5736434108527132, 0.0, 0.5736434108527132, 0.5736434108527132], "auprc": [0.41697381695556185, 0.37794655982116715, 0.5101592224368031, 0.4190983091074637, 0.41149178128370806, 0.41908859481077737, 0.35663533708328193, 0.39549378328988655, 0.415112662285189, 0.3877973237017356]}