{"enet": [{"auroc": [0.5144963144963146, 0.5, 0.5110565110565111, 0.5, 0.5, 0.5, 0.5110565110565111, 0.5223587223587223, 0.5110565110565111, 0.5105651105651106], "acc": [0.40217391304347827, 0.40217391304347827, 0.40217391304347827, 0.40217391304347827, 0.40217391304347827, 0.40217391304347827, 0.40217391304347827, 0.40217391304347827, 0.40217391304347827, 0.40217391304347827], "aps": [0.42666264117065, 0.40217391304347827, 0.4441231707344415, 0.40217391304347827, 0.40217391304347827, 0.40217391304347827, 0.4441231707344415, 0.43926414168763933, 0.4441231707344415, 0.42879048517288315], "f1": [0.5736434108527132, 0.5736434108527132, 0.5736434108527132, 0.5736434108527132, 0.5736434108527132, 0.5736434108527132, 0.5736434108527132, 0.5736434108527132, 0.5736434108527132, 0.5736434108527132], "auprc": [0.4081287988537435, 0.7010869565217391, 0.43249110019923226, 0.7010869565217391, 0.7010869565217391, 0.7010869565217391, 0.43249110019923226, 0.42772074533127585, 0.43249110019923226, 0.41742888298194614]}]}