{"enet": [{"auroc": [0.5203931203931205, 0.5464373464373465, 0.5203931203931205, 0.5203931203931205, 0.518918918918919, 0.5464373464373465, 0.5464373464373465, 0.518918918918919, 0.518918918918919, 0.518918918918919], "acc": [0.40217391304347827, 0.40217391304347827, 0.40217391304347827, 0.40217391304347827, 0.40217391304347827, 0.40217391304347827, 0.40217391304347827, 0.40217391304347827, 0.40217391304347827, 0.40217391304347827], "aps": [0.3945268420395127, 0.43384150346083766, 0.3945268420395127, 0.3945268420395127, 0.4098540739844674, 0.43384150346083766, 0.43384150346083766, 0.4098540739844674, 0.4098540739844674, 0.4098540739844674], "f1": [0.5736434108527132, 0.5736434108527132, 0.5736434108527132, 0.5736434108527132, 0.5736434108527132, 0.5736434108527132, 0.5736434108527132, 0.5736434108527132, 0.5736434108527132, 0.5736434108527132], "auprc": [0.3828508083629798, 0.41795516166907437, 0.3828508083629798, 0.3828508083629798, 0.3959544074839914, 0.41795516166907437, 0.41795516166907437, 0.3959544074839914, 0.3959544074839914, 0.3959544074839914]}]}