{"auroc": [0.5203931203931204, 0.5144963144963146, 0.5366093366093367, 0.5230958230958231, 0.4476658476658477, 0.5331695331695332, 0.537100737100737, 0.5179361179361179, 0.5051597051597052, 0.35429975429975435], "acc": [0.5978260869565217, 0.40217391304347827, 0.40217391304347827, 0.40217391304347827, 0.40217391304347827, 0.40217391304347827, 0.40217391304347827, 0.40217391304347827, 0.40217391304347827, 0.40217391304347827], "aps": [0.4109432158168169, 0.43335422137810176, 0.4187035518236995, 0.4125377446324841, 0.37195112919843587, 0.4371726249790648, 0.42110607417124196, 0.4156729901301838, 0.41464373408324695, 0.3172805763450427], "f1": [0.0, 0.5736434108527132, 0.5736434108527132, 0.5736434108527132, 0.5736434108527132, 0.5736434108527132, 0.5736434108527132, 0.5736434108527132, 0.5736434108527132, 0.5736434108527132], "auprc": [0.39471835537070593, 0.4218143830416968, 0.4037448216301126, 0.39870225217502475, 0.3550703525409952, 0.4258243102243348, 0.4062929363368601, 0.3979301732318777, 0.40386635827119177, 0.3073082644513525]}