{"auroc": [0.5171990171990172, 0.5574938574938575, 0.5832923832923833, 0.5803439803439804, 0.6041769041769043, 0.5029484029484029, 0.5668304668304669, 0.5800982800982801, 0.4992628992628993, 0.5995085995085996], "acc": [0.5978260869565217, 0.40217391304347827, 0.40217391304347827, 0.5978260869565217, 0.40217391304347827, 0.40217391304347827, 0.40217391304347827, 0.40217391304347827, 0.40217391304347827, 0.40217391304347827], "aps": [0.48594769904419904, 0.4905758604849712, 0.504271004002506, 0.4650700607206796, 0.5544205100011608, 0.3904105287252695, 0.4685757322669176, 0.466888665916915, 0.42996684996230433, 0.5015039517599411], "f1": [0.0, 0.5736434108527132, 0.5736434108527132, 0.0, 0.5736434108527132, 0.5736434108527132, 0.5736434108527132, 0.5736434108527132, 0.5736434108527132, 0.5736434108527132], "auprc": [0.4772820079300123, 0.47896806885144744, 0.4925581745882358, 0.45366857489632906, 0.5434650392420939, 0.3770855246087634, 0.4529487595432963, 0.4480165070960017, 0.4192416768811293, 0.4826469486246753]}