{"auroc": [0.5090909090909091, 0.48132678132678136, 0.5061425061425062, 0.47027027027027035, 0.5105651105651106, 0.49140049140049147, 0.5545454545454546, 0.485995085995086, 0.42727272727272736, 0.5277641277641278], "acc": [0.40217391304347827, 0.40217391304347827, 0.40217391304347827, 0.40217391304347827, 0.5978260869565217, 0.40217391304347827, 0.5978260869565217, 0.40217391304347827, 0.40217391304347827, 0.40217391304347827], "aps": [0.40256140058754863, 0.39059035226739247, 0.4039209325968064, 0.39523871942575894, 0.4213275560439364, 0.40920672197559993, 0.44260952472692194, 0.3898775714133431, 0.36488270294006725, 0.42002897267680145], "f1": [0.5736434108527132, 0.5736434108527132, 0.5736434108527132, 0.5736434108527132, 0.0, 0.5736434108527132, 0.0, 0.5736434108527132, 0.5736434108527132, 0.5736434108527132], "auprc": [0.3854975369548771, 0.37784119687344075, 0.3886023918344285, 0.37928092006086866, 0.40547030496150316, 0.39098227840112193, 0.42415982747085657, 0.3772042633203303, 0.3521657483281031, 0.40524601889059186]}