{"auroc": [0.5597051597051598, 0.5036855036855037, 0.49705159705159707, 0.4955773955773956, 0.5218673218673219, 0.5597051597051597, 0.5442260442260443, 0.5326781326781327, 0.52997542997543, 0.5105651105651106], "acc": [0.5978260869565217, 0.40217391304347827, 0.40217391304347827, 0.40217391304347827, 0.40217391304347827, 0.40217391304347827, 0.40217391304347827, 0.40217391304347827, 0.40217391304347827, 0.40217391304347827], "aps": [0.4350114864161887, 0.39326426161539957, 0.3955614241547458, 0.3970236501770472, 0.4038405028201018, 0.42553872484228844, 0.42475997968474943, 0.40672296672354386, 0.4139951353279504, 0.4016352542838936], "f1": [0.0, 0.5736434108527132, 0.5736434108527132, 0.5736434108527132, 0.5736434108527132, 0.5736434108527132, 0.5736434108527132, 0.5736434108527132, 0.5736434108527132, 0.5736434108527132], "auprc": [0.41902943848394475, 0.37921902697282867, 0.3804356589349512, 0.38151015889786627, 0.38959631184223653, 0.4102142051605045, 0.4091858096452022, 0.3934645607759234, 0.40044886962469606, 0.38791853462984816]}