{"auroc": [0.5690417690417691, 0.5808353808353809, 0.6314496314496315, 0.5896805896805897, 0.48746928746928747, 0.5621621621621622, 0.4000000000000001, 0.32850122850122854, 0.5754299754299754, 0.6039312039312039], "acc": [0.5978260869565217, 0.5978260869565217, 0.40217391304347827, 0.40217391304347827, 0.40217391304347827, 0.40217391304347827, 0.5978260869565217, 0.40217391304347827, 0.40217391304347827, 0.40217391304347827], "aps": [0.4736386633341624, 0.5417081963016306, 0.5413382522414011, 0.48446183122269626, 0.38834762749135804, 0.5085960906802572, 0.351834428023158, 0.3341401059183239, 0.4843359420370631, 0.5053189107958076], "f1": [0.0, 0.0, 0.5736434108527132, 0.5736434108527132, 0.5736434108527132, 0.5736434108527132, 0.0, 0.5736434108527132, 0.5736434108527132, 0.5736434108527132], "auprc": [0.4549437368212964, 0.5342975922440083, 0.5230409681223629, 0.4657439106222714, 0.3728684638310541, 0.499283062603933, 0.33787075823711704, 0.3191711369551311, 0.4661216031973888, 0.4936136612881251]}