{"auroc": [0.5611793611793612, 0.6117936117936119, 0.5818181818181818, 0.5611793611793612, 0.5975429975429976, 0.5262899262899263, 0.5186732186732187, 0.4928746928746929, 0.626044226044226, 0.5422604422604422], "acc": [0.40217391304347827, 0.40217391304347827, 0.40217391304347827, 0.40217391304347827, 0.40217391304347827, 0.5978260869565217, 0.40217391304347827, 0.40217391304347827, 0.40217391304347827, 0.5978260869565217], "aps": [0.4709278519507474, 0.48523249204604757, 0.47461121561788033, 0.47805721070994994, 0.47856489572475047, 0.43879860454201414, 0.43676925069044725, 0.408371083537749, 0.48506179713092235, 0.43078093498501113], "f1": [0.5736434108527132, 0.5736434108527132, 0.5736434108527132, 0.5736434108527132, 0.5736434108527132, 0.0, 0.5736434108527132, 0.5736434108527132, 0.5736434108527132, 0.0], "auprc": [0.4524382381515759, 0.4664535079276792, 0.4561106247998514, 0.4684498565323006, 0.45995430659314435, 0.4204907859061305, 0.41789936620667284, 0.392774681828216, 0.4664399444379463, 0.4157905656783822]}