{"auroc": [0.4722358722358723, 0.5105651105651106, 0.49312039312039313, 0.5425061425061426, 0.5464373464373464, 0.37199017199017204, 0.4326781326781327, 0.5368550368550369, 0.49778869778869783, 0.5422604422604422], "acc": [0.5978260869565217, 0.40217391304347827, 0.40217391304347827, 0.5978260869565217, 0.40217391304347827, 0.5978260869565217, 0.5978260869565217, 0.40217391304347827, 0.40217391304347827, 0.40217391304347827], "aps": [0.3855690319300344, 0.40338485950579994, 0.39709595989314517, 0.45922307196562684, 0.4255521890683211, 0.3448933698027846, 0.36101863966680414, 0.4319643047687821, 0.390662838448221, 0.42467919620328864], "f1": [0.0, 0.5736434108527132, 0.5736434108527132, 0.0, 0.5736434108527132, 0.0, 0.0, 0.5736434108527132, 0.5736434108527132, 0.5736434108527132], "auprc": [0.37052359262422835, 0.39019796951351593, 0.38018815704310227, 0.45087598529964795, 0.4105094309363609, 0.3281119973678359, 0.34556575392182937, 0.4159071979347423, 0.3778436586907889, 0.4076692357790279]}