{"auroc": [0.5737100737100738, 0.4832923832923833, 0.5, 0.5, 0.5, 0.4606879606879607, 0.5, 0.5285012285012285, 0.4832923832923833, 0.4606879606879607], "acc": [0.40217391304347827, 0.40217391304347827, 0.40217391304347827, 0.40217391304347827, 0.40217391304347827, 0.40217391304347827, 0.40217391304347827, 0.40217391304347827, 0.40217391304347827, 0.40217391304347827], "aps": [0.44210854876615746, 0.3943705934195065, 0.40217391304347827, 0.40217391304347827, 0.40217391304347827, 0.38454759106933023, 0.40217391304347827, 0.4165503819036428, 0.3943705934195065, 0.38454759106933023], "f1": [0.5736434108527132, 0.5736434108527132, 0.5736434108527132, 0.5736434108527132, 0.5736434108527132, 0.5736434108527132, 0.5736434108527132, 0.5736434108527132, 0.5736434108527132, 0.5736434108527132], "auprc": [0.6619326527614571, 0.5983677291421857, 0.7010869565217391, 0.7010869565217391, 0.7010869565217391, 0.5824764982373678, 0.7010869565217391, 0.6301501909518213, 0.5983677291421857, 0.5824764982373678]}