{"auroc": [0.5081081081081081, 0.49066339066339065, 0.5904176904176904, 0.5088452088452089, 0.4653562653562654, 0.5135135135135136, 0.4702702702702703, 0.5312039312039312, 0.5213759213759214, 0.5390663390663392], "acc": [0.5978260869565217, 0.40217391304347827, 0.40217391304347827, 0.5978260869565217, 0.40217391304347827, 0.40217391304347827, 0.40217391304347827, 0.40217391304347827, 0.40217391304347827, 0.40217391304347827], "aps": [0.39641520961420806, 0.40683489039737236, 0.4696757238497087, 0.4199621746253104, 0.36992362978942184, 0.42929511936203657, 0.3949648504981455, 0.43219646123982464, 0.4093801923976599, 0.43757487241862036], "f1": [0.0, 0.5736434108527132, 0.5736434108527132, 0.0, 0.5736434108527132, 0.5736434108527132, 0.5736434108527132, 0.5736434108527132, 0.5736434108527132, 0.5736434108527132], "auprc": [0.3832824919286331, 0.3925577745260452, 0.45502675206159227, 0.40524561915756496, 0.356712323142806, 0.4180393908899907, 0.38029017253446856, 0.41530245258570314, 0.39335307149439974, 0.41909124388983787]}