{"enet": [{"auroc": [0.44324324324324327, 0.47125307125307125, 0.47125307125307125, 0.4412776412776413, 0.5, 0.47125307125307125, 0.47125307125307125, 0.4393120393120393, 0.47125307125307125, 0.44324324324324327], "acc": [0.40217391304347827, 0.40217391304347827, 0.40217391304347827, 0.40217391304347827, 0.40217391304347827, 0.40217391304347827, 0.40217391304347827, 0.40217391304347827, 0.40217391304347827, 0.40217391304347827], "aps": [0.360243839212984, 0.37679023757096297, 0.37679023757096297, 0.35905527781994084, 0.40217391304347827, 0.37679023757096297, 0.37679023757096297, 0.3606407884648164, 0.37679023757096297, 0.360243839212984], "f1": [0.5736434108527132, 0.5736434108527132, 0.5736434108527132, 0.5736434108527132, 0.5736434108527132, 0.5736434108527132, 0.5736434108527132, 0.5736434108527132, 0.5736434108527132, 0.5736434108527132], "auprc": [0.3472083066157837, 0.36223718334303145, 0.36223718334303145, 0.34666588641295015, 0.7010869565217391, 0.36223718334303145, 0.36223718334303145, 0.34789033241855155, 0.36223718334303145, 0.3472083066157837]}]}