{"enet": [{"auroc": [0.5664335664335665, 0.5, 0.5, 0.5, 0.5, 0.5, 0.5, 0.5, 0.5, 0.5], "acc": [0.15827338129496402, 0.15827338129496402, 0.15827338129496402, 0.15827338129496402, 0.15827338129496402, 0.15827338129496402, 0.15827338129496402, 0.15827338129496402, 0.15827338129496402, 0.15827338129496402], "aps": [0.87477697406559, 0.841726618705036, 0.841726618705036, 0.841726618705036, 0.841726618705036, 0.841726618705036, 0.841726618705036, 0.841726618705036, 0.841726618705036, 0.841726618705036], "f1": [0.0, 0.0, 0.0, 0.0, 0.0, 0.0, 0.0, 0.0, 0.0, 0.0], "auprc": [0.8725090663906846, 0.920863309352518, 0.920863309352518, 0.920863309352518, 0.920863309352518, 0.920863309352518, 0.920863309352518, 0.920863309352518, 0.920863309352518, 0.920863309352518]}]}