{"auroc": [0.54001554001554, 0.5419580419580419, 0.5442890442890442, 0.44949494949494945, 0.5339937839937839, 0.5308857808857809, 0.5112665112665113, 0.5505050505050505, 0.550893550893551, 0.5093240093240093], "acc": [0.15827338129496402, 0.15827338129496402, 0.15827338129496402, 0.15827338129496402, 0.841726618705036, 0.15827338129496402, 0.841726618705036, 0.15827338129496402, 0.15827338129496402, 0.15827338129496402], "aps": [0.8677993733487637, 0.8754918343024125, 0.8761970241551855, 0.8210132480085244, 0.8674191767564579, 0.8679639063905209, 0.8144809778988364, 0.8784402560220388, 0.8703844811520747, 0.8514109048407111], "f1": [0.0, 0.0, 0.0, 0.0, 0.9140624999999999, 0.0, 0.9140624999999999, 0.0, 0.0, 0.0], "auprc": [0.8662129707285714, 0.87428011319416, 0.8749523481658107, 0.8168168326989808, 0.8658309928871671, 0.866455249646628, 0.8053402524512999, 0.8772997363147979, 0.8687064668073902, 0.8493975568731793]}