{"auroc": [0.4693084693084693, 0.4871794871794872, 0.37606837606837606, 0.4065656565656566, 0.5644910644910645, 0.5722610722610723, 0.49961149961149953, 0.432012432012432, 0.5388500388500388, 0.40675990675990675], "acc": [0.841726618705036, 0.15827338129496402, 0.15827338129496402, 0.841726618705036, 0.15827338129496402, 0.15827338129496402, 0.15827338129496402, 0.15827338129496402, 0.15827338129496402, 0.15827338129496402], "aps": [0.8578241953689645, 0.8440073391386775, 0.8106742455149849, 0.8200377842930956, 0.8680562389614208, 0.8690167220324092, 0.8443517712033664, 0.8375394193994175, 0.8596922832677169, 0.8279908227300209], "f1": [0.9140624999999999, 0.0, 0.0, 0.9140624999999999, 0.0, 0.0, 0.0, 0.0, 0.0, 0.0], "auprc": [0.8565893107680225, 0.8418932047129092, 0.8082426871980328, 0.8179393692523059, 0.8665423506131312, 0.8672774963216034, 0.8422360205587732, 0.8359089311498396, 0.8581583391709915, 0.8263160708588304]}