{"auroc": [0.6045066045066044, 0.561965811965812, 0.5911033411033411, 0.5763403263403264, 0.5699300699300699, 0.5310800310800311, 0.5536130536130537, 0.5825563325563325, 0.4347319347319348, 0.6175213675213675], "acc": [0.841726618705036, 0.841726618705036, 0.15827338129496402, 0.15827338129496402, 0.15827338129496402, 0.841726618705036, 0.841726618705036, 0.841726618705036, 0.15827338129496402, 0.841726618705036], "aps": [0.8806688422847663, 0.871948708333234, 0.8895996747008748, 0.8776219219635422, 0.8741935759379946, 0.8571501747670943, 0.8778692566932768, 0.8751973585019939, 0.8232793366446444, 0.9031144590197674], "f1": [0.9140624999999999, 0.9140624999999999, 0.0, 0.0, 0.0, 0.9140624999999999, 0.9140624999999999, 0.9140624999999999, 0.0, 0.9140624999999999], "auprc": [0.9067792494161896, 0.8698933026372873, 0.8987893978559491, 0.876674822773257, 0.8724659431802394, 0.8852955779968471, 0.8845547039717963, 0.8778457101467394, 0.7336814536974409, 0.907219255762922]}