{"auroc": [0.5990675990675991, 0.5722610722610723, 0.567987567987568, 0.5695415695415694, 0.5675990675990675, 0.5707070707070707, 0.5707070707070707, 0.578088578088578, 0.5641025641025641, 0.5660450660450661], "acc": [0.15827338129496402, 0.15827338129496402, 0.15827338129496402, 0.15827338129496402, 0.15827338129496402, 0.15827338129496402, 0.2158273381294964, 0.841726618705036, 0.2805755395683453, 0.15827338129496402], "aps": [0.8734985734816858, 0.8646112614729045, 0.8644991537304407, 0.8652758476574025, 0.8647277589417706, 0.8652569310574252, 0.8652431028380858, 0.8595177831500151, 0.863360909426371, 0.8641561318373381], "f1": [0.0, 0.0, 0.0, 0.0, 0.0, 0.0, 0.15503875968992248, 0.9140624999999999, 0.295774647887324, 0.0], "auprc": [0.8714355410724242, 0.8628740509458318, 0.8628280854010719, 0.8636062497070106, 0.8630488254520168, 0.8635845701469101, 0.8635760600625295, 0.8568307893085796, 0.8616790332991873, 0.8624751917874729]}