{"auroc": [0.645, 0.6475000000000001, 0.6675, 0.6525, 0.64, 0.4525, 0.645, 0.5974999999999999, 0.6425000000000001, 0.6399999999999999], "acc": [0.5, 0.5, 0.55, 0.5, 0.5, 0.4, 0.5, 0.525, 0.575, 0.5], "aps": [0.7021282924304851, 0.7025747831235365, 0.7054796239220861, 0.7038654850245326, 0.6973382709973185, 0.5342632176180235, 0.7014978600466135, 0.6795535407490942, 0.7069791074594721, 0.694807811146188], "f1": [0.6666666666666666, 0.6666666666666666, 0.6538461538461537, 0.6666666666666666, 0.6666666666666666, 0.45454545454545453, 0.6666666666666666, 0.5581395348837209, 0.32000000000000006, 0.6666666666666666], "auprc": [0.6912549467203437, 0.691698319356597, 0.693970362830319, 0.6929900360381381, 0.6863827814440414, 0.5159567822041349, 0.6906181911514687, 0.669521353288824, 0.6975271634291105, 0.6837007957439065]}