{"auroc": [0.4970862470862471, 0.5027195027195027, 0.49650349650349646, 0.49067599067599066, 0.4184149184149184, 0.3958818958818959, 0.563131313131313, 0.47746697746697747, 0.44483294483294483, 0.45066045066045063], "acc": [0.841726618705036, 0.15827338129496402, 0.15827338129496402, 0.841726618705036, 0.15827338129496402, 0.15827338129496402, 0.15827338129496402, 0.15827338129496402, 0.15827338129496402, 0.15827338129496402], "aps": [0.8444595710871321, 0.8488740526762236, 0.8560866166649382, 0.8587094747271239, 0.8016762327377025, 0.7790346578949496, 0.8561132933552852, 0.8510077318399671, 0.8184472557419213, 0.8076926227726773], "f1": [0.9140624999999999, 0.0, 0.0, 0.9140624999999999, 0.0, 0.0, 0.0, 0.0, 0.0, 0.0], "auprc": [0.8412075427199455, 0.8458539051842261, 0.8543623616415242, 0.857543259035243, 0.7984911644384198, 0.7727398793666342, 0.8502273717065292, 0.8489286825964704, 0.8098130565465402, 0.8019948737439117]}