{"auroc": [0.47785547785547783, 0.48795648795648805, 0.4875679875679876, 0.5339937839937839, 0.42832167832167833, 0.4580419580419581, 0.46464646464646464, 0.4677544677544678, 0.4864024864024864, 0.5273892773892774], "acc": [0.15827338129496402, 0.15827338129496402, 0.15827338129496402, 0.15827338129496402, 0.841726618705036, 0.15827338129496402, 0.841726618705036, 0.15827338129496402, 0.15827338129496402, 0.15827338129496402], "aps": [0.8643586743709832, 0.8644379487826916, 0.8438047561016119, 0.842503393014288, 0.8124201918775436, 0.8480237999425041, 0.8451460402539883, 0.8437584993591785, 0.8654481182714608, 0.8656422207732603], "f1": [0.0, 0.0, 0.0, 0.0, 0.9140624999999999, 0.0, 0.9140624999999999, 0.0, 0.0, 0.0], "auprc": [0.8633338339480392, 0.863333520769104, 0.8384697060791193, 0.8355485483674395, 0.7902718241928711, 0.8463839901867324, 0.8453024418407205, 0.8413127787398886, 0.8643931317361557, 0.8631823275492667]}