{"auroc": [0.6399583766909468, 0.4354838709677419, 0.5535900104058273, 0.5744016649323621, 0.5192507804370448, 0.4297606659729448, 0.5712799167533819, 0.6233090530697191, 0.5749219562955254, 0.6170655567117586], "acc": [0.5, 0.5, 0.5, 0.5, 0.5, 0.5, 0.5, 0.5, 0.5, 0.5], "aps": [0.6780756553109825, 0.45814452997158184, 0.5660545154591627, 0.5885382237058813, 0.55205581399466, 0.46052005420316383, 0.6055686205935594, 0.620871006347196, 0.5582994677357068, 0.5878155232052173], "f1": [0.0, 0.6666666666666666, 0.0, 0.0, 0.0, 0.0, 0.0, 0.6666666666666666, 0.0, 0.6666666666666666], "auprc": [0.6705607229615931, 0.4406719661800794, 0.5678066039115466, 0.5793584285510336, 0.5428940410510256, 0.43962515267741015, 0.5951549270528108, 0.6113629679066365, 0.5572826119644966, 0.5840101980452825]}