{"auroc": [0.49999999999999994, 0.46, 0.5225, 0.42375, 0.51375, 0.42500000000000004, 0.7025, 0.65375, 0.7124999999999999, 0.70125], "acc": [0.5, 0.5, 0.5, 0.5, 0.5, 0.5, 0.5, 0.5, 0.5, 0.5], "aps": [0.5475786798851315, 0.5262552991101052, 0.5381701655385867, 0.5252699815199815, 0.5516868177902661, 0.5619485732729019, 0.6899913526887211, 0.6912246903423375, 0.6927313069131593, 0.6810223915527909], "f1": [0.6666666666666666, 0.6666666666666666, 0.0, 0.0, 0.6666666666666666, 0.6666666666666666, 0.6666666666666666, 0.6666666666666666, 0.6666666666666666, 0.6666666666666666], "auprc": [0.4998176908741425, 0.5078266556315233, 0.5260775639723009, 0.5092055396742896, 0.5540317860075613, 0.5518524116330222, 0.6761997714629294, 0.6783931985770221, 0.6808578397758541, 0.6644604397733048]}