{"enet": [{"auroc": [0.5508935508935509, 0.5, 0.5, 0.5, 0.5, 0.5, 0.5, 0.5, 0.5, 0.5], "acc": [0.15827338129496402, 0.15827338129496402, 0.15827338129496402, 0.15827338129496402, 0.15827338129496402, 0.15827338129496402, 0.15827338129496402, 0.15827338129496402, 0.15827338129496402, 0.15827338129496402], "aps": [0.8672819755694114, 0.841726618705036, 0.841726618705036, 0.841726618705036, 0.841726618705036, 0.841726618705036, 0.841726618705036, 0.841726618705036, 0.841726618705036, 0.841726618705036], "f1": [0.0, 0.0, 0.0, 0.0, 0.0, 0.0, 0.0, 0.0, 0.0, 0.0], "auprc": [0.8641926201244987, 0.920863309352518, 0.920863309352518, 0.920863309352518, 0.920863309352518, 0.920863309352518, 0.920863309352518, 0.920863309352518, 0.920863309352518, 0.920863309352518]}]}