{"enet": [{"auroc": [0.5306915306915307, 0.5, 0.5, 0.5, 0.5, 0.5, 0.5, 0.5, 0.5, 0.5], "acc": [0.15827338129496402, 0.15827338129496402, 0.15827338129496402, 0.15827338129496402, 0.15827338129496402, 0.15827338129496402, 0.15827338129496402, 0.15827338129496402, 0.15827338129496402, 0.15827338129496402], "aps": [0.8645714740919275, 0.841726618705036, 0.841726618705036, 0.841726618705036, 0.841726618705036, 0.841726618705036, 0.841726618705036, 0.841726618705036, 0.841726618705036, 0.841726618705036], "f1": [0.0, 0.0, 0.0, 0.0, 0.0, 0.0, 0.0, 0.0, 0.0, 0.0], "auprc": [0.8627862821046826, 0.920863309352518, 0.920863309352518, 0.920863309352518, 0.920863309352518, 0.920863309352518, 0.920863309352518, 0.920863309352518, 0.920863309352518, 0.920863309352518]}]}