{"auroc": [0.46826222684703434, 0.5083246618106139, 0.5775234131113424, 0.40790842872008326, 0.3777315296566077, 0.41831425598335065, 0.5785639958376692, 0.4604578563995838, 0.4713839750260146, 0.5515088449531738], "acc": [0.5, 0.5, 0.5, 0.5, 0.5, 0.5, 0.5, 0.5, 0.5, 0.5], "aps": [0.5301984327648657, 0.5069157588496405, 0.6517648118826553, 0.45412089078339923, 0.43476896906464346, 0.4695397537951149, 0.6511177014871448, 0.4805963642069543, 0.5283134206111367, 0.6412590423301283], "f1": [0.0, 0.6666666666666666, 0.0, 0.0, 0.0, 0.0, 0.0, 0.0, 0.0, 0.0], "auprc": [0.5167669419210917, 0.48833518692684186, 0.6457846899842555, 0.4328502365868154, 0.4142445648072085, 0.45071592293286283, 0.6444327164276575, 0.45940040118657083, 0.5150348561064078, 0.6350025212612551]}