{"auroc": [0.5038850038850038, 0.5306915306915306, 0.3224553224553225, 0.37334887334887334, 0.6266511266511267, 0.4188034188034188, 0.3282828282828283, 0.627039627039627, 0.397047397047397, 0.4370629370629371], "acc": [0.15827338129496402, 0.15827338129496402, 0.15827338129496402, 0.15827338129496402, 0.841726618705036, 0.15827338129496402, 0.15827338129496402, 0.15827338129496402, 0.15827338129496402, 0.15827338129496402], "aps": [0.8509067311698545, 0.8425240627490216, 0.8106333028934785, 0.8195966977240328, 0.8851864918914367, 0.8332239252789202, 0.8062357676176048, 0.897705209600603, 0.8275895794783212, 0.8422866749474063], "f1": [0.0, 0.0, 0.0, 0.0, 0.9140624999999999, 0.0, 0.0, 0.0, 0.0, 0.0], "auprc": [0.8452252033963341, 0.8388623619759528, 0.8087582458212399, 0.8176311053753595, 0.88317439684878, 0.8312738902635087, 0.8041135589266313, 0.8963331798062667, 0.8255668548534962, 0.8405384435283485]}