{"auroc": [0.6024999999999999, 0.615, 0.615, 0.605, 0.5975, 0.6575, 0.6349999999999999, 0.625, 0.6749999999999999, 0.6524999999999999], "acc": [0.5, 0.5, 0.5, 0.5, 0.5, 0.5, 0.5, 0.5, 0.5, 0.5], "aps": [0.6242014080249375, 0.6677748474957728, 0.6832985472130209, 0.5970785032154919, 0.6490067586197616, 0.7213344884068569, 0.6995847395626809, 0.6671161731136156, 0.681700843831374, 0.6892647620725494], "f1": [0.6666666666666666, 0.6666666666666666, 0.6666666666666666, 0.0, 0.6666666666666666, 0.6666666666666666, 0.0, 0.6666666666666666, 0.6666666666666666, 0.6666666666666666], "auprc": [0.5967656454068867, 0.6520501182265038, 0.6717309059042454, 0.5788642268883134, 0.6326271247881522, 0.7129256642946659, 0.6907145288909997, 0.6512323009332881, 0.6658282746465108, 0.6773230492127074]}