{"auroc": [0.6275, 0.61, 0.6175, 0.6475, 0.615, 0.6175, 0.6025, 0.6675, 0.605, 0.615], "acc": [0.5, 0.5, 0.5, 0.5, 0.5, 0.5, 0.5, 0.5, 0.5, 0.5], "aps": [0.6527029601223149, 0.6463249614958908, 0.6481654420847969, 0.6649847200038934, 0.6481823275468053, 0.6663005521048999, 0.6437320423620234, 0.6581291699652968, 0.6441003342712636, 0.6488059747329524], "f1": [0.6666666666666666, 0.0, 0.6666666666666666, 0.6666666666666666, 0.6666666666666666, 0.6666666666666666, 0.6666666666666666, 0.6666666666666666, 0.0, 0.6666666666666666], "auprc": [0.6358238669823274, 0.629445590559281, 0.6312708181792785, 0.6482360426478033, 0.6313053080674969, 0.6535944935233952, 0.6268519077401741, 0.6294732214850349, 0.6272155520792425, 0.6319375900646451]}