{"auroc": [0.35749999999999993, 0.6699999999999999, 0.615, 0.6900000000000001, 0.5575000000000001, 0.7124999999999999, 0.6725, 0.5675000000000001, 0.5625000000000001, 0.625], "acc": [0.5, 0.5, 0.5, 0.5, 0.5, 0.5, 0.5, 0.5, 0.5, 0.5], "aps": [0.46087366211061925, 0.7183568507097919, 0.6889742872523194, 0.7409279513077389, 0.6663652498505003, 0.7317649845910963, 0.7094763892975702, 0.677778680722928, 0.6817223927076431, 0.6964388110326326], "f1": [0.6666666666666666, 0.6666666666666666, 0.6666666666666666, 0.0, 0.6666666666666666, 0.6666666666666666, 0.6666666666666666, 0.6666666666666666, 0.6666666666666666, 0.6666666666666666], "auprc": [0.4343957331175693, 0.7074844964649782, 0.6792909368367956, 0.7335951032782966, 0.6565389933219411, 0.7226251348682584, 0.6981205643436548, 0.6691867322940059, 0.673443755226703, 0.6869087871017048]}