{"auroc": [0.5578865578865579, 0.5543900543900544, 0.4261849261849262, 0.3877233877233877, 0.5567210567210568, 0.4871794871794872, 0.40637140637140634, 0.36635586635586637, 0.5481740481740481, 0.559052059052059], "acc": [0.15827338129496402, 0.15827338129496402, 0.841726618705036, 0.15827338129496402, 0.15827338129496402, 0.15827338129496402, 0.15827338129496402, 0.6834532374100719, 0.15827338129496402, 0.15827338129496402], "aps": [0.8741264556978983, 0.8720327055059387, 0.8125863007740448, 0.7813071285677713, 0.8744364679998748, 0.8369676174220966, 0.7942082884452257, 0.7826660990432496, 0.8706742935182163, 0.8759443248417684], "f1": [0.0, 0.0, 0.9140624999999999, 0.0, 0.0, 0.0, 0.0, 0.8086956521739128, 0.0, 0.0], "auprc": [0.872422545624312, 0.8704708544090449, 0.8098275793533074, 0.7755881683503052, 0.8730600331415053, 0.8341413228345576, 0.7879965119504616, 0.7764544165897997, 0.8690692406770286, 0.8745986132702819]}