{"enet": [{"auroc": [0.635, 0.5, 0.5, 0.5, 0.5, 0.5, 0.42874999999999996, 0.5, 0.4, 0.5], "acc": [0.5, 0.5, 0.5, 0.5, 0.5, 0.5, 0.55, 0.5, 0.425, 0.5], "aps": [0.6004684982711499, 0.5, 0.5, 0.5, 0.5, 0.5, 0.5079583387710322, 0.5, 0.4515717134138187, 0.5], "f1": [0.16666666666666669, 0.6666666666666666, 0.6666666666666666, 0.6666666666666666, 0.6666666666666666, 0.6666666666666666, 0.5, 0.6666666666666666, 0.5964912280701754, 0.6666666666666666], "auprc": [0.5822535163413566, 0.75, 0.75, 0.75, 0.75, 0.75, 0.5744107191986629, 0.75, 0.6724050467471521, 0.75]}]}