{"auroc": [0.7224999999999999, 0.7150000000000001, 0.6625000000000001, 0.72, 0.725, 0.7024999999999999, 0.7275, 0.6875, 0.7075, 0.7124999999999999], "acc": [0.625, 0.575, 0.5, 0.6, 0.65, 0.5, 0.625, 0.5, 0.5, 0.575], "aps": [0.76215244758656, 0.7572732205334198, 0.7250996035119068, 0.7605946047267222, 0.7647494118108462, 0.7511634109205283, 0.7656941142532268, 0.7362711588832116, 0.757352767892379, 0.753888067273031], "f1": [0.7272727272727273, 0.2608695652173913, 0.0, 0.6666666666666666, 0.4999999999999999, 0.6666666666666666, 0.4, 0.0, 0.6666666666666666, 0.2608695652173913], "auprc": [0.7558292986427038, 0.7508898074866963, 0.7183312901259464, 0.7542470537796249, 0.7584836981217937, 0.7447241220190013, 0.7594246661375279, 0.7293690446141283, 0.7513237078728026, 0.7474277565143814]}