{"auroc": [0.5672105672105672, 0.5435120435120435, 0.5470085470085471, 0.5442890442890442, 0.5648795648795649, 0.5481740481740481, 0.5505050505050505, 0.5213675213675214, 0.5407925407925408, 0.5462315462315462], "acc": [0.15827338129496402, 0.17266187050359713, 0.15827338129496402, 0.15827338129496402, 0.15827338129496402, 0.15827338129496402, 0.15827338129496402, 0.15827338129496402, 0.15827338129496402, 0.15827338129496402], "aps": [0.8716687383601012, 0.8592388297677693, 0.8611361918424214, 0.8589469695141118, 0.8696465032107035, 0.8619746868163509, 0.8628428088695077, 0.8429692317923239, 0.8535706699037011, 0.8602389380516866], "f1": [0.0, 0.033613445378151266, 0.0, 0.0, 0.0, 0.0, 0.0, 0.0, 0.0, 0.0], "auprc": [0.8702238345145135, 0.8574331238262642, 0.8594980027915224, 0.857070054229836, 0.8680481665117121, 0.8602271025910326, 0.8610979086476163, 0.8361270520212019, 0.8506499369475367, 0.8584466284738002]}