{"auroc": [0.5629552549427679, 0.5530697190426639, 0.5535900104058272, 0.5608740894901145, 0.5556711758584807, 0.5556711758584808, 0.562955254942768, 0.37252861602497395, 0.5650364203954213, 0.5660770031217482], "acc": [0.5, 0.5, 0.5, 0.5, 0.5, 0.5, 0.5, 0.5, 0.5, 0.5], "aps": [0.5523606940991383, 0.5342750714745074, 0.547270248754914, 0.5490055206103439, 0.5535302650629605, 0.5543085260146728, 0.5537050507641842, 0.4323107252635455, 0.5561863445139853, 0.5643036860582806], "f1": [0.0, 0.0, 0.6666666666666666, 0.0, 0.0, 0.0, 0.0, 0.6666666666666666, 0.0, 0.0], "auprc": [0.5625428263097662, 0.5130776836173049, 0.5574309239708647, 0.5543966050240445, 0.5637759002114137, 0.5645622067045258, 0.5639024820713824, 0.41494753453960576, 0.5664131499999563, 0.5645659003348248]}