{"enet": [{"auroc": [0.5175, 0.5, 0.5, 0.5, 0.5, 0.605, 0.5225, 0.5525, 0.5, 0.5225], "acc": [0.5, 0.5, 0.5, 0.5, 0.5, 0.65, 0.55, 0.475, 0.5, 0.55], "aps": [0.5550170773302896, 0.5, 0.5, 0.5, 0.5, 0.6219214956499438, 0.5543922721040413, 0.5766416631530062, 0.5, 0.5543922721040413], "f1": [0.5, 0.6666666666666666, 0.6666666666666666, 0.6666666666666666, 0.6666666666666666, 0.5625000000000001, 0.47058823529411764, 0.0, 0.6666666666666666, 0.47058823529411764], "auprc": [0.5246932110715914, 0.75, 0.75, 0.75, 0.75, 0.6386653527842459, 0.5876631267750756, 0.5463568553218596, 0.75, 0.5876631267750756]}]}