{"auroc": [0.7875, 0.785, 0.7875, 0.7825, 0.7875, 0.765, 0.42000000000000004, 0.7925, 0.5125, 0.765], "acc": [0.5, 0.5, 0.5, 0.5, 0.5, 0.675, 0.5, 0.5, 0.5, 0.5], "aps": [0.8161915015632738, 0.8136915015632737, 0.8161915015632738, 0.8152754429841718, 0.8146592434987576, 0.8018364767216761, 0.4469108530143012, 0.8185905621800762, 0.6157857029140339, 0.8030262093194218], "f1": [0.6666666666666666, 0.6666666666666666, 0.6666666666666666, 0.6666666666666666, 0.6666666666666666, 0.5185185185185185, 0.6666666666666666, 0.6666666666666666, 0.6666666666666666, 0.6666666666666666], "auprc": [0.8113209087758166, 0.8087613849662929, 0.8113209087758166, 0.810498429989665, 0.8097337616811612, 0.7967701767542525, 0.42696751198400373, 0.8137648971221543, 0.6059822673408407, 0.7980790217073213]}