{"auroc": [0.6006216006216006, 0.5947940947940948, 0.601010101010101, 0.5668220668220667, 0.5986790986790986, 0.602952602952603, 0.594017094017094, 0.45881895881895884, 0.6017871017871018, 0.6017871017871018], "acc": [0.15827338129496402, 0.15827338129496402, 0.15827338129496402, 0.15827338129496402, 0.15827338129496402, 0.15827338129496402, 0.15827338129496402, 0.37410071942446044, 0.15827338129496402, 0.15827338129496402], "aps": [0.8781760539340556, 0.8752486753618314, 0.8783142338016866, 0.8596505446892602, 0.8763920616968263, 0.8836717742658845, 0.868984369561048, 0.8424358231616484, 0.8786146052720577, 0.8838617154540076], "f1": [0.0, 0.0, 0.0, 0.0, 0.0, 0.0, 0.0, 0.4727272727272727, 0.0, 0.0], "auprc": [0.8753622031252257, 0.8729229556390292, 0.8757195150489009, 0.851542983903941, 0.87398497600655, 0.8822304867144424, 0.8609700551422831, 0.8408182807384396, 0.8758679296318194, 0.8823492376167809]}