{"auroc": [0.575, 0.69, 0.6675, 0.6975, 0.6400000000000001, 0.6699999999999999, 0.6575, 0.6475, 0.6749999999999999, 0.575], "acc": [0.5, 0.5, 0.5, 0.55, 0.5, 0.5, 0.5, 0.5, 0.5, 0.5], "aps": [0.6162568587061121, 0.709526917465722, 0.6970219225510987, 0.7128369967892026, 0.6582325010730583, 0.6866553300792432, 0.6775483307983308, 0.6606090687516519, 0.6892066069712629, 0.6982958225258669], "f1": [0.6666666666666666, 0.6666666666666666, 0.6, 0.6250000000000001, 0.6551724137931034, 0.6551724137931034, 0.6666666666666666, 0.6666666666666666, 0.6666666666666666, 0.6666666666666666], "auprc": [0.5992324068813757, 0.6831696871662634, 0.6705190257192756, 0.68656595270065, 0.6300794156173413, 0.6595439446750189, 0.6503951768266784, 0.6328888069872725, 0.6622134756202601, 0.6913759382723073]}