{"auroc": [0.5218522372528616, 0.3959417273673257, 0.3636836628511967, 0.39542143600416235, 0.5520291363163371, 0.5723204994797086, 0.6087408949011446, 0.5556711758584807, 0.5691987513007285, 0.5770031217481789], "acc": [0.5, 0.5, 0.5, 0.5, 0.5, 0.5, 0.5, 0.5, 0.5, 0.5], "aps": [0.5220287743885215, 0.4632665322727082, 0.42370032177331546, 0.45414234591921204, 0.5293845846190872, 0.6495885718211957, 0.6405597866956109, 0.6340808082468667, 0.5756941730181966, 0.5989232009140805], "f1": [0.6666666666666666, 0.6666666666666666, 0.0, 0.0, 0.0, 0.0, 0.0, 0.0, 0.0, 0.0], "auprc": [0.5120955751872848, 0.43828869607144505, 0.4097232549497292, 0.44391969273208653, 0.5138492167739487, 0.6437416685495255, 0.6310719612745684, 0.6275868100826295, 0.5083705357817028, 0.611992752355885]}