{"auroc": [0.5023310023310024, 0.4386169386169386, 0.42773892773892774, 0.45920745920745926, 0.42773892773892774, 0.5310800310800311, 0.513986013986014, 0.4502719502719502, 0.5097125097125097, 0.4277389277389277], "acc": [0.15827338129496402, 0.15827338129496402, 0.15827338129496402, 0.15827338129496402, 0.15827338129496402, 0.15827338129496402, 0.15827338129496402, 0.15827338129496402, 0.15827338129496402, 0.15827338129496402], "aps": [0.8372423160820484, 0.8097071321863109, 0.8047758334125737, 0.8173243202845477, 0.8034734583395995, 0.8606721814856846, 0.8516241301870671, 0.8251146063031519, 0.8446918454436115, 0.8057977224071533], "f1": [0.0, 0.0, 0.0, 0.0, 0.0, 0.0, 0.0, 0.0, 0.0, 0.0], "auprc": [0.8347281250757357, 0.804488517476904, 0.7995050770963197, 0.8114796547243015, 0.7981545807171075, 0.8588426175225696, 0.8500614831355473, 0.8195949939569387, 0.8422308800670371, 0.8005464312243151]}