{"auroc": [0.4383292383292383, 0.4515970515970516, 0.5361179361179361, 0.4643734643734644, 0.4977886977886978, 0.5007371007371009, 0.4972972972972973, 0.4786240786240787, 0.5179361179361179, 0.5076167076167076], "acc": [0.40217391304347827, 0.40217391304347827, 0.40217391304347827, 0.40217391304347827, 0.40217391304347827, 0.40217391304347827, 0.40217391304347827, 0.40217391304347827, 0.40217391304347827, 0.40217391304347827], "aps": [0.35318716212917173, 0.371937721969979, 0.4052966397829391, 0.4190183927137341, 0.37667383815996136, 0.41099006077111533, 0.4278221663945736, 0.3981034248004025, 0.41486718648655513, 0.4015612025369063], "f1": [0.5736434108527132, 0.5736434108527132, 0.5736434108527132, 0.5736434108527132, 0.5736434108527132, 0.5736434108527132, 0.5736434108527132, 0.5736434108527132, 0.5736434108527132, 0.5736434108527132], "auprc": [0.3408596268881404, 0.3572286188274673, 0.39343645058429505, 0.40783241530868347, 0.36544334570364667, 0.39296774281518515, 0.4163516029180244, 0.3801621898103603, 0.39905759605509183, 0.3861339498059697]}