{"auroc": [0.5891891891891893, 0.6113022113022113, 0.5852579852579853, 0.6235872235872236, 0.576904176904177], "acc": [0.5978260869565217, 0.5978260869565217, 0.42391304347826086, 0.5978260869565217, 0.5978260869565217], "aps": [0.5088145767400594, 0.5091183435203086, 0.5328801559173713, 0.5275419778401007, 0.48257739186356263], "f1": [0.0, 0.0, 0.5760000000000001, 0.0, 0.0], "auprc": [0.4973135832078629, 0.49945146110739974, 0.524366381031826, 0.5177831444723857, 0.4705822408925357]}