{"rf": [{"auroc": [0.5206388206388207, 0.5257985257985257, 0.5248157248157248, 0.5461916461916462, 0.6285012285012286, 0.5518427518427519, 0.4928746928746929, 0.5027027027027027, 0.5353808353808354, 0.5309582309582309], "acc": [0.5869565217391305, 0.5978260869565217, 0.6413043478260869, 0.6195652173913043, 0.6413043478260869, 0.5978260869565217, 0.44565217391304346, 0.5978260869565217, 0.5978260869565217, 0.5869565217391305], "aps": [0.4158981852460113, 0.44003721295629966, 0.46018723278785206, 0.4629819491507566, 0.4891357439157335, 0.4489598340344608, 0.4101817981153675, 0.41308086742869354, 0.435040190013302, 0.4186195709199832], "f1": [0.0, 0.0, 0.23255813953488372, 0.14634146341463414, 0.5217391304347827, 0.0, 0.5486725663716814, 0.05128205128205129, 0.0, 0.0], "auprc": [0.3905616827355957, 0.442044780892325, 0.4809246885098278, 0.4447941894102426, 0.6284310272818654, 0.4775269405866421, 0.41234702625617375, 0.46168258885650193, 0.5656859824130447, 0.40328821160436606]}], "enet": [{"auroc": [0.6909090909090909, 0.6466830466830468, 0.6466830466830468, 0.6909090909090909, 0.6909090909090909, 0.6909090909090909, 0.6909090909090909, 0.6909090909090909, 0.6796068796068797, 0.6909090909090909], "acc": [0.5978260869565217, 0.5978260869565217, 0.5978260869565217, 0.5978260869565217, 0.5978260869565217, 0.5978260869565217, 0.5978260869565217, 0.5978260869565217, 0.40217391304347827, 0.5978260869565217], "aps": [0.6477901484700177, 0.6253211624408748, 0.6253211624408748, 0.6477901484700177, 0.6477901484700177, 0.6477901484700177, 0.6477901484700177, 0.6477901484700177, 0.651696892294682, 0.6477901484700177], "f1": [0.0, 0.0, 0.0, 0.0, 0.0, 0.0, 0.0, 0.0, 0.5736434108527132, 0.0], "auprc": [0.641595391151931, 0.62015367024399, 0.62015367024399, 0.641595391151931, 0.641595391151931, 0.641595391151931, 0.641595391151931, 0.641595391151931, 0.6467097800948929, 0.641595391151931]}]}