{"rf": [{"auroc": [0.5034398034398035, 0.5398034398034399, 0.5287469287469287, 0.44176904176904175, 0.6100737100737101, 0.5117936117936118, 0.5233415233415233, 0.5144963144963145, 0.5469287469287469, 0.43660933660933665], "acc": [0.5978260869565217, 0.5978260869565217, 0.5978260869565217, 0.5978260869565217, 0.5978260869565217, 0.5978260869565217, 0.6086956521739131, 0.5978260869565217, 0.5978260869565217, 0.5978260869565217], "aps": [0.4219765839817754, 0.46825695816485313, 0.4671658928692585, 0.3849197023110067, 0.5501137642825165, 0.4258365881182869, 0.4241801265077766, 0.4250438800869835, 0.45143845826061146, 0.40883150174557104], "f1": [0.0, 0.0, 0.0, 0.0, 0.0, 0.0, 0.1, 0.0, 0.0, 0.0]}], "enet": [{"auroc": [0.6535626535626536, 0.6334152334152334, 0.654054054054054, 0.6574938574938576, 0.6265356265356266, 0.6157248157248157, 0.6442260442260442, 0.44078624078624085, 0.42407862407862407, 0.6334152334152334], "acc": [0.40217391304347827, 0.6086956521739131, 0.5978260869565217, 0.40217391304347827, 0.45652173913043476, 0.41304347826086957, 0.40217391304347827, 0.5978260869565217, 0.5978260869565217, 0.6086956521739131], "aps": [0.6594570493265162, 0.6202432784936036, 0.5732877602926698, 0.6383061976754911, 0.6169972686743799, 0.6088343520658994, 0.6486451780090638, 0.39708381677826055, 0.39323662895254113, 0.6202432784936036], "f1": [0.5736434108527132, 0.052631578947368425, 0.0, 0.5736434108527132, 0.5901639344262295, 0.5714285714285715, 0.5736434108527132, 0.0, 0.0, 0.052631578947368425]}]}