{"enet": [{"auroc": [0.577886977886978, 0.5872235872235873, 0.5714987714987716, 0.577886977886978, 0.5896805896805897, 0.5764127764127764, 0.5714987714987716, 0.5714987714987716, 0.5714987714987716, 0.5764127764127764], "acc": [0.40217391304347827, 0.40217391304347827, 0.40217391304347827, 0.40217391304347827, 0.40217391304347827, 0.5, 0.40217391304347827, 0.40217391304347827, 0.40217391304347827, 0.5], "aps": [0.48977342379375977, 0.496642260847697, 0.49085623872131134, 0.48977342379375977, 0.49074873991860174, 0.4917519670932244, 0.48661115853189074, 0.48661115853189074, 0.49085623872131134, 0.4917519670932244], "f1": [0.5736434108527132, 0.5736434108527132, 0.5736434108527132, 0.5736434108527132, 0.5736434108527132, 0.5964912280701754, 0.5736434108527132, 0.5736434108527132, 0.5736434108527132, 0.5964912280701754], "auprc": [0.48003224999937927, 0.4784161538387522, 0.48124781537587263, 0.48003224999937927, 0.4788320241509257, 0.482017581091044, 0.47691880811647225, 0.47691880811647225, 0.48124781537587263, 0.482017581091044]}]}