{"auroc": [0.4909090909090909, 0.5147420147420148, 0.5941031941031942, 0.577886977886978, 0.49606879606879606, 0.48255528255528257, 0.5348894348894349, 0.5137592137592137, 0.5147420147420148, 0.5793611793611795], "acc": [0.40217391304347827, 0.40217391304347827, 0.40217391304347827, 0.40217391304347827, 0.40217391304347827, 0.40217391304347827, 0.5978260869565217, 0.40217391304347827, 0.5978260869565217, 0.40217391304347827], "aps": [0.39597652628552854, 0.4291623194337333, 0.5010909793917726, 0.4520599927959116, 0.43780915006921506, 0.39452334934207517, 0.4045014403989139, 0.4430572344815761, 0.4223099719028201, 0.4532864866127082], "f1": [0.5736434108527132, 0.5736434108527132, 0.5736434108527132, 0.5736434108527132, 0.5736434108527132, 0.5736434108527132, 0.0, 0.5736434108527132, 0.0, 0.5736434108527132], "auprc": [0.3828059289792165, 0.420495342016989, 0.48891603526137045, 0.4356489183819568, 0.42833945970254844, 0.3797066800069453, 0.3921345820144184, 0.4287742718417024, 0.40638235777432774, 0.43713278442892206]}