{"rf": [{"auroc": [0.5867321867321867], "acc": [0.5978260869565217], "aps": [0.48589495789332454], "f1": [0.0]}], "enet": [{"auroc": [0.5665847665847665], "acc": [0.5869565217391305], "aps": [0.4534662289854662], "f1": [0.0]}]}