{"auroc": [0.4832923832923833, 0.5, 0.5, 0.5, 0.5, 0.5511056511056511, 0.5, 0.4714987714987715, 0.5, 0.5], "acc": [0.40217391304347827, 0.40217391304347827, 0.5978260869565217, 0.40217391304347827, 0.5978260869565217, 0.40217391304347827, 0.40217391304347827, 0.40217391304347827, 0.40217391304347827, 0.5978260869565217], "aps": [0.3943705934195065, 0.40217391304347827, 0.40217391304347827, 0.40217391304347827, 0.40217391304347827, 0.4289071680376028, 0.40217391304347827, 0.39000335739466174, 0.40217391304347827, 0.40217391304347827], "f1": [0.5736434108527132, 0.5736434108527132, 0.0, 0.5736434108527132, 0.0, 0.5736434108527132, 0.5736434108527132, 0.5736434108527132, 0.5736434108527132, 0.0], "auprc": [0.5983677291421857, 0.7010869565217391, 0.7010869565217391, 0.7010869565217391, 0.7010869565217391, 0.6460414218566393, 0.7010869565217391, 0.46044569414134634, 0.7010869565217391, 0.7010869565217391]}