{"rf": [{"auroc": [0.5810810810810811], "acc": [0.40217391304347827], "aps": [0.5179695864052737], "f1": [0.5736434108527132], "auprc": [0.5269012971264049]}], "enet": [{"auroc": [0.5651105651105651], "acc": [0.5978260869565217], "aps": [0.4606959141096162], "f1": [0.0], "auprc": [0.4421797041166416]}]}