{"rf": [{"auroc": [0.4771498771498771], "acc": [0.5978260869565217], "aps": [0.3967097532314924], "f1": [0.0], "auprc": [0.309165687426557]}], "enet": [{"auroc": [0.5592137592137593], "acc": [0.40217391304347827], "aps": [0.46608503645128635], "f1": [0.5736434108527132], "auprc": [0.45654364618495463]}]}