{"enet": [{"auroc": [0.514004914004914, 0.4982800982800983, 0.4982800982800983, 0.4982800982800983, 0.4982800982800983, 0.514004914004914, 0.47960687960687964, 0.47960687960687964, 0.4982800982800983, 0.4982800982800983], "acc": [0.40217391304347827, 0.40217391304347827, 0.40217391304347827, 0.40217391304347827, 0.40217391304347827, 0.40217391304347827, 0.5978260869565217, 0.5978260869565217, 0.40217391304347827, 0.40217391304347827], "aps": [0.40653381830556434, 0.39467638083909456, 0.39467638083909456, 0.39467638083909456, 0.39467638083909456, 0.40653381830556434, 0.3818419463557163, 0.3818419463557163, 0.39467638083909456, 0.39467638083909456], "f1": [0.5736434108527132, 0.5736434108527132, 0.5736434108527132, 0.5736434108527132, 0.5736434108527132, 0.5736434108527132, 0.0, 0.0, 0.5736434108527132, 0.5736434108527132], "auprc": [0.39393354724530194, 0.38212008156742605, 0.38212008156742605, 0.38212008156742605, 0.38212008156742605, 0.39393354724530194, 0.36876455608016834, 0.36876455608016834, 0.38212008156742605, 0.38212008156742605]}]}