{"auroc": [0.5181818181818182, 0.48157248157248167, 0.5221130221130221, 0.45110565110565115, 0.40221130221130225, 0.4729729729729729, 0.4636363636363637, 0.43194103194103195, 0.4444717444717445, 0.45552825552825554], "acc": [0.5978260869565217, 0.40217391304347827, 0.5978260869565217, 0.40217391304347827, 0.40217391304347827, 0.40217391304347827, 0.40217391304347827, 0.40217391304347827, 0.40217391304347827, 0.5978260869565217], "aps": [0.436537098035526, 0.38223572331454814, 0.40894912357029367, 0.37638915901562364, 0.35718062814239815, 0.3828085380602789, 0.37798272745669237, 0.374044836191313, 0.3726990234093124, 0.3695709346847003], "f1": [0.0, 0.5736434108527132, 0.0, 0.5736434108527132, 0.5736434108527132, 0.5736434108527132, 0.5736434108527132, 0.5736434108527132, 0.5736434108527132, 0.0], "auprc": [0.4432571175160749, 0.36903365632476404, 0.39378338644635147, 0.35472692006903733, 0.3484005352491279, 0.3693709143709848, 0.3627917230631178, 0.3574690409932916, 0.3586661364009933, 0.35143247931067867]}