{"auroc": [0.485012285012285, 0.49459459459459465, 0.48378378378378384, 0.505896805896806, 0.48918918918918913, 0.4936117936117936, 0.4928746928746929, 0.5007371007371008, 0.4914004914004914, 0.49459459459459465], "acc": [0.40217391304347827, 0.40217391304347827, 0.40217391304347827, 0.40217391304347827, 0.40217391304347827, 0.40217391304347827, 0.40217391304347827, 0.5978260869565217, 0.40217391304347827, 0.40217391304347827], "aps": [0.38250647644918273, 0.40546473402867, 0.39652179441938695, 0.4353983209057392, 0.40479943593626233, 0.40292431403600276, 0.4062095019087165, 0.4168053777015658, 0.40566887340935837, 0.41167166135682365], "f1": [0.5736434108527132, 0.5736434108527132, 0.5736434108527132, 0.5736434108527132, 0.5736434108527132, 0.5736434108527132, 0.5736434108527132, 0.0, 0.5736434108527132, 0.5736434108527132], "auprc": [0.3705676263020255, 0.38946067865620054, 0.3790017307596685, 0.45033791166089365, 0.39013728370420375, 0.38742683649906895, 0.39008522488424774, 0.4146193346514834, 0.3895465078925774, 0.3933599761757977]}