{"enet": [{"auroc": [0.6407862407862408, 0.5, 0.5, 0.5, 0.5, 0.5, 0.5, 0.5, 0.605896805896806, 0.5], "acc": [0.42391304347826086, 0.40217391304347827, 0.40217391304347827, 0.40217391304347827, 0.40217391304347827, 0.40217391304347827, 0.40217391304347827, 0.40217391304347827, 0.5, 0.40217391304347827], "aps": [0.5857261671382716, 0.40217391304347827, 0.40217391304347827, 0.40217391304347827, 0.40217391304347827, 0.40217391304347827, 0.40217391304347827, 0.40217391304347827, 0.488527349117524, 0.40217391304347827], "f1": [0.5691056910569107, 0.5736434108527132, 0.5736434108527132, 0.5736434108527132, 0.5736434108527132, 0.5736434108527132, 0.5736434108527132, 0.5736434108527132, 0.5818181818181818, 0.5736434108527132], "auprc": [0.5749152444187047, 0.7010869565217391, 0.7010869565217391, 0.7010869565217391, 0.7010869565217391, 0.7010869565217391, 0.7010869565217391, 0.7010869565217391, 0.4926460652389841, 0.7010869565217391]}]}