{"enet": [{"auroc": [0.5105651105651106, 0.5297297297297298, 0.5297297297297298, 0.5297297297297298, 0.5297297297297298, 0.5194103194103195, 0.5282555282555284, 0.5297297297297298, 0.514004914004914, 0.5282555282555284], "acc": [0.40217391304347827, 0.40217391304347827, 0.40217391304347827, 0.40217391304347827, 0.40217391304347827, 0.5978260869565217, 0.5978260869565217, 0.40217391304347827, 0.40217391304347827, 0.5978260869565217], "aps": [0.4232899519280827, 0.4779106320618179, 0.4779106320618179, 0.4779106320618179, 0.4779106320618179, 0.4325578235385282, 0.43908609512224483, 0.4779106320618179, 0.4246365016582062, 0.43908609512224483], "f1": [0.5736434108527132, 0.5736434108527132, 0.5736434108527132, 0.5736434108527132, 0.5736434108527132, 0.0, 0.0, 0.5736434108527132, 0.5736434108527132, 0.0], "auprc": [0.40716699499719095, 0.46829541209999287, 0.46829541209999287, 0.46829541209999287, 0.46829541209999287, 0.4141117441913379, 0.42057702244679035, 0.46829541209999287, 0.40851136087494455, 0.42057702244679035]}]}