{"enet": [{"auroc": [0.6407862407862408, 0.6280098280098281, 0.6280098280098281, 0.6280098280098281, 0.6063882063882065, 0.6280098280098281, 0.6280098280098281, 0.6280098280098281, 0.6280098280098281, 0.6280098280098281], "acc": [0.5978260869565217, 0.40217391304347827, 0.40217391304347827, 0.40217391304347827, 0.40217391304347827, 0.40217391304347827, 0.40217391304347827, 0.40217391304347827, 0.40217391304347827, 0.40217391304347827], "aps": [0.5566754731794035, 0.5402458347096835, 0.5402458347096835, 0.5402458347096835, 0.526933221308311, 0.5402458347096835, 0.5402458347096835, 0.5402458347096835, 0.5402458347096835, 0.5402458347096835], "f1": [0.0, 0.5736434108527132, 0.5736434108527132, 0.5736434108527132, 0.5736434108527132, 0.5736434108527132, 0.5736434108527132, 0.5736434108527132, 0.5736434108527132, 0.5736434108527132], "auprc": [0.5449786413266045, 0.5287643873493713, 0.5287643873493713, 0.5287643873493713, 0.5154578638581888, 0.5287643873493713, 0.5287643873493713, 0.5287643873493713, 0.5287643873493713, 0.5287643873493713]}]}