{"rf": [{"auroc": [0.4673218673218673], "acc": [0.5978260869565217], "aps": [0.4010849816696893], "f1": [0.0]}], "enet": [{"auroc": [0.6226044226044227], "acc": [0.5978260869565217], "aps": [0.5210699224081027], "f1": [0.0]}]}