{"enet": [{"auroc": [0.601965601965602, 0.5592137592137592, 0.5916461916461916, 0.5916461916461916, 0.5592137592137592, 0.571990171990172, 0.6137592137592138, 0.5601965601965602, 0.5601965601965602, 0.5965601965601967], "acc": [0.5978260869565217, 0.5978260869565217, 0.40217391304347827, 0.40217391304347827, 0.5978260869565217, 0.5978260869565217, 0.5869565217391305, 0.5978260869565217, 0.5978260869565217, 0.4891304347826087], "aps": [0.46599147057077983, 0.4425447327367994, 0.47697924642736933, 0.47697924642736933, 0.4425447327367994, 0.4955852637471569, 0.48019902997636243, 0.4478631936531364, 0.4478631936531364, 0.46575928380287857], "f1": [0.5747126436781609, 0.0, 0.5736434108527132, 0.5736434108527132, 0.0, 0.0, 0.5128205128205128, 0.0, 0.0, 0.6050420168067226], "auprc": [0.45103440888601987, 0.4242141518103345, 0.46556760791336027, 0.46556760791336027, 0.4242141518103345, 0.4873779107394968, 0.4647822389371154, 0.42930241501142247, 0.42930241501142247, 0.4475162428230654]}]}