{"rf": [{"auroc": [0.5211302211302211], "acc": [0.40217391304347827], "aps": [0.4743549853021826], "f1": [0.5736434108527132]}], "enet": [{"auroc": [0.4093366093366094], "acc": [0.40217391304347827], "aps": [0.3679276724926122], "f1": [0.5736434108527132]}]}