{"rf": [{"auroc": [0.5282555282555282], "acc": [0.391304347826087], "aps": [0.42701340873245874], "f1": [0.5483870967741936], "auprc": [0.4164025691215882]}], "enet": [{"auroc": [0.5002457002457003], "acc": [0.5978260869565217], "aps": [0.3941789367265224], "f1": [0.0], "auprc": [0.3812272240028761]}]}