{"auroc": [0.49828009828009834, 0.49926289926289924, 0.5660933660933661, 0.5307125307125308, 0.4103194103194103, 0.5031941031941032, 0.5302211302211302, 0.48353808353808353, 0.5154791154791154, 0.5228501228501229], "acc": [0.5978260869565217, 0.40217391304347827, 0.40217391304347827, 0.40217391304347827, 0.5978260869565217, 0.5978260869565217, 0.40217391304347827, 0.40217391304347827, 0.40217391304347827, 0.40217391304347827], "aps": [0.39992452284506497, 0.3993600252008394, 0.4648708233469664, 0.4299010774995425, 0.3446933983252025, 0.4265037794595109, 0.42370007386405145, 0.40110958354903636, 0.41427490955131235, 0.41883605185296435], "f1": [0.0, 0.5736434108527132, 0.5736434108527132, 0.5736434108527132, 0.0, 0.0, 0.5736434108527132, 0.5736434108527132, 0.5736434108527132, 0.5736434108527132], "auprc": [0.3867806148588523, 0.3872095853974512, 0.44863213818519376, 0.41486387841283273, 0.3316785236389116, 0.4100927175065564, 0.4105112877410103, 0.38339679465893495, 0.39886726379013054, 0.4044085132121068]}