{"auroc": [0.4167076167076168, 0.47444717444717444, 0.4167076167076167, 0.5837837837837838, 0.4171990171990172, 0.5855036855036856, 0.4152334152334153, 0.41621621621621624, 0.5832923832923833, 0.4167076167076167], "acc": [0.40217391304347827, 0.5978260869565217, 0.40217391304347827, 0.40217391304347827, 0.40217391304347827, 0.40217391304347827, 0.40217391304347827, 0.40217391304347827, 0.5978260869565217, 0.40217391304347827], "aps": [0.3642928548254318, 0.3775218131134429, 0.3601503111946106, 0.4869933969319036, 0.36406270353404513, 0.4919518731950078, 0.360787751824689, 0.3609947218199333, 0.4654599211815675, 0.36327235744602626], "f1": [0.5736434108527132, 0.0, 0.5736434108527132, 0.5736434108527132, 0.5736434108527132, 0.5736434108527132, 0.5736434108527132, 0.5736434108527132, 0.0, 0.5736434108527132], "auprc": [0.3810091888081284, 0.3564221763130168, 0.3703477769579599, 0.46146705854299447, 0.371509626240652, 0.46201429348655, 0.3704010712162534, 0.3706825493848273, 0.548659587049916, 0.371781462876947]}