{"auroc": [0.5120393120393121, 0.5366093366093367, 0.49828009828009834, 0.45257985257985256, 0.4479115479115479, 0.4560196560196561, 0.5066339066339067, 0.5041769041769042, 0.47739557739557736, 0.520884520884521], "acc": [0.40217391304347827, 0.40217391304347827, 0.40217391304347827, 0.5978260869565217, 0.40217391304347827, 0.40217391304347827, 0.40217391304347827, 0.40217391304347827, 0.40217391304347827, 0.40217391304347827], "aps": [0.4153882921383839, 0.42627732541025565, 0.40836969296047504, 0.37035336637398975, 0.38356283449512124, 0.3869018644464737, 0.41175595026351697, 0.4117025834256385, 0.40399046456792254, 0.4264138552130764], "f1": [0.5736434108527132, 0.5736434108527132, 0.5736434108527132, 0.0, 0.5736434108527132, 0.5736434108527132, 0.5736434108527132, 0.5736434108527132, 0.5736434108527132, 0.5736434108527132], "auprc": [0.4026211730837883, 0.4105231846209419, 0.3954411261482155, 0.35701003643020734, 0.3734708130618816, 0.3736394077601505, 0.3989653516323575, 0.39641675851563446, 0.38612446850885096, 0.41356835395238906]}