{"enet": [{"auroc": [0.483046683046683, 0.5076167076167077, 0.5076167076167077, 0.5076167076167077, 0.5076167076167077, 0.5076167076167077, 0.5076167076167077, 0.5076167076167077, 0.5076167076167077, 0.5076167076167077], "acc": [0.5978260869565217, 0.5978260869565217, 0.5978260869565217, 0.5978260869565217, 0.5978260869565217, 0.5978260869565217, 0.5978260869565217, 0.5978260869565217, 0.5978260869565217, 0.5978260869565217], "aps": [0.4139912600943586, 0.4182329193066757, 0.4182329193066757, 0.4182329193066757, 0.4182329193066757, 0.4182329193066757, 0.4182329193066757, 0.4182329193066757, 0.4182329193066757, 0.4182329193066757], "f1": [0.0, 0.0, 0.0, 0.0, 0.0, 0.0, 0.0, 0.0, 0.0, 0.0], "auprc": [0.39587830818212305, 0.4076907413425965, 0.4076907413425965, 0.4076907413425965, 0.4076907413425965, 0.4076907413425965, 0.4076907413425965, 0.4076907413425965, 0.4076907413425965, 0.4076907413425965]}]}