{"auroc": [0.6061425061425061, 0.6321867321867322, 0.4936117936117936, 0.5154791154791154, 0.4282555282555283, 0.47199017199017207, 0.5584766584766585, 0.6093366093366094, 0.5761670761670762, 0.5746928746928748], "acc": [0.40217391304347827, 0.5978260869565217, 0.40217391304347827, 0.40217391304347827, 0.40217391304347827, 0.5978260869565217, 0.40217391304347827, 0.40217391304347827, 0.5978260869565217, 0.40217391304347827], "aps": [0.5763591731182611, 0.5948374974225044, 0.4193059344146365, 0.45625063357158574, 0.3845575835044411, 0.3819221542999974, 0.4843315218451305, 0.5207219024975998, 0.5005045765283841, 0.5114711729390276], "f1": [0.5736434108527132, 0.0, 0.5736434108527132, 0.5736434108527132, 0.5736434108527132, 0.0, 0.5736434108527132, 0.5736434108527132, 0.0, 0.5736434108527132], "auprc": [0.5713176154148607, 0.5957998052404436, 0.41002609956035, 0.44394518646850645, 0.3741555769927132, 0.3662900264269573, 0.4653671289631255, 0.5125051562071667, 0.48954025102494103, 0.499776558414374]}