{"rf": [{"auroc": [0.5285012285012285], "acc": [0.40217391304347827], "aps": [0.43632674459328036], "f1": [0.5736434108527132]}], "enet": [{"auroc": [0.6004914004914006], "acc": [0.5978260869565217], "aps": [0.5160511448257152], "f1": [0.0]}]}