{"auroc": [0.4921375921375921, 0.5036855036855037, 0.49631449631449637, 0.471007371007371, 0.5081081081081082, 0.5, 0.4776412776412777, 0.5012285012285012, 0.4076167076167076, 0.4923832923832925], "acc": [0.40217391304347827, 0.40217391304347827, 0.40217391304347827, 0.5978260869565217, 0.40217391304347827, 0.5978260869565217, 0.40217391304347827, 0.40217391304347827, 0.5978260869565217, 0.40217391304347827], "aps": [0.3879672121711555, 0.39768829360477076, 0.39662819526063187, 0.3834119704353933, 0.4006344059040964, 0.3880959872115636, 0.3882783555346984, 0.3973650772842199, 0.3685588520968559, 0.390420721826927], "f1": [0.5736434108527132, 0.5736434108527132, 0.5736434108527132, 0.0, 0.5736434108527132, 0.0, 0.5736434108527132, 0.5736434108527132, 0.0, 0.5736434108527132], "auprc": [0.3746739411463798, 0.3815419550585756, 0.38007834227120857, 0.36333009766675683, 0.38432488938639037, 0.3698164239238008, 0.372182946181032, 0.3796378357720573, 0.3516404941108815, 0.3738397117113789]}