{"enet": [{"auroc": [0.5410319410319411, 0.5194103194103195, 0.5154791154791155, 0.5154791154791155, 0.5395577395577396, 0.5154791154791155, 0.5213759213759214, 0.5208845208845209, 0.5410319410319411, 0.5208845208845209], "acc": [0.5978260869565217, 0.5978260869565217, 0.5978260869565217, 0.5978260869565217, 0.5978260869565217, 0.5978260869565217, 0.5978260869565217, 0.5978260869565217, 0.5978260869565217, 0.5978260869565217], "aps": [0.4916594956725569, 0.4892876504313805, 0.4825387062508233, 0.4825387062508233, 0.49076207873015476, 0.4825387062508233, 0.49028861501481663, 0.48936443523380135, 0.4916594956725569, 0.48936443523380135], "f1": [0.0, 0.0, 0.0, 0.0, 0.0, 0.0, 0.0, 0.0, 0.0, 0.0], "auprc": [0.4822906831698844, 0.4819484505562203, 0.47525175238536194, 0.47525175238536194, 0.4813711375070764, 0.47525175238536194, 0.48294317879622717, 0.4820231453370343, 0.4822906831698844, 0.4820231453370343]}]}