{"auroc": [0.5081081081081081, 0.5046683046683047, 0.5066339066339066, 0.5039312039312039, 0.5036855036855037, 0.5176904176904178, 0.5194103194103195, 0.48673218673218677, 0.5031941031941032, 0.5137592137592137], "acc": [0.40217391304347827, 0.40217391304347827, 0.5978260869565217, 0.40217391304347827, 0.40217391304347827, 0.40217391304347827, 0.40217391304347827, 0.40217391304347827, 0.40217391304347827, 0.5978260869565217], "aps": [0.39360461626053433, 0.39275669258983287, 0.39359722198456304, 0.3920494864870214, 0.3919383795589283, 0.40179205146682795, 0.3987890053200811, 0.40500300612230444, 0.3916867278102493, 0.3941504122170164], "f1": [0.5736434108527132, 0.5736434108527132, 0.0, 0.5736434108527132, 0.5736434108527132, 0.5736434108527132, 0.5736434108527132, 0.5736434108527132, 0.5736434108527132, 0.0], "auprc": [0.38120140439983696, 0.3802706659479774, 0.38113054397664875, 0.3797217144701882, 0.3795208319583781, 0.389065980378665, 0.3864360317017226, 0.3877589622356184, 0.379270329064738, 0.3820814731473546]}