{"rf": [{"auroc": [0.6442260442260443], "acc": [0.4891304347826087], "aps": [0.5365325061977531], "f1": [0.5765765765765767]}], "enet": [{"auroc": [0.4491400491400491], "acc": [0.5978260869565217], "aps": [0.3719060722633117], "f1": [0.0]}]}