{"auroc": [0.49090909090909096, 0.4331695331695332, 0.5152334152334153, 0.42260442260442266, 0.42948402948402953, 0.4884520884520885, 0.43980343980343983, 0.44299754299754296, 0.4044226044226044, 0.47985257985257984], "acc": [0.40217391304347827, 0.5978260869565217, 0.40217391304347827, 0.40217391304347827, 0.40217391304347827, 0.40217391304347827, 0.40217391304347827, 0.40217391304347827, 0.40217391304347827, 0.40217391304347827], "aps": [0.41091240113032934, 0.36528234743316573, 0.39422929507318977, 0.36066293113611614, 0.3739187294482631, 0.39597189227665147, 0.36724254896123687, 0.36673043961444174, 0.3527271025643662, 0.39820398902999593], "f1": [0.5736434108527132, 0.0, 0.5736434108527132, 0.5736434108527132, 0.5736434108527132, 0.5736434108527132, 0.5736434108527132, 0.5736434108527132, 0.5736434108527132, 0.5736434108527132], "auprc": [0.3941767393262635, 0.34736428426604204, 0.38051288568630404, 0.3472951180247949, 0.35732125116100755, 0.38075457432309945, 0.35391290821082716, 0.35604561258526213, 0.34047269741978714, 0.37646654711909666]}