{"enet": [{"auroc": [0.43243243243243246, 0.6339066339066339, 0.6476658476658478, 0.6339066339066339, 0.6339066339066339, 0.6339066339066339, 0.6476658476658478, 0.6339066339066339, 0.6476658476658477, 0.6339066339066339], "acc": [0.5978260869565217, 0.5978260869565217, 0.5978260869565217, 0.5978260869565217, 0.5978260869565217, 0.5978260869565217, 0.5978260869565217, 0.5978260869565217, 0.5978260869565217, 0.5978260869565217], "aps": [0.38684379050524526, 0.5654508769787125, 0.6054994082303315, 0.5654508769787125, 0.5654508769787125, 0.5654508769787125, 0.6054994082303315, 0.5654508769787125, 0.5966787474320303, 0.5654508769787125], "f1": [0.0, 0.0, 0.0, 0.0, 0.0, 0.0, 0.0, 0.0, 0.0, 0.0], "auprc": [0.37211315586269667, 0.5541332357248501, 0.5976347378103752, 0.5541332357248501, 0.5541332357248501, 0.5541332357248501, 0.5976347378103752, 0.5541332357248501, 0.5882503807141861, 0.5541332357248501]}]}