{"rf": [{"auroc": [0.5749385749385749], "acc": [0.5760869565217391], "aps": [0.4633735509058541], "f1": [0.09302325581395349]}], "enet": [{"auroc": [0.43832923832923837], "acc": [0.5978260869565217], "aps": [0.372289636830884], "f1": [0.0]}]}