{"auroc": [0.4636363636363637, 0.5250614250614251, 0.46142506142506146, 0.46609336609336616, 0.558968058968059, 0.46977886977886985, 0.47321867321867317, 0.5253071253071254, 0.5707616707616707, 0.45724815724815726], "acc": [0.40217391304347827, 0.40217391304347827, 0.5978260869565217, 0.40217391304347827, 0.5978260869565217, 0.40217391304347827, 0.40217391304347827, 0.40217391304347827, 0.5978260869565217, 0.5978260869565217], "aps": [0.38864563555307474, 0.41988383475193336, 0.37693031843410385, 0.37202536724761226, 0.4847585647922298, 0.38024269367704117, 0.39436383213766174, 0.4173306851701522, 0.42574512426030975, 0.37508710395924316], "f1": [0.5736434108527132, 0.5736434108527132, 0.0, 0.5736434108527132, 0.0, 0.5736434108527132, 0.5736434108527132, 0.5736434108527132, 0.0, 0.0], "auprc": [0.3708713587762842, 0.4022987198873235, 0.36275500134281385, 0.3607361917522037, 0.4761100126364185, 0.3658919274871369, 0.37997870404316736, 0.4020093663722082, 0.4147802321172652, 0.3627739057114213]}