{"enet": [{"auroc": [0.4388206388206388, 0.5, 0.5, 0.5, 0.545945945945946, 0.5, 0.5, 0.5, 0.5, 0.5], "acc": [0.41304347826086957, 0.5978260869565217, 0.5978260869565217, 0.5978260869565217, 0.5978260869565217, 0.5978260869565217, 0.5978260869565217, 0.5978260869565217, 0.5978260869565217, 0.5978260869565217], "aps": [0.3621182676643987, 0.40217391304347827, 0.40217391304347827, 0.40217391304347827, 0.4504800611760773, 0.40217391304347827, 0.40217391304347827, 0.40217391304347827, 0.40217391304347827, 0.40217391304347827], "f1": [0.578125, 0.0, 0.0, 0.0, 0.0, 0.0, 0.0, 0.0, 0.0, 0.0], "auprc": [0.3497174929762967, 0.7010869565217391, 0.7010869565217391, 0.7010869565217391, 0.43406067114411057, 0.7010869565217391, 0.7010869565217391, 0.7010869565217391, 0.7010869565217391, 0.7010869565217391]}]}