{"enet": [{"auroc": [0.5262899262899263, 0.5636363636363637, 0.5262899262899263, 0.5405405405405406, 0.5110565110565111, 0.516953316953317, 0.5262899262899263, 0.5405405405405406, 0.5405405405405406, 0.5262899262899263], "acc": [0.40217391304347827, 0.40217391304347827, 0.40217391304347827, 0.5978260869565217, 0.40217391304347827, 0.5978260869565217, 0.40217391304347827, 0.5978260869565217, 0.5978260869565217, 0.40217391304347827], "aps": [0.4219672540459305, 0.45471961745692013, 0.4219672540459305, 0.4588258203047038, 0.4116327825810703, 0.42078893758513936, 0.4219672540459305, 0.4588258203047038, 0.4588258203047038, 0.4219672540459305], "f1": [0.5736434108527132, 0.5736434108527132, 0.5736434108527132, 0.0, 0.5736434108527132, 0.0, 0.5736434108527132, 0.0, 0.0, 0.5736434108527132], "auprc": [0.4038463935246915, 0.43614194717139504, 0.4038463935246915, 0.44939846108357734, 0.39362915377789526, 0.4023629528950596, 0.4038463935246915, 0.44939846108357734, 0.44939846108357734, 0.4038463935246915]}]}