{"auroc": [0.5375921375921375, 0.51990171990172, 0.38525798525798527, 0.5233415233415234, 0.4975429975429976, 0.5272727272727272, 0.5184275184275184, 0.454054054054054, 0.5213759213759215, 0.5054054054054055], "acc": [0.40217391304347827, 0.40217391304347827, 0.40217391304347827, 0.40217391304347827, 0.40217391304347827, 0.40217391304347827, 0.40217391304347827, 0.5978260869565217, 0.40217391304347827, 0.40217391304347827], "aps": [0.40755834487901466, 0.41087105178870476, 0.3399842838069745, 0.40390296699583284, 0.4010016308031529, 0.4157112538479696, 0.42376276010016806, 0.37190797909672535, 0.4112046342013014, 0.4020246674933085], "f1": [0.5736434108527132, 0.5736434108527132, 0.5736434108527132, 0.5736434108527132, 0.5736434108527132, 0.5736434108527132, 0.5736434108527132, 0.0, 0.5736434108527132, 0.5736434108527132], "auprc": [0.39497208712301396, 0.39390207932474425, 0.32741807473015727, 0.3888797815623322, 0.38679400067680986, 0.399017566994956, 0.41365100513168257, 0.3596650148618641, 0.39644588929193436, 0.3887254111134406]}