{"enet": [{"auroc": [0.516953316953317, 0.4825552825552825, 0.5312039312039313, 0.5, 0.485995085995086, 0.5022113022113023, 0.49287469287469293, 0.5179361179361179, 0.5022113022113023, 0.5125307125307126], "acc": [0.40217391304347827, 0.40217391304347827, 0.40217391304347827, 0.40217391304347827, 0.40217391304347827, 0.40217391304347827, 0.40217391304347827, 0.40217391304347827, 0.40217391304347827, 0.40217391304347827], "aps": [0.4210354598356098, 0.3949852203519598, 0.45551799720519304, 0.40217391304347827, 0.39192652804358896, 0.4114293309187919, 0.39904047726982367, 0.43152360496342795, 0.4114293309187919, 0.4278525096255104], "f1": [0.5736434108527132, 0.5736434108527132, 0.5736434108527132, 0.5736434108527132, 0.5736434108527132, 0.5736434108527132, 0.5736434108527132, 0.5736434108527132, 0.5736434108527132, 0.5736434108527132], "auprc": [0.4065467644088513, 0.38135818054296894, 0.436869649866694, 0.7010869565217391, 0.37886175170421965, 0.39701091640468655, 0.3848543055336098, 0.41643337087804594, 0.39701091640468655, 0.4129487046081586]}]}