{"enet": [{"auroc": [0.4781326781326782, 0.4864864864864865, 0.4781326781326782, 0.4864864864864865, 0.4781326781326782, 0.485995085995086, 0.4864864864864865, 0.4864864864864865, 0.4781326781326782, 0.485995085995086], "acc": [0.40217391304347827, 0.40217391304347827, 0.40217391304347827, 0.40217391304347827, 0.40217391304347827, 0.40217391304347827, 0.40217391304347827, 0.40217391304347827, 0.40217391304347827, 0.40217391304347827], "aps": [0.38804350733890713, 0.3950314351433792, 0.38804350733890713, 0.3950314351433792, 0.38804350733890713, 0.41469315804976853, 0.3950314351433792, 0.3950314351433792, 0.38804350733890713, 0.41469315804976853], "f1": [0.5736434108527132, 0.5736434108527132, 0.5736434108527132, 0.5736434108527132, 0.5736434108527132, 0.5736434108527132, 0.5736434108527132, 0.5736434108527132, 0.5736434108527132, 0.5736434108527132], "auprc": [0.37375864952695315, 0.3777557174844572, 0.37375864952695315, 0.3777557174844572, 0.37375864952695315, 0.40332963080320794, 0.3777557174844572, 0.3777557174844572, 0.37375864952695315, 0.40332963080320794]}]}