{"auroc": [0.6007371007371007, 0.5390663390663392, 0.6422604422604423, 0.5361179361179361, 0.6113022113022113, 0.49066339066339065, 0.42948402948402953, 0.6287469287469287, 0.5248157248157248, 0.6594594594594595], "acc": [0.40217391304347827, 0.40217391304347827, 0.40217391304347827, 0.40217391304347827, 0.40217391304347827, 0.5978260869565217, 0.5978260869565217, 0.40217391304347827, 0.5978260869565217, 0.40217391304347827], "aps": [0.5510600305343005, 0.5182404236943905, 0.4992780726369321, 0.49675885122085933, 0.47599006557526274, 0.3773379435831742, 0.37975782204121356, 0.4896228757931984, 0.41201067606341624, 0.5209319761793613], "f1": [0.5736434108527132, 0.5736434108527132, 0.5736434108527132, 0.5736434108527132, 0.5736434108527132, 0.0, 0.0, 0.5736434108527132, 0.0, 0.5736434108527132], "auprc": [0.5424643784564067, 0.5101058528535745, 0.4841101460404972, 0.4872186012042879, 0.4607886010924257, 0.3648536059407309, 0.364217946501004, 0.47457073152697404, 0.39906233790955475, 0.5047352929494323]}