{"enet": [{"auroc": [0.43488943488943493, 0.5041769041769042, 0.5557739557739558, 0.5, 0.48255528255528257, 0.5041769041769042, 0.5041769041769042, 0.48255528255528257, 0.5, 0.5417690417690418], "acc": [0.41304347826086957, 0.40217391304347827, 0.391304347826087, 0.40217391304347827, 0.40217391304347827, 0.40217391304347827, 0.40217391304347827, 0.40217391304347827, 0.40217391304347827, 0.5108695652173914], "aps": [0.3574152097188668, 0.4044316666446613, 0.43373633899694397, 0.40217391304347827, 0.3748621512550826, 0.4044316666446613, 0.4044316666446613, 0.3748621512550826, 0.40217391304347827, 0.4319092688072585], "f1": [0.578125, 0.5669291338582677, 0.5625, 0.5736434108527132, 0.5736434108527132, 0.5669291338582677, 0.5669291338582677, 0.5736434108527132, 0.5736434108527132, 0.5161290322580645], "auprc": [0.3448350606049485, 0.6940483251548225, 0.6926430755059361, 0.7010869565217391, 0.3621052832211336, 0.6940483251548225, 0.6940483251548225, 0.3621052832211336, 0.7010869565217391, 0.4897111968406691]}]}