{"rf": [{"auroc": [0.5864864864864865], "acc": [0.6195652173913043], "aps": [0.4716129518164067], "f1": [0.28571428571428575], "auprc": [0.45329839628531904]}], "enet": [{"auroc": [0.5120393120393121], "acc": [0.5978260869565217], "aps": [0.4250909077565528], "f1": [0.0], "auprc": [0.40895114006633876]}]}