{"auroc": [0.37886977886977896, 0.5098280098280099, 0.3877149877149877, 0.3901719901719902, 0.41597051597051604, 0.38771498771498775, 0.399017199017199, 0.38132678132678133, 0.500982800982801, 0.3928746928746929], "acc": [0.5978260869565217, 0.5978260869565217, 0.40217391304347827, 0.40217391304347827, 0.40217391304347827, 0.40217391304347827, 0.5978260869565217, 0.40217391304347827, 0.5978260869565217, 0.40217391304347827], "aps": [0.34010329818955687, 0.39187306690386353, 0.34171961001615603, 0.3429963021479604, 0.35220664190428447, 0.34347193178217605, 0.3441767579894341, 0.337883824724473, 0.38129904293145456, 0.3443233542135497], "f1": [0.0, 0.0, 0.5736434108527132, 0.5736434108527132, 0.5736434108527132, 0.5736434108527132, 0.0, 0.5736434108527132, 0.0, 0.5736434108527132], "auprc": [0.32615275205520416, 0.3792984057265262, 0.32988412887841406, 0.3311459617509491, 0.33880982165624196, 0.33177185682349086, 0.33237088698402917, 0.3258921747195752, 0.36893029514690356, 0.3324819960262751]}