{"rf": [{"auroc": [0.5400491400491401], "acc": [0.6086956521739131], "aps": [0.5031286010987939], "f1": [0.052631578947368425], "auprc": [0.501028301678349]}], "enet": [{"auroc": [0.6407862407862408], "acc": [0.5978260869565217], "aps": [0.5566754731794035], "f1": [0.0], "auprc": [0.5449786413266045]}]}