{"auroc": [0.5899262899262898, 0.4680589680589681, 0.5508599508599509, 0.5022113022113022, 0.46044226044226044, 0.5302211302211303, 0.5036855036855037, 0.45282555282555287, 0.4886977886977887, 0.5078624078624079], "acc": [0.40217391304347827, 0.5978260869565217, 0.5978260869565217, 0.40217391304347827, 0.40217391304347827, 0.40217391304347827, 0.40217391304347827, 0.40217391304347827, 0.40217391304347827, 0.40217391304347827], "aps": [0.47208054698752244, 0.4086863288596618, 0.44907473950892146, 0.4464567923556392, 0.3869719519523701, 0.43349244759043587, 0.4100116216117851, 0.38226810896225466, 0.3902959101971638, 0.4024120065030232], "f1": [0.5736434108527132, 0.0, 0.0, 0.5736434108527132, 0.5736434108527132, 0.5736434108527132, 0.5736434108527132, 0.5736434108527132, 0.5736434108527132, 0.5736434108527132], "auprc": [0.4568309360879518, 0.3798155877302081, 0.4385272918058985, 0.43752830959510647, 0.37127305834333607, 0.42270717878363495, 0.39246471646046366, 0.37327513274128327, 0.37428937156400743, 0.38412564276430583]}