{"enet": [{"auroc": [0.5316953316953317, 0.5562653562653563, 0.5395577395577397, 0.5253071253071254, 0.5395577395577397, 0.5395577395577397, 0.5380835380835381, 0.5326781326781327, 0.5552825552825554, 0.5253071253071254], "acc": [0.40217391304347827, 0.5978260869565217, 0.5978260869565217, 0.5978260869565217, 0.5978260869565217, 0.5978260869565217, 0.40217391304347827, 0.40217391304347827, 0.5978260869565217, 0.5978260869565217], "aps": [0.3984405509212502, 0.4350875708125531, 0.4186844989775545, 0.40426968532734653, 0.4186844989775545, 0.4186844989775545, 0.40446935160872144, 0.4063587467852109, 0.4322306062596672, 0.40426968532734653], "f1": [0.5736434108527132, 0.0, 0.0, 0.0, 0.0, 0.0, 0.5736434108527132, 0.5736434108527132, 0.0, 0.0], "auprc": [0.3867802447947044, 0.4210700301292095, 0.4050397588295608, 0.3907956991773043, 0.4050397588295608, 0.4050397588295608, 0.392281980954809, 0.39377189372649973, 0.4182501189131261, 0.3907956991773043]}]}