{"auroc": [0.5547911547911548, 0.4968058968058968, 0.5326781326781327, 0.544963144963145, 0.49459459459459465, 0.4400491400491401, 0.4680589680589681, 0.49017199017199015, 0.4417690417690418, 0.48058968058968066], "acc": [0.5978260869565217, 0.5978260869565217, 0.5978260869565217, 0.40217391304347827, 0.5978260869565217, 0.5978260869565217, 0.5978260869565217, 0.40217391304347827, 0.5978260869565217, 0.5978260869565217], "aps": [0.43764448776104314, 0.3864204510889477, 0.4260840874404137, 0.43127186719705024, 0.40237535672318275, 0.37356528261021144, 0.373203397918835, 0.4000594000594001, 0.3665869270707981, 0.37782056171292117], "f1": [0.0, 0.0, 0.0, 0.5736434108527132, 0.0, 0.0, 0.0, 0.5736434108527132, 0.0, 0.0], "auprc": [0.41518611830408103, 0.3713383885959426, 0.40183610495033545, 0.4100897397414932, 0.35171856639247945, 0.4248572346035796, 0.3607806683713418, 0.36219186219186217, 0.3454154599575805, 0.36528346962980496]}