{"auroc": [0.4918918918918919, 0.4587223587223588, 0.5061425061425062, 0.509090909090909, 0.5085995085995086, 0.5304668304668305, 0.4884520884520885, 0.471990171990172, 0.49066339066339065, 0.4958230958230959], "acc": [0.40217391304347827, 0.40217391304347827, 0.40217391304347827, 0.40217391304347827, 0.40217391304347827, 0.40217391304347827, 0.40217391304347827, 0.5978260869565217, 0.40217391304347827, 0.40217391304347827], "aps": [0.38617280666059284, 0.38098442798518567, 0.39663341086437853, 0.39521703774243244, 0.39385987303487546, 0.4668233025230327, 0.38488981220443297, 0.3873956873999081, 0.3847279273845872, 0.38780984994678], "f1": [0.5736434108527132, 0.5736434108527132, 0.5736434108527132, 0.5736434108527132, 0.5736434108527132, 0.5736434108527132, 0.5736434108527132, 0.0, 0.5736434108527132, 0.5736434108527132], "auprc": [0.3745872971934985, 0.3672747693054163, 0.38486445666165225, 0.3836114792769632, 0.38155886769551506, 0.4559922549662786, 0.37138694047739185, 0.37371184077987035, 0.3740632141919434, 0.3761815658770825]}