{"auroc": [0.502948402948403, 0.5171990171990173, 0.40319410319410326, 0.4243243243243244, 0.38648648648648654, 0.4437346437346437, 0.402948402948403, 0.4737100737100738, 0.5538083538083538, 0.4764127764127764], "acc": [0.5978260869565217, 0.5978260869565217, 0.5978260869565217, 0.40217391304347827, 0.5978260869565217, 0.5978260869565217, 0.5978260869565217, 0.5978260869565217, 0.40217391304347827, 0.40217391304347827], "aps": [0.3982866394747226, 0.41648580642755095, 0.344279844976507, 0.3666514037987138, 0.34595164097030084, 0.3679297462193328, 0.3730822965090663, 0.390546377889718, 0.4443370323828573, 0.3868103700056956], "f1": [0.0, 0.0, 0.0, 0.5736434108527132, 0.0, 0.0, 0.0, 0.0, 0.5736434108527132, 0.5736434108527132], "auprc": [0.38559907721059816, 0.4123368992948902, 0.33398540914279956, 0.3381615325455948, 0.32868689698848713, 0.35370411864984774, 0.33822130855120286, 0.3903126474133469, 0.43134978732173423, 0.3667513865744173]}