{"rf": [{"auroc": [0.4953316953316954], "acc": [0.5], "aps": [0.4102550153274791], "f1": [0.48888888888888893]}], "enet": [{"auroc": [0.5513513513513514], "acc": [0.5978260869565217], "aps": [0.4707924704532045], "f1": [0.0]}]}