{"auroc": [0.47714987714987717, 0.5457002457002458, 0.4582309582309583, 0.5388206388206389, 0.5899262899262899, 0.5017199017199018, 0.5041769041769042, 0.4742014742014742, 0.473955773955774, 0.4948402948402949], "acc": [0.5978260869565217, 0.40217391304347827, 0.5978260869565217, 0.40217391304347827, 0.40217391304347827, 0.5978260869565217, 0.40217391304347827, 0.40217391304347827, 0.5978260869565217, 0.40217391304347827], "aps": [0.42819951640041276, 0.42890814483417483, 0.40972538635715494, 0.426673256656354, 0.448202830025152, 0.4234206502529756, 0.45130403081930015, 0.4306039493599809, 0.3980895835504369, 0.3983099912096826], "f1": [0.0, 0.5736434108527132, 0.0, 0.5736434108527132, 0.5736434108527132, 0.0, 0.5736434108527132, 0.5736434108527132, 0.0, 0.5736434108527132], "auprc": [0.4193369155775122, 0.40961816989185057, 0.39772498486852936, 0.4225364525262211, 0.43115828106638565, 0.41125837996218034, 0.44451142109102576, 0.4198211548958417, 0.384041891924823, 0.3795972259837329]}