{"rf": [{"auroc": [0.4968058968058969], "acc": [0.5978260869565217], "aps": [0.41534313750624696], "f1": [0.0]}], "enet": [{"auroc": [0.4904176904176905], "acc": [0.5978260869565217], "aps": [0.4074089823351572], "f1": [0.0]}]}