{"auroc": [0.5948402948402949, 0.5749385749385749, 0.5547911547911547, 0.5174447174447175, 0.5818181818181819, 0.5707616707616707, 0.5557739557739558, 0.5466830466830468, 0.5538083538083538, 0.5687960687960688], "acc": [0.40217391304347827, 0.5978260869565217, 0.5978260869565217, 0.40217391304347827, 0.5978260869565217, 0.5978260869565217, 0.5978260869565217, 0.40217391304347827, 0.5978260869565217, 0.40217391304347827], "aps": [0.4611520403897489, 0.429804305972625, 0.4199800701909192, 0.40060544046043917, 0.4322768574634774, 0.42676247719148747, 0.4280323136069998, 0.41695320757213117, 0.41924190106915904, 0.42407791972164155], "f1": [0.5736434108527132, 0.0, 0.0, 0.5736434108527132, 0.0, 0.0, 0.0, 0.5736434108527132, 0.0, 0.5736434108527132], "auprc": [0.4458485551239887, 0.4171991670040487, 0.4075056913718851, 0.3873616921538615, 0.4203061835369516, 0.41270618085164334, 0.4107522325471438, 0.4041774004463712, 0.4068799324032367, 0.4110772665721465]}