{"auroc": [0.4786240786240787, 0.4916461916461917, 0.5348894348894349, 0.486977886977887, 0.45307125307125307, 0.48599508599508606, 0.5459459459459459, 0.4958230958230958, 0.5184275184275184, 0.5429975429975431], "acc": [0.40217391304347827, 0.40217391304347827, 0.40217391304347827, 0.40217391304347827, 0.40217391304347827, 0.40217391304347827, 0.40217391304347827, 0.40217391304347827, 0.40217391304347827, 0.40217391304347827], "aps": [0.40026576025313965, 0.39943094360205067, 0.4238266466165468, 0.39475876265281773, 0.37850381475920936, 0.39806303671089227, 0.4080059460810079, 0.40261041021387844, 0.41549591978486444, 0.44161012392475757], "f1": [0.5736434108527132, 0.5736434108527132, 0.5736434108527132, 0.5736434108527132, 0.5736434108527132, 0.5736434108527132, 0.5736434108527132, 0.5736434108527132, 0.5736434108527132, 0.5736434108527132], "auprc": [0.38421536467995066, 0.3804044593513709, 0.4056938076809127, 0.3799628461618203, 0.3630452129674158, 0.38006885543299745, 0.3959118658452402, 0.38472523921465795, 0.4004314851184917, 0.4306504923558694]}