{"enet": [{"auroc": [0.6113022113022113, 0.49533169533169535, 0.5, 0.49533169533169535, 0.49533169533169535, 0.5267813267813268, 0.5267813267813268, 0.5, 0.5267813267813268, 0.5], "acc": [0.40217391304347827, 0.40217391304347827, 0.40217391304347827, 0.40217391304347827, 0.40217391304347827, 0.40217391304347827, 0.40217391304347827, 0.40217391304347827, 0.40217391304347827, 0.40217391304347827], "aps": [0.5279850386477227, 0.4000587544065805, 0.40217391304347827, 0.4000587544065805, 0.4000587544065805, 0.46114991320251053, 0.46114991320251053, 0.40217391304347827, 0.46114991320251053, 0.40217391304347827], "f1": [0.5736434108527132, 0.5736434108527132, 0.5736434108527132, 0.5736434108527132, 0.5736434108527132, 0.5736434108527132, 0.5736434108527132, 0.5736434108527132, 0.5736434108527132, 0.5736434108527132], "auprc": [0.5184565323612459, 0.6918618690357821, 0.7010869565217391, 0.6918618690357821, 0.6918618690357821, 0.44288803641386904, 0.44288803641386904, 0.7010869565217391, 0.44288803641386904, 0.7010869565217391]}]}