{"enet": [{"auroc": [0.5739557739557739, 0.5886977886977887, 0.5754299754299754, 0.5739557739557739, 0.5754299754299754, 0.5739557739557739, 0.5941031941031941, 0.5356265356265357, 0.5754299754299754, 0.5941031941031941], "acc": [0.40217391304347827, 0.40217391304347827, 0.40217391304347827, 0.40217391304347827, 0.40217391304347827, 0.40217391304347827, 0.40217391304347827, 0.40217391304347827, 0.40217391304347827, 0.40217391304347827], "aps": [0.4574748779327984, 0.5211398738047992, 0.46589242948533227, 0.4574748779327984, 0.46589242948533227, 0.4574748779327984, 0.5458504407292981, 0.4092093492000262, 0.46589242948533227, 0.5458504407292981], "f1": [0.5736434108527132, 0.5736434108527132, 0.5736434108527132, 0.5736434108527132, 0.5736434108527132, 0.5736434108527132, 0.5736434108527132, 0.5736434108527132, 0.5736434108527132, 0.5736434108527132], "auprc": [0.4388179077981674, 0.51010886021657, 0.44729527097911537, 0.4388179077981674, 0.44729527097911537, 0.4388179077981674, 0.5387949152684182, 0.3941180295627111, 0.44729527097911537, 0.5387949152684182]}]}