{"auroc": [0.5093366093366093, 0.5024570024570025, 0.4592137592137593, 0.5262899262899263, 0.5375921375921375, 0.5115479115479116, 0.5100737100737102, 0.6083538083538084, 0.514987714987715, 0.5130221130221131], "acc": [0.40217391304347827, 0.40217391304347827, 0.5978260869565217, 0.40217391304347827, 0.40217391304347827, 0.40217391304347827, 0.40217391304347827, 0.5978260869565217, 0.40217391304347827, 0.40217391304347827], "aps": [0.41886208127077407, 0.42223249927053164, 0.3788116016207226, 0.42455427095021836, 0.4459017211693447, 0.42345532860577395, 0.4267644411355006, 0.529301209204686, 0.42450565282112473, 0.4252039804420241], "f1": [0.5736434108527132, 0.5736434108527132, 0.0, 0.5736434108527132, 0.5736434108527132, 0.5736434108527132, 0.5736434108527132, 0.0, 0.5736434108527132, 0.5736434108527132], "auprc": [0.40227382486674756, 0.4044871053819286, 0.36143919501083543, 0.4082925655041458, 0.43041308714183296, 0.4071446829209836, 0.4104414260278571, 0.5194350645762305, 0.40820830438476047, 0.4089220699916098]}