{"auroc": [0.5420147420147421, 0.6181818181818182, 0.5127764127764127, 0.5115479115479116, 0.5248157248157248, 0.5513513513513513, 0.5695331695331696, 0.5314496314496315, 0.5326781326781327, 0.577886977886978], "acc": [0.40217391304347827, 0.5978260869565217, 0.40217391304347827, 0.40217391304347827, 0.40217391304347827, 0.40217391304347827, 0.5978260869565217, 0.40217391304347827, 0.40217391304347827, 0.40217391304347827], "aps": [0.4347665670168818, 0.4979056771924467, 0.40328709020243925, 0.4137572758565786, 0.4318919500196996, 0.47959696168424937, 0.47430439885666537, 0.4647220693603502, 0.460549564189365, 0.4745359447742079], "f1": [0.5736434108527132, 0.0, 0.5736434108527132, 0.5736434108527132, 0.5736434108527132, 0.5736434108527132, 0.0, 0.5736434108527132, 0.5736434108527132, 0.5736434108527132], "auprc": [0.41858372940199945, 0.48002727787820293, 0.38643140348705723, 0.3977475555533611, 0.41599809980362024, 0.4610829103282272, 0.45662865451520485, 0.4469376972184129, 0.4419243103207041, 0.4595941878495837]}