{"rf": [{"auroc": [0.5965601965601965], "acc": [0.44565217391304346], "aps": [0.4814703905834808], "f1": [0.5853658536585366], "auprc": [0.4704594597402579]}], "enet": [{"auroc": [0.5326781326781327], "acc": [0.5978260869565217], "aps": [0.4348622638847529], "f1": [0.0], "auprc": [0.4185571953525332]}]}