{"rf": [{"auroc": [0.5457002457002457], "acc": [0.5978260869565217], "aps": [0.43085492827163396], "f1": [0.0]}], "enet": [{"auroc": [0.5862407862407862], "acc": [0.5978260869565217], "aps": [0.49824076985795895], "f1": [0.0]}]}