{"rf": [{"auroc": [0.5764127764127764], "acc": [0.6195652173913043], "aps": [0.44384109532878413], "f1": [0.22222222222222224], "auprc": [0.517600386509025]}], "enet": [{"auroc": [0.5636363636363637], "acc": [0.40217391304347827], "aps": [0.5435229170608671], "f1": [0.5736434108527132], "auprc": [0.5376054165953406]}]}