{"auroc": [0.5046683046683047, 0.514987714987715, 0.5137592137592137, 0.4754299754299755, 0.46019656019656024, 0.5164619164619165, 0.48992628992629, 0.46388206388206393, 0.5218673218673219, 0.4918918918918919], "acc": [0.5978260869565217, 0.40217391304347827, 0.5652173913043478, 0.5978260869565217, 0.40217391304347827, 0.40217391304347827, 0.5978260869565217, 0.40217391304347827, 0.40217391304347827, 0.40217391304347827], "aps": [0.41793860326582716, 0.4210290055238097, 0.41861732855149025, 0.4395939485158597, 0.3939935463464278, 0.39761241629850796, 0.4280626755631597, 0.3965765535775376, 0.43719786017262663, 0.4097844732306279], "f1": [0.0, 0.5736434108527132, 0.16666666666666669, 0.0, 0.5736434108527132, 0.5736434108527132, 0.0, 0.5736434108527132, 0.5736434108527132, 0.5736434108527132], "auprc": [0.40327667701520237, 0.4048431814961602, 0.4077337676210957, 0.42782641754809614, 0.37843412279839417, 0.3839899568780617, 0.4193513729839177, 0.37861556137667496, 0.420846068369145, 0.3948490677908396]}