{"auroc": [0.4823095823095824, 0.5095823095823095, 0.5095823095823095, 0.475921375921376, 0.5206388206388206, 0.5366093366093366, 0.44054054054054054, 0.5572481572481572, 0.5238329238329238, 0.557002457002457], "acc": [0.40217391304347827, 0.40217391304347827, 0.40217391304347827, 0.40217391304347827, 0.40217391304347827, 0.40217391304347827, 0.40217391304347827, 0.40217391304347827, 0.40217391304347827, 0.40217391304347827], "aps": [0.3798876317603832, 0.4012243887168957, 0.4063707087252736, 0.37270263730290615, 0.41325333551281357, 0.40746671628232967, 0.4154502433900754, 0.4355149441813565, 0.39796128157310806, 0.4566164675921832], "f1": [0.5736434108527132, 0.5736434108527132, 0.5736434108527132, 0.5736434108527132, 0.5736434108527132, 0.5736434108527132, 0.5736434108527132, 0.5736434108527132, 0.5736434108527132, 0.5736434108527132], "auprc": [0.3662770097606317, 0.38714664014915645, 0.391706238961666, 0.36032293667977894, 0.39936676162248974, 0.39542377479131974, 0.4090921243114129, 0.41761536285977435, 0.3877954107710211, 0.440665949433013]}