{"enet": [{"auroc": [0.4756756756756757, 0.4678132678132678, 0.4648648648648649, 0.4678132678132678, 0.4756756756756757, 0.45700245700245706, 0.48009828009828015, 0.4648648648648649, 0.4648648648648649, 0.45700245700245706], "acc": [0.40217391304347827, 0.40217391304347827, 0.40217391304347827, 0.40217391304347827, 0.40217391304347827, 0.40217391304347827, 0.40217391304347827, 0.40217391304347827, 0.40217391304347827, 0.40217391304347827], "aps": [0.39738627756913125, 0.3804368326642909, 0.37948468545650393, 0.3804368326642909, 0.39738627756913125, 0.3799591682240316, 0.39425787984449046, 0.37948468545650393, 0.37948468545650393, 0.3799591682240316], "f1": [0.5736434108527132, 0.5736434108527132, 0.5736434108527132, 0.5736434108527132, 0.5736434108527132, 0.5736434108527132, 0.5736434108527132, 0.5736434108527132, 0.5736434108527132, 0.5736434108527132], "auprc": [0.3816125400426363, 0.3685245128819835, 0.3676017453717059, 0.3685245128819835, 0.3816125400426363, 0.3659720348794051, 0.3798433757379848, 0.3676017453717059, 0.3676017453717059, 0.3659720348794051]}]}