{"enet": [{"auroc": [0.5182857142857143, 0.524, 0.5502857142857143, 0.46799999999999997, 0.46342857142857147], "acc": [0.45, 0.4666666666666667, 0.45, 0.5833333333333334, 0.5833333333333334], "aps": [0.6265596397491113, 0.6391942182016901, 0.6559877362980906, 0.6139081945413143, 0.6118617930009193], "f1": [0.26666666666666666, 0.23809523809523808, 0.15384615384615383, 0.7368421052631579, 0.7368421052631579], "auprc": [0.615513636150892, 0.6304495955158331, 0.647253517286033, 0.6034600276538257, 0.6016747124706262]}]}