{"auroc": [0.6634285714285714, 0.5628571428571428, 0.5217142857142857, 0.6034285714285714, 0.5525714285714285], "acc": [0.5833333333333334, 0.5833333333333334, 0.5666666666666667, 0.5833333333333334, 0.4166666666666667], "aps": [0.7292270153354046, 0.6623973977710255, 0.6529082277304998, 0.6870451980498813, 0.6786344623149974], "f1": [0.7368421052631579, 0.7368421052631579, 0.723404255319149, 0.7368421052631579, 0.0], "auprc": [0.7231529209808069, 0.6537043031916226, 0.6456610837260213, 0.6799609712046304, 0.6705123705113285]}