{"auroc": [0.644, 0.6497142857142857, 0.5388571428571428, 0.6474285714285714, 0.6051428571428571], "acc": [0.5833333333333334, 0.5833333333333334, 0.5833333333333334, 0.5833333333333334, 0.5833333333333334], "aps": [0.7076571357462316, 0.7328117428825018, 0.6374877210775816, 0.741023790419071, 0.6784876688950459], "f1": [0.7368421052631579, 0.7368421052631579, 0.7368421052631579, 0.7368421052631579, 0.7368421052631579], "auprc": [0.6994399043409169, 0.725695251899139, 0.6282594977656493, 0.7351872933423723, 0.6612113727901321]}