{"best_index": [540, 396, 960, 207, 1409], "auroc": [0.6049149338374291, 0.6039697542533081, 0.5, 0.6843100189035917, 0.6039697542533081], "acc": [0.6086956521739131, 0.6086956521739131, 0.5, 0.6086956521739131, 0.6086956521739131], "aps": [0.5616921269095181, 0.5627273235968887, 0.5, 0.6656477271848279, 0.5627273235968887], "f1": [0.6999999999999998, 0.6999999999999998, 0.6666666666666666, 0.6999999999999998, 0.6999999999999998], "auprc": [0.760779173822652, 0.7604072410541127, 0.75, 0.6535523913754833, 0.7604072410541127]}