{"best_index": [1469, 1999, 339, 1999, 1442], "auroc": [0.5964083175803402, 0.5, 0.48771266540642716, 0.5, 0.5], "acc": [0.6086956521739131, 0.5, 0.5, 0.5, 0.5], "aps": [0.572463768115942, 0.5, 0.49216135557469176, 0.5, 0.5], "f1": [0.5263157894736841, 0.6666666666666666, 0.6666666666666666, 0.6666666666666666, 0.0], "auprc": [0.6802536231884058, 0.75, 0.6805813881629237, 0.75, 0.75]}