{"best_index": [78, 334, 201, 1243, 457], "auroc": [0.6124763705103969, 0.6465028355387523, 0.6465028355387523, 0.6578449905482042, 0.6068052930056711], "acc": [0.6086956521739131, 0.6086956521739131, 0.4782608695652174, 0.6086956521739131, 0.6086956521739131], "aps": [0.5704582040776847, 0.6010318573432177, 0.6010318573432177, 0.6231182094787109, 0.5667701863354037], "f1": [0.6999999999999998, 0.6999999999999998, 0.6470588235294117, 0.6999999999999998, 0.6999999999999998], "auprc": [0.7175980494227714, 0.759892800664662, 0.759892800664662, 0.7342662163744923, 0.7523527579996296]}