{"best_index": [290, 1597, 647, 882, 116], "auroc": [0.6465028355387523, 0.6890359168241966, 0.6465028355387523, 0.673913043478261, 0.6465028355387523], "acc": [0.6086956521739131, 0.5652173913043478, 0.6086956521739131, 0.6086956521739131, 0.6086956521739131], "aps": [0.6010318573432177, 0.6780173920716552, 0.6010318573432177, 0.6433716030780401, 0.6010318573432177], "f1": [0.6999999999999998, 0.6774193548387096, 0.6999999999999998, 0.6999999999999998, 0.6999999999999998], "auprc": [0.759892800664662, 0.7300454249136252, 0.759892800664662, 0.7448574245082334, 0.759892800664662]}