{"best_index": [625, 1999, 1999, 1999, 302], "auroc": [0.6049149338374291, 0.6030245746691871, 0.5935727788279773, 0.5, 0.6086956521739131], "acc": [0.6086956521739131, 0.6086956521739131, 0.6086956521739131, 0.5, 0.6086956521739131], "aps": [0.5616921269095181, 0.5627273235968887, 0.5556718574621388, 0.5, 0.5616921269095181], "f1": [0.6999999999999998, 0.6999999999999998, 0.6999999999999998, 0.6666666666666666, 0.6999999999999998], "auprc": [0.760779173822652, 0.7601424232968784, 0.7376268793990708, 0.75, 0.7620446533490012]}