{"best_index": [122, 1999, 1999, 1999, 1999], "auroc": [0.608695652173913, 0.5, 0.5217391304347826, 0.5, 0.5], "acc": [0.6086956521739131, 0.5, 0.5, 0.5, 0.5], "aps": [0.5703324808184144, 0.5, 0.5121233295244985, 0.5, 0.5], "f1": [0.55, 0.0, 0.6666666666666666, 0.0, 0.6666666666666666], "auprc": [0.6930946291560103, 0.75, 0.7343225343274666, 0.75, 0.75]}