{"enet": [{"auroc": [0.4781326781326782, 0.5066339066339067, 0.5031941031941032, 0.49533169533169535, 0.5041769041769042, 0.5, 0.49041769041769046, 0.5007371007371008, 0.5, 0.49950859950859955], "acc": [0.40217391304347827, 0.40217391304347827, 0.40217391304347827, 0.40217391304347827, 0.5978260869565217, 0.40217391304347827, 0.40217391304347827, 0.40217391304347827, 0.40217391304347827, 0.41304347826086957], "aps": [0.40934687924373575, 0.38391085983141243, 0.41735973088544775, 0.4000587544065805, 0.3974670856880722, 0.40217391304347827, 0.3867504278598794, 0.39992497547930983, 0.40217391304347827, 0.40102884874267825], "f1": [0.5736434108527132, 0.5736434108527132, 0.5736434108527132, 0.5736434108527132, 0.0, 0.5736434108527132, 0.5736434108527132, 0.5736434108527132, 0.5736434108527132, 0.578125], "auprc": [0.3931280287935916, 0.3730169584094746, 0.4012393944789439, 0.6918618690357821, 0.38185157317024404, 0.7010869565217391, 0.3743373570175131, 0.3853091164685648, 0.7010869565217391, 0.5543128052307238]}]}