{"auroc": [0.5022113022113022, 0.4727272727272727, 0.4594594594594595, 0.49778869778869783, 0.5095823095823097, 0.46339066339066337, 0.4781326781326781, 0.45945945945945954, 0.5184275184275184, 0.4835380835380836], "acc": [0.40217391304347827, 0.40217391304347827, 0.40217391304347827, 0.40217391304347827, 0.40217391304347827, 0.40217391304347827, 0.40217391304347827, 0.40217391304347827, 0.40217391304347827, 0.40217391304347827], "aps": [0.400729131675414, 0.3772135146784189, 0.38070280309399274, 0.40079837150915865, 0.4295421425027642, 0.3808467082942448, 0.3782113460622989, 0.3768393162420459, 0.40849681954050465, 0.38257413410588603], "f1": [0.5736434108527132, 0.5736434108527132, 0.5736434108527132, 0.5736434108527132, 0.5736434108527132, 0.5736434108527132, 0.5736434108527132, 0.5736434108527132, 0.5736434108527132, 0.5736434108527132], "auprc": [0.385564296606798, 0.36389744320954626, 0.36665917665048564, 0.3855861823821547, 0.41844015999501816, 0.36697544447230235, 0.36580336442674943, 0.3630210967886823, 0.39439512571198787, 0.37039575136361214]}