{"enet": [{"auroc": [0.5444717444717444, 0.5444717444717444, 0.5444717444717444, 0.5444717444717444, 0.5444717444717444, 0.5454545454545454, 0.5444717444717444, 0.5444717444717444, 0.5444717444717444, 0.5454545454545454], "acc": [0.40217391304347827, 0.40217391304347827, 0.40217391304347827, 0.40217391304347827, 0.40217391304347827, 0.40217391304347827, 0.40217391304347827, 0.40217391304347827, 0.40217391304347827, 0.40217391304347827], "aps": [0.4369027866489317, 0.4369027866489317, 0.4369027866489317, 0.4369027866489317, 0.4369027866489317, 0.44597004807677526, 0.4369027866489317, 0.4369027866489317, 0.4369027866489317, 0.44597004807677526], "f1": [0.5736434108527132, 0.5736434108527132, 0.5736434108527132, 0.5736434108527132, 0.5736434108527132, 0.5736434108527132, 0.5736434108527132, 0.5736434108527132, 0.5736434108527132, 0.5736434108527132], "auprc": [0.42058450027797445, 0.42058450027797445, 0.42058450027797445, 0.42058450027797445, 0.42058450027797445, 0.4347293298925321, 0.42058450027797445, 0.42058450027797445, 0.42058450027797445, 0.4347293298925321]}]}