{"enet": [{"auroc": [0.48550368550368556, 0.48550368550368556, 0.48550368550368556, 0.48550368550368556, 0.5, 0.48550368550368556, 0.5326781326781327, 0.48550368550368556, 0.5326781326781327, 0.5415233415233416], "acc": [0.40217391304347827, 0.40217391304347827, 0.40217391304347827, 0.40217391304347827, 0.40217391304347827, 0.40217391304347827, 0.40217391304347827, 0.40217391304347827, 0.40217391304347827, 0.40217391304347827], "aps": [0.3984069100915125, 0.3984069100915125, 0.3984069100915125, 0.3984069100915125, 0.40217391304347827, 0.3984069100915125, 0.42136038168511225, 0.3984069100915125, 0.42136038168511225, 0.41600271755128654], "f1": [0.5736434108527132, 0.5736434108527132, 0.5736434108527132, 0.5736434108527132, 0.5736434108527132, 0.5736434108527132, 0.5736434108527132, 0.5736434108527132, 0.5736434108527132, 0.5736434108527132], "auprc": [0.3810134881969879, 0.3810134881969879, 0.3810134881969879, 0.3810134881969879, 0.7010869565217391, 0.3810134881969879, 0.40670754206733684, 0.3810134881969879, 0.40670754206733684, 0.4015535221960998]}]}