{"auroc": [0.5115479115479116, 0.5194103194103195, 0.5144963144963145, 0.5046683046683047, 0.5346437346437346, 0.5154791154791155, 0.5297297297297299, 0.5120393120393121, 0.5223587223587224, 0.5496314496314496], "acc": [0.40217391304347827, 0.40217391304347827, 0.40217391304347827, 0.40217391304347827, 0.40217391304347827, 0.40217391304347827, 0.40217391304347827, 0.40217391304347827, 0.40217391304347827, 0.40217391304347827], "aps": [0.415188869546462, 0.3956485165305782, 0.3939321714836067, 0.3911399012369715, 0.399915829139133, 0.3970439081547642, 0.4008995427860067, 0.38846562252530936, 0.3937953492251942, 0.49894559328910837], "f1": [0.5736434108527132, 0.5736434108527132, 0.5736434108527132, 0.5736434108527132, 0.5736434108527132, 0.5736434108527132, 0.5736434108527132, 0.5736434108527132, 0.5736434108527132, 0.5736434108527132], "auprc": [0.4012841972115527, 0.3822624587270559, 0.3809354032485748, 0.37627196188645573, 0.3874171511902498, 0.3833127738212496, 0.3883075194594406, 0.37678155941865754, 0.38174350490294345, 0.49003388330337294]}