{"auroc": [0.3808353808353808, 0.5157248157248158, 0.520884520884521, 0.5051597051597052, 0.5105651105651106, 0.4746928746928747, 0.5051597051597052, 0.48943488943488944, 0.5425061425061426, 0.45995085995086005], "acc": [0.40217391304347827, 0.40217391304347827, 0.40217391304347827, 0.40217391304347827, 0.40217391304347827, 0.40217391304347827, 0.40217391304347827, 0.40217391304347827, 0.40217391304347827, 0.40217391304347827], "aps": [0.3318198621300624, 0.4104055183711235, 0.41430790278613205, 0.3963230376189569, 0.39947470212038777, 0.3803521236714922, 0.39441584729792506, 0.3888994704338711, 0.42960120378445066, 0.3761075335301044], "f1": [0.5736434108527132, 0.5736434108527132, 0.5736434108527132, 0.5736434108527132, 0.5736434108527132, 0.5736434108527132, 0.5736434108527132, 0.5736434108527132, 0.5736434108527132, 0.5736434108527132], "auprc": [0.3197617246755039, 0.3926269473390932, 0.3966059515103089, 0.38196959431765887, 0.38542766748331103, 0.3670170668640027, 0.3803636959489813, 0.3755324878692321, 0.4135286904241909, 0.3634717414370013]}