{"enet": [{"auroc": [0.5292383292383293, 0.48992628992628995, 0.509090909090909, 0.509090909090909, 0.509090909090909, 0.509090909090909, 0.6260442260442262, 0.5633906633906633, 0.46388206388206393, 0.5425061425061425], "acc": [0.40217391304347827, 0.40217391304347827, 0.40217391304347827, 0.40217391304347827, 0.40217391304347827, 0.40217391304347827, 0.5, 0.40217391304347827, 0.40217391304347827, 0.4782608695652174], "aps": [0.4678883844963404, 0.3895354871678586, 0.4065934065934066, 0.4065934065934066, 0.4065934065934066, 0.4065934065934066, 0.49560257238560057, 0.43656292827979576, 0.3752461965093351, 0.44103645144783943], "f1": [0.5736434108527132, 0.5736434108527132, 0.5736434108527132, 0.5736434108527132, 0.5736434108527132, 0.5736434108527132, 0.5964912280701754, 0.5669291338582677, 0.5736434108527132, 0.5789473684210525], "auprc": [0.44969561015885817, 0.3752383299924421, 0.7032967032967032, 0.7032967032967032, 0.7032967032967032, 0.7032967032967032, 0.5020480833334353, 0.7024278056033125, 0.3604913321953988, 0.4475854368963944]}]}