{"auroc": [0.46045785639958375, 0.43132154006243495, 0.6186264308012487, 0.4027055150884495, 0.32466181061394384, 0.4973985431841831, 0.3673257023933402, 0.35796045785639957, 0.5796045785639958, 0.36316337148803335], "acc": [0.5, 0.5, 0.5, 0.5, 0.5, 0.5, 0.5, 0.4838709677419355, 0.5, 0.5], "aps": [0.49327645380905183, 0.49602956238411666, 0.5945224632881397, 0.4901866454015922, 0.3989699272597945, 0.5127378824195844, 0.43643898154350746, 0.4125609459098442, 0.5598245627546273, 0.43942589451434294], "f1": [0.0, 0.0, 0.0, 0.6666666666666666, 0.0, 0.0, 0.0, 0.0, 0.0, 0.0], "auprc": [0.47380631587654465, 0.4837981251788427, 0.5736899733035167, 0.48003585670493354, 0.3852460345597024, 0.49142956470157895, 0.4158274434452544, 0.3964061276861938, 0.5382995188798056, 0.41837540569562837]}